$ pnpm --dir app precommit
$ pnpm format && pnpm lint && pnpm typecheck && pnpm test:footprints && pnpm test:unit
$ prettier --write "*.{js,ts,json,md}" "{src,e2e,patch}/**/*.{ts,tsx,js,jsx,json,css,md}"
.markdownlint.json 21ms (unchanged)
AGENTS.md 39ms (unchanged)
CAD-WORKSPACE-VALIDATION.md 24ms (unchanged)
CAD-WORKSPACE.md 17ms (unchanged)
CASE-DESIGNER-VALIDATION.md 10ms (unchanged)
CHANGELOG.md 167ms (unchanged)
design-qa.md 30ms (unchanged)
DESIGN.md 45ms (unchanged)
DEVELOPMENT.md 180ms (unchanged)
ENCLOSURES.md 17ms (unchanged)
package.json 7ms (unchanged)
playwright.config.ts 38ms (unchanged)
PRODUCT.md 4ms (unchanged)
README.md 2ms (unchanged)
RELEASE-KICAD10.md 10ms (unchanged)
tsconfig.json 2ms (unchanged)
vitest.config.ts 4ms (unchanged)
e2e/app.spec.ts 13ms (unchanged)
e2e/bhk-matrix.spec.ts 23ms (unchanged)
e2e/bhk.spec.ts 17ms (unchanged)
e2e/bundled-model-export.spec.ts 31ms (unchanged)
e2e/debug.spec.ts 2ms (unchanged)
e2e/default-model-assembly.spec.ts 27ms (unchanged)
e2e/designs.spec.ts 29ms (unchanged)
e2e/enclosures.spec.ts 31ms (unchanged)
e2e/ergogen.spec.ts 11ms (unchanged)
e2e/fixtures/footprint-library/LICENSE.md 7ms (unchanged)
e2e/fixtures/footprint-library/model-volumes.json 4ms (unchanged)
e2e/fixtures/footprint-library/README.md 3ms (unchanged)
e2e/fixtures/gasket-case.ts 1ms (unchanged)
e2e/fixtures/native-grid.ts 1ms (unchanged)
e2e/footprint-library.spec.ts 35ms (unchanged)
e2e/gasket-plan.spec.ts 27ms (unchanged)
e2e/github-loading.spec.ts 26ms (unchanged)
e2e/guided-case.spec.ts 43ms (unchanged)
e2e/icons.spec.ts 13ms (unchanged)
e2e/inspector-preview.spec.ts 15ms (unchanged)
e2e/inspector-resize.spec.ts 17ms (unchanged)
e2e/inspector-style.spec.ts 8ms (unchanged)
e2e/kicad10.spec.ts 14ms (unchanged)
e2e/layout-redesign.spec.ts 15ms (unchanged)
e2e/layout-units.spec.ts 31ms (unchanged)
e2e/model-worker.spec.ts 27ms (unchanged)
e2e/native-layout.spec.ts 35ms (unchanged)
e2e/native-regressions.spec.ts 16ms (unchanged)
e2e/offline.spec.ts 12ms (unchanged)
e2e/outline-recovery.spec.ts 9ms (unchanged)
e2e/responsive.spec.ts 3ms (unchanged)
e2e/routing.spec.ts 5ms (unchanged)
e2e/settings-consolidation.spec.ts 30ms (unchanged)
e2e/snapping-disclosure.spec.ts 15ms (unchanged)
e2e/studio-continuous.spec.ts 36ms (unchanged)
e2e/studio-performance.spec.ts 18ms (unchanged)
e2e/studio-settings-and-svg.spec.ts 7ms (unchanged)
e2e/studio-workflow.spec.ts 12ms (unchanged)
e2e/utils/githubMocks.ts 14ms (unchanged)
e2e/utils/screenshots.ts 4ms (unchanged)
e2e/utils/studio.ts 9ms (unchanged)
e2e/utils/studioPerformance.ts 16ms (unchanged)
e2e/utils/studioPerformanceProbe.ts 9ms (unchanged)
e2e/utils/studioPerformanceWorker.ts 10ms (unchanged)
e2e/workbench-layout.spec.ts 8ms (unchanged)
e2e/workbench-status.spec.ts 5ms (unchanged)
e2e/workbench.spec.ts 11ms (unchanged)
patch/AGENTS.md 5ms (unchanged)
patch/footprints_index.js 9ms (unchanged)
patch/kicanvas/LICENSE.md 3ms (unchanged)
patch/kicanvas/README.md 2ms (unchanged)
patch/stage_ergogen.js 7ms (unchanged)
patch/stage_footprints.js 3ms (unchanged)
src/App.test.tsx 16ms (unchanged)
src/App.tsx 51ms (unchanged)
src/atoms/Button.test.tsx 11ms (unchanged)
src/atoms/Button.tsx 16ms (unchanged)
src/atoms/CodebergIcon.tsx 3ms (unchanged)
src/atoms/DevChip.test.tsx 7ms (unchanged)
src/atoms/DevChip.tsx 21ms (unchanged)
src/atoms/DiscordIcon.tsx 2ms (unchanged)
src/atoms/DownloadRow.tsx 16ms (unchanged)
src/atoms/ForgejoIcon.tsx 2ms (unchanged)
src/atoms/GenOption.test.tsx 5ms (unchanged)
src/atoms/GenOption.tsx 15ms (unchanged)
src/atoms/GithubIcon.tsx 2ms (unchanged)
src/atoms/GrowButton.tsx 5ms (unchanged)
src/atoms/Header.test.tsx 13ms (unchanged)
src/atoms/Header.tsx 42ms (unchanged)
src/atoms/Icon.tsx 4ms (unchanged)
src/atoms/InjectionRow.test.tsx 7ms (unchanged)
src/atoms/InjectionRow.tsx 13ms (unchanged)
src/atoms/Input.tsx 7ms (unchanged)
src/atoms/InstallChip.test.tsx 4ms (unchanged)
src/atoms/InstallChip.tsx 6ms (unchanged)
src/atoms/LoadingBar.test.tsx 2ms (unchanged)
src/atoms/LoadingBar.tsx 4ms (unchanged)
src/atoms/OfflineOption.test.tsx 5ms (unchanged)
src/atoms/OfflineOption.tsx 9ms (unchanged)
src/atoms/OutlineIconButton.tsx 4ms (unchanged)
src/atoms/PcbPreview.test.tsx 6ms (unchanged)
src/atoms/PcbPreview.tsx 7ms (unchanged)
src/atoms/PreviewLoader.test.tsx 2ms (unchanged)
src/atoms/PreviewLoader.tsx 9ms (unchanged)
src/atoms/SettingsLayout.tsx 7ms (unchanged)
src/atoms/StlPreview.test.tsx 11ms (unchanged)
src/atoms/StlPreview.tsx 28ms (unchanged)
src/atoms/SvgPreview.tsx 4ms (unchanged)
src/atoms/TextPreview.test.tsx 1ms (unchanged)
src/atoms/TextPreview.tsx 2ms (unchanged)
src/atoms/Title.tsx 2ms (unchanged)
src/atoms/UpdateChip.test.tsx 4ms (unchanged)
src/atoms/UpdateChip.tsx 7ms (unchanged)
src/catalogue/footprints.json 3ms (unchanged)
src/context/ConfigContext.test.tsx 106ms (unchanged)
src/context/ConfigContext.tsx 122ms (unchanged)
src/context/constants.ts 2ms (unchanged)
src/context/ProjectSession.test.tsx 16ms (unchanged)
src/ergogen.d.ts 2ms (unchanged)
src/Ergogen.test.tsx 13ms (unchanged)
src/Ergogen.tsx 45ms (unchanged)
src/examples/bhk-layout.json 9ms (unchanged)
src/examples/bhk.test.ts 8ms (unchanged)
src/examples/bhk.ts 2ms (unchanged)
src/examples/columns.ts 1ms (unchanged)
src/examples/constrained.ts 1ms (unchanged)
src/examples/imported-pcb.ts 1ms (unchanged)
src/examples/index.test.ts 5ms (unchanged)
src/examples/index.ts 2ms (unchanged)
src/examples/physical-stack.ts 1ms (unchanged)
src/examples/split.ts 1ms (unchanged)
src/examples/starter.ts 1ms (unchanged)
src/examples/thumbs.ts 1ms (unchanged)
src/gtag.d.ts 1ms (unchanged)
src/hooks/useBundledPreviews.test.ts 7ms (unchanged)
src/hooks/useBundledPreviews.ts 5ms (unchanged)
src/hooks/useCasePreview.test.ts 27ms (unchanged)
src/hooks/useCasePreview.ts 14ms (unchanged)
src/hooks/useConfigLoader.ts 5ms (unchanged)
src/hooks/useFootprintLibrary.ts 4ms (unchanged)
src/hooks/useInjectionConflictResolution.test.ts 8ms (unchanged)
src/hooks/useInjectionConflictResolution.ts 13ms (unchanged)
src/hooks/useProjectMode.ts 2ms (unchanged)
src/hooks/useServiceWorkerUpdate.test.ts 10ms (unchanged)
src/hooks/useSnapOptions.tsx 2ms (unchanged)
src/hooks/useStudio.test.ts 10ms (unchanged)
src/hooks/useStudio.ts 14ms (unchanged)
src/index.tsx 4ms (unchanged)
src/jscad.d.ts 1ms (unchanged)
src/kicanvas.d.ts 1ms (unchanged)
src/molecules/AssemblyPreview.test.tsx 4ms (unchanged)
src/molecules/AssemblyPreview.tsx 15ms (unchanged)
src/molecules/AssemblyScopePanel.tsx 8ms (unchanged)
src/molecules/AssemblyTree.test.tsx 4ms (unchanged)
src/molecules/AssemblyTree.tsx 15ms (unchanged)
src/molecules/BoardStudio.test.tsx 39ms (unchanged)
src/molecules/BoardStudio.tsx 106ms (unchanged)
src/molecules/BulkDownloadDialog.test.tsx 9ms (unchanged)
src/molecules/BulkDownloadDialog.tsx 38ms (unchanged)
src/molecules/CanvasTools.tsx 11ms (unchanged)
src/molecules/CaseComponents.test.tsx 10ms (unchanged)
src/molecules/CaseComponents.tsx 38ms (unchanged)
src/molecules/CaseControlHelp.test.tsx 2ms (unchanged)
src/molecules/CaseControlHelp.tsx 8ms (unchanged)
src/molecules/CaseField.tsx 16ms (unchanged)
src/molecules/CaseModelInset.test.tsx 9ms (unchanged)
src/molecules/CaseModelInset.tsx 12ms (unchanged)
src/molecules/CasePlanPreview.test.tsx 9ms (unchanged)
src/molecules/CasePlanPreview.tsx 50ms (unchanged)
src/molecules/CaseReview.tsx 7ms (unchanged)
src/molecules/CaseWizard.test.tsx 23ms (unchanged)
src/molecules/CaseWizard.tsx 140ms (unchanged)
src/molecules/ClusterTree.tsx 19ms (unchanged)
src/molecules/ColumnInspector.tsx 17ms (unchanged)
src/molecules/ConfigEditor.test.tsx 4ms (unchanged)
src/molecules/ConfigEditor.tsx 7ms (unchanged)
src/molecules/ConflictResolutionDialog.test.tsx 5ms (unchanged)
src/molecules/ConflictResolutionDialog.tsx 14ms (unchanged)
src/molecules/DesignSetupPanel.tsx 20ms (unchanged)
src/molecules/DesignView.test.tsx 5ms (unchanged)
src/molecules/DesignView.tsx 45ms (unchanged)
src/molecules/DesignWorkspace.tsx 5ms (unchanged)
src/molecules/DimensionField.test.tsx 5ms (unchanged)
src/molecules/DimensionField.tsx 9ms (unchanged)
src/molecules/Downloads.test.tsx 11ms (unchanged)
src/molecules/Downloads.tsx 13ms (unchanged)
src/molecules/FilePreview.tsx 7ms (unchanged)
src/molecules/FootprintCanvas.tsx 20ms (unchanged)
src/molecules/FootprintLibrary.test.tsx 6ms (unchanged)
src/molecules/FootprintLibrary.tsx 68ms (unchanged)
src/molecules/GithubVersionButton.tsx 10ms (unchanged)
src/molecules/InjectionEditor.tsx 4ms (unchanged)
src/molecules/Injections.test.tsx 3ms (unchanged)
src/molecules/Injections.tsx 25ms (unchanged)
src/molecules/InspectorSection.tsx 2ms (unchanged)
src/molecules/LayoutDefaults.tsx 4ms (unchanged)
src/molecules/LayoutView.tsx 22ms (unchanged)
src/molecules/ModelEditor.test.tsx 10ms (unchanged)
src/molecules/ModelEditor.tsx 21ms (unchanged)
src/molecules/NativeCaseObjects.tsx 7ms (unchanged)
src/molecules/NewDesignWorkspace.test.tsx 6ms (unchanged)
src/molecules/NewDesignWorkspace.tsx 53ms (unchanged)
src/molecules/ProjectMenu.test.tsx 3ms (unchanged)
src/molecules/ProjectMenu.tsx 7ms (unchanged)
src/molecules/RelationshipPanel.tsx 9ms (unchanged)
src/molecules/ResizablePanel.tsx 13ms (unchanged)
src/molecules/ResizeReviewDialog.tsx 5ms (unchanged)
src/molecules/RowInspector.test.tsx 4ms (unchanged)
src/molecules/RowInspector.tsx 7ms (unchanged)
src/molecules/SelectionControls.tsx 13ms (unchanged)
src/molecules/SettingsOptions.tsx 3ms (unchanged)
src/molecules/ShareDialog.test.tsx 11ms (unchanged)
src/molecules/ShareDialog.tsx 40ms (unchanged)
src/molecules/ShareVersionCompatibilityDialog.test.tsx 6ms (unchanged)
src/molecules/ShareVersionCompatibilityDialog.tsx 17ms (unchanged)
src/molecules/SideNavigation.test.tsx 11ms (unchanged)
src/molecules/SideNavigation.tsx 53ms (unchanged)
src/molecules/SketchDimensions.tsx 6ms (unchanged)
src/molecules/SnapControls.test.tsx 4ms (unchanged)
src/molecules/SnapControls.tsx 18ms (unchanged)
src/molecules/StackDimensions.tsx 3ms (unchanged)
src/molecules/StackupPanel.tsx 24ms (unchanged)
src/molecules/StudioCanvas.test.tsx 19ms (unchanged)
src/molecules/StudioCanvas.tsx 42ms (unchanged)
src/molecules/StudioExport.test.tsx 5ms (unchanged)
src/molecules/StudioExport.tsx 12ms (unchanged)
src/molecules/StudioInspector.test.tsx 8ms (unchanged)
src/molecules/StudioInspector.tsx 42ms (unchanged)
src/molecules/StudioSettings.test.tsx 4ms (unchanged)
src/molecules/StudioSettings.tsx 8ms (unchanged)
src/molecules/StudioStyles.tsx 40ms (unchanged)
src/organisms/Banners.test.tsx 5ms (unchanged)
src/organisms/Banners.tsx 10ms (unchanged)
src/pages/Welcome.tsx 48ms (unchanged)
src/service-worker.ts 7ms (unchanged)
src/serviceWorkerRegistration.test.ts 6ms (unchanged)
src/serviceWorkerRegistration.ts 6ms (unchanged)
src/setupTests.tsx 3ms (unchanged)
src/theme/theme.ts 3ms (unchanged)
src/types/case.ts 3ms (unchanged)
src/types/design.ts 3ms (unchanged)
src/types/footprint.ts 3ms (unchanged)
src/types/results.ts 2ms (unchanged)
src/types/stackup.ts 2ms (unchanged)
src/utils/addCellBatch.test.ts 5ms (unchanged)
src/utils/analytics.test.ts 14ms (unchanged)
src/utils/analytics.ts 7ms (unchanged)
src/utils/appendSourceFields.test.ts 8ms (unchanged)
src/utils/applyAssembly.test.ts 7ms (unchanged)
src/utils/applyAssembly.ts 16ms (unchanged)
src/utils/assemblyInterleaving.test.ts 3ms (unchanged)
src/utils/assemblyMirrors.ts 7ms (unchanged)
src/utils/assemblyNets.ts 13ms (unchanged)
src/utils/assemblyRegression.test.ts 29ms (unchanged)
src/utils/assemblyScope.test.ts 6ms (unchanged)
src/utils/assemblyScope.ts 13ms (unchanged)
src/utils/assemblySupport.ts 4ms (unchanged)
src/utils/assemblyTemplates.test.ts 2ms (unchanged)
src/utils/assemblyTemplates.ts 2ms (unchanged)
src/utils/assemblyTree.test.ts 6ms (unchanged)
src/utils/assemblyTree.ts 8ms (unchanged)
src/utils/assemblyWiring.ts 5ms (unchanged)
src/utils/boardDefaults.test.ts 10ms (unchanged)
src/utils/boardDefaults.ts 9ms (unchanged)
src/utils/boardOutlines.ts 3ms (unchanged)
src/utils/boardTopology.ts 6ms (unchanged)
src/utils/bundledModels.test.ts 4ms (unchanged)
src/utils/bundledModels.ts 5ms (unchanged)
src/utils/bundledPreviews.test.ts 8ms (unchanged)
src/utils/bundledPreviews.ts 8ms (unchanged)
src/utils/cachedModelPreview.test.ts 2ms (unchanged)
src/utils/cachedModelPreview.ts 2ms (unchanged)
src/utils/caseAssets.test.ts 4ms (unchanged)
src/utils/caseAssets.ts 14ms (unchanged)
src/utils/casePresets.ts 4ms (unchanged)
src/utils/caseReadiness.ts 3ms (unchanged)
src/utils/caseSelection.test.ts 2ms (unchanged)
src/utils/caseSelection.ts 2ms (unchanged)
src/utils/codeberg.ts 7ms (unchanged)
src/utils/componentModels.ts 3ms (unchanged)
src/utils/componentPackage.ts 2ms (unchanged)
src/utils/componentPlacement.test.ts 4ms (unchanged)
src/utils/componentPlacement.ts 9ms (unchanged)
src/utils/configAnalyzer.test.ts 9ms (unchanged)
src/utils/configAnalyzer.ts 20ms (unchanged)
src/utils/designGeometry.ts 6ms (unchanged)
src/utils/designSetup.test.ts 11ms (unchanged)
src/utils/designSetup.ts 25ms (unchanged)
src/utils/designSource.test.ts 4ms (unchanged)
src/utils/designSource.ts 15ms (unchanged)
src/utils/designUnits.test.ts 3ms (unchanged)
src/utils/designUnits.ts 6ms (unchanged)
src/utils/enclosureSource.test.ts 13ms (unchanged)
src/utils/enclosureSource.ts 19ms (unchanged)
src/utils/ergogenBundleLoader.test.ts 7ms (unchanged)
src/utils/ergogenBundleLoader.ts 8ms (unchanged)
src/utils/featureFlags.test.ts 8ms (unchanged)
src/utils/featureFlags.ts 3ms (unchanged)
src/utils/findingTarget.test.ts 1ms (unchanged)
src/utils/findingTarget.ts 2ms (unchanged)
src/utils/footprintEngine.test.ts 1ms (unchanged)
src/utils/footprintEngine.ts 6ms (unchanged)
src/utils/footprintGeometry.test.ts 4ms (unchanged)
src/utils/footprintGeometry.ts 10ms (unchanged)
src/utils/footprintLibrary.test.ts 4ms (unchanged)
src/utils/footprintLibrary.ts 16ms (unchanged)
src/utils/footprintLinks.test.ts 2ms (unchanged)
src/utils/footprintLinks.ts 4ms (unchanged)
src/utils/footprintService.test.ts 7ms (unchanged)
src/utils/footprintService.ts 13ms (unchanged)
src/utils/forgejo.ts 7ms (unchanged)
src/utils/generationHelpers.test.ts 7ms (unchanged)
src/utils/generationHelpers.ts 4ms (unchanged)
src/utils/github.test.ts 16ms (unchanged)
src/utils/github.ts 12ms (unchanged)
src/utils/gitProvider.test.ts 10ms (unchanged)
src/utils/gitProvider.ts 29ms (unchanged)
src/utils/injectionEvaluator.test.ts 4ms (unchanged)
src/utils/injectionEvaluator.ts 3ms (unchanged)
src/utils/injections.test.ts 16ms (unchanged)
src/utils/injections.ts 11ms (unchanged)
src/utils/insetModels.test.ts 4ms (unchanged)
src/utils/insetModels.ts 3ms (unchanged)
src/utils/jlccnc-6061-2026-09.json 2ms (unchanged)
src/utils/keyAssembly.test.ts 2ms (unchanged)
src/utils/keyAssembly.ts 8ms (unchanged)
src/utils/keyOptions.test.ts 6ms (unchanged)
src/utils/keyOptions.ts 17ms (unchanged)
src/utils/keyResize.test.ts 3ms (unchanged)
src/utils/keyResize.ts 8ms (unchanged)
src/utils/keySizes.ts 2ms (unchanged)
src/utils/layoutDrawing.ts 4ms (unchanged)
src/utils/layoutRelations.test.ts 8ms (unchanged)
src/utils/layoutRelations.ts 13ms (unchanged)
src/utils/layoutSnapping.test.ts 8ms (unchanged)
src/utils/layoutSnapping.ts 11ms (unchanged)
src/utils/layoutSource.performance.test.ts 5ms (unchanged)
src/utils/layoutSource.test.ts 8ms (unchanged)
src/utils/layoutSource.ts 10ms (unchanged)
src/utils/localFiles.test.ts 19ms (unchanged)
src/utils/localFiles.ts 5ms (unchanged)
src/utils/modelExport.test.ts 1ms (unchanged)
src/utils/modelExport.ts 2ms (unchanged)
src/utils/modelGeometry.test.ts 3ms (unchanged)
src/utils/modelGeometry.ts 2ms (unchanged)
src/utils/modelPreview.test.ts 5ms (unchanged)
src/utils/modelPreview.ts 6ms (unchanged)
src/utils/modelSources.test.ts 4ms (unchanged)
src/utils/modelSources.ts 7ms (unchanged)
src/utils/monaco.ts 1ms (unchanged)
src/utils/nativeBoardSource.test.ts 2ms (unchanged)
src/utils/nativeBoardSource.ts 4ms (unchanged)
src/utils/object.test.ts 2ms (unchanged)
src/utils/object.ts 2ms (unchanged)
src/utils/outlineDefaults.ts 1ms (unchanged)
src/utils/pcbViewer.ts 4ms (unchanged)
src/utils/platform.test.ts 7ms (unchanged)
src/utils/platform.ts 3ms (unchanged)
src/utils/portableExport.test.ts 5ms (unchanged)
src/utils/portableProject.test.ts 3ms (unchanged)
src/utils/previewBounds.test.ts 2ms (unchanged)
src/utils/previewBounds.ts 2ms (unchanged)
src/utils/projectHistory.test.ts 3ms (unchanged)
src/utils/projectHistory.ts 4ms (unchanged)
src/utils/removeSourceValues.test.ts 4ms (unchanged)
src/utils/removeSourceValues.ts 7ms (unchanged)
src/utils/resizeReview.ts 6ms (unchanged)
src/utils/resizeSpacing.test.ts 19ms (unchanged)
src/utils/resizeSpacing.ts 20ms (unchanged)
src/utils/setupDraft.test.ts 2ms (unchanged)
src/utils/setupDraft.ts 4ms (unchanged)
src/utils/setupGeneration.test.ts 6ms (unchanged)
src/utils/setupRepair.test.ts 3ms (unchanged)
src/utils/setupRepair.ts 7ms (unchanged)
src/utils/share.test.ts 32ms (unchanged)
src/utils/share.ts 14ms (unchanged)
src/utils/snapFrame.test.ts 2ms (unchanged)
src/utils/snapFrame.ts 1ms (unchanged)
src/utils/snapSpacing.test.ts 4ms (unchanged)
src/utils/snapSpacing.ts 12ms (unchanged)
src/utils/snapTargets.ts 3ms (unchanged)
src/utils/solidExports.ts 2ms (unchanged)
src/utils/sourceSnapshot.test.ts 2ms (unchanged)
src/utils/sourceSnapshot.ts 3ms (unchanged)
src/utils/stackDimensions.test.ts 3ms (unchanged)
src/utils/stackDimensions.ts 6ms (unchanged)
src/utils/storageKey.test.ts 1ms (unchanged)
src/utils/storageKey.ts 1ms (unchanged)
src/utils/studioDelete.test.ts 4ms (unchanged)
src/utils/studioDelete.ts 6ms (unchanged)
src/utils/studioLatency.test.ts 5ms (unchanged)
src/utils/studioMove.test.ts 8ms (unchanged)
src/utils/studioMove.ts 17ms (unchanged)
src/utils/studioOutline.test.ts 8ms (unchanged)
src/utils/studioOutline.ts 12ms (unchanged)
src/utils/studioOutlineReuse.test.ts 5ms (unchanged)
src/utils/studioPlacement.test.ts 2ms (unchanged)
src/utils/studioPlacement.ts 5ms (unchanged)
src/utils/studioQueue.test.ts 7ms (unchanged)
src/utils/studioQueue.ts 7ms (unchanged)
src/utils/studioSelection.test.ts 4ms (unchanged)
src/utils/studioSelection.ts 9ms (unchanged)
src/utils/studioSource.test.ts 16ms (unchanged)
src/utils/studioSource.ts 60ms (unchanged)
src/utils/studioSourceBatch.test.ts 13ms (unchanged)
src/utils/studioTargets.test.ts 8ms (unchanged)
src/utils/studioTargets.ts 12ms (unchanged)
src/utils/svgParser.test.ts 2ms (unchanged)
src/utils/svgParser.ts 2ms (unchanged)
src/utils/updateSetup.test.ts 2ms (unchanged)
src/utils/updateSetup.ts 4ms (unchanged)
src/utils/version.test.ts 7ms (unchanged)
src/utils/version.ts 9ms (unchanged)
src/utils/vrmlNames.test.ts 2ms (unchanged)
src/utils/vrmlNames.ts 3ms (unchanged)
src/utils/zip.test.ts 13ms (unchanged)
src/utils/zip.ts 40ms (unchanged)
src/vite-env.d.ts 2ms (unchanged)
src/workers/AGENTS.md 7ms (unchanged)
src/workers/ergogen.worker.ts 8ms (unchanged)
src/workers/ergogen.worker.types.ts 2ms (unchanged)
src/workers/footprint.worker.ts 2ms (unchanged)
src/workers/jscad.worker.test.ts 4ms (unchanged)
src/workers/jscad.worker.ts 13ms (unchanged)
src/workers/jscad.worker.types.ts 2ms (unchanged)
src/workers/model.worker.test.ts 5ms (unchanged)
src/workers/model.worker.ts 8ms (unchanged)
src/workers/studioPipeline.stages.test.ts 3ms (unchanged)
src/workers/studioPipeline.test.ts 8ms (unchanged)
src/workers/studioPipeline.ts 4ms (unchanged)
src/workers/workerFactory.test.ts 8ms (unchanged)
src/workers/workerFactory.ts 2ms (unchanged)
$ pnpm lint:md && pnpm lint:js && pnpm knip
$ markdownlint --fix "**/*.md"
$ eslint --fix "{src,e2e,patch}/**/*.{ts,tsx,js,jsx}"
$ tsc --noEmit
$ pnpm --dir ../footprints test
$ node scripts/inventory.test.mjs && node scripts/defaultModels.test.mjs && node scripts/verify.mjs && node scripts/coverage.mjs --check && node scripts/smdModels.test.mjs && node scripts/jstModels.test.mjs && node scripts/mxModels.test.mjs && node scripts/resetTht.test.mjs && node scripts/superminiModels.test.mjs && node scripts/niceviewModels.test.mjs && node scripts/nanoAngles.test.mjs && node scripts/gateronModels.test.mjs && node scripts/trackpointModels.test.mjs && node scripts/chocModels.test.mjs && node scripts/chocV2Models.test.mjs && node scripts/chocStabilizers.test.mjs && node scripts/encoderDrills.test.mjs && node scripts/modelPaths.test.mjs
{
  "footprints": {
    "missing": [],
    "changed": []
  },
  "models": {
    "missing": [],
    "changed": []
  },
  "invalidKeys": [],
  "unlisted": {
    "ceoloide": [],
    "infused-kim": [],
    "models": []
  },
  "invalidCandidates": [],
  "mappingsUnverified": true,
  "nonphysical": 9
}
Verified 45 model path tokens
$ vitest run
[33mThe CJS build of Vite's Node API is deprecated. See https://vite.dev/guide/troubleshooting.html#vite-cjs-node-api-deprecated for more details.[39m

 RUN  v2.1.9 /home/chris/projects/ts-boardstudio2/app

stderr | src/utils/share.test.ts > share utilities > decodeConfig > returns decode error for invalid encoded string
[Share] DECODE_ERROR: Failed to decompress encoded string

stderr | src/utils/share.test.ts > share utilities > decodeConfig > returns decode error for empty string
[Share] DECODE_ERROR: Failed to decompress encoded string

stderr | src/utils/share.test.ts > share utilities > decodeConfig > returns validation error for invalid object structure
[Share] VALIDATION_ERROR: Invalid object structure { parsed: { notConfig: 'test' }, hasConfig: false, configType: 'N/A' }

stderr | src/utils/share.test.ts > share utilities > decodeConfig > returns validation error for invalid injections structure
[Share] VALIDATION_ERROR: Invalid injections structure { injections: 'not-an-array', isArray: false }

stderr | src/utils/share.test.ts > share utilities > getConfigFromHash > returns decode error for invalid hash fragment
[Share] DECODE_ERROR: Failed to decompress encoded string

 ✓ src/utils/share.test.ts (46 tests) 69ms
stdout | src/utils/github.test.ts > github utilities > fetchConfigFromUrl with submodules > should fetch footprints from submodules when .gitmodules exists
[GitHub] Starting fetch from URL: ceoloide/test-repo
[GitHub Rate Limit] Limit: unknown, Remaining: unknown, Used: unknown, Reset: unknown
[GitHub Rate Limit] Limit: unknown, Remaining: unknown, Used: unknown, Reset: unknown
[GitHub Rate Limit] Limit: unknown, Remaining: unknown, Used: unknown, Reset: unknown
[GitHub] Checking for .gitmodules file
[GitHub] .gitmodules found, parsing submodules
[GitHub Rate Limit] Limit: unknown, Remaining: unknown, Used: unknown, Reset: unknown
[GitHub] Loaded footprint: test_footprint

stdout | src/utils/github.test.ts > github utilities > fetchConfigFromUrl with submodules > should handle submodules with nested folders
[GitHub] Starting fetch from URL: test/repo
[GitHub Rate Limit] Limit: unknown, Remaining: unknown, Used: unknown, Reset: unknown
[GitHub Rate Limit] Limit: unknown, Remaining: unknown, Used: unknown, Reset: unknown
[GitHub Rate Limit] Limit: unknown, Remaining: unknown, Used: unknown, Reset: unknown
[GitHub] Checking for .gitmodules file
[GitHub] .gitmodules found, parsing submodules
[GitHub Rate Limit] Limit: unknown, Remaining: unknown, Used: unknown, Reset: unknown
[GitHub Rate Limit] Limit: unknown, Remaining: unknown, Used: unknown, Reset: unknown
[GitHub] Loaded footprint: switches/mx

stdout | src/utils/github.test.ts > github utilities > fetchConfigFromUrl with submodules > should skip submodules that are not in the footprints folder
[GitHub] Starting fetch from URL: test/repo
[GitHub Rate Limit] Limit: unknown, Remaining: unknown, Used: unknown, Reset: unknown
[GitHub Rate Limit] Limit: unknown, Remaining: unknown, Used: unknown, Reset: unknown
[GitHub Rate Limit] Limit: unknown, Remaining: unknown, Used: unknown, Reset: unknown
[GitHub] Checking for .gitmodules file
[GitHub] .gitmodules found, parsing submodules

stdout | src/utils/github.test.ts > github utilities > fetchConfigFromUrl with submodules > should handle missing .gitmodules gracefully
[GitHub] Starting fetch from URL: test/repo
[GitHub Rate Limit] Limit: unknown, Remaining: unknown, Used: unknown, Reset: unknown
[GitHub Rate Limit] Limit: unknown, Remaining: unknown, Used: unknown, Reset: unknown
[GitHub Rate Limit] Limit: unknown, Remaining: unknown, Used: unknown, Reset: unknown
[GitHub] Checking for .gitmodules file

stdout | src/utils/github.test.ts > github utilities > fetchConfigFromUrl with submodules > should skip outlines and templates when they are disabled by feature flags
[GitHub] Starting fetch from URL: test/repo
[GitHub Rate Limit] Limit: unknown, Remaining: unknown, Used: unknown, Reset: unknown
[GitHub] Checking for .gitmodules file

stderr | src/utils/github.test.ts > github utilities > checkRateLimit > should identify rate limit exceeded for raw content (HTTP 429)
[GitHub] Raw content rate limit exceeded (429). Please wait 30 minutes and try again.

stdout | src/utils/github.test.ts > github utilities > checkRateLimit > should identify rate limit exceeded for API (HTTP 403 and remaining 0)
[GitHub Rate Limit] Limit: 60, Remaining: 0, Used: 60, Reset: 1234567890

stderr | src/utils/github.test.ts > github utilities > checkRateLimit > should identify rate limit exceeded for API (HTTP 403 and remaining 0)
[GitHub] Rate limit exceeded. Please wait and try again in about an hour.

stdout | src/utils/github.test.ts > github utilities > checkRateLimit > should identify approaching rate limit for API (80% used)
[GitHub Rate Limit] Limit: 100, Remaining: 20, Used: 80, Reset: 1234567890

stderr | src/utils/github.test.ts > github utilities > checkRateLimit > should identify approaching rate limit for API (80% used)
[GitHub] Approaching rate limit: 80.0% used

stdout | src/utils/github.test.ts > github utilities > checkRateLimit > should handle missing headers gracefully
[GitHub Rate Limit] Limit: unknown, Remaining: unknown, Used: unknown, Reset: unknown

stdout | src/utils/github.test.ts > github utilities > fetchConfigFromUrl rate limit integration > should throw error when rate limit is exceeded on all branches
[GitHub] Starting fetch from URL: test/repo

stderr | src/utils/github.test.ts > github utilities > fetchConfigFromUrl rate limit integration > should throw error when rate limit is exceeded on all branches
[GitHub] Raw content rate limit exceeded (429). Please wait 30 minutes and try again.

stdout | src/utils/github.test.ts > github utilities > fetchConfigFromUrl rate limit integration > should return rate limit warning when approaching limit
[GitHub] Starting fetch from URL: test/repo
[GitHub Rate Limit] Limit: 100, Remaining: 20, Used: 80, Reset: 1234567890
[GitHub Rate Limit] Limit: 100, Remaining: 20, Used: 80, Reset: 1234567890
[GitHub Rate Limit] Limit: 100, Remaining: 20, Used: 80, Reset: 1234567890
[GitHub] Checking for .gitmodules file

stderr | src/utils/github.test.ts > github utilities > fetchConfigFromUrl rate limit integration > should return rate limit warning when approaching limit
[GitHub] Approaching rate limit: 80.0% used
[GitHub] Approaching rate limit: 80.0% used
[GitHub] Approaching rate limit: 80.0% used

 ✓ src/utils/github.test.ts (17 tests) 83ms
stdout | src/context/ConfigContext.test.tsx > edits and undoes a design without a mounted code editor
Version 1 or legacy configuration detected on load. Triggering background preview generation for all configs missing a preview SVG...

stderr | src/context/ConfigContext.test.tsx > edits and undoes a design without a mounted code editor
Warning: An update to ConfigContextProvider inside a test was not wrapped in act(...).

When testing, code that causes React state updates should be wrapped into act(...):

act(() => {
  /* fire events that update state */
});
/* assert on the output */

This ensures that you're testing the behavior the user would see in the browser. Learn more at https://reactjs.org/link/wrap-tests-with-act
    at ConfigContextProvider (/home/chris/projects/ts-boardstudio2/app/src/context/ConfigContext.tsx:244:3)
Warning: An update to ConfigContextProvider inside a test was not wrapped in act(...).

When testing, code that causes React state updates should be wrapped into act(...):

act(() => {
  /* fire events that update state */
});
/* assert on the output */

This ensures that you're testing the behavior the user would see in the browser. Learn more at https://reactjs.org/link/wrap-tests-with-act
    at ConfigContextProvider (/home/chris/projects/ts-boardstudio2/app/src/context/ConfigContext.tsx:244:3)

stderr | src/context/ConfigContext.test.tsx > uses the native project title when creating an unnamed project
Warning: An update to ConfigContextProvider inside a test was not wrapped in act(...).

When testing, code that causes React state updates should be wrapped into act(...):

act(() => {
  /* fire events that update state */
});
/* assert on the output */

This ensures that you're testing the behavior the user would see in the browser. Learn more at https://reactjs.org/link/wrap-tests-with-act
    at ConfigContextProvider (/home/chris/projects/ts-boardstudio2/app/src/context/ConfigContext.tsx:244:3)

stdout | src/context/ConfigContext.test.tsx > ConfigContextProvider > does not generate solids for native thumbnails during storage migration
Version 1 or legacy configuration detected on load. Triggering background preview generation for all configs missing a preview SVG...

stdout | src/context/ConfigContext.test.tsx > ConfigContextProvider > should fetch config from github url parameter and update the config
[useConfigLoader] Loading from URL parameter: https://github.com/ceoloide/corney-island/blob/main/ergogen/config.yaml
[GitHub] Starting fetch from URL: https://github.com/ceoloide/corney-island/blob/main/ergogen/config.yaml
Version 1 or legacy configuration detected on load. Triggering background preview generation for all configs missing a preview SVG...
[GitHub Rate Limit] Limit: unknown, Remaining: unknown, Used: unknown, Reset: unknown
[GitHub Rate Limit] Limit: unknown, Remaining: unknown, Used: unknown, Reset: unknown
[GitHub Rate Limit] Limit: unknown, Remaining: unknown, Used: unknown, Reset: unknown
[GitHub] Checking for .gitmodules file
[useConfigLoader] Fetch result: {
  configLength: 10,
  footprintsCount: 0,
  outlinesCount: 0,
  configPath: 'config.yaml',
  rateLimitWarning: undefined
}

stdout | src/context/ConfigContext.test.tsx > ConfigContextProvider > should fetch config from github url parameter without protocol and update the config
[useConfigLoader] Loading from URL parameter: github.com/ceoloide/corney-island/blob/main/ergogen/config.yaml
[GitHub] Starting fetch from URL: github.com/ceoloide/corney-island/blob/main/ergogen/config.yaml
Version 1 or legacy configuration detected on load. Triggering background preview generation for all configs missing a preview SVG...
[GitHub Rate Limit] Limit: unknown, Remaining: unknown, Used: unknown, Reset: unknown
[GitHub Rate Limit] Limit: unknown, Remaining: unknown, Used: unknown, Reset: unknown
[GitHub Rate Limit] Limit: unknown, Remaining: unknown, Used: unknown, Reset: unknown
[GitHub] Checking for .gitmodules file
[useConfigLoader] Fetch result: {
  configLength: 10,
  footprintsCount: 0,
  outlinesCount: 0,
  configPath: 'config.yaml',
  rateLimitWarning: undefined
}

stdout | src/context/ConfigContext.test.tsx > ConfigContextProvider > should load footprints from github url parameter and merge them
[useConfigLoader] Loading from URL parameter: https://github.com/ceoloide/test-repo
[GitHub] Starting fetch from URL: https://github.com/ceoloide/test-repo
Version 1 or legacy configuration detected on load. Triggering background preview generation for all configs missing a preview SVG...
[GitHub Rate Limit] Limit: unknown, Remaining: unknown, Used: unknown, Reset: unknown
[GitHub] Loaded footprint: test_footprint
[GitHub Rate Limit] Limit: unknown, Remaining: unknown, Used: unknown, Reset: unknown
[GitHub Rate Limit] Limit: unknown, Remaining: unknown, Used: unknown, Reset: unknown
[GitHub] Checking for .gitmodules file
[useConfigLoader] Fetch result: {
  configLength: 10,
  footprintsCount: 1,
  outlinesCount: 0,
  configPath: '',
  rateLimitWarning: undefined
}

stderr | src/context/ConfigContext.test.tsx > ConfigContextProvider > Settings Panel Interaction > should inhibit auto-generation when showSettings is true
Warning: An update to ConfigContextProvider inside a test was not wrapped in act(...).

When testing, code that causes React state updates should be wrapped into act(...):

act(() => {
  /* fire events that update state */
});
/* assert on the output */

This ensures that you're testing the behavior the user would see in the browser. Learn more at https://reactjs.org/link/wrap-tests-with-act
    at ConfigContextProvider (/home/chris/projects/ts-boardstudio2/app/src/context/ConfigContext.tsx:244:3)

stdout | src/context/ConfigContext.test.tsx > ConfigContextProvider > Settings Panel Interaction > should terminate the old worker, create a new one, and trigger generation when showSettings transitions from true to false
Settings panel closed. Restarting Ergogen worker to clear stale custom libraries...
Ergogen worker terminated.
Initializing fresh Ergogen worker...
Ergogen worker initialized.

stderr | src/context/ConfigContext.test.tsx > ConfigContextProvider > Settings Panel Interaction > should terminate the old worker, create a new one, and trigger generation when showSettings transitions from true to false
Warning: An update to ConfigContextProvider inside a test was not wrapped in act(...).

When testing, code that causes React state updates should be wrapped into act(...):

act(() => {
  /* fire events that update state */
});
/* assert on the output */

This ensures that you're testing the behavior the user would see in the browser. Learn more at https://reactjs.org/link/wrap-tests-with-act
    at ConfigContextProvider (/home/chris/projects/ts-boardstudio2/app/src/context/ConfigContext.tsx:244:3)

stdout | src/context/ConfigContext.test.tsx > ConfigContextProvider > multi-configuration management actions > should switch between configurations and update values correctly without cross-contamination
Version 1 or legacy configuration detected on load. Triggering background preview generation for all configs missing a preview SVG...

stderr | src/context/ConfigContext.test.tsx > ConfigContextProvider > multi-configuration management actions > should switch between configurations and update values correctly without cross-contamination
Warning: An update to ConfigContextProvider inside a test was not wrapped in act(...).

When testing, code that causes React state updates should be wrapped into act(...):

act(() => {
  /* fire events that update state */
});
/* assert on the output */

This ensures that you're testing the behavior the user would see in the browser. Learn more at https://reactjs.org/link/wrap-tests-with-act
    at ConfigContextProvider (/home/chris/projects/ts-boardstudio2/app/src/context/ConfigContext.tsx:244:3)

stdout | src/context/ConfigContext.test.tsx > ConfigContextProvider > multi-configuration management actions > should not allow renaming a configuration to an existing name and should set error
Version 1 or legacy configuration detected on load. Triggering background preview generation for all configs missing a preview SVG...

stderr | src/context/ConfigContext.test.tsx > ConfigContextProvider > multi-configuration management actions > should not allow renaming a configuration to an existing name and should set error
Warning: An update to ConfigContextProvider inside a test was not wrapped in act(...).

When testing, code that causes React state updates should be wrapped into act(...):

act(() => {
  /* fire events that update state */
});
/* assert on the output */

This ensures that you're testing the behavior the user would see in the browser. Learn more at https://reactjs.org/link/wrap-tests-with-act
    at ConfigContextProvider (/home/chris/projects/ts-boardstudio2/app/src/context/ConfigContext.tsx:244:3)

stdout | src/context/ConfigContext.test.tsx > ConfigContextProvider > multi-configuration management actions > should convert a preview configuration into a saved configuration when savePreviewConfig is called
Version 1 or legacy configuration detected on load. Triggering background preview generation for all configs missing a preview SVG...

stderr | src/context/ConfigContext.test.tsx > ConfigContextProvider > multi-configuration management actions > should convert a preview configuration into a saved configuration when savePreviewConfig is called
Warning: An update to ConfigContextProvider inside a test was not wrapped in act(...).

When testing, code that causes React state updates should be wrapped into act(...):

act(() => {
  /* fire events that update state */
});
/* assert on the output */

This ensures that you're testing the behavior the user would see in the browser. Learn more at https://reactjs.org/link/wrap-tests-with-act
    at ConfigContextProvider (/home/chris/projects/ts-boardstudio2/app/src/context/ConfigContext.tsx:244:3)

stdout | src/context/ConfigContext.test.tsx > ConfigContextProvider > multi-configuration management actions > should backup deleted configurations in ergogen:deleted-config and prune them correctly
Version 1 or legacy configuration detected on load. Triggering background preview generation for all configs missing a preview SVG...

stderr | src/context/ConfigContext.test.tsx > ConfigContextProvider > multi-configuration management actions > should backup deleted configurations in ergogen:deleted-config and prune them correctly
Warning: An update to ConfigContextProvider inside a test was not wrapped in act(...).

When testing, code that causes React state updates should be wrapped into act(...):

act(() => {
  /* fire events that update state */
});
/* assert on the output */

This ensures that you're testing the behavior the user would see in the browser. Learn more at https://reactjs.org/link/wrap-tests-with-act
    at ConfigContextProvider (/home/chris/projects/ts-boardstudio2/app/src/context/ConfigContext.tsx:244:3)

stdout | src/context/ConfigContext.test.tsx > ConfigContextProvider > multi-configuration management actions > should upgrade version 1 to version 2 on load and trigger background generation for configurations missing preview SVG
Version 1 or legacy configuration detected on load. Triggering background preview generation for all configs missing a preview SVG...
Triggering background preview generation for: V1 Config

stderr | src/context/ConfigContext.test.tsx > ConfigContextProvider > multi-configuration management actions > should upgrade version 1 to version 2 on load and trigger background generation for configurations missing preview SVG
Warning: An update to ConfigContextProvider inside a test was not wrapped in act(...).

When testing, code that causes React state updates should be wrapped into act(...):

act(() => {
  /* fire events that update state */
});
/* assert on the output */

This ensures that you're testing the behavior the user would see in the browser. Learn more at https://reactjs.org/link/wrap-tests-with-act
    at ConfigContextProvider (/home/chris/projects/ts-boardstudio2/app/src/context/ConfigContext.tsx:244:3)

stderr | src/context/ConfigContext.test.tsx > ConfigContextProvider > multi-configuration management actions > should process background generation worker success message and update previewSvg in local storage without triggering STL conversion
Warning: An update to ConfigContextProvider inside a test was not wrapped in act(...).

When testing, code that causes React state updates should be wrapped into act(...):

act(() => {
  /* fire events that update state */
});
/* assert on the output */

This ensures that you're testing the behavior the user would see in the browser. Learn more at https://reactjs.org/link/wrap-tests-with-act
    at ConfigContextProvider (/home/chris/projects/ts-boardstudio2/app/src/context/ConfigContext.tsx:244:3)

stderr | src/context/ConfigContext.test.tsx > ConfigContextProvider > realtime config input functions > should retrieve and update the realtime config input value
Warning: An update to ConfigContextProvider inside a test was not wrapped in act(...).

When testing, code that causes React state updates should be wrapped into act(...):

act(() => {
  /* fire events that update state */
});
/* assert on the output */

This ensures that you're testing the behavior the user would see in the browser. Learn more at https://reactjs.org/link/wrap-tests-with-act
    at ConfigContextProvider (/home/chris/projects/ts-boardstudio2/app/src/context/ConfigContext.tsx:244:3)

stderr | src/context/ConfigContext.test.tsx > ConfigContextProvider > GA4 Keyboard Generation Tracking & Debouncing > should debounce tracking by 5 seconds and only send the latest event
Warning: An update to ConfigContextProvider inside a test was not wrapped in act(...).

When testing, code that causes React state updates should be wrapped into act(...):

act(() => {
  /* fire events that update state */
});
/* assert on the output */

This ensures that you're testing the behavior the user would see in the browser. Learn more at https://reactjs.org/link/wrap-tests-with-act
    at ConfigContextProvider (/home/chris/projects/ts-boardstudio2/app/src/context/ConfigContext.tsx:244:3)

stderr | src/context/ConfigContext.test.tsx > ConfigContextProvider > GA4 Keyboard Generation Tracking & Debouncing > should correctly chain lineages across multiple distinct generations
Warning: An update to ConfigContextProvider inside a test was not wrapped in act(...).

When testing, code that causes React state updates should be wrapped into act(...):

act(() => {
  /* fire events that update state */
});
/* assert on the output */

This ensures that you're testing the behavior the user would see in the browser. Learn more at https://reactjs.org/link/wrap-tests-with-act
    at ConfigContextProvider (/home/chris/projects/ts-boardstudio2/app/src/context/ConfigContext.tsx:244:3)

stderr | src/context/ConfigContext.test.tsx > ConfigContextProvider > GA4 Keyboard Generation Tracking & Debouncing > should ignore duplicate compilation results with identical layout geometries
Warning: An update to ConfigContextProvider inside a test was not wrapped in act(...).

When testing, code that causes React state updates should be wrapped into act(...):

act(() => {
  /* fire events that update state */
});
/* assert on the output */

This ensures that you're testing the behavior the user would see in the browser. Learn more at https://reactjs.org/link/wrap-tests-with-act
    at ConfigContextProvider (/home/chris/projects/ts-boardstudio2/app/src/context/ConfigContext.tsx:244:3)

stderr | src/context/ConfigContext.test.tsx > ConfigContextProvider > GA4 Keyboard Generation Tracking & Debouncing > should reset lineage when a config lifecycle action (like selectConfig) is triggered
Warning: An update to ConfigContextProvider inside a test was not wrapped in act(...).

When testing, code that causes React state updates should be wrapped into act(...):

act(() => {
  /* fire events that update state */
});
/* assert on the output */

This ensures that you're testing the behavior the user would see in the browser. Learn more at https://reactjs.org/link/wrap-tests-with-act
    at ConfigContextProvider (/home/chris/projects/ts-boardstudio2/app/src/context/ConfigContext.tsx:244:3)

stdout | src/context/ConfigContext.test.tsx > ConfigContextProvider > KiCad 5 deprecation warning detection > should set deprecationWarning when a PCB uses kicad5 template and ceoloide footprint
Version 1 or legacy configuration detected on load. Triggering background preview generation for all configs missing a preview SVG...

stdout | src/context/ConfigContext.test.tsx > ConfigContextProvider > KiCad 5 deprecation warning detection > should NOT set deprecationWarning when a PCB uses kicad8 template and ceoloide footprint
Version 1 or legacy configuration detected on load. Triggering background preview generation for all configs missing a preview SVG...

stderr | src/context/ConfigContext.test.tsx > publishes a design only after every STL part succeeds
--- JSCAD worker error: Invalid tray mesh

stderr | src/context/ConfigContext.test.tsx > clears a previous generation error when creating another project
Warning: An update to ConfigContextProvider inside a test was not wrapped in act(...).

When testing, code that causes React state updates should be wrapped into act(...):

act(() => {
  /* fire events that update state */
});
/* assert on the output */

This ensures that you're testing the behavior the user would see in the browser. Learn more at https://reactjs.org/link/wrap-tests-with-act
    at ConfigContextProvider (/home/chris/projects/ts-boardstudio2/app/src/context/ConfigContext.tsx:244:3)

 ✓ src/context/ConfigContext.test.tsx (33 tests) 350ms
 ✓ src/utils/injections.test.ts (22 tests) 13ms
 ✓ src/utils/localFiles.test.ts (21 tests) 43ms
stderr | src/molecules/BoardStudio.test.tsx
WARNING: Multiple instances of Three.js being imported.

 ✓ src/utils/analytics.test.ts (19 tests) 59ms
stderr | src/molecules/CaseWizard.test.tsx
WARNING: Multiple instances of Three.js being imported.

stderr | src/molecules/StudioCanvas.test.tsx > keeps the viewport stable while selecting a column to move
Warning: An update to StudioCanvas inside a test was not wrapped in act(...).

When testing, code that causes React state updates should be wrapped into act(...):

act(() => {
  /* fire events that update state */
});
/* assert on the output */

This ensures that you're testing the behavior the user would see in the browser. Learn more at https://reactjs.org/link/wrap-tests-with-act
    at StudioCanvas (/home/chris/projects/ts-boardstudio2/app/src/molecules/StudioCanvas.tsx:35:3)

stderr | src/molecules/StudioCanvas.test.tsx > starts an object move in Select mode without changing tools
Warning: An update to StudioCanvas inside a test was not wrapped in act(...).

When testing, code that causes React state updates should be wrapped into act(...):

act(() => {
  /* fire events that update state */
});
/* assert on the output */

This ensures that you're testing the behavior the user would see in the browser. Learn more at https://reactjs.org/link/wrap-tests-with-act
    at StudioCanvas (/home/chris/projects/ts-boardstudio2/app/src/molecules/StudioCanvas.tsx:35:3)

stderr | src/molecules/StudioCanvas.test.tsx > keeps the camera fixed when a dropped object changes the layout bounds
Warning: An update to StudioCanvas inside a test was not wrapped in act(...).

When testing, code that causes React state updates should be wrapped into act(...):

act(() => {
  /* fire events that update state */
});
/* assert on the output */

This ensures that you're testing the behavior the user would see in the browser. Learn more at https://reactjs.org/link/wrap-tests-with-act
    at StudioCanvas (/home/chris/projects/ts-boardstudio2/app/src/molecules/StudioCanvas.tsx:35:3)

stderr | src/molecules/StudioCanvas.test.tsx > commits keyboard nudges while analysis is stale
Warning: An update to StudioCanvas inside a test was not wrapped in act(...).

When testing, code that causes React state updates should be wrapped into act(...):

act(() => {
  /* fire events that update state */
});
/* assert on the output */

This ensures that you're testing the behavior the user would see in the browser. Learn more at https://reactjs.org/link/wrap-tests-with-act
    at StudioCanvas (/home/chris/projects/ts-boardstudio2/app/src/molecules/StudioCanvas.tsx:35:3)

stderr | src/molecules/StudioCanvas.test.tsx > draws each accepted draft pose while background analysis is pending
Warning: An update to StudioCanvas inside a test was not wrapped in act(...).

When testing, code that causes React state updates should be wrapped into act(...):

act(() => {
  /* fire events that update state */
});
/* assert on the output */

This ensures that you're testing the behavior the user would see in the browser. Learn more at https://reactjs.org/link/wrap-tests-with-act
    at StudioCanvas (/home/chris/projects/ts-boardstudio2/app/src/molecules/StudioCanvas.tsx:35:3)
    at Draft (/home/chris/projects/ts-boardstudio2/app/src/molecules/StudioCanvas.test.tsx:210:53)

stderr | src/molecules/StudioCanvas.test.tsx > opens selection controls after a click without opening them during pointer movement
Warning: An update to StudioCanvas inside a test was not wrapped in act(...).

When testing, code that causes React state updates should be wrapped into act(...):

act(() => {
  /* fire events that update state */
});
/* assert on the output */

This ensures that you're testing the behavior the user would see in the browser. Learn more at https://reactjs.org/link/wrap-tests-with-act
    at StudioCanvas (/home/chris/projects/ts-boardstudio2/app/src/molecules/StudioCanvas.tsx:35:3)

stderr | src/molecules/StudioCanvas.test.tsx > preserves the chosen scope when selection changes outside the canvas
Warning: An update to StudioCanvas inside a test was not wrapped in act(...).

When testing, code that causes React state updates should be wrapped into act(...):

act(() => {
  /* fire events that update state */
});
/* assert on the output */

This ensures that you're testing the behavior the user would see in the browser. Learn more at https://reactjs.org/link/wrap-tests-with-act
    at StudioCanvas (/home/chris/projects/ts-boardstudio2/app/src/molecules/StudioCanvas.tsx:35:3)

stderr | src/molecules/StudioCanvas.test.tsx > flushes the final pointer delta on release before its animation frame
Warning: An update to StudioCanvas inside a test was not wrapped in act(...).

When testing, code that causes React state updates should be wrapped into act(...):

act(() => {
  /* fire events that update state */
});
/* assert on the output */

This ensures that you're testing the behavior the user would see in the browser. Learn more at https://reactjs.org/link/wrap-tests-with-act
    at StudioCanvas (/home/chris/projects/ts-boardstudio2/app/src/molecules/StudioCanvas.tsx:35:3)

stderr | src/molecules/StudioCanvas.test.tsx > selects the physical row from the canvas row tool
Warning: An update to StudioCanvas inside a test was not wrapped in act(...).

When testing, code that causes React state updates should be wrapped into act(...):

act(() => {
  /* fire events that update state */
});
/* assert on the output */

This ensures that you're testing the behavior the user would see in the browser. Learn more at https://reactjs.org/link/wrap-tests-with-act
    at StudioCanvas (/home/chris/projects/ts-boardstudio2/app/src/molecules/StudioCanvas.tsx:35:3)

 ✓ src/molecules/StudioCanvas.test.tsx (9 tests) 1802ms
   ✓ keeps the viewport stable while selecting a column to move 687ms
stderr | src/hooks/useCasePreview.test.ts > finishes tray STL conversion before publishing a generated result
Warning: An update to TestComponent inside a test was not wrapped in act(...).

When testing, code that causes React state updates should be wrapped into act(...):

act(() => {
  /* fire events that update state */
});
/* assert on the output */

This ensures that you're testing the behavior the user would see in the browser. Learn more at https://reactjs.org/link/wrap-tests-with-act
    at TestComponent (/home/chris/projects/ts-boardstudio2/node_modules/.pnpm/@testing-library+react@15.0.7_@types+react@18.3.28_react-dom@18.3.1_react@18.3.1__react@18.3.1/node_modules/@testing-library/react/dist/pure.js:307:5)

stderr | src/hooks/useCasePreview.test.ts > rejects late tray conversion after cancellation and retry
Warning: An update to TestComponent inside a test was not wrapped in act(...).

When testing, code that causes React state updates should be wrapped into act(...):

act(() => {
  /* fire events that update state */
});
/* assert on the output */

This ensures that you're testing the behavior the user would see in the browser. Learn more at https://reactjs.org/link/wrap-tests-with-act
    at TestComponent (/home/chris/projects/ts-boardstudio2/node_modules/.pnpm/@testing-library+react@15.0.7_@types+react@18.3.28_react-dom@18.3.1_react@18.3.1__react@18.3.1/node_modules/@testing-library/react/dist/pure.js:307:5)

 ✓ src/hooks/useCasePreview.test.ts (15 tests) 71ms
 ✓ src/utils/configAnalyzer.test.ts (13 tests) 29ms
 ✓ src/utils/studioSource.test.ts (20 tests) 3684ms
   ✓ mounts a new matrix on its PCB top surface 756ms
   ✓ mounts new thumb clusters and loose keys on the existing PCB layer 722ms
   ✓ deletes a cluster and its own members together 701ms
   ✓ removes generated bridges with a deleted cluster but protects manual links 336ms
 ✓ src/utils/zip.test.ts (9 tests) 26ms
stderr | src/molecules/ShareDialog.test.tsx > ShareDialog > displays no custom libraries message and proceeds directly when injections array is empty
Failed to copy shareable URI to clipboard: TypeError: Cannot read properties of undefined (reading 'writeText')
    at copyToClipboardWithFallback (/home/chris/projects/ts-boardstudio2/app/src/molecules/ShareDialog.tsx:35:31)
    at /home/chris/projects/ts-boardstudio2/app/src/molecules/ShareDialog.tsx:191:7
    at commitHookEffectListMount (/home/chris/projects/ts-boardstudio2/node_modules/.pnpm/react-dom@18.3.1_react@18.3.1/node_modules/react-dom/cjs/react-dom.development.js:23189:26)
    at commitPassiveMountOnFiber (/home/chris/projects/ts-boardstudio2/node_modules/.pnpm/react-dom@18.3.1_react@18.3.1/node_modules/react-dom/cjs/react-dom.development.js:24970:11)
    at commitPassiveMountEffects_complete (/home/chris/projects/ts-boardstudio2/node_modules/.pnpm/react-dom@18.3.1_react@18.3.1/node_modules/react-dom/cjs/react-dom.development.js:24930:9)
    at commitPassiveMountEffects_begin (/home/chris/projects/ts-boardstudio2/node_modules/.pnpm/react-dom@18.3.1_react@18.3.1/node_modules/react-dom/cjs/react-dom.development.js:24917:7)
    at commitPassiveMountEffects (/home/chris/projects/ts-boardstudio2/node_modules/.pnpm/react-dom@18.3.1_react@18.3.1/node_modules/react-dom/cjs/react-dom.development.js:24905:3)
    at flushPassiveEffectsImpl (/home/chris/projects/ts-boardstudio2/node_modules/.pnpm/react-dom@18.3.1_react@18.3.1/node_modules/react-dom/cjs/react-dom.development.js:27078:3)
    at flushPassiveEffects (/home/chris/projects/ts-boardstudio2/node_modules/.pnpm/react-dom@18.3.1_react@18.3.1/node_modules/react-dom/cjs/react-dom.development.js:27023:14)
    at commitRootImpl (/home/chris/projects/ts-boardstudio2/node_modules/.pnpm/react-dom@18.3.1_react@18.3.1/node_modules/react-dom/cjs/react-dom.development.js:26974:5)
Fallback copy method also failed: TypeError: document.execCommand is not a function
    at copyToClipboardWithFallback (/home/chris/projects/ts-boardstudio2/app/src/molecules/ShareDialog.tsx:55:16)
    at /home/chris/projects/ts-boardstudio2/app/src/molecules/ShareDialog.tsx:191:7
    at commitHookEffectListMount (/home/chris/projects/ts-boardstudio2/node_modules/.pnpm/react-dom@18.3.1_react@18.3.1/node_modules/react-dom/cjs/react-dom.development.js:23189:26)
    at commitPassiveMountOnFiber (/home/chris/projects/ts-boardstudio2/node_modules/.pnpm/react-dom@18.3.1_react@18.3.1/node_modules/react-dom/cjs/react-dom.development.js:24970:11)
    at commitPassiveMountEffects_complete (/home/chris/projects/ts-boardstudio2/node_modules/.pnpm/react-dom@18.3.1_react@18.3.1/node_modules/react-dom/cjs/react-dom.development.js:24930:9)
    at commitPassiveMountEffects_begin (/home/chris/projects/ts-boardstudio2/node_modules/.pnpm/react-dom@18.3.1_react@18.3.1/node_modules/react-dom/cjs/react-dom.development.js:24917:7)
    at commitPassiveMountEffects (/home/chris/projects/ts-boardstudio2/node_modules/.pnpm/react-dom@18.3.1_react@18.3.1/node_modules/react-dom/cjs/react-dom.development.js:24905:3)
    at flushPassiveEffectsImpl (/home/chris/projects/ts-boardstudio2/node_modules/.pnpm/react-dom@18.3.1_react@18.3.1/node_modules/react-dom/cjs/react-dom.development.js:27078:3)
    at flushPassiveEffects (/home/chris/projects/ts-boardstudio2/node_modules/.pnpm/react-dom@18.3.1_react@18.3.1/node_modules/react-dom/cjs/react-dom.development.js:27023:14)
    at commitRootImpl (/home/chris/projects/ts-boardstudio2/node_modules/.pnpm/react-dom@18.3.1_react@18.3.1/node_modules/react-dom/cjs/react-dom.development.js:26974:5)

stderr | src/molecules/ShareDialog.test.tsx > ShareDialog > allows unchecking libraries and sharing only the checked ones
Failed to copy shareable URI to clipboard: TypeError: Cannot read properties of undefined (reading 'writeText')
    at copyToClipboardWithFallback (/home/chris/projects/ts-boardstudio2/app/src/molecules/ShareDialog.tsx:35:31)
    at /home/chris/projects/ts-boardstudio2/app/src/molecules/ShareDialog.tsx:191:7
    at commitHookEffectListMount (/home/chris/projects/ts-boardstudio2/node_modules/.pnpm/react-dom@18.3.1_react@18.3.1/node_modules/react-dom/cjs/react-dom.development.js:23189:26)
    at commitPassiveMountOnFiber (/home/chris/projects/ts-boardstudio2/node_modules/.pnpm/react-dom@18.3.1_react@18.3.1/node_modules/react-dom/cjs/react-dom.development.js:24970:11)
    at commitPassiveMountEffects_complete (/home/chris/projects/ts-boardstudio2/node_modules/.pnpm/react-dom@18.3.1_react@18.3.1/node_modules/react-dom/cjs/react-dom.development.js:24930:9)
    at commitPassiveMountEffects_begin (/home/chris/projects/ts-boardstudio2/node_modules/.pnpm/react-dom@18.3.1_react@18.3.1/node_modules/react-dom/cjs/react-dom.development.js:24917:7)
    at commitPassiveMountEffects (/home/chris/projects/ts-boardstudio2/node_modules/.pnpm/react-dom@18.3.1_react@18.3.1/node_modules/react-dom/cjs/react-dom.development.js:24905:3)
    at flushPassiveEffectsImpl (/home/chris/projects/ts-boardstudio2/node_modules/.pnpm/react-dom@18.3.1_react@18.3.1/node_modules/react-dom/cjs/react-dom.development.js:27078:3)
    at flushPassiveEffects (/home/chris/projects/ts-boardstudio2/node_modules/.pnpm/react-dom@18.3.1_react@18.3.1/node_modules/react-dom/cjs/react-dom.development.js:27023:14)
    at commitRootImpl (/home/chris/projects/ts-boardstudio2/node_modules/.pnpm/react-dom@18.3.1_react@18.3.1/node_modules/react-dom/cjs/react-dom.development.js:26974:5)
Fallback copy method also failed: TypeError: document.execCommand is not a function
    at copyToClipboardWithFallback (/home/chris/projects/ts-boardstudio2/app/src/molecules/ShareDialog.tsx:55:16)
    at /home/chris/projects/ts-boardstudio2/app/src/molecules/ShareDialog.tsx:191:7
    at commitHookEffectListMount (/home/chris/projects/ts-boardstudio2/node_modules/.pnpm/react-dom@18.3.1_react@18.3.1/node_modules/react-dom/cjs/react-dom.development.js:23189:26)
    at commitPassiveMountOnFiber (/home/chris/projects/ts-boardstudio2/node_modules/.pnpm/react-dom@18.3.1_react@18.3.1/node_modules/react-dom/cjs/react-dom.development.js:24970:11)
    at commitPassiveMountEffects_complete (/home/chris/projects/ts-boardstudio2/node_modules/.pnpm/react-dom@18.3.1_react@18.3.1/node_modules/react-dom/cjs/react-dom.development.js:24930:9)
    at commitPassiveMountEffects_begin (/home/chris/projects/ts-boardstudio2/node_modules/.pnpm/react-dom@18.3.1_react@18.3.1/node_modules/react-dom/cjs/react-dom.development.js:24917:7)
    at commitPassiveMountEffects (/home/chris/projects/ts-boardstudio2/node_modules/.pnpm/react-dom@18.3.1_react@18.3.1/node_modules/react-dom/cjs/react-dom.development.js:24905:3)
    at flushPassiveEffectsImpl (/home/chris/projects/ts-boardstudio2/node_modules/.pnpm/react-dom@18.3.1_react@18.3.1/node_modules/react-dom/cjs/react-dom.development.js:27078:3)
    at flushPassiveEffects (/home/chris/projects/ts-boardstudio2/node_modules/.pnpm/react-dom@18.3.1_react@18.3.1/node_modules/react-dom/cjs/react-dom.development.js:27023:14)
    at commitRootImpl (/home/chris/projects/ts-boardstudio2/node_modules/.pnpm/react-dom@18.3.1_react@18.3.1/node_modules/react-dom/cjs/react-dom.development.js:26974:5)

stderr | src/molecules/ShareDialog.test.tsx > ShareDialog > ignores injections when Include custom libraries is toggled OFF
Failed to copy shareable URI to clipboard: TypeError: Cannot read properties of undefined (reading 'writeText')
    at copyToClipboardWithFallback (/home/chris/projects/ts-boardstudio2/app/src/molecules/ShareDialog.tsx:35:31)
    at /home/chris/projects/ts-boardstudio2/app/src/molecules/ShareDialog.tsx:191:7
    at commitHookEffectListMount (/home/chris/projects/ts-boardstudio2/node_modules/.pnpm/react-dom@18.3.1_react@18.3.1/node_modules/react-dom/cjs/react-dom.development.js:23189:26)
    at commitPassiveMountOnFiber (/home/chris/projects/ts-boardstudio2/node_modules/.pnpm/react-dom@18.3.1_react@18.3.1/node_modules/react-dom/cjs/react-dom.development.js:24970:11)
    at commitPassiveMountEffects_complete (/home/chris/projects/ts-boardstudio2/node_modules/.pnpm/react-dom@18.3.1_react@18.3.1/node_modules/react-dom/cjs/react-dom.development.js:24930:9)
    at commitPassiveMountEffects_begin (/home/chris/projects/ts-boardstudio2/node_modules/.pnpm/react-dom@18.3.1_react@18.3.1/node_modules/react-dom/cjs/react-dom.development.js:24917:7)
    at commitPassiveMountEffects (/home/chris/projects/ts-boardstudio2/node_modules/.pnpm/react-dom@18.3.1_react@18.3.1/node_modules/react-dom/cjs/react-dom.development.js:24905:3)
    at flushPassiveEffectsImpl (/home/chris/projects/ts-boardstudio2/node_modules/.pnpm/react-dom@18.3.1_react@18.3.1/node_modules/react-dom/cjs/react-dom.development.js:27078:3)
    at flushPassiveEffects (/home/chris/projects/ts-boardstudio2/node_modules/.pnpm/react-dom@18.3.1_react@18.3.1/node_modules/react-dom/cjs/react-dom.development.js:27023:14)
    at commitRootImpl (/home/chris/projects/ts-boardstudio2/node_modules/.pnpm/react-dom@18.3.1_react@18.3.1/node_modules/react-dom/cjs/react-dom.development.js:26974:5)
Fallback copy method also failed: TypeError: document.execCommand is not a function
    at copyToClipboardWithFallback (/home/chris/projects/ts-boardstudio2/app/src/molecules/ShareDialog.tsx:55:16)
    at /home/chris/projects/ts-boardstudio2/app/src/molecules/ShareDialog.tsx:191:7
    at commitHookEffectListMount (/home/chris/projects/ts-boardstudio2/node_modules/.pnpm/react-dom@18.3.1_react@18.3.1/node_modules/react-dom/cjs/react-dom.development.js:23189:26)
    at commitPassiveMountOnFiber (/home/chris/projects/ts-boardstudio2/node_modules/.pnpm/react-dom@18.3.1_react@18.3.1/node_modules/react-dom/cjs/react-dom.development.js:24970:11)
    at commitPassiveMountEffects_complete (/home/chris/projects/ts-boardstudio2/node_modules/.pnpm/react-dom@18.3.1_react@18.3.1/node_modules/react-dom/cjs/react-dom.development.js:24930:9)
    at commitPassiveMountEffects_begin (/home/chris/projects/ts-boardstudio2/node_modules/.pnpm/react-dom@18.3.1_react@18.3.1/node_modules/react-dom/cjs/react-dom.development.js:24917:7)
    at commitPassiveMountEffects (/home/chris/projects/ts-boardstudio2/node_modules/.pnpm/react-dom@18.3.1_react@18.3.1/node_modules/react-dom/cjs/react-dom.development.js:24905:3)
    at flushPassiveEffectsImpl (/home/chris/projects/ts-boardstudio2/node_modules/.pnpm/react-dom@18.3.1_react@18.3.1/node_modules/react-dom/cjs/react-dom.development.js:27078:3)
    at flushPassiveEffects (/home/chris/projects/ts-boardstudio2/node_modules/.pnpm/react-dom@18.3.1_react@18.3.1/node_modules/react-dom/cjs/react-dom.development.js:27023:14)
    at commitRootImpl (/home/chris/projects/ts-boardstudio2/node_modules/.pnpm/react-dom@18.3.1_react@18.3.1/node_modules/react-dom/cjs/react-dom.development.js:26974:5)

 ✓ src/molecules/ShareDialog.test.tsx (9 tests) 874ms
   ✓ ShareDialog > displays no custom libraries message and proceeds directly when injections array is empty 330ms
stderr | src/molecules/CaseWizard.test.tsx > Case wizard > can inspect a selected part before an assembly is generated
Warning: An update to CaseDraft inside a test was not wrapped in act(...).

When testing, code that causes React state updates should be wrapped into act(...):

act(() => {
  /* fire events that update state */
});
/* assert on the output */

This ensures that you're testing the behavior the user would see in the browser. Learn more at https://reactjs.org/link/wrap-tests-with-act
    at CaseDraft (/home/chris/projects/ts-boardstudio2/app/src/molecules/CaseWizard.tsx:453:22)
    at CaseWizard (/home/chris/projects/ts-boardstudio2/app/src/molecules/CaseWizard.tsx:357:3)
Warning: An update to CaseDraft inside a test was not wrapped in act(...).

When testing, code that causes React state updates should be wrapped into act(...):

act(() => {
  /* fire events that update state */
});
/* assert on the output */

This ensures that you're testing the behavior the user would see in the browser. Learn more at https://reactjs.org/link/wrap-tests-with-act
    at CaseDraft (/home/chris/projects/ts-boardstudio2/app/src/molecules/CaseWizard.tsx:453:22)
    at CaseWizard (/home/chris/projects/ts-boardstudio2/app/src/molecules/CaseWizard.tsx:357:3)

stderr | src/molecules/CaseWizard.test.tsx > Case wizard > keeps edits in the draft and cancels without generating the saved design
Warning: An update to CaseDraft inside a test was not wrapped in act(...).

When testing, code that causes React state updates should be wrapped into act(...):

act(() => {
  /* fire events that update state */
});
/* assert on the output */

This ensures that you're testing the behavior the user would see in the browser. Learn more at https://reactjs.org/link/wrap-tests-with-act
    at CaseDraft (/home/chris/projects/ts-boardstudio2/app/src/molecules/CaseWizard.tsx:453:22)
    at CaseWizard (/home/chris/projects/ts-boardstudio2/app/src/molecules/CaseWizard.tsx:357:3)
Warning: An update to CaseDraft inside a test was not wrapped in act(...).

When testing, code that causes React state updates should be wrapped into act(...):

act(() => {
  /* fire events that update state */
});
/* assert on the output */

This ensures that you're testing the behavior the user would see in the browser. Learn more at https://reactjs.org/link/wrap-tests-with-act
    at CaseDraft (/home/chris/projects/ts-boardstudio2/app/src/molecules/CaseWizard.tsx:453:22)
    at CaseWizard (/home/chris/projects/ts-boardstudio2/app/src/molecules/CaseWizard.tsx:357:3)

stderr | src/molecules/CaseWizard.test.tsx > Case wizard > blocks applying a draft until its geometry is current
Warning: An update to CaseDraft inside a test was not wrapped in act(...).

When testing, code that causes React state updates should be wrapped into act(...):

act(() => {
  /* fire events that update state */
});
/* assert on the output */

This ensures that you're testing the behavior the user would see in the browser. Learn more at https://reactjs.org/link/wrap-tests-with-act
    at CaseDraft (/home/chris/projects/ts-boardstudio2/app/src/molecules/CaseWizard.tsx:453:22)
    at CaseWizard (/home/chris/projects/ts-boardstudio2/app/src/molecules/CaseWizard.tsx:357:3)
Warning: An update to CaseDraft inside a test was not wrapped in act(...).

When testing, code that causes React state updates should be wrapped into act(...):

act(() => {
  /* fire events that update state */
});
/* assert on the output */

This ensures that you're testing the behavior the user would see in the browser. Learn more at https://reactjs.org/link/wrap-tests-with-act
    at CaseDraft (/home/chris/projects/ts-boardstudio2/app/src/molecules/CaseWizard.tsx:453:22)
    at CaseWizard (/home/chris/projects/ts-boardstudio2/app/src/molecules/CaseWizard.tsx:357:3)

stderr | src/molecules/CaseWizard.test.tsx > uses resolved dimensions for the preview when a field contains a formula
Warning: An update to CaseDraft inside a test was not wrapped in act(...).

When testing, code that causes React state updates should be wrapped into act(...):

act(() => {
  /* fire events that update state */
});
/* assert on the output */

This ensures that you're testing the behavior the user would see in the browser. Learn more at https://reactjs.org/link/wrap-tests-with-act
    at CaseDraft (/home/chris/projects/ts-boardstudio2/app/src/molecules/CaseWizard.tsx:453:22)
    at CaseWizard (/home/chris/projects/ts-boardstudio2/app/src/molecules/CaseWizard.tsx:357:3)
Warning: An update to CaseDraft inside a test was not wrapped in act(...).

When testing, code that causes React state updates should be wrapped into act(...):

act(() => {
  /* fire events that update state */
});
/* assert on the output */

This ensures that you're testing the behavior the user would see in the browser. Learn more at https://reactjs.org/link/wrap-tests-with-act
    at CaseDraft (/home/chris/projects/ts-boardstudio2/app/src/molecules/CaseWizard.tsx:453:22)
    at CaseWizard (/home/chris/projects/ts-boardstudio2/app/src/molecules/CaseWizard.tsx:357:3)

stderr | src/molecules/CaseWizard.test.tsx > unchecks only the clicked layout point and permits selecting it again
Warning: An update to CaseDraft inside a test was not wrapped in act(...).

When testing, code that causes React state updates should be wrapped into act(...):

act(() => {
  /* fire events that update state */
});
/* assert on the output */

This ensures that you're testing the behavior the user would see in the browser. Learn more at https://reactjs.org/link/wrap-tests-with-act
    at CaseDraft (/home/chris/projects/ts-boardstudio2/app/src/molecules/CaseWizard.tsx:453:22)
    at CaseWizard (/home/chris/projects/ts-boardstudio2/app/src/molecules/CaseWizard.tsx:357:3)
Warning: An update to CaseDraft inside a test was not wrapped in act(...).

When testing, code that causes React state updates should be wrapped into act(...):

act(() => {
  /* fire events that update state */
});
/* assert on the output */

This ensures that you're testing the behavior the user would see in the browser. Learn more at https://reactjs.org/link/wrap-tests-with-act
    at CaseDraft (/home/chris/projects/ts-boardstudio2/app/src/molecules/CaseWizard.tsx:453:22)
    at CaseWizard (/home/chris/projects/ts-boardstudio2/app/src/molecules/CaseWizard.tsx:357:3)

stderr | src/molecules/CaseWizard.test.tsx > keeps layout controls usable before a disconnected case has a preview
Warning: An update to CaseDraft inside a test was not wrapped in act(...).

When testing, code that causes React state updates should be wrapped into act(...):

act(() => {
  /* fire events that update state */
});
/* assert on the output */

This ensures that you're testing the behavior the user would see in the browser. Learn more at https://reactjs.org/link/wrap-tests-with-act
    at CaseDraft (/home/chris/projects/ts-boardstudio2/app/src/molecules/CaseWizard.tsx:453:22)
    at CaseWizard (/home/chris/projects/ts-boardstudio2/app/src/molecules/CaseWizard.tsx:357:3)
Warning: An update to CaseDraft inside a test was not wrapped in act(...).

When testing, code that causes React state updates should be wrapped into act(...):

act(() => {
  /* fire events that update state */
});
/* assert on the output */

This ensures that you're testing the behavior the user would see in the browser. Learn more at https://reactjs.org/link/wrap-tests-with-act
    at CaseDraft (/home/chris/projects/ts-boardstudio2/app/src/molecules/CaseWizard.tsx:453:22)
    at CaseWizard (/home/chris/projects/ts-boardstudio2/app/src/molecules/CaseWizard.tsx:357:3)

stderr | src/molecules/CaseWizard.test.tsx > provides named help for wizard and advanced controls across every step
Warning: An update to CaseDraft inside a test was not wrapped in act(...).

When testing, code that causes React state updates should be wrapped into act(...):

act(() => {
  /* fire events that update state */
});
/* assert on the output */

This ensures that you're testing the behavior the user would see in the browser. Learn more at https://reactjs.org/link/wrap-tests-with-act
    at CaseDraft (/home/chris/projects/ts-boardstudio2/app/src/molecules/CaseWizard.tsx:453:22)
    at CaseWizard (/home/chris/projects/ts-boardstudio2/app/src/molecules/CaseWizard.tsx:357:3)
Warning: An update to CaseDraft inside a test was not wrapped in act(...).

When testing, code that causes React state updates should be wrapped into act(...):

act(() => {
  /* fire events that update state */
});
/* assert on the output */

This ensures that you're testing the behavior the user would see in the browser. Learn more at https://reactjs.org/link/wrap-tests-with-act
    at CaseDraft (/home/chris/projects/ts-boardstudio2/app/src/molecules/CaseWizard.tsx:453:22)
    at CaseWizard (/home/chris/projects/ts-boardstudio2/app/src/molecules/CaseWizard.tsx:357:3)

stderr | src/molecules/CaseWizard.test.tsx > keeps repeated component findings out of Layout and groups them in Review
Warning: An update to CaseDraft inside a test was not wrapped in act(...).

When testing, code that causes React state updates should be wrapped into act(...):

act(() => {
  /* fire events that update state */
});
/* assert on the output */

This ensures that you're testing the behavior the user would see in the browser. Learn more at https://reactjs.org/link/wrap-tests-with-act
    at CaseDraft (/home/chris/projects/ts-boardstudio2/app/src/molecules/CaseWizard.tsx:453:22)
    at CaseWizard (/home/chris/projects/ts-boardstudio2/app/src/molecules/CaseWizard.tsx:357:3)
Warning: An update to CaseDraft inside a test was not wrapped in act(...).

When testing, code that causes React state updates should be wrapped into act(...):

act(() => {
  /* fire events that update state */
});
/* assert on the output */

This ensures that you're testing the behavior the user would see in the browser. Learn more at https://reactjs.org/link/wrap-tests-with-act
    at CaseDraft (/home/chris/projects/ts-boardstudio2/app/src/molecules/CaseWizard.tsx:453:22)
    at CaseWizard (/home/chris/projects/ts-boardstudio2/app/src/molecules/CaseWizard.tsx:357:3)

stderr | src/molecules/CaseWizard.test.tsx > offers a mount count beneath the mounting system
Warning: An update to CaseDraft inside a test was not wrapped in act(...).

When testing, code that causes React state updates should be wrapped into act(...):

act(() => {
  /* fire events that update state */
});
/* assert on the output */

This ensures that you're testing the behavior the user would see in the browser. Learn more at https://reactjs.org/link/wrap-tests-with-act
    at CaseDraft (/home/chris/projects/ts-boardstudio2/app/src/molecules/CaseWizard.tsx:453:22)
    at CaseWizard (/home/chris/projects/ts-boardstudio2/app/src/molecules/CaseWizard.tsx:357:3)
Warning: An update to CaseDraft inside a test was not wrapped in act(...).

When testing, code that causes React state updates should be wrapped into act(...):

act(() => {
  /* fire events that update state */
});
/* assert on the output */

This ensures that you're testing the behavior the user would see in the browser. Learn more at https://reactjs.org/link/wrap-tests-with-act
    at CaseDraft (/home/chris/projects/ts-boardstudio2/app/src/molecules/CaseWizard.tsx:453:22)
    at CaseWizard (/home/chris/projects/ts-boardstudio2/app/src/molecules/CaseWizard.tsx:357:3)

stderr | src/molecules/CaseWizard.test.tsx > clears the requested count to restore spacing-based placement
Warning: An update to CaseDraft inside a test was not wrapped in act(...).

When testing, code that causes React state updates should be wrapped into act(...):

act(() => {
  /* fire events that update state */
});
/* assert on the output */

This ensures that you're testing the behavior the user would see in the browser. Learn more at https://reactjs.org/link/wrap-tests-with-act
    at CaseDraft (/home/chris/projects/ts-boardstudio2/app/src/molecules/CaseWizard.tsx:453:22)
    at CaseWizard (/home/chris/projects/ts-boardstudio2/app/src/molecules/CaseWizard.tsx:357:3)
Warning: An update to CaseDraft inside a test was not wrapped in act(...).

When testing, code that causes React state updates should be wrapped into act(...):

act(() => {
  /* fire events that update state */
});
/* assert on the output */

This ensures that you're testing the behavior the user would see in the browser. Learn more at https://reactjs.org/link/wrap-tests-with-act
    at CaseDraft (/home/chris/projects/ts-boardstudio2/app/src/molecules/CaseWizard.tsx:453:22)
    at CaseWizard (/home/chris/projects/ts-boardstudio2/app/src/molecules/CaseWizard.tsx:357:3)

stderr | src/molecules/CaseWizard.test.tsx > opens manufacturing from an affected finding
Warning: An update to CaseDraft inside a test was not wrapped in act(...).

When testing, code that causes React state updates should be wrapped into act(...):

act(() => {
  /* fire events that update state */
});
/* assert on the output */

This ensures that you're testing the behavior the user would see in the browser. Learn more at https://reactjs.org/link/wrap-tests-with-act
    at CaseDraft (/home/chris/projects/ts-boardstudio2/app/src/molecules/CaseWizard.tsx:453:22)
    at CaseWizard (/home/chris/projects/ts-boardstudio2/app/src/molecules/CaseWizard.tsx:357:3)
Warning: An update to CaseDraft inside a test was not wrapped in act(...).

When testing, code that causes React state updates should be wrapped into act(...):

act(() => {
  /* fire events that update state */
});
/* assert on the output */

This ensures that you're testing the behavior the user would see in the browser. Learn more at https://reactjs.org/link/wrap-tests-with-act
    at CaseDraft (/home/chris/projects/ts-boardstudio2/app/src/molecules/CaseWizard.tsx:453:22)
    at CaseWizard (/home/chris/projects/ts-boardstudio2/app/src/molecules/CaseWizard.tsx:357:3)

stderr | src/molecules/CaseWizard.test.tsx > waits for automatic mounting edits before enabling generation
Warning: An update to CaseDraft inside a test was not wrapped in act(...).

When testing, code that causes React state updates should be wrapped into act(...):

act(() => {
  /* fire events that update state */
});
/* assert on the output */

This ensures that you're testing the behavior the user would see in the browser. Learn more at https://reactjs.org/link/wrap-tests-with-act
    at CaseDraft (/home/chris/projects/ts-boardstudio2/app/src/molecules/CaseWizard.tsx:453:22)
    at CaseWizard (/home/chris/projects/ts-boardstudio2/app/src/molecules/CaseWizard.tsx:357:3)
Warning: An update to CaseDraft inside a test was not wrapped in act(...).

When testing, code that causes React state updates should be wrapped into act(...):

act(() => {
  /* fire events that update state */
});
/* assert on the output */

This ensures that you're testing the behavior the user would see in the browser. Learn more at https://reactjs.org/link/wrap-tests-with-act
    at CaseDraft (/home/chris/projects/ts-boardstudio2/app/src/molecules/CaseWizard.tsx:453:22)
    at CaseWizard (/home/chris/projects/ts-boardstudio2/app/src/molecules/CaseWizard.tsx:357:3)

stderr | src/molecules/CaseWizard.test.tsx > removes rigid supports in one undoable gasket switch
Warning: An update to CaseDraft inside a test was not wrapped in act(...).

When testing, code that causes React state updates should be wrapped into act(...):

act(() => {
  /* fire events that update state */
});
/* assert on the output */

This ensures that you're testing the behavior the user would see in the browser. Learn more at https://reactjs.org/link/wrap-tests-with-act
    at CaseDraft (/home/chris/projects/ts-boardstudio2/app/src/molecules/CaseWizard.tsx:453:22)
    at CaseWizard (/home/chris/projects/ts-boardstudio2/app/src/molecules/CaseWizard.tsx:357:3)
Warning: An update to CaseDraft inside a test was not wrapped in act(...).

When testing, code that causes React state updates should be wrapped into act(...):

act(() => {
  /* fire events that update state */
});
/* assert on the output */

This ensures that you're testing the behavior the user would see in the browser. Learn more at https://reactjs.org/link/wrap-tests-with-act
    at CaseDraft (/home/chris/projects/ts-boardstudio2/app/src/molecules/CaseWizard.tsx:453:22)
    at CaseWizard (/home/chris/projects/ts-boardstudio2/app/src/molecules/CaseWizard.tsx:357:3)

stderr | src/molecules/CaseWizard.test.tsx > repairs saved gasket conflicts without redistributing contacts
Warning: An update to CaseDraft inside a test was not wrapped in act(...).

When testing, code that causes React state updates should be wrapped into act(...):

act(() => {
  /* fire events that update state */
});
/* assert on the output */

This ensures that you're testing the behavior the user would see in the browser. Learn more at https://reactjs.org/link/wrap-tests-with-act
    at CaseDraft (/home/chris/projects/ts-boardstudio2/app/src/molecules/CaseWizard.tsx:453:22)
    at CaseWizard (/home/chris/projects/ts-boardstudio2/app/src/molecules/CaseWizard.tsx:357:3)
Warning: An update to CaseDraft inside a test was not wrapped in act(...).

When testing, code that causes React state updates should be wrapped into act(...):

act(() => {
  /* fire events that update state */
});
/* assert on the output */

This ensures that you're testing the behavior the user would see in the browser. Learn more at https://reactjs.org/link/wrap-tests-with-act
    at CaseDraft (/home/chris/projects/ts-boardstudio2/app/src/molecules/CaseWizard.tsx:453:22)
    at CaseWizard (/home/chris/projects/ts-boardstudio2/app/src/molecules/CaseWizard.tsx:357:3)

stderr | src/molecules/CaseWizard.test.tsx > explains automatic CNC relief and chooses a smaller default plate cutter
Warning: An update to CaseDraft inside a test was not wrapped in act(...).

When testing, code that causes React state updates should be wrapped into act(...):

act(() => {
  /* fire events that update state */
});
/* assert on the output */

This ensures that you're testing the behavior the user would see in the browser. Learn more at https://reactjs.org/link/wrap-tests-with-act
    at CaseDraft (/home/chris/projects/ts-boardstudio2/app/src/molecules/CaseWizard.tsx:453:22)
    at CaseWizard (/home/chris/projects/ts-boardstudio2/app/src/molecules/CaseWizard.tsx:357:3)
Warning: An update to CaseDraft inside a test was not wrapped in act(...).

When testing, code that causes React state updates should be wrapped into act(...):

act(() => {
  /* fire events that update state */
});
/* assert on the output */

This ensures that you're testing the behavior the user would see in the browser. Learn more at https://reactjs.org/link/wrap-tests-with-act
    at CaseDraft (/home/chris/projects/ts-boardstudio2/app/src/molecules/CaseWizard.tsx:453:22)
    at CaseWizard (/home/chris/projects/ts-boardstudio2/app/src/molecules/CaseWizard.tsx:357:3)

 ✓ src/molecules/CaseWizard.test.tsx (18 tests) 8071ms
   ✓ Case wizard > opens an embedded case without changing source or history 369ms
   ✓ Case wizard > can inspect a selected part before an assembly is generated 919ms
   ✓ Case wizard > keeps edits in the draft and cancels without generating the saved design 589ms
   ✓ uses resolved dimensions for the preview when a field contains a formula 454ms
   ✓ provides named help for wizard and advanced controls across every step 1705ms
   ✓ keeps repeated component findings out of Layout and groups them in Review 394ms
   ✓ clears the requested count to restore spacing-based placement 316ms
   ✓ opens manufacturing from an affected finding 389ms
   ✓ repairs saved gasket conflicts without redistributing contacts 757ms
   ✓ explains automatic CNC relief and chooses a smaller default plate cutter 791ms
 ✓ src/utils/studioSourceBatch.test.ts (9 tests) 1123ms
 ✓ src/molecules/BoardStudio.test.tsx (26 tests) 10056ms
   ✓ keeps the Inspector closed until explicitly opened on desktop 828ms
   ✓ creates and edits a parametric thumb cluster without opening Code 982ms
   ✓ keeps workflow destinations and code accessible 444ms
   ✓ uses the same generation controller across case and export navigation 312ms
   ✓ creates a 5 by 4 matrix and edits a whole column and its individual cells 1597ms
   ✓ shows authored cluster counts even before outline analysis succeeds 519ms
   ✓ keeps an empty free cluster selectable and deletable 511ms
   ✓ reviews an edited column removal and preserves the source on Cancel 1167ms
   ✓ deletes the selected column but leaves Delete in text fields alone 466ms
   ✓ returns to the part library after closing Code 556ms
   ✓ project status copy > opens the controller picker from a missing-controller blocker 549ms
 ✓ src/utils/enclosureSource.test.ts (14 tests) 385ms
stdout | src/utils/gitProvider.test.ts > gitProviderRegistry > should fetch direct file URLs from Codeberg without searching config.yaml
[GitHub] Starting fetch from URL: https://codeberg.org/cerement/cinereus-pe/src/branch/main/cinereus-pe/cinereus-pe.yaml

stdout | src/utils/gitProvider.test.ts > gitProviderRegistry > should find quokka.yaml in root via BFS on Codeberg
[GitHub] Starting fetch from URL: https://codeberg.org/dlford/quokka

stdout | src/utils/gitProvider.test.ts > gitProviderRegistry > should ignore yaml/yml files starting with a dot during BFS
[GitHub] Starting fetch from URL: https://codeberg.org/dlford/quokka

stdout | src/utils/gitProvider.test.ts > gitProviderRegistry > ForgejoProvider > should fetch config using the correct derived custom host API URL
[GitHub] Starting fetch from URL: https://git.gay/MrsFreckles/lunera/src/branch/main/config.yaml
[GitHub] Checking for .gitmodules file
[GitHub] .gitmodules found, parsing submodules

 ✓ src/utils/gitProvider.test.ts (8 tests) 16ms
 ✓ src/utils/generationHelpers.test.ts (16 tests) 11ms
 ✓ src/utils/version.test.ts (21 tests) 11ms
 ✓ src/molecules/SideNavigation.test.tsx (12 tests) 1145ms
   ✓ SideNavigation > renders list of configurations and search input 385ms
stdout | src/context/ProjectSession.test.tsx > keeps imported assets when creation and import share one event
Version 1 or legacy configuration detected on load. Triggering background preview generation for all configs missing a preview SVG...

stdout | src/context/ProjectSession.test.tsx > merges an asset edit with a pending project load
Version 1 or legacy configuration detected on load. Triggering background preview generation for all configs missing a preview SVG...

stdout | src/context/ProjectSession.test.tsx > undoes source, assets and custom footprints in one project history
Version 1 or legacy configuration detected on load. Triggering background preview generation for all configs missing a preview SVG...

stdout | src/context/ProjectSession.test.tsx > copies project assets when duplicating a saved design
Version 1 or legacy configuration detected on load. Triggering background preview generation for all configs missing a preview SVG...

stdout | src/context/ProjectSession.test.tsx > does not build native solids when Studio is closed
Version 1 or legacy configuration detected on load. Triggering background preview generation for all configs missing a preview SVG...

stdout | src/context/ProjectSession.test.tsx > clears a previous generation error when the source changes
Version 1 or legacy configuration detected on load. Triggering background preview generation for all configs missing a preview SVG...

stderr | src/context/ProjectSession.test.tsx > clears a previous generation error when the source changes
Warning: An update to ConfigContextProvider inside a test was not wrapped in act(...).

When testing, code that causes React state updates should be wrapped into act(...):

act(() => {
  /* fire events that update state */
});
/* assert on the output */

This ensures that you're testing the behavior the user would see in the browser. Learn more at https://reactjs.org/link/wrap-tests-with-act
    at ConfigContextProvider (/home/chris/projects/ts-boardstudio2/app/src/context/ConfigContext.tsx:244:3)
Warning: An update to ConfigContextProvider inside a test was not wrapped in act(...).

When testing, code that causes React state updates should be wrapped into act(...):

act(() => {
  /* fire events that update state */
});
/* assert on the output */

This ensures that you're testing the behavior the user would see in the browser. Learn more at https://reactjs.org/link/wrap-tests-with-act
    at ConfigContextProvider (/home/chris/projects/ts-boardstudio2/app/src/context/ConfigContext.tsx:244:3)

stdout | src/context/ProjectSession.test.tsx > releases the generate control when edits supersede a running request
Version 1 or legacy configuration detected on load. Triggering background preview generation for all configs missing a preview SVG...

stdout | src/context/ProjectSession.test.tsx > undoes an assembly source, model and footprint update as one transaction
Version 1 or legacy configuration detected on load. Triggering background preview generation for all configs missing a preview SVG...

stdout | src/context/ProjectSession.test.tsx > cancels queued generation when the project session unmounts
Version 1 or legacy configuration detected on load. Triggering background preview generation for all configs missing a preview SVG...

 ✓ src/context/ProjectSession.test.tsx (9 tests) 111ms
stderr | src/Ergogen.test.tsx
WARNING: Multiple instances of Three.js being imported.

stderr | src/atoms/Header.test.tsx > Header > triggers share dialog on click
Failed to copy shareable URI to clipboard: TypeError: Cannot read properties of undefined (reading 'writeText')
    at copyToClipboardWithFallback (/home/chris/projects/ts-boardstudio2/app/src/molecules/ShareDialog.tsx:35:31)
    at /home/chris/projects/ts-boardstudio2/app/src/molecules/ShareDialog.tsx:191:7
    at commitHookEffectListMount (/home/chris/projects/ts-boardstudio2/node_modules/.pnpm/react-dom@18.3.1_react@18.3.1/node_modules/react-dom/cjs/react-dom.development.js:23189:26)
    at commitPassiveMountOnFiber (/home/chris/projects/ts-boardstudio2/node_modules/.pnpm/react-dom@18.3.1_react@18.3.1/node_modules/react-dom/cjs/react-dom.development.js:24970:11)
    at commitPassiveMountEffects_complete (/home/chris/projects/ts-boardstudio2/node_modules/.pnpm/react-dom@18.3.1_react@18.3.1/node_modules/react-dom/cjs/react-dom.development.js:24930:9)
    at commitPassiveMountEffects_begin (/home/chris/projects/ts-boardstudio2/node_modules/.pnpm/react-dom@18.3.1_react@18.3.1/node_modules/react-dom/cjs/react-dom.development.js:24917:7)
    at commitPassiveMountEffects (/home/chris/projects/ts-boardstudio2/node_modules/.pnpm/react-dom@18.3.1_react@18.3.1/node_modules/react-dom/cjs/react-dom.development.js:24905:3)
    at flushPassiveEffectsImpl (/home/chris/projects/ts-boardstudio2/node_modules/.pnpm/react-dom@18.3.1_react@18.3.1/node_modules/react-dom/cjs/react-dom.development.js:27078:3)
    at flushPassiveEffects (/home/chris/projects/ts-boardstudio2/node_modules/.pnpm/react-dom@18.3.1_react@18.3.1/node_modules/react-dom/cjs/react-dom.development.js:27023:14)
    at commitRootImpl (/home/chris/projects/ts-boardstudio2/node_modules/.pnpm/react-dom@18.3.1_react@18.3.1/node_modules/react-dom/cjs/react-dom.development.js:26974:5)
Fallback copy method also failed: TypeError: document.execCommand is not a function
    at copyToClipboardWithFallback (/home/chris/projects/ts-boardstudio2/app/src/molecules/ShareDialog.tsx:55:16)
    at /home/chris/projects/ts-boardstudio2/app/src/molecules/ShareDialog.tsx:191:7
    at commitHookEffectListMount (/home/chris/projects/ts-boardstudio2/node_modules/.pnpm/react-dom@18.3.1_react@18.3.1/node_modules/react-dom/cjs/react-dom.development.js:23189:26)
    at commitPassiveMountOnFiber (/home/chris/projects/ts-boardstudio2/node_modules/.pnpm/react-dom@18.3.1_react@18.3.1/node_modules/react-dom/cjs/react-dom.development.js:24970:11)
    at commitPassiveMountEffects_complete (/home/chris/projects/ts-boardstudio2/node_modules/.pnpm/react-dom@18.3.1_react@18.3.1/node_modules/react-dom/cjs/react-dom.development.js:24930:9)
    at commitPassiveMountEffects_begin (/home/chris/projects/ts-boardstudio2/node_modules/.pnpm/react-dom@18.3.1_react@18.3.1/node_modules/react-dom/cjs/react-dom.development.js:24917:7)
    at commitPassiveMountEffects (/home/chris/projects/ts-boardstudio2/node_modules/.pnpm/react-dom@18.3.1_react@18.3.1/node_modules/react-dom/cjs/react-dom.development.js:24905:3)
    at flushPassiveEffectsImpl (/home/chris/projects/ts-boardstudio2/node_modules/.pnpm/react-dom@18.3.1_react@18.3.1/node_modules/react-dom/cjs/react-dom.development.js:27078:3)
    at flushPassiveEffects (/home/chris/projects/ts-boardstudio2/node_modules/.pnpm/react-dom@18.3.1_react@18.3.1/node_modules/react-dom/cjs/react-dom.development.js:27023:14)
    at commitRootImpl (/home/chris/projects/ts-boardstudio2/node_modules/.pnpm/react-dom@18.3.1_react@18.3.1/node_modules/react-dom/cjs/react-dom.development.js:26974:5)

 ✓ src/atoms/Header.test.tsx (11 tests) 748ms
   ✓ Header > triggers share dialog on click 381ms
 ✓ src/utils/ergogenBundleLoader.test.ts (15 tests) 26ms
stderr | src/Ergogen.test.tsx > Ergogen Subheader Buttons > renders mobile share button and triggers share logic on click when showConfig is true
Failed to copy shareable URI to clipboard: TypeError: Cannot read properties of undefined (reading 'writeText')
    at copyToClipboardWithFallback (/home/chris/projects/ts-boardstudio2/app/src/molecules/ShareDialog.tsx:35:31)
    at /home/chris/projects/ts-boardstudio2/app/src/molecules/ShareDialog.tsx:191:7
    at commitHookEffectListMount (/home/chris/projects/ts-boardstudio2/node_modules/.pnpm/react-dom@18.3.1_react@18.3.1/node_modules/react-dom/cjs/react-dom.development.js:23189:26)
    at commitPassiveMountOnFiber (/home/chris/projects/ts-boardstudio2/node_modules/.pnpm/react-dom@18.3.1_react@18.3.1/node_modules/react-dom/cjs/react-dom.development.js:24970:11)
    at commitPassiveMountEffects_complete (/home/chris/projects/ts-boardstudio2/node_modules/.pnpm/react-dom@18.3.1_react@18.3.1/node_modules/react-dom/cjs/react-dom.development.js:24930:9)
    at commitPassiveMountEffects_begin (/home/chris/projects/ts-boardstudio2/node_modules/.pnpm/react-dom@18.3.1_react@18.3.1/node_modules/react-dom/cjs/react-dom.development.js:24917:7)
    at commitPassiveMountEffects (/home/chris/projects/ts-boardstudio2/node_modules/.pnpm/react-dom@18.3.1_react@18.3.1/node_modules/react-dom/cjs/react-dom.development.js:24905:3)
    at flushPassiveEffectsImpl (/home/chris/projects/ts-boardstudio2/node_modules/.pnpm/react-dom@18.3.1_react@18.3.1/node_modules/react-dom/cjs/react-dom.development.js:27078:3)
    at flushPassiveEffects (/home/chris/projects/ts-boardstudio2/node_modules/.pnpm/react-dom@18.3.1_react@18.3.1/node_modules/react-dom/cjs/react-dom.development.js:27023:14)
    at commitRootImpl (/home/chris/projects/ts-boardstudio2/node_modules/.pnpm/react-dom@18.3.1_react@18.3.1/node_modules/react-dom/cjs/react-dom.development.js:26974:5)
Fallback copy method also failed: TypeError: document.execCommand is not a function
    at copyToClipboardWithFallback (/home/chris/projects/ts-boardstudio2/app/src/molecules/ShareDialog.tsx:55:16)
    at /home/chris/projects/ts-boardstudio2/app/src/molecules/ShareDialog.tsx:191:7
    at commitHookEffectListMount (/home/chris/projects/ts-boardstudio2/node_modules/.pnpm/react-dom@18.3.1_react@18.3.1/node_modules/react-dom/cjs/react-dom.development.js:23189:26)
    at commitPassiveMountOnFiber (/home/chris/projects/ts-boardstudio2/node_modules/.pnpm/react-dom@18.3.1_react@18.3.1/node_modules/react-dom/cjs/react-dom.development.js:24970:11)
    at commitPassiveMountEffects_complete (/home/chris/projects/ts-boardstudio2/node_modules/.pnpm/react-dom@18.3.1_react@18.3.1/node_modules/react-dom/cjs/react-dom.development.js:24930:9)
    at commitPassiveMountEffects_begin (/home/chris/projects/ts-boardstudio2/node_modules/.pnpm/react-dom@18.3.1_react@18.3.1/node_modules/react-dom/cjs/react-dom.development.js:24917:7)
    at commitPassiveMountEffects (/home/chris/projects/ts-boardstudio2/node_modules/.pnpm/react-dom@18.3.1_react@18.3.1/node_modules/react-dom/cjs/react-dom.development.js:24905:3)
    at flushPassiveEffectsImpl (/home/chris/projects/ts-boardstudio2/node_modules/.pnpm/react-dom@18.3.1_react@18.3.1/node_modules/react-dom/cjs/react-dom.development.js:27078:3)
    at flushPassiveEffects (/home/chris/projects/ts-boardstudio2/node_modules/.pnpm/react-dom@18.3.1_react@18.3.1/node_modules/react-dom/cjs/react-dom.development.js:27023:14)
    at commitRootImpl (/home/chris/projects/ts-boardstudio2/node_modules/.pnpm/react-dom@18.3.1_react@18.3.1/node_modules/react-dom/cjs/react-dom.development.js:26974:5)

 ✓ src/Ergogen.test.tsx (5 tests) 600ms
 ✓ src/utils/assemblyRegression.test.ts (26 tests) 18060ms
   ✓ can grow the matrix after default onboarding 523ms
   ✓ preserves the LED chain when changing a key assembly placement 961ms
   ✓ moves switch clearance with the assembly footprint 347ms
   ✓ keeps the generated document valid when shrinking after a manual key edit 393ms
   ✓ preserves manually assigned switch nets when moving its assembly 473ms
   ✓ updates linked mirrored bindings and adds new right-board keys 571ms
   ✓ keeps new mirrored keys and assembly offsets valid in native PCB and body geometry 1240ms
   ✓ keeps a managed LED chain connected when reopening setup after layout edits 503ms
   ✓ resolves the added arc cluster and its owned electronics 418ms
   ✓ reproduces resized 7x5 geometry and the automatic outline with a separate 2x2 matrix 9406ms
   ✓ generates PCB files after populating an empty single board 344ms
   ✓ generates PCB files after populating an empty mirrored board 952ms
stdout | src/hooks/useServiceWorkerUpdate.test.ts > useServiceWorkerUpdate hook > should return a reload callback when ?force_update is present
[SW] Force-update triggered via ?force_update URL parameter.

 ✓ src/hooks/useServiceWorkerUpdate.test.ts (6 tests) 40ms
 ✓ src/utils/resizeSpacing.test.ts (21 tests) 7063ms
   ✓ makes room for a 1.5u c1 column 348ms
   ✓ restores spacing after repeated grow and shrink 1085ms
   ✓ clears clusters resizing including taller keys 522ms
   ✓ preserves authored offset expressions across grow and shrink 790ms
   ✓ preserves explicit center alignment while clearing neighbours 340ms
   ✓ preserves explicit right alignment while clearing neighbours 308ms
   ✓ retains splay, stagger and expressions in rotated matrices 406ms
   ✓ keeps mirrors and attached electronics in their native relationships 507ms
   ✓ keeps edited generated compensation as authored placement 334ms
   ✓ retains generated spacing when a downstream key is locked after growth 366ms
 ✓ src/molecules/ModelEditor.test.tsx (5 tests) 514ms
   ✓ lets a model value be replaced without restoring it mid-edit 316ms
 ✓ src/utils/layoutSource.test.ts (10 tests) 94ms
 ✓ src/workers/workerFactory.test.ts (8 tests) 15ms
 ✓ src/molecules/Downloads.test.tsx (5 tests) 92ms
 ✓ src/molecules/StudioInspector.test.tsx (8 tests) 519ms
 ✓ src/utils/platform.test.ts (18 tests) 11ms
 ✓ src/molecules/ShareVersionCompatibilityDialog.test.tsx (6 tests) 181ms
stderr | src/molecules/CaseComponents.test.tsx > keeps automatic model transforms specific to each footprint instance
Warning: An update to CaseComponents inside a test was not wrapped in act(...).

When testing, code that causes React state updates should be wrapped into act(...):

act(() => {
  /* fire events that update state */
});
/* assert on the output */

This ensures that you're testing the behavior the user would see in the browser. Learn more at https://reactjs.org/link/wrap-tests-with-act
    at CaseComponents (/home/chris/projects/ts-boardstudio2/app/src/molecules/CaseComponents.tsx:17:3)
Warning: An update to CaseComponents inside a test was not wrapped in act(...).

When testing, code that causes React state updates should be wrapped into act(...):

act(() => {
  /* fire events that update state */
});
/* assert on the output */

This ensures that you're testing the behavior the user would see in the browser. Learn more at https://reactjs.org/link/wrap-tests-with-act
    at CaseComponents (/home/chris/projects/ts-boardstudio2/app/src/molecules/CaseComponents.tsx:17:3)
Warning: An update to CaseComponents inside a test was not wrapped in act(...).

When testing, code that causes React state updates should be wrapped into act(...):

act(() => {
  /* fire events that update state */
});
/* assert on the output */

This ensures that you're testing the behavior the user would see in the browser. Learn more at https://reactjs.org/link/wrap-tests-with-act
    at CaseComponents (/home/chris/projects/ts-boardstudio2/app/src/molecules/CaseComponents.tsx:17:3)
Warning: An update to CaseComponents inside a test was not wrapped in act(...).

When testing, code that causes React state updates should be wrapped into act(...):

act(() => {
  /* fire events that update state */
});
/* assert on the output */

This ensures that you're testing the behavior the user would see in the browser. Learn more at https://reactjs.org/link/wrap-tests-with-act
    at CaseComponents (/home/chris/projects/ts-boardstudio2/app/src/molecules/CaseComponents.tsx:17:3)

 ✓ src/molecules/CaseComponents.test.tsx (4 tests) 338ms
 ✓ src/utils/layoutSnapping.test.ts (8 tests) 60ms
stdout | src/App.test.tsx > App shared version compatibility checks > verifies version checking workflow during mount and subsequent hash changes
Version 1 or legacy configuration detected on load. Triggering background preview generation for all configs missing a preview SVG...

stderr | src/App.test.tsx > App shared version compatibility checks > verifies version checking workflow during mount and subsequent hash changes
Warning: An update to ConfigContextProvider inside a test was not wrapped in act(...).

When testing, code that causes React state updates should be wrapped into act(...):

act(() => {
  /* fire events that update state */
});
/* assert on the output */

This ensures that you're testing the behavior the user would see in the browser. Learn more at https://reactjs.org/link/wrap-tests-with-act
    at ConfigContextProvider (/home/chris/projects/ts-boardstudio2/app/src/context/ConfigContext.tsx:244:3)
    at App (/home/chris/projects/ts-boardstudio2/app/src/App.tsx:59:56)

 ✓ src/App.test.tsx (1 test) 288ms
 ✓ src/utils/layoutRelations.test.ts (6 tests) 286ms
 ✓ src/utils/featureFlags.test.ts (10 tests) 10ms
 ✓ src/molecules/BulkDownloadDialog.test.tsx (6 tests) 534ms
