ISO-10303-21;
HEADER;
FILE_DESCRIPTION(('FreeCAD Model'),'2;1');
FILE_NAME('Open CASCADE Shape Model','2026-09-12T16:10:07',('FreeCAD'),(
    'FreeCAD'),'Open CASCADE STEP processor 7.9','FreeCAD','Unknown');
FILE_SCHEMA(('AUTOMOTIVE_DESIGN { 1 0 10303 214 1 1 1 1 }'));
ENDSEC;
DATA;
#1 = APPLICATION_PROTOCOL_DEFINITION('international standard',
  'automotive_design',2000,#2);
#2 = APPLICATION_CONTEXT(
  'core data for automotive mechanical design processes');
#3 = SHAPE_DEFINITION_REPRESENTATION(#4,#10);
#4 = PRODUCT_DEFINITION_SHAPE('','',#5);
#5 = PRODUCT_DEFINITION('design','',#6,#9);
#6 = PRODUCT_DEFINITION_FORMATION('','',#7);
#7 = PRODUCT('Open CASCADE STEP translator 7.9 1',
  'Open CASCADE STEP translator 7.9 1','',(#8));
#8 = PRODUCT_CONTEXT('',#2,'mechanical');
#9 = PRODUCT_DEFINITION_CONTEXT('part definition',#2,'design');
#10 = SHAPE_REPRESENTATION('',(#11,#15,#9609),#19203);
#11 = AXIS2_PLACEMENT_3D('',#12,#13,#14);
#12 = CARTESIAN_POINT('',(0.,0.,0.));
#13 = DIRECTION('',(0.,0.,1.));
#14 = DIRECTION('',(1.,0.,-0.));
#15 = MANIFOLD_SOLID_BREP('',#16);
#16 = CLOSED_SHELL('',(#17,#57,#120,#183,#200,#625,#647,#664,#1473,#1485
    ,#1497,#1528,#1552,#1576,#1593,#1624,#1648,#1672,#1689,#1720,#1744,
    #1768,#1785,#1816,#1840,#1864,#1881,#1912,#1936,#1960,#1977,#2008,
    #2032,#2056,#2073,#2104,#2128,#2152,#2169,#2200,#2224,#2248,#2265,
    #2296,#2320,#2344,#2361,#2392,#2416,#2440,#2457,#2488,#2512,#2536,
    #2553,#2584,#2608,#2632,#2649,#2666,#2713,#2730,#2777,#2794,#2841,
    #2858,#2905,#2922,#2969,#2986,#3033,#3050,#3097,#3114,#3161,#3178,
    #3225,#3242,#3289,#3306,#3353,#3370,#3417,#3434,#3481,#3498,#3545,
    #3562,#3609,#3626,#3673,#3690,#3737,#3754,#3801,#3818,#3865,#3882,
    #3929,#3946,#3993,#4010,#4057,#4074,#4121,#4138,#4185,#4216,#4272,
    #4296,#4345,#4376,#4432,#4456,#4505,#4536,#4592,#4616,#4665,#4696,
    #4752,#4776,#4825,#4856,#4912,#4936,#4985,#5016,#5072,#5096,#5145,
    #5176,#5232,#5256,#5305,#5336,#5392,#5416,#5465,#5496,#5552,#5576,
    #5625,#5656,#5712,#5736,#5785,#5816,#5872,#5896,#5945,#5976,#6032,
    #6056,#6105,#6122,#6139,#6156,#6173,#6185,#6202,#6219,#6236,#6253,
    #6265,#6282,#6299,#6316,#6333,#6345,#6362,#6379,#6396,#6413,#6425,
    #6442,#6459,#6476,#6493,#6505,#6522,#6539,#6556,#6573,#6585,#6602,
    #6619,#6636,#6653,#6665,#6682,#6699,#6716,#6733,#6745,#6762,#6779,
    #6796,#6813,#6825,#6842,#6859,#6876,#6893,#6905,#6922,#6939,#6956,
    #6973,#6985,#7002,#7019,#7036,#7053,#7065,#7082,#7099,#7148,#7172,
    #7214,#7231,#7248,#7265,#7314,#7338,#7380,#7397,#7414,#7431,#7480,
    #7504,#7546,#7563,#7580,#7597,#7646,#7670,#7712,#7729,#7746,#7763,
    #7812,#7836,#7878,#7895,#7912,#7929,#7978,#8002,#8044,#8061,#8078,
    #8095,#8144,#8168,#8210,#8227,#8244,#8261,#8310,#8334,#8376,#8393,
    #8410,#8427,#8476,#8500,#8542,#8559,#8576,#8593,#8642,#8666,#8708,
    #8725,#8742,#8759,#8808,#8832,#8874,#8891,#8908,#8925,#8974,#8998,
    #9040,#9057,#9074,#9091,#9103,#9120,#9137,#9149,#9166,#9183,#9195,
    #9212,#9229,#9241,#9258,#9275,#9287,#9304,#9321,#9333,#9350,#9367,
    #9379,#9396,#9413,#9425,#9442,#9459,#9471,#9488,#9505,#9517,#9534,
    #9551,#9563,#9580,#9597));
#17 = ADVANCED_FACE('',(#18),#52,.F.);
#18 = FACE_BOUND('',#19,.F.);
#19 = EDGE_LOOP('',(#20,#30,#38,#46));
#20 = ORIENTED_EDGE('',*,*,#21,.T.);
#21 = EDGE_CURVE('',#22,#24,#26,.T.);
#22 = VERTEX_POINT('',#23);
#23 = CARTESIAN_POINT('',(-6.35,-16.51,0.));
#24 = VERTEX_POINT('',#25);
#25 = CARTESIAN_POINT('',(-6.35,-16.51,8.5));
#26 = LINE('',#27,#28);
#27 = CARTESIAN_POINT('',(-6.35,-16.51,0.));
#28 = VECTOR('',#29,1.);
#29 = DIRECTION('',(0.,0.,1.));
#30 = ORIENTED_EDGE('',*,*,#31,.T.);
#31 = EDGE_CURVE('',#24,#32,#34,.T.);
#32 = VERTEX_POINT('',#33);
#33 = CARTESIAN_POINT('',(-6.35,13.97,8.5));
#34 = LINE('',#35,#36);
#35 = CARTESIAN_POINT('',(-6.35,-16.51,8.5));
#36 = VECTOR('',#37,1.);
#37 = DIRECTION('',(1.110223024625E-16,1.,0.));
#38 = ORIENTED_EDGE('',*,*,#39,.F.);
#39 = EDGE_CURVE('',#40,#32,#42,.T.);
#40 = VERTEX_POINT('',#41);
#41 = CARTESIAN_POINT('',(-6.35,13.97,0.));
#42 = LINE('',#43,#44);
#43 = CARTESIAN_POINT('',(-6.35,13.97,0.));
#44 = VECTOR('',#45,1.);
#45 = DIRECTION('',(0.,0.,1.));
#46 = ORIENTED_EDGE('',*,*,#47,.F.);
#47 = EDGE_CURVE('',#22,#40,#48,.T.);
#48 = LINE('',#49,#50);
#49 = CARTESIAN_POINT('',(-6.35,-16.51,0.));
#50 = VECTOR('',#51,1.);
#51 = DIRECTION('',(1.110223024625E-16,1.,0.));
#52 = PLANE('',#53);
#53 = AXIS2_PLACEMENT_3D('',#54,#55,#56);
#54 = CARTESIAN_POINT('',(-6.35,-16.51,0.));
#55 = DIRECTION('',(-1.,1.110223024625E-16,0.));
#56 = DIRECTION('',(1.110223024625E-16,1.,0.));
#57 = ADVANCED_FACE('',(#58),#115,.F.);
#58 = FACE_BOUND('',#59,.F.);
#59 = EDGE_LOOP('',(#60,#70,#78,#84,#85,#93,#101,#109));
#60 = ORIENTED_EDGE('',*,*,#61,.F.);
#61 = EDGE_CURVE('',#62,#64,#66,.T.);
#62 = VERTEX_POINT('',#63);
#63 = CARTESIAN_POINT('',(-8.89,-16.51,0.));
#64 = VERTEX_POINT('',#65);
#65 = CARTESIAN_POINT('',(-8.466666666667,-16.51,0.));
#66 = LINE('',#67,#68);
#67 = CARTESIAN_POINT('',(-8.89,-16.51,0.));
#68 = VECTOR('',#69,1.);
#69 = DIRECTION('',(1.,-1.110223024625E-16,0.));
#70 = ORIENTED_EDGE('',*,*,#71,.T.);
#71 = EDGE_CURVE('',#62,#72,#74,.T.);
#72 = VERTEX_POINT('',#73);
#73 = CARTESIAN_POINT('',(-8.89,-16.51,8.5));
#74 = LINE('',#75,#76);
#75 = CARTESIAN_POINT('',(-8.89,-16.51,0.));
#76 = VECTOR('',#77,1.);
#77 = DIRECTION('',(0.,0.,1.));
#78 = ORIENTED_EDGE('',*,*,#79,.T.);
#79 = EDGE_CURVE('',#72,#24,#80,.T.);
#80 = LINE('',#81,#82);
#81 = CARTESIAN_POINT('',(-8.89,-16.51,8.5));
#82 = VECTOR('',#83,1.);
#83 = DIRECTION('',(1.,-1.110223024625E-16,0.));
#84 = ORIENTED_EDGE('',*,*,#21,.F.);
#85 = ORIENTED_EDGE('',*,*,#86,.F.);
#86 = EDGE_CURVE('',#87,#22,#89,.T.);
#87 = VERTEX_POINT('',#88);
#88 = CARTESIAN_POINT('',(-6.773333333333,-16.51,0.));
#89 = LINE('',#90,#91);
#90 = CARTESIAN_POINT('',(-8.89,-16.51,0.));
#91 = VECTOR('',#92,1.);
#92 = DIRECTION('',(1.,-1.110223024625E-16,0.));
#93 = ORIENTED_EDGE('',*,*,#94,.T.);
#94 = EDGE_CURVE('',#87,#95,#97,.T.);
#95 = VERTEX_POINT('',#96);
#96 = CARTESIAN_POINT('',(-6.773333333333,-16.51,0.2));
#97 = LINE('',#98,#99);
#98 = CARTESIAN_POINT('',(-6.773333333333,-16.51,0.));
#99 = VECTOR('',#100,1.);
#100 = DIRECTION('',(0.,0.,1.));
#101 = ORIENTED_EDGE('',*,*,#102,.F.);
#102 = EDGE_CURVE('',#103,#95,#105,.T.);
#103 = VERTEX_POINT('',#104);
#104 = CARTESIAN_POINT('',(-8.466666666667,-16.51,0.2));
#105 = LINE('',#106,#107);
#106 = CARTESIAN_POINT('',(-8.466666666667,-16.51,0.2));
#107 = VECTOR('',#108,1.);
#108 = DIRECTION('',(1.,-1.110223024625E-16,0.));
#109 = ORIENTED_EDGE('',*,*,#110,.F.);
#110 = EDGE_CURVE('',#64,#103,#111,.T.);
#111 = LINE('',#112,#113);
#112 = CARTESIAN_POINT('',(-8.466666666667,-16.51,0.));
#113 = VECTOR('',#114,1.);
#114 = DIRECTION('',(0.,0.,1.));
#115 = PLANE('',#116);
#116 = AXIS2_PLACEMENT_3D('',#117,#118,#119);
#117 = CARTESIAN_POINT('',(-8.89,-16.51,0.));
#118 = DIRECTION('',(1.110223024625E-16,1.,0.));
#119 = DIRECTION('',(1.,-1.110223024625E-16,0.));
#120 = ADVANCED_FACE('',(#121),#178,.F.);
#121 = FACE_BOUND('',#122,.F.);
#122 = EDGE_LOOP('',(#123,#131,#132,#140,#148,#156,#164,#172));
#123 = ORIENTED_EDGE('',*,*,#124,.F.);
#124 = EDGE_CURVE('',#40,#125,#127,.T.);
#125 = VERTEX_POINT('',#126);
#126 = CARTESIAN_POINT('',(-6.773333333333,13.97,0.));
#127 = LINE('',#128,#129);
#128 = CARTESIAN_POINT('',(-6.35,13.97,0.));
#129 = VECTOR('',#130,1.);
#130 = DIRECTION('',(-1.,1.110223024625E-16,0.));
#131 = ORIENTED_EDGE('',*,*,#39,.T.);
#132 = ORIENTED_EDGE('',*,*,#133,.T.);
#133 = EDGE_CURVE('',#32,#134,#136,.T.);
#134 = VERTEX_POINT('',#135);
#135 = CARTESIAN_POINT('',(-8.89,13.97,8.5));
#136 = LINE('',#137,#138);
#137 = CARTESIAN_POINT('',(-6.35,13.97,8.5));
#138 = VECTOR('',#139,1.);
#139 = DIRECTION('',(-1.,1.110223024625E-16,0.));
#140 = ORIENTED_EDGE('',*,*,#141,.F.);
#141 = EDGE_CURVE('',#142,#134,#144,.T.);
#142 = VERTEX_POINT('',#143);
#143 = CARTESIAN_POINT('',(-8.89,13.97,0.));
#144 = LINE('',#145,#146);
#145 = CARTESIAN_POINT('',(-8.89,13.97,0.));
#146 = VECTOR('',#147,1.);
#147 = DIRECTION('',(0.,0.,1.));
#148 = ORIENTED_EDGE('',*,*,#149,.F.);
#149 = EDGE_CURVE('',#150,#142,#152,.T.);
#150 = VERTEX_POINT('',#151);
#151 = CARTESIAN_POINT('',(-8.466666666667,13.97,0.));
#152 = LINE('',#153,#154);
#153 = CARTESIAN_POINT('',(-6.35,13.97,0.));
#154 = VECTOR('',#155,1.);
#155 = DIRECTION('',(-1.,1.110223024625E-16,0.));
#156 = ORIENTED_EDGE('',*,*,#157,.T.);
#157 = EDGE_CURVE('',#150,#158,#160,.T.);
#158 = VERTEX_POINT('',#159);
#159 = CARTESIAN_POINT('',(-8.466666666667,13.97,0.2));
#160 = LINE('',#161,#162);
#161 = CARTESIAN_POINT('',(-8.466666666667,13.97,0.));
#162 = VECTOR('',#163,1.);
#163 = DIRECTION('',(0.,0.,1.));
#164 = ORIENTED_EDGE('',*,*,#165,.F.);
#165 = EDGE_CURVE('',#166,#158,#168,.T.);
#166 = VERTEX_POINT('',#167);
#167 = CARTESIAN_POINT('',(-6.773333333333,13.97,0.2));
#168 = LINE('',#169,#170);
#169 = CARTESIAN_POINT('',(-6.773333333333,13.97,0.2));
#170 = VECTOR('',#171,1.);
#171 = DIRECTION('',(-1.,1.110223024625E-16,0.));
#172 = ORIENTED_EDGE('',*,*,#173,.F.);
#173 = EDGE_CURVE('',#125,#166,#174,.T.);
#174 = LINE('',#175,#176);
#175 = CARTESIAN_POINT('',(-6.773333333333,13.97,0.));
#176 = VECTOR('',#177,1.);
#177 = DIRECTION('',(0.,0.,1.));
#178 = PLANE('',#179);
#179 = AXIS2_PLACEMENT_3D('',#180,#181,#182);
#180 = CARTESIAN_POINT('',(-6.35,13.97,0.));
#181 = DIRECTION('',(-1.110223024625E-16,-1.,0.));
#182 = DIRECTION('',(-1.,1.110223024625E-16,0.));
#183 = ADVANCED_FACE('',(#184),#195,.F.);
#184 = FACE_BOUND('',#185,.F.);
#185 = EDGE_LOOP('',(#186,#187,#188,#189));
#186 = ORIENTED_EDGE('',*,*,#86,.T.);
#187 = ORIENTED_EDGE('',*,*,#47,.T.);
#188 = ORIENTED_EDGE('',*,*,#124,.T.);
#189 = ORIENTED_EDGE('',*,*,#190,.F.);
#190 = EDGE_CURVE('',#87,#125,#191,.T.);
#191 = LINE('',#192,#193);
#192 = CARTESIAN_POINT('',(-6.773333333333,-16.51,0.));
#193 = VECTOR('',#194,1.);
#194 = DIRECTION('',(1.110223024625E-16,1.,0.));
#195 = PLANE('',#196);
#196 = AXIS2_PLACEMENT_3D('',#197,#198,#199);
#197 = CARTESIAN_POINT('',(-7.62,-1.27,0.));
#198 = DIRECTION('',(0.,0.,1.));
#199 = DIRECTION('',(1.110223024625E-16,1.,-0.));
#200 = ADVANCED_FACE('',(#201,#212,#246,#280,#314,#348,#382,#416,#450,
    #484,#518,#552,#586),#620,.T.);
#201 = FACE_BOUND('',#202,.T.);
#202 = EDGE_LOOP('',(#203,#204,#205,#211));
#203 = ORIENTED_EDGE('',*,*,#31,.T.);
#204 = ORIENTED_EDGE('',*,*,#133,.T.);
#205 = ORIENTED_EDGE('',*,*,#206,.T.);
#206 = EDGE_CURVE('',#134,#72,#207,.T.);
#207 = LINE('',#208,#209);
#208 = CARTESIAN_POINT('',(-8.89,13.97,8.5));
#209 = VECTOR('',#210,1.);
#210 = DIRECTION('',(-1.110223024625E-16,-1.,0.));
#211 = ORIENTED_EDGE('',*,*,#79,.T.);
#212 = FACE_BOUND('',#213,.T.);
#213 = EDGE_LOOP('',(#214,#224,#232,#240));
#214 = ORIENTED_EDGE('',*,*,#215,.F.);
#215 = EDGE_CURVE('',#216,#218,#220,.T.);
#216 = VERTEX_POINT('',#217);
#217 = CARTESIAN_POINT('',(-7.02,-15.84,8.5));
#218 = VERTEX_POINT('',#219);
#219 = CARTESIAN_POINT('',(-7.02,-14.64,8.5));
#220 = LINE('',#221,#222);
#221 = CARTESIAN_POINT('',(-7.02,-15.84,8.5));
#222 = VECTOR('',#223,1.);
#223 = DIRECTION('',(1.110223024625E-16,1.,0.));
#224 = ORIENTED_EDGE('',*,*,#225,.F.);
#225 = EDGE_CURVE('',#226,#216,#228,.T.);
#226 = VERTEX_POINT('',#227);
#227 = CARTESIAN_POINT('',(-8.22,-15.84,8.5));
#228 = LINE('',#229,#230);
#229 = CARTESIAN_POINT('',(-8.22,-15.84,8.5));
#230 = VECTOR('',#231,1.);
#231 = DIRECTION('',(1.,-1.110223024625E-16,0.));
#232 = ORIENTED_EDGE('',*,*,#233,.F.);
#233 = EDGE_CURVE('',#234,#226,#236,.T.);
#234 = VERTEX_POINT('',#235);
#235 = CARTESIAN_POINT('',(-8.22,-14.64,8.5));
#236 = LINE('',#237,#238);
#237 = CARTESIAN_POINT('',(-8.22,-14.64,8.5));
#238 = VECTOR('',#239,1.);
#239 = DIRECTION('',(-1.110223024625E-16,-1.,0.));
#240 = ORIENTED_EDGE('',*,*,#241,.F.);
#241 = EDGE_CURVE('',#218,#234,#242,.T.);
#242 = LINE('',#243,#244);
#243 = CARTESIAN_POINT('',(-7.02,-14.64,8.5));
#244 = VECTOR('',#245,1.);
#245 = DIRECTION('',(-1.,1.110223024625E-16,0.));
#246 = FACE_BOUND('',#247,.T.);
#247 = EDGE_LOOP('',(#248,#258,#266,#274));
#248 = ORIENTED_EDGE('',*,*,#249,.F.);
#249 = EDGE_CURVE('',#250,#252,#254,.T.);
#250 = VERTEX_POINT('',#251);
#251 = CARTESIAN_POINT('',(-7.02,-13.3,8.5));
#252 = VERTEX_POINT('',#253);
#253 = CARTESIAN_POINT('',(-7.02,-12.1,8.5));
#254 = LINE('',#255,#256);
#255 = CARTESIAN_POINT('',(-7.02,-13.3,8.5));
#256 = VECTOR('',#257,1.);
#257 = DIRECTION('',(1.110223024625E-16,1.,0.));
#258 = ORIENTED_EDGE('',*,*,#259,.F.);
#259 = EDGE_CURVE('',#260,#250,#262,.T.);
#260 = VERTEX_POINT('',#261);
#261 = CARTESIAN_POINT('',(-8.22,-13.3,8.5));
#262 = LINE('',#263,#264);
#263 = CARTESIAN_POINT('',(-8.22,-13.3,8.5));
#264 = VECTOR('',#265,1.);
#265 = DIRECTION('',(1.,-1.110223024625E-16,0.));
#266 = ORIENTED_EDGE('',*,*,#267,.F.);
#267 = EDGE_CURVE('',#268,#260,#270,.T.);
#268 = VERTEX_POINT('',#269);
#269 = CARTESIAN_POINT('',(-8.22,-12.1,8.5));
#270 = LINE('',#271,#272);
#271 = CARTESIAN_POINT('',(-8.22,-12.1,8.5));
#272 = VECTOR('',#273,1.);
#273 = DIRECTION('',(-1.110223024625E-16,-1.,0.));
#274 = ORIENTED_EDGE('',*,*,#275,.F.);
#275 = EDGE_CURVE('',#252,#268,#276,.T.);
#276 = LINE('',#277,#278);
#277 = CARTESIAN_POINT('',(-7.02,-12.1,8.5));
#278 = VECTOR('',#279,1.);
#279 = DIRECTION('',(-1.,1.110223024625E-16,0.));
#280 = FACE_BOUND('',#281,.T.);
#281 = EDGE_LOOP('',(#282,#292,#300,#308));
#282 = ORIENTED_EDGE('',*,*,#283,.F.);
#283 = EDGE_CURVE('',#284,#286,#288,.T.);
#284 = VERTEX_POINT('',#285);
#285 = CARTESIAN_POINT('',(-7.02,-10.76,8.5));
#286 = VERTEX_POINT('',#287);
#287 = CARTESIAN_POINT('',(-7.02,-9.56,8.5));
#288 = LINE('',#289,#290);
#289 = CARTESIAN_POINT('',(-7.02,-10.76,8.5));
#290 = VECTOR('',#291,1.);
#291 = DIRECTION('',(1.110223024625E-16,1.,0.));
#292 = ORIENTED_EDGE('',*,*,#293,.F.);
#293 = EDGE_CURVE('',#294,#284,#296,.T.);
#294 = VERTEX_POINT('',#295);
#295 = CARTESIAN_POINT('',(-8.22,-10.76,8.5));
#296 = LINE('',#297,#298);
#297 = CARTESIAN_POINT('',(-8.22,-10.76,8.5));
#298 = VECTOR('',#299,1.);
#299 = DIRECTION('',(1.,-1.110223024625E-16,0.));
#300 = ORIENTED_EDGE('',*,*,#301,.F.);
#301 = EDGE_CURVE('',#302,#294,#304,.T.);
#302 = VERTEX_POINT('',#303);
#303 = CARTESIAN_POINT('',(-8.22,-9.56,8.5));
#304 = LINE('',#305,#306);
#305 = CARTESIAN_POINT('',(-8.22,-9.56,8.5));
#306 = VECTOR('',#307,1.);
#307 = DIRECTION('',(-1.110223024625E-16,-1.,0.));
#308 = ORIENTED_EDGE('',*,*,#309,.F.);
#309 = EDGE_CURVE('',#286,#302,#310,.T.);
#310 = LINE('',#311,#312);
#311 = CARTESIAN_POINT('',(-7.02,-9.56,8.5));
#312 = VECTOR('',#313,1.);
#313 = DIRECTION('',(-1.,1.110223024625E-16,0.));
#314 = FACE_BOUND('',#315,.T.);
#315 = EDGE_LOOP('',(#316,#326,#334,#342));
#316 = ORIENTED_EDGE('',*,*,#317,.F.);
#317 = EDGE_CURVE('',#318,#320,#322,.T.);
#318 = VERTEX_POINT('',#319);
#319 = CARTESIAN_POINT('',(-7.02,-8.22,8.5));
#320 = VERTEX_POINT('',#321);
#321 = CARTESIAN_POINT('',(-7.02,-7.02,8.5));
#322 = LINE('',#323,#324);
#323 = CARTESIAN_POINT('',(-7.02,-8.22,8.5));
#324 = VECTOR('',#325,1.);
#325 = DIRECTION('',(1.110223024625E-16,1.,0.));
#326 = ORIENTED_EDGE('',*,*,#327,.F.);
#327 = EDGE_CURVE('',#328,#318,#330,.T.);
#328 = VERTEX_POINT('',#329);
#329 = CARTESIAN_POINT('',(-8.22,-8.22,8.5));
#330 = LINE('',#331,#332);
#331 = CARTESIAN_POINT('',(-8.22,-8.22,8.5));
#332 = VECTOR('',#333,1.);
#333 = DIRECTION('',(1.,-1.110223024625E-16,0.));
#334 = ORIENTED_EDGE('',*,*,#335,.F.);
#335 = EDGE_CURVE('',#336,#328,#338,.T.);
#336 = VERTEX_POINT('',#337);
#337 = CARTESIAN_POINT('',(-8.22,-7.02,8.5));
#338 = LINE('',#339,#340);
#339 = CARTESIAN_POINT('',(-8.22,-7.02,8.5));
#340 = VECTOR('',#341,1.);
#341 = DIRECTION('',(-1.110223024625E-16,-1.,0.));
#342 = ORIENTED_EDGE('',*,*,#343,.F.);
#343 = EDGE_CURVE('',#320,#336,#344,.T.);
#344 = LINE('',#345,#346);
#345 = CARTESIAN_POINT('',(-7.02,-7.02,8.5));
#346 = VECTOR('',#347,1.);
#347 = DIRECTION('',(-1.,1.110223024625E-16,0.));
#348 = FACE_BOUND('',#349,.T.);
#349 = EDGE_LOOP('',(#350,#360,#368,#376));
#350 = ORIENTED_EDGE('',*,*,#351,.F.);
#351 = EDGE_CURVE('',#352,#354,#356,.T.);
#352 = VERTEX_POINT('',#353);
#353 = CARTESIAN_POINT('',(-7.02,-5.68,8.5));
#354 = VERTEX_POINT('',#355);
#355 = CARTESIAN_POINT('',(-7.02,-4.48,8.5));
#356 = LINE('',#357,#358);
#357 = CARTESIAN_POINT('',(-7.02,-5.68,8.5));
#358 = VECTOR('',#359,1.);
#359 = DIRECTION('',(1.110223024625E-16,1.,0.));
#360 = ORIENTED_EDGE('',*,*,#361,.F.);
#361 = EDGE_CURVE('',#362,#352,#364,.T.);
#362 = VERTEX_POINT('',#363);
#363 = CARTESIAN_POINT('',(-8.22,-5.68,8.5));
#364 = LINE('',#365,#366);
#365 = CARTESIAN_POINT('',(-8.22,-5.68,8.5));
#366 = VECTOR('',#367,1.);
#367 = DIRECTION('',(1.,-1.110223024625E-16,0.));
#368 = ORIENTED_EDGE('',*,*,#369,.F.);
#369 = EDGE_CURVE('',#370,#362,#372,.T.);
#370 = VERTEX_POINT('',#371);
#371 = CARTESIAN_POINT('',(-8.22,-4.48,8.5));
#372 = LINE('',#373,#374);
#373 = CARTESIAN_POINT('',(-8.22,-4.48,8.5));
#374 = VECTOR('',#375,1.);
#375 = DIRECTION('',(-1.110223024625E-16,-1.,0.));
#376 = ORIENTED_EDGE('',*,*,#377,.F.);
#377 = EDGE_CURVE('',#354,#370,#378,.T.);
#378 = LINE('',#379,#380);
#379 = CARTESIAN_POINT('',(-7.02,-4.48,8.5));
#380 = VECTOR('',#381,1.);
#381 = DIRECTION('',(-1.,1.110223024625E-16,0.));
#382 = FACE_BOUND('',#383,.T.);
#383 = EDGE_LOOP('',(#384,#394,#402,#410));
#384 = ORIENTED_EDGE('',*,*,#385,.F.);
#385 = EDGE_CURVE('',#386,#388,#390,.T.);
#386 = VERTEX_POINT('',#387);
#387 = CARTESIAN_POINT('',(-7.02,-3.14,8.5));
#388 = VERTEX_POINT('',#389);
#389 = CARTESIAN_POINT('',(-7.02,-1.94,8.5));
#390 = LINE('',#391,#392);
#391 = CARTESIAN_POINT('',(-7.02,-3.14,8.5));
#392 = VECTOR('',#393,1.);
#393 = DIRECTION('',(1.110223024625E-16,1.,0.));
#394 = ORIENTED_EDGE('',*,*,#395,.F.);
#395 = EDGE_CURVE('',#396,#386,#398,.T.);
#396 = VERTEX_POINT('',#397);
#397 = CARTESIAN_POINT('',(-8.22,-3.14,8.5));
#398 = LINE('',#399,#400);
#399 = CARTESIAN_POINT('',(-8.22,-3.14,8.5));
#400 = VECTOR('',#401,1.);
#401 = DIRECTION('',(1.,-1.110223024625E-16,0.));
#402 = ORIENTED_EDGE('',*,*,#403,.F.);
#403 = EDGE_CURVE('',#404,#396,#406,.T.);
#404 = VERTEX_POINT('',#405);
#405 = CARTESIAN_POINT('',(-8.22,-1.94,8.5));
#406 = LINE('',#407,#408);
#407 = CARTESIAN_POINT('',(-8.22,-1.94,8.5));
#408 = VECTOR('',#409,1.);
#409 = DIRECTION('',(-1.110223024625E-16,-1.,0.));
#410 = ORIENTED_EDGE('',*,*,#411,.F.);
#411 = EDGE_CURVE('',#388,#404,#412,.T.);
#412 = LINE('',#413,#414);
#413 = CARTESIAN_POINT('',(-7.02,-1.94,8.5));
#414 = VECTOR('',#415,1.);
#415 = DIRECTION('',(-1.,1.110223024625E-16,0.));
#416 = FACE_BOUND('',#417,.T.);
#417 = EDGE_LOOP('',(#418,#428,#436,#444));
#418 = ORIENTED_EDGE('',*,*,#419,.F.);
#419 = EDGE_CURVE('',#420,#422,#424,.T.);
#420 = VERTEX_POINT('',#421);
#421 = CARTESIAN_POINT('',(-7.02,-0.6,8.5));
#422 = VERTEX_POINT('',#423);
#423 = CARTESIAN_POINT('',(-7.02,0.6,8.5));
#424 = LINE('',#425,#426);
#425 = CARTESIAN_POINT('',(-7.02,-0.6,8.5));
#426 = VECTOR('',#427,1.);
#427 = DIRECTION('',(1.110223024625E-16,1.,0.));
#428 = ORIENTED_EDGE('',*,*,#429,.F.);
#429 = EDGE_CURVE('',#430,#420,#432,.T.);
#430 = VERTEX_POINT('',#431);
#431 = CARTESIAN_POINT('',(-8.22,-0.6,8.5));
#432 = LINE('',#433,#434);
#433 = CARTESIAN_POINT('',(-8.22,-0.6,8.5));
#434 = VECTOR('',#435,1.);
#435 = DIRECTION('',(1.,-1.110223024625E-16,0.));
#436 = ORIENTED_EDGE('',*,*,#437,.F.);
#437 = EDGE_CURVE('',#438,#430,#440,.T.);
#438 = VERTEX_POINT('',#439);
#439 = CARTESIAN_POINT('',(-8.22,0.6,8.5));
#440 = LINE('',#441,#442);
#441 = CARTESIAN_POINT('',(-8.22,0.6,8.5));
#442 = VECTOR('',#443,1.);
#443 = DIRECTION('',(-1.110223024625E-16,-1.,0.));
#444 = ORIENTED_EDGE('',*,*,#445,.F.);
#445 = EDGE_CURVE('',#422,#438,#446,.T.);
#446 = LINE('',#447,#448);
#447 = CARTESIAN_POINT('',(-7.02,0.6,8.5));
#448 = VECTOR('',#449,1.);
#449 = DIRECTION('',(-1.,1.110223024625E-16,0.));
#450 = FACE_BOUND('',#451,.T.);
#451 = EDGE_LOOP('',(#452,#462,#470,#478));
#452 = ORIENTED_EDGE('',*,*,#453,.F.);
#453 = EDGE_CURVE('',#454,#456,#458,.T.);
#454 = VERTEX_POINT('',#455);
#455 = CARTESIAN_POINT('',(-7.02,1.94,8.5));
#456 = VERTEX_POINT('',#457);
#457 = CARTESIAN_POINT('',(-7.02,3.14,8.5));
#458 = LINE('',#459,#460);
#459 = CARTESIAN_POINT('',(-7.02,1.94,8.5));
#460 = VECTOR('',#461,1.);
#461 = DIRECTION('',(1.110223024625E-16,1.,0.));
#462 = ORIENTED_EDGE('',*,*,#463,.F.);
#463 = EDGE_CURVE('',#464,#454,#466,.T.);
#464 = VERTEX_POINT('',#465);
#465 = CARTESIAN_POINT('',(-8.22,1.94,8.5));
#466 = LINE('',#467,#468);
#467 = CARTESIAN_POINT('',(-8.22,1.94,8.5));
#468 = VECTOR('',#469,1.);
#469 = DIRECTION('',(1.,-1.110223024625E-16,0.));
#470 = ORIENTED_EDGE('',*,*,#471,.F.);
#471 = EDGE_CURVE('',#472,#464,#474,.T.);
#472 = VERTEX_POINT('',#473);
#473 = CARTESIAN_POINT('',(-8.22,3.14,8.5));
#474 = LINE('',#475,#476);
#475 = CARTESIAN_POINT('',(-8.22,3.14,8.5));
#476 = VECTOR('',#477,1.);
#477 = DIRECTION('',(-1.110223024625E-16,-1.,0.));
#478 = ORIENTED_EDGE('',*,*,#479,.F.);
#479 = EDGE_CURVE('',#456,#472,#480,.T.);
#480 = LINE('',#481,#482);
#481 = CARTESIAN_POINT('',(-7.02,3.14,8.5));
#482 = VECTOR('',#483,1.);
#483 = DIRECTION('',(-1.,1.110223024625E-16,0.));
#484 = FACE_BOUND('',#485,.T.);
#485 = EDGE_LOOP('',(#486,#496,#504,#512));
#486 = ORIENTED_EDGE('',*,*,#487,.F.);
#487 = EDGE_CURVE('',#488,#490,#492,.T.);
#488 = VERTEX_POINT('',#489);
#489 = CARTESIAN_POINT('',(-7.02,4.48,8.5));
#490 = VERTEX_POINT('',#491);
#491 = CARTESIAN_POINT('',(-7.02,5.68,8.5));
#492 = LINE('',#493,#494);
#493 = CARTESIAN_POINT('',(-7.02,4.48,8.5));
#494 = VECTOR('',#495,1.);
#495 = DIRECTION('',(1.110223024625E-16,1.,0.));
#496 = ORIENTED_EDGE('',*,*,#497,.F.);
#497 = EDGE_CURVE('',#498,#488,#500,.T.);
#498 = VERTEX_POINT('',#499);
#499 = CARTESIAN_POINT('',(-8.22,4.48,8.5));
#500 = LINE('',#501,#502);
#501 = CARTESIAN_POINT('',(-8.22,4.48,8.5));
#502 = VECTOR('',#503,1.);
#503 = DIRECTION('',(1.,-1.110223024625E-16,0.));
#504 = ORIENTED_EDGE('',*,*,#505,.F.);
#505 = EDGE_CURVE('',#506,#498,#508,.T.);
#506 = VERTEX_POINT('',#507);
#507 = CARTESIAN_POINT('',(-8.22,5.68,8.5));
#508 = LINE('',#509,#510);
#509 = CARTESIAN_POINT('',(-8.22,5.68,8.5));
#510 = VECTOR('',#511,1.);
#511 = DIRECTION('',(-1.110223024625E-16,-1.,0.));
#512 = ORIENTED_EDGE('',*,*,#513,.F.);
#513 = EDGE_CURVE('',#490,#506,#514,.T.);
#514 = LINE('',#515,#516);
#515 = CARTESIAN_POINT('',(-7.02,5.68,8.5));
#516 = VECTOR('',#517,1.);
#517 = DIRECTION('',(-1.,1.110223024625E-16,0.));
#518 = FACE_BOUND('',#519,.T.);
#519 = EDGE_LOOP('',(#520,#530,#538,#546));
#520 = ORIENTED_EDGE('',*,*,#521,.F.);
#521 = EDGE_CURVE('',#522,#524,#526,.T.);
#522 = VERTEX_POINT('',#523);
#523 = CARTESIAN_POINT('',(-7.02,7.02,8.5));
#524 = VERTEX_POINT('',#525);
#525 = CARTESIAN_POINT('',(-7.02,8.22,8.5));
#526 = LINE('',#527,#528);
#527 = CARTESIAN_POINT('',(-7.02,7.02,8.5));
#528 = VECTOR('',#529,1.);
#529 = DIRECTION('',(1.110223024625E-16,1.,0.));
#530 = ORIENTED_EDGE('',*,*,#531,.F.);
#531 = EDGE_CURVE('',#532,#522,#534,.T.);
#532 = VERTEX_POINT('',#533);
#533 = CARTESIAN_POINT('',(-8.22,7.02,8.5));
#534 = LINE('',#535,#536);
#535 = CARTESIAN_POINT('',(-8.22,7.02,8.5));
#536 = VECTOR('',#537,1.);
#537 = DIRECTION('',(1.,-1.110223024625E-16,0.));
#538 = ORIENTED_EDGE('',*,*,#539,.F.);
#539 = EDGE_CURVE('',#540,#532,#542,.T.);
#540 = VERTEX_POINT('',#541);
#541 = CARTESIAN_POINT('',(-8.22,8.22,8.5));
#542 = LINE('',#543,#544);
#543 = CARTESIAN_POINT('',(-8.22,8.22,8.5));
#544 = VECTOR('',#545,1.);
#545 = DIRECTION('',(-1.110223024625E-16,-1.,0.));
#546 = ORIENTED_EDGE('',*,*,#547,.F.);
#547 = EDGE_CURVE('',#524,#540,#548,.T.);
#548 = LINE('',#549,#550);
#549 = CARTESIAN_POINT('',(-7.02,8.22,8.5));
#550 = VECTOR('',#551,1.);
#551 = DIRECTION('',(-1.,1.110223024625E-16,0.));
#552 = FACE_BOUND('',#553,.T.);
#553 = EDGE_LOOP('',(#554,#564,#572,#580));
#554 = ORIENTED_EDGE('',*,*,#555,.F.);
#555 = EDGE_CURVE('',#556,#558,#560,.T.);
#556 = VERTEX_POINT('',#557);
#557 = CARTESIAN_POINT('',(-7.02,9.56,8.5));
#558 = VERTEX_POINT('',#559);
#559 = CARTESIAN_POINT('',(-7.02,10.76,8.5));
#560 = LINE('',#561,#562);
#561 = CARTESIAN_POINT('',(-7.02,9.56,8.5));
#562 = VECTOR('',#563,1.);
#563 = DIRECTION('',(1.110223024625E-16,1.,0.));
#564 = ORIENTED_EDGE('',*,*,#565,.F.);
#565 = EDGE_CURVE('',#566,#556,#568,.T.);
#566 = VERTEX_POINT('',#567);
#567 = CARTESIAN_POINT('',(-8.22,9.56,8.5));
#568 = LINE('',#569,#570);
#569 = CARTESIAN_POINT('',(-8.22,9.56,8.5));
#570 = VECTOR('',#571,1.);
#571 = DIRECTION('',(1.,-1.110223024625E-16,0.));
#572 = ORIENTED_EDGE('',*,*,#573,.F.);
#573 = EDGE_CURVE('',#574,#566,#576,.T.);
#574 = VERTEX_POINT('',#575);
#575 = CARTESIAN_POINT('',(-8.22,10.76,8.5));
#576 = LINE('',#577,#578);
#577 = CARTESIAN_POINT('',(-8.22,10.76,8.5));
#578 = VECTOR('',#579,1.);
#579 = DIRECTION('',(-1.110223024625E-16,-1.,0.));
#580 = ORIENTED_EDGE('',*,*,#581,.F.);
#581 = EDGE_CURVE('',#558,#574,#582,.T.);
#582 = LINE('',#583,#584);
#583 = CARTESIAN_POINT('',(-7.02,10.76,8.5));
#584 = VECTOR('',#585,1.);
#585 = DIRECTION('',(-1.,1.110223024625E-16,0.));
#586 = FACE_BOUND('',#587,.T.);
#587 = EDGE_LOOP('',(#588,#598,#606,#614));
#588 = ORIENTED_EDGE('',*,*,#589,.F.);
#589 = EDGE_CURVE('',#590,#592,#594,.T.);
#590 = VERTEX_POINT('',#591);
#591 = CARTESIAN_POINT('',(-7.02,12.1,8.5));
#592 = VERTEX_POINT('',#593);
#593 = CARTESIAN_POINT('',(-7.02,13.3,8.5));
#594 = LINE('',#595,#596);
#595 = CARTESIAN_POINT('',(-7.02,12.1,8.5));
#596 = VECTOR('',#597,1.);
#597 = DIRECTION('',(1.110223024625E-16,1.,0.));
#598 = ORIENTED_EDGE('',*,*,#599,.F.);
#599 = EDGE_CURVE('',#600,#590,#602,.T.);
#600 = VERTEX_POINT('',#601);
#601 = CARTESIAN_POINT('',(-8.22,12.1,8.5));
#602 = LINE('',#603,#604);
#603 = CARTESIAN_POINT('',(-8.22,12.1,8.5));
#604 = VECTOR('',#605,1.);
#605 = DIRECTION('',(1.,-1.110223024625E-16,0.));
#606 = ORIENTED_EDGE('',*,*,#607,.F.);
#607 = EDGE_CURVE('',#608,#600,#610,.T.);
#608 = VERTEX_POINT('',#609);
#609 = CARTESIAN_POINT('',(-8.22,13.3,8.5));
#610 = LINE('',#611,#612);
#611 = CARTESIAN_POINT('',(-8.22,13.3,8.5));
#612 = VECTOR('',#613,1.);
#613 = DIRECTION('',(-1.110223024625E-16,-1.,0.));
#614 = ORIENTED_EDGE('',*,*,#615,.F.);
#615 = EDGE_CURVE('',#592,#608,#616,.T.);
#616 = LINE('',#617,#618);
#617 = CARTESIAN_POINT('',(-7.02,13.3,8.5));
#618 = VECTOR('',#619,1.);
#619 = DIRECTION('',(-1.,1.110223024625E-16,0.));
#620 = PLANE('',#621);
#621 = AXIS2_PLACEMENT_3D('',#622,#623,#624);
#622 = CARTESIAN_POINT('',(-7.62,-1.27,8.5));
#623 = DIRECTION('',(0.,0.,1.));
#624 = DIRECTION('',(1.110223024625E-16,1.,-0.));
#625 = ADVANCED_FACE('',(#626),#642,.F.);
#626 = FACE_BOUND('',#627,.F.);
#627 = EDGE_LOOP('',(#628,#629,#635,#636));
#628 = ORIENTED_EDGE('',*,*,#61,.T.);
#629 = ORIENTED_EDGE('',*,*,#630,.F.);
#630 = EDGE_CURVE('',#150,#64,#631,.T.);
#631 = LINE('',#632,#633);
#632 = CARTESIAN_POINT('',(-8.466666666667,13.97,0.));
#633 = VECTOR('',#634,1.);
#634 = DIRECTION('',(-1.110223024625E-16,-1.,0.));
#635 = ORIENTED_EDGE('',*,*,#149,.T.);
#636 = ORIENTED_EDGE('',*,*,#637,.T.);
#637 = EDGE_CURVE('',#142,#62,#638,.T.);
#638 = LINE('',#639,#640);
#639 = CARTESIAN_POINT('',(-8.89,13.97,0.));
#640 = VECTOR('',#641,1.);
#641 = DIRECTION('',(-1.110223024625E-16,-1.,0.));
#642 = PLANE('',#643);
#643 = AXIS2_PLACEMENT_3D('',#644,#645,#646);
#644 = CARTESIAN_POINT('',(-7.62,-1.27,0.));
#645 = DIRECTION('',(0.,0.,1.));
#646 = DIRECTION('',(1.110223024625E-16,1.,-0.));
#647 = ADVANCED_FACE('',(#648),#659,.T.);
#648 = FACE_BOUND('',#649,.T.);
#649 = EDGE_LOOP('',(#650,#651,#657,#658));
#650 = ORIENTED_EDGE('',*,*,#157,.T.);
#651 = ORIENTED_EDGE('',*,*,#652,.T.);
#652 = EDGE_CURVE('',#158,#103,#653,.T.);
#653 = LINE('',#654,#655);
#654 = CARTESIAN_POINT('',(-8.466666666667,13.97,0.2));
#655 = VECTOR('',#656,1.);
#656 = DIRECTION('',(-1.110223024625E-16,-1.,0.));
#657 = ORIENTED_EDGE('',*,*,#110,.F.);
#658 = ORIENTED_EDGE('',*,*,#630,.F.);
#659 = PLANE('',#660);
#660 = AXIS2_PLACEMENT_3D('',#661,#662,#663);
#661 = CARTESIAN_POINT('',(-8.466666666667,13.97,0.));
#662 = DIRECTION('',(1.,-1.110223024625E-16,0.));
#663 = DIRECTION('',(-1.110223024625E-16,-1.,0.));
#664 = ADVANCED_FACE('',(#665,#676,#742,#808,#874,#940,#1006,#1072,#1138
    ,#1204,#1270,#1336,#1402),#1468,.F.);
#665 = FACE_BOUND('',#666,.F.);
#666 = EDGE_LOOP('',(#667,#673,#674,#675));
#667 = ORIENTED_EDGE('',*,*,#668,.T.);
#668 = EDGE_CURVE('',#95,#166,#669,.T.);
#669 = LINE('',#670,#671);
#670 = CARTESIAN_POINT('',(-6.773333333333,-16.51,0.2));
#671 = VECTOR('',#672,1.);
#672 = DIRECTION('',(1.110223024625E-16,1.,0.));
#673 = ORIENTED_EDGE('',*,*,#165,.T.);
#674 = ORIENTED_EDGE('',*,*,#652,.T.);
#675 = ORIENTED_EDGE('',*,*,#102,.T.);
#676 = FACE_BOUND('',#677,.F.);
#677 = EDGE_LOOP('',(#678,#688,#696,#704,#712,#720,#728,#736));
#678 = ORIENTED_EDGE('',*,*,#679,.F.);
#679 = EDGE_CURVE('',#680,#682,#684,.T.);
#680 = VERTEX_POINT('',#681);
#681 = CARTESIAN_POINT('',(-7.72,-15.69,0.2));
#682 = VERTEX_POINT('',#683);
#683 = CARTESIAN_POINT('',(-7.52,-15.69,0.2));
#684 = LINE('',#685,#686);
#685 = CARTESIAN_POINT('',(-7.72,-15.69,0.2));
#686 = VECTOR('',#687,1.);
#687 = DIRECTION('',(1.,-1.110223024625E-16,0.));
#688 = ORIENTED_EDGE('',*,*,#689,.T.);
#689 = EDGE_CURVE('',#680,#690,#692,.T.);
#690 = VERTEX_POINT('',#691);
#691 = CARTESIAN_POINT('',(-7.72,-15.54,0.2));
#692 = LINE('',#693,#694);
#693 = CARTESIAN_POINT('',(-7.72,-15.69,0.2));
#694 = VECTOR('',#695,1.);
#695 = DIRECTION('',(1.110223024625E-16,1.,0.));
#696 = ORIENTED_EDGE('',*,*,#697,.F.);
#697 = EDGE_CURVE('',#698,#690,#700,.T.);
#698 = VERTEX_POINT('',#699);
#699 = CARTESIAN_POINT('',(-7.72,-14.94,0.2));
#700 = LINE('',#701,#702);
#701 = CARTESIAN_POINT('',(-7.72,-8.255,0.2));
#702 = VECTOR('',#703,1.);
#703 = DIRECTION('',(-1.110223024625E-16,-1.,0.));
#704 = ORIENTED_EDGE('',*,*,#705,.T.);
#705 = EDGE_CURVE('',#698,#706,#708,.T.);
#706 = VERTEX_POINT('',#707);
#707 = CARTESIAN_POINT('',(-7.72,-14.79,0.2));
#708 = LINE('',#709,#710);
#709 = CARTESIAN_POINT('',(-7.72,-15.69,0.2));
#710 = VECTOR('',#711,1.);
#711 = DIRECTION('',(1.110223024625E-16,1.,0.));
#712 = ORIENTED_EDGE('',*,*,#713,.T.);
#713 = EDGE_CURVE('',#706,#714,#716,.T.);
#714 = VERTEX_POINT('',#715);
#715 = CARTESIAN_POINT('',(-7.52,-14.79,0.2));
#716 = LINE('',#717,#718);
#717 = CARTESIAN_POINT('',(-7.72,-14.79,0.2));
#718 = VECTOR('',#719,1.);
#719 = DIRECTION('',(1.,-1.110223024625E-16,0.));
#720 = ORIENTED_EDGE('',*,*,#721,.T.);
#721 = EDGE_CURVE('',#714,#722,#724,.T.);
#722 = VERTEX_POINT('',#723);
#723 = CARTESIAN_POINT('',(-7.52,-14.94,0.2));
#724 = LINE('',#725,#726);
#725 = CARTESIAN_POINT('',(-7.52,-14.79,0.2));
#726 = VECTOR('',#727,1.);
#727 = DIRECTION('',(-1.110223024625E-16,-1.,0.));
#728 = ORIENTED_EDGE('',*,*,#729,.T.);
#729 = EDGE_CURVE('',#722,#730,#732,.T.);
#730 = VERTEX_POINT('',#731);
#731 = CARTESIAN_POINT('',(-7.52,-15.54,0.2));
#732 = LINE('',#733,#734);
#733 = CARTESIAN_POINT('',(-7.52,-8.255,0.2));
#734 = VECTOR('',#735,1.);
#735 = DIRECTION('',(-1.110223024625E-16,-1.,0.));
#736 = ORIENTED_EDGE('',*,*,#737,.T.);
#737 = EDGE_CURVE('',#730,#682,#738,.T.);
#738 = LINE('',#739,#740);
#739 = CARTESIAN_POINT('',(-7.52,-14.79,0.2));
#740 = VECTOR('',#741,1.);
#741 = DIRECTION('',(-1.110223024625E-16,-1.,0.));
#742 = FACE_BOUND('',#743,.F.);
#743 = EDGE_LOOP('',(#744,#754,#762,#770,#778,#786,#794,#802));
#744 = ORIENTED_EDGE('',*,*,#745,.F.);
#745 = EDGE_CURVE('',#746,#748,#750,.T.);
#746 = VERTEX_POINT('',#747);
#747 = CARTESIAN_POINT('',(-7.72,-13.15,0.2));
#748 = VERTEX_POINT('',#749);
#749 = CARTESIAN_POINT('',(-7.52,-13.15,0.2));
#750 = LINE('',#751,#752);
#751 = CARTESIAN_POINT('',(-7.72,-13.15,0.2));
#752 = VECTOR('',#753,1.);
#753 = DIRECTION('',(1.,-1.110223024625E-16,0.));
#754 = ORIENTED_EDGE('',*,*,#755,.T.);
#755 = EDGE_CURVE('',#746,#756,#758,.T.);
#756 = VERTEX_POINT('',#757);
#757 = CARTESIAN_POINT('',(-7.72,-13.,0.2));
#758 = LINE('',#759,#760);
#759 = CARTESIAN_POINT('',(-7.72,-13.15,0.2));
#760 = VECTOR('',#761,1.);
#761 = DIRECTION('',(1.110223024625E-16,1.,0.));
#762 = ORIENTED_EDGE('',*,*,#763,.F.);
#763 = EDGE_CURVE('',#764,#756,#766,.T.);
#764 = VERTEX_POINT('',#765);
#765 = CARTESIAN_POINT('',(-7.72,-12.4,0.2));
#766 = LINE('',#767,#768);
#767 = CARTESIAN_POINT('',(-7.72,-6.985,0.2));
#768 = VECTOR('',#769,1.);
#769 = DIRECTION('',(-1.110223024625E-16,-1.,0.));
#770 = ORIENTED_EDGE('',*,*,#771,.T.);
#771 = EDGE_CURVE('',#764,#772,#774,.T.);
#772 = VERTEX_POINT('',#773);
#773 = CARTESIAN_POINT('',(-7.72,-12.25,0.2));
#774 = LINE('',#775,#776);
#775 = CARTESIAN_POINT('',(-7.72,-13.15,0.2));
#776 = VECTOR('',#777,1.);
#777 = DIRECTION('',(1.110223024625E-16,1.,0.));
#778 = ORIENTED_EDGE('',*,*,#779,.T.);
#779 = EDGE_CURVE('',#772,#780,#782,.T.);
#780 = VERTEX_POINT('',#781);
#781 = CARTESIAN_POINT('',(-7.52,-12.25,0.2));
#782 = LINE('',#783,#784);
#783 = CARTESIAN_POINT('',(-7.72,-12.25,0.2));
#784 = VECTOR('',#785,1.);
#785 = DIRECTION('',(1.,-1.110223024625E-16,0.));
#786 = ORIENTED_EDGE('',*,*,#787,.T.);
#787 = EDGE_CURVE('',#780,#788,#790,.T.);
#788 = VERTEX_POINT('',#789);
#789 = CARTESIAN_POINT('',(-7.52,-12.4,0.2));
#790 = LINE('',#791,#792);
#791 = CARTESIAN_POINT('',(-7.52,-12.25,0.2));
#792 = VECTOR('',#793,1.);
#793 = DIRECTION('',(-1.110223024625E-16,-1.,0.));
#794 = ORIENTED_EDGE('',*,*,#795,.T.);
#795 = EDGE_CURVE('',#788,#796,#798,.T.);
#796 = VERTEX_POINT('',#797);
#797 = CARTESIAN_POINT('',(-7.52,-13.,0.2));
#798 = LINE('',#799,#800);
#799 = CARTESIAN_POINT('',(-7.52,-6.985,0.2));
#800 = VECTOR('',#801,1.);
#801 = DIRECTION('',(-1.110223024625E-16,-1.,0.));
#802 = ORIENTED_EDGE('',*,*,#803,.T.);
#803 = EDGE_CURVE('',#796,#748,#804,.T.);
#804 = LINE('',#805,#806);
#805 = CARTESIAN_POINT('',(-7.52,-12.25,0.2));
#806 = VECTOR('',#807,1.);
#807 = DIRECTION('',(-1.110223024625E-16,-1.,0.));
#808 = FACE_BOUND('',#809,.F.);
#809 = EDGE_LOOP('',(#810,#820,#828,#836,#844,#852,#860,#868));
#810 = ORIENTED_EDGE('',*,*,#811,.F.);
#811 = EDGE_CURVE('',#812,#814,#816,.T.);
#812 = VERTEX_POINT('',#813);
#813 = CARTESIAN_POINT('',(-7.72,-10.61,0.2));
#814 = VERTEX_POINT('',#815);
#815 = CARTESIAN_POINT('',(-7.52,-10.61,0.2));
#816 = LINE('',#817,#818);
#817 = CARTESIAN_POINT('',(-7.72,-10.61,0.2));
#818 = VECTOR('',#819,1.);
#819 = DIRECTION('',(1.,-1.110223024625E-16,0.));
#820 = ORIENTED_EDGE('',*,*,#821,.T.);
#821 = EDGE_CURVE('',#812,#822,#824,.T.);
#822 = VERTEX_POINT('',#823);
#823 = CARTESIAN_POINT('',(-7.72,-10.46,0.2));
#824 = LINE('',#825,#826);
#825 = CARTESIAN_POINT('',(-7.72,-10.61,0.2));
#826 = VECTOR('',#827,1.);
#827 = DIRECTION('',(1.110223024625E-16,1.,0.));
#828 = ORIENTED_EDGE('',*,*,#829,.F.);
#829 = EDGE_CURVE('',#830,#822,#832,.T.);
#830 = VERTEX_POINT('',#831);
#831 = CARTESIAN_POINT('',(-7.72,-9.86,0.2));
#832 = LINE('',#833,#834);
#833 = CARTESIAN_POINT('',(-7.72,-5.715,0.2));
#834 = VECTOR('',#835,1.);
#835 = DIRECTION('',(-1.110223024625E-16,-1.,0.));
#836 = ORIENTED_EDGE('',*,*,#837,.T.);
#837 = EDGE_CURVE('',#830,#838,#840,.T.);
#838 = VERTEX_POINT('',#839);
#839 = CARTESIAN_POINT('',(-7.72,-9.71,0.2));
#840 = LINE('',#841,#842);
#841 = CARTESIAN_POINT('',(-7.72,-10.61,0.2));
#842 = VECTOR('',#843,1.);
#843 = DIRECTION('',(1.110223024625E-16,1.,0.));
#844 = ORIENTED_EDGE('',*,*,#845,.T.);
#845 = EDGE_CURVE('',#838,#846,#848,.T.);
#846 = VERTEX_POINT('',#847);
#847 = CARTESIAN_POINT('',(-7.52,-9.71,0.2));
#848 = LINE('',#849,#850);
#849 = CARTESIAN_POINT('',(-7.72,-9.71,0.2));
#850 = VECTOR('',#851,1.);
#851 = DIRECTION('',(1.,-1.110223024625E-16,0.));
#852 = ORIENTED_EDGE('',*,*,#853,.T.);
#853 = EDGE_CURVE('',#846,#854,#856,.T.);
#854 = VERTEX_POINT('',#855);
#855 = CARTESIAN_POINT('',(-7.52,-9.86,0.2));
#856 = LINE('',#857,#858);
#857 = CARTESIAN_POINT('',(-7.52,-9.71,0.2));
#858 = VECTOR('',#859,1.);
#859 = DIRECTION('',(-1.110223024625E-16,-1.,0.));
#860 = ORIENTED_EDGE('',*,*,#861,.T.);
#861 = EDGE_CURVE('',#854,#862,#864,.T.);
#862 = VERTEX_POINT('',#863);
#863 = CARTESIAN_POINT('',(-7.52,-10.46,0.2));
#864 = LINE('',#865,#866);
#865 = CARTESIAN_POINT('',(-7.52,-5.715,0.2));
#866 = VECTOR('',#867,1.);
#867 = DIRECTION('',(-1.110223024625E-16,-1.,0.));
#868 = ORIENTED_EDGE('',*,*,#869,.T.);
#869 = EDGE_CURVE('',#862,#814,#870,.T.);
#870 = LINE('',#871,#872);
#871 = CARTESIAN_POINT('',(-7.52,-9.71,0.2));
#872 = VECTOR('',#873,1.);
#873 = DIRECTION('',(-1.110223024625E-16,-1.,0.));
#874 = FACE_BOUND('',#875,.F.);
#875 = EDGE_LOOP('',(#876,#886,#894,#902,#910,#918,#926,#934));
#876 = ORIENTED_EDGE('',*,*,#877,.F.);
#877 = EDGE_CURVE('',#878,#880,#882,.T.);
#878 = VERTEX_POINT('',#879);
#879 = CARTESIAN_POINT('',(-7.72,-8.07,0.2));
#880 = VERTEX_POINT('',#881);
#881 = CARTESIAN_POINT('',(-7.52,-8.07,0.2));
#882 = LINE('',#883,#884);
#883 = CARTESIAN_POINT('',(-7.72,-8.07,0.2));
#884 = VECTOR('',#885,1.);
#885 = DIRECTION('',(1.,-1.110223024625E-16,0.));
#886 = ORIENTED_EDGE('',*,*,#887,.T.);
#887 = EDGE_CURVE('',#878,#888,#890,.T.);
#888 = VERTEX_POINT('',#889);
#889 = CARTESIAN_POINT('',(-7.72,-7.92,0.2));
#890 = LINE('',#891,#892);
#891 = CARTESIAN_POINT('',(-7.72,-8.07,0.2));
#892 = VECTOR('',#893,1.);
#893 = DIRECTION('',(1.110223024625E-16,1.,0.));
#894 = ORIENTED_EDGE('',*,*,#895,.F.);
#895 = EDGE_CURVE('',#896,#888,#898,.T.);
#896 = VERTEX_POINT('',#897);
#897 = CARTESIAN_POINT('',(-7.72,-7.32,0.2));
#898 = LINE('',#899,#900);
#899 = CARTESIAN_POINT('',(-7.72,-4.445,0.2));
#900 = VECTOR('',#901,1.);
#901 = DIRECTION('',(-1.110223024625E-16,-1.,0.));
#902 = ORIENTED_EDGE('',*,*,#903,.T.);
#903 = EDGE_CURVE('',#896,#904,#906,.T.);
#904 = VERTEX_POINT('',#905);
#905 = CARTESIAN_POINT('',(-7.72,-7.17,0.2));
#906 = LINE('',#907,#908);
#907 = CARTESIAN_POINT('',(-7.72,-8.07,0.2));
#908 = VECTOR('',#909,1.);
#909 = DIRECTION('',(1.110223024625E-16,1.,0.));
#910 = ORIENTED_EDGE('',*,*,#911,.T.);
#911 = EDGE_CURVE('',#904,#912,#914,.T.);
#912 = VERTEX_POINT('',#913);
#913 = CARTESIAN_POINT('',(-7.52,-7.17,0.2));
#914 = LINE('',#915,#916);
#915 = CARTESIAN_POINT('',(-7.72,-7.17,0.2));
#916 = VECTOR('',#917,1.);
#917 = DIRECTION('',(1.,-1.110223024625E-16,0.));
#918 = ORIENTED_EDGE('',*,*,#919,.T.);
#919 = EDGE_CURVE('',#912,#920,#922,.T.);
#920 = VERTEX_POINT('',#921);
#921 = CARTESIAN_POINT('',(-7.52,-7.32,0.2));
#922 = LINE('',#923,#924);
#923 = CARTESIAN_POINT('',(-7.52,-7.17,0.2));
#924 = VECTOR('',#925,1.);
#925 = DIRECTION('',(-1.110223024625E-16,-1.,0.));
#926 = ORIENTED_EDGE('',*,*,#927,.T.);
#927 = EDGE_CURVE('',#920,#928,#930,.T.);
#928 = VERTEX_POINT('',#929);
#929 = CARTESIAN_POINT('',(-7.52,-7.92,0.2));
#930 = LINE('',#931,#932);
#931 = CARTESIAN_POINT('',(-7.52,-4.445,0.2));
#932 = VECTOR('',#933,1.);
#933 = DIRECTION('',(-1.110223024625E-16,-1.,0.));
#934 = ORIENTED_EDGE('',*,*,#935,.T.);
#935 = EDGE_CURVE('',#928,#880,#936,.T.);
#936 = LINE('',#937,#938);
#937 = CARTESIAN_POINT('',(-7.52,-7.17,0.2));
#938 = VECTOR('',#939,1.);
#939 = DIRECTION('',(-1.110223024625E-16,-1.,0.));
#940 = FACE_BOUND('',#941,.F.);
#941 = EDGE_LOOP('',(#942,#952,#960,#968,#976,#984,#992,#1000));
#942 = ORIENTED_EDGE('',*,*,#943,.F.);
#943 = EDGE_CURVE('',#944,#946,#948,.T.);
#944 = VERTEX_POINT('',#945);
#945 = CARTESIAN_POINT('',(-7.72,-5.53,0.2));
#946 = VERTEX_POINT('',#947);
#947 = CARTESIAN_POINT('',(-7.52,-5.53,0.2));
#948 = LINE('',#949,#950);
#949 = CARTESIAN_POINT('',(-7.72,-5.53,0.2));
#950 = VECTOR('',#951,1.);
#951 = DIRECTION('',(1.,-1.110223024625E-16,0.));
#952 = ORIENTED_EDGE('',*,*,#953,.T.);
#953 = EDGE_CURVE('',#944,#954,#956,.T.);
#954 = VERTEX_POINT('',#955);
#955 = CARTESIAN_POINT('',(-7.72,-5.38,0.2));
#956 = LINE('',#957,#958);
#957 = CARTESIAN_POINT('',(-7.72,-5.53,0.2));
#958 = VECTOR('',#959,1.);
#959 = DIRECTION('',(1.110223024625E-16,1.,0.));
#960 = ORIENTED_EDGE('',*,*,#961,.F.);
#961 = EDGE_CURVE('',#962,#954,#964,.T.);
#962 = VERTEX_POINT('',#963);
#963 = CARTESIAN_POINT('',(-7.72,-4.78,0.2));
#964 = LINE('',#965,#966);
#965 = CARTESIAN_POINT('',(-7.72,-3.175,0.2));
#966 = VECTOR('',#967,1.);
#967 = DIRECTION('',(-1.110223024625E-16,-1.,0.));
#968 = ORIENTED_EDGE('',*,*,#969,.T.);
#969 = EDGE_CURVE('',#962,#970,#972,.T.);
#970 = VERTEX_POINT('',#971);
#971 = CARTESIAN_POINT('',(-7.72,-4.63,0.2));
#972 = LINE('',#973,#974);
#973 = CARTESIAN_POINT('',(-7.72,-5.53,0.2));
#974 = VECTOR('',#975,1.);
#975 = DIRECTION('',(1.110223024625E-16,1.,0.));
#976 = ORIENTED_EDGE('',*,*,#977,.T.);
#977 = EDGE_CURVE('',#970,#978,#980,.T.);
#978 = VERTEX_POINT('',#979);
#979 = CARTESIAN_POINT('',(-7.52,-4.63,0.2));
#980 = LINE('',#981,#982);
#981 = CARTESIAN_POINT('',(-7.72,-4.63,0.2));
#982 = VECTOR('',#983,1.);
#983 = DIRECTION('',(1.,-1.110223024625E-16,0.));
#984 = ORIENTED_EDGE('',*,*,#985,.T.);
#985 = EDGE_CURVE('',#978,#986,#988,.T.);
#986 = VERTEX_POINT('',#987);
#987 = CARTESIAN_POINT('',(-7.52,-4.78,0.2));
#988 = LINE('',#989,#990);
#989 = CARTESIAN_POINT('',(-7.52,-4.63,0.2));
#990 = VECTOR('',#991,1.);
#991 = DIRECTION('',(-1.110223024625E-16,-1.,0.));
#992 = ORIENTED_EDGE('',*,*,#993,.T.);
#993 = EDGE_CURVE('',#986,#994,#996,.T.);
#994 = VERTEX_POINT('',#995);
#995 = CARTESIAN_POINT('',(-7.52,-5.38,0.2));
#996 = LINE('',#997,#998);
#997 = CARTESIAN_POINT('',(-7.52,-3.175,0.2));
#998 = VECTOR('',#999,1.);
#999 = DIRECTION('',(-1.110223024625E-16,-1.,0.));
#1000 = ORIENTED_EDGE('',*,*,#1001,.T.);
#1001 = EDGE_CURVE('',#994,#946,#1002,.T.);
#1002 = LINE('',#1003,#1004);
#1003 = CARTESIAN_POINT('',(-7.52,-4.63,0.2));
#1004 = VECTOR('',#1005,1.);
#1005 = DIRECTION('',(-1.110223024625E-16,-1.,0.));
#1006 = FACE_BOUND('',#1007,.F.);
#1007 = EDGE_LOOP('',(#1008,#1018,#1026,#1034,#1042,#1050,#1058,#1066));
#1008 = ORIENTED_EDGE('',*,*,#1009,.F.);
#1009 = EDGE_CURVE('',#1010,#1012,#1014,.T.);
#1010 = VERTEX_POINT('',#1011);
#1011 = CARTESIAN_POINT('',(-7.72,-2.99,0.2));
#1012 = VERTEX_POINT('',#1013);
#1013 = CARTESIAN_POINT('',(-7.52,-2.99,0.2));
#1014 = LINE('',#1015,#1016);
#1015 = CARTESIAN_POINT('',(-7.72,-2.99,0.2));
#1016 = VECTOR('',#1017,1.);
#1017 = DIRECTION('',(1.,-1.110223024625E-16,0.));
#1018 = ORIENTED_EDGE('',*,*,#1019,.T.);
#1019 = EDGE_CURVE('',#1010,#1020,#1022,.T.);
#1020 = VERTEX_POINT('',#1021);
#1021 = CARTESIAN_POINT('',(-7.72,-2.84,0.2));
#1022 = LINE('',#1023,#1024);
#1023 = CARTESIAN_POINT('',(-7.72,-2.99,0.2));
#1024 = VECTOR('',#1025,1.);
#1025 = DIRECTION('',(1.110223024625E-16,1.,0.));
#1026 = ORIENTED_EDGE('',*,*,#1027,.F.);
#1027 = EDGE_CURVE('',#1028,#1020,#1030,.T.);
#1028 = VERTEX_POINT('',#1029);
#1029 = CARTESIAN_POINT('',(-7.72,-2.24,0.2));
#1030 = LINE('',#1031,#1032);
#1031 = CARTESIAN_POINT('',(-7.72,-1.905,0.2));
#1032 = VECTOR('',#1033,1.);
#1033 = DIRECTION('',(-1.110223024625E-16,-1.,0.));
#1034 = ORIENTED_EDGE('',*,*,#1035,.T.);
#1035 = EDGE_CURVE('',#1028,#1036,#1038,.T.);
#1036 = VERTEX_POINT('',#1037);
#1037 = CARTESIAN_POINT('',(-7.72,-2.09,0.2));
#1038 = LINE('',#1039,#1040);
#1039 = CARTESIAN_POINT('',(-7.72,-2.99,0.2));
#1040 = VECTOR('',#1041,1.);
#1041 = DIRECTION('',(1.110223024625E-16,1.,0.));
#1042 = ORIENTED_EDGE('',*,*,#1043,.T.);
#1043 = EDGE_CURVE('',#1036,#1044,#1046,.T.);
#1044 = VERTEX_POINT('',#1045);
#1045 = CARTESIAN_POINT('',(-7.52,-2.09,0.2));
#1046 = LINE('',#1047,#1048);
#1047 = CARTESIAN_POINT('',(-7.72,-2.09,0.2));
#1048 = VECTOR('',#1049,1.);
#1049 = DIRECTION('',(1.,-1.110223024625E-16,0.));
#1050 = ORIENTED_EDGE('',*,*,#1051,.T.);
#1051 = EDGE_CURVE('',#1044,#1052,#1054,.T.);
#1052 = VERTEX_POINT('',#1053);
#1053 = CARTESIAN_POINT('',(-7.52,-2.24,0.2));
#1054 = LINE('',#1055,#1056);
#1055 = CARTESIAN_POINT('',(-7.52,-2.09,0.2));
#1056 = VECTOR('',#1057,1.);
#1057 = DIRECTION('',(-1.110223024625E-16,-1.,0.));
#1058 = ORIENTED_EDGE('',*,*,#1059,.T.);
#1059 = EDGE_CURVE('',#1052,#1060,#1062,.T.);
#1060 = VERTEX_POINT('',#1061);
#1061 = CARTESIAN_POINT('',(-7.52,-2.84,0.2));
#1062 = LINE('',#1063,#1064);
#1063 = CARTESIAN_POINT('',(-7.52,-1.905,0.2));
#1064 = VECTOR('',#1065,1.);
#1065 = DIRECTION('',(-1.110223024625E-16,-1.,0.));
#1066 = ORIENTED_EDGE('',*,*,#1067,.T.);
#1067 = EDGE_CURVE('',#1060,#1012,#1068,.T.);
#1068 = LINE('',#1069,#1070);
#1069 = CARTESIAN_POINT('',(-7.52,-2.09,0.2));
#1070 = VECTOR('',#1071,1.);
#1071 = DIRECTION('',(-1.110223024625E-16,-1.,0.));
#1072 = FACE_BOUND('',#1073,.F.);
#1073 = EDGE_LOOP('',(#1074,#1084,#1092,#1100,#1108,#1116,#1124,#1132));
#1074 = ORIENTED_EDGE('',*,*,#1075,.F.);
#1075 = EDGE_CURVE('',#1076,#1078,#1080,.T.);
#1076 = VERTEX_POINT('',#1077);
#1077 = CARTESIAN_POINT('',(-7.72,-0.45,0.2));
#1078 = VERTEX_POINT('',#1079);
#1079 = CARTESIAN_POINT('',(-7.52,-0.45,0.2));
#1080 = LINE('',#1081,#1082);
#1081 = CARTESIAN_POINT('',(-7.72,-0.45,0.2));
#1082 = VECTOR('',#1083,1.);
#1083 = DIRECTION('',(1.,-1.110223024625E-16,0.));
#1084 = ORIENTED_EDGE('',*,*,#1085,.T.);
#1085 = EDGE_CURVE('',#1076,#1086,#1088,.T.);
#1086 = VERTEX_POINT('',#1087);
#1087 = CARTESIAN_POINT('',(-7.72,-0.3,0.2));
#1088 = LINE('',#1089,#1090);
#1089 = CARTESIAN_POINT('',(-7.72,-0.45,0.2));
#1090 = VECTOR('',#1091,1.);
#1091 = DIRECTION('',(1.110223024625E-16,1.,0.));
#1092 = ORIENTED_EDGE('',*,*,#1093,.F.);
#1093 = EDGE_CURVE('',#1094,#1086,#1096,.T.);
#1094 = VERTEX_POINT('',#1095);
#1095 = CARTESIAN_POINT('',(-7.72,0.3,0.2));
#1096 = LINE('',#1097,#1098);
#1097 = CARTESIAN_POINT('',(-7.72,-0.635,0.2));
#1098 = VECTOR('',#1099,1.);
#1099 = DIRECTION('',(-1.110223024625E-16,-1.,0.));
#1100 = ORIENTED_EDGE('',*,*,#1101,.T.);
#1101 = EDGE_CURVE('',#1094,#1102,#1104,.T.);
#1102 = VERTEX_POINT('',#1103);
#1103 = CARTESIAN_POINT('',(-7.72,0.45,0.2));
#1104 = LINE('',#1105,#1106);
#1105 = CARTESIAN_POINT('',(-7.72,-0.45,0.2));
#1106 = VECTOR('',#1107,1.);
#1107 = DIRECTION('',(1.110223024625E-16,1.,0.));
#1108 = ORIENTED_EDGE('',*,*,#1109,.T.);
#1109 = EDGE_CURVE('',#1102,#1110,#1112,.T.);
#1110 = VERTEX_POINT('',#1111);
#1111 = CARTESIAN_POINT('',(-7.52,0.45,0.2));
#1112 = LINE('',#1113,#1114);
#1113 = CARTESIAN_POINT('',(-7.72,0.45,0.2));
#1114 = VECTOR('',#1115,1.);
#1115 = DIRECTION('',(1.,-1.110223024625E-16,0.));
#1116 = ORIENTED_EDGE('',*,*,#1117,.T.);
#1117 = EDGE_CURVE('',#1110,#1118,#1120,.T.);
#1118 = VERTEX_POINT('',#1119);
#1119 = CARTESIAN_POINT('',(-7.52,0.3,0.2));
#1120 = LINE('',#1121,#1122);
#1121 = CARTESIAN_POINT('',(-7.52,0.45,0.2));
#1122 = VECTOR('',#1123,1.);
#1123 = DIRECTION('',(-1.110223024625E-16,-1.,0.));
#1124 = ORIENTED_EDGE('',*,*,#1125,.T.);
#1125 = EDGE_CURVE('',#1118,#1126,#1128,.T.);
#1126 = VERTEX_POINT('',#1127);
#1127 = CARTESIAN_POINT('',(-7.52,-0.3,0.2));
#1128 = LINE('',#1129,#1130);
#1129 = CARTESIAN_POINT('',(-7.52,-0.635,0.2));
#1130 = VECTOR('',#1131,1.);
#1131 = DIRECTION('',(-1.110223024625E-16,-1.,0.));
#1132 = ORIENTED_EDGE('',*,*,#1133,.T.);
#1133 = EDGE_CURVE('',#1126,#1078,#1134,.T.);
#1134 = LINE('',#1135,#1136);
#1135 = CARTESIAN_POINT('',(-7.52,0.45,0.2));
#1136 = VECTOR('',#1137,1.);
#1137 = DIRECTION('',(-1.110223024625E-16,-1.,0.));
#1138 = FACE_BOUND('',#1139,.F.);
#1139 = EDGE_LOOP('',(#1140,#1150,#1158,#1166,#1174,#1182,#1190,#1198));
#1140 = ORIENTED_EDGE('',*,*,#1141,.F.);
#1141 = EDGE_CURVE('',#1142,#1144,#1146,.T.);
#1142 = VERTEX_POINT('',#1143);
#1143 = CARTESIAN_POINT('',(-7.72,2.09,0.2));
#1144 = VERTEX_POINT('',#1145);
#1145 = CARTESIAN_POINT('',(-7.52,2.09,0.2));
#1146 = LINE('',#1147,#1148);
#1147 = CARTESIAN_POINT('',(-7.72,2.09,0.2));
#1148 = VECTOR('',#1149,1.);
#1149 = DIRECTION('',(1.,-1.110223024625E-16,0.));
#1150 = ORIENTED_EDGE('',*,*,#1151,.T.);
#1151 = EDGE_CURVE('',#1142,#1152,#1154,.T.);
#1152 = VERTEX_POINT('',#1153);
#1153 = CARTESIAN_POINT('',(-7.72,2.24,0.2));
#1154 = LINE('',#1155,#1156);
#1155 = CARTESIAN_POINT('',(-7.72,2.09,0.2));
#1156 = VECTOR('',#1157,1.);
#1157 = DIRECTION('',(1.110223024625E-16,1.,0.));
#1158 = ORIENTED_EDGE('',*,*,#1159,.F.);
#1159 = EDGE_CURVE('',#1160,#1152,#1162,.T.);
#1160 = VERTEX_POINT('',#1161);
#1161 = CARTESIAN_POINT('',(-7.72,2.84,0.2));
#1162 = LINE('',#1163,#1164);
#1163 = CARTESIAN_POINT('',(-7.72,0.635,0.2));
#1164 = VECTOR('',#1165,1.);
#1165 = DIRECTION('',(-1.110223024625E-16,-1.,0.));
#1166 = ORIENTED_EDGE('',*,*,#1167,.T.);
#1167 = EDGE_CURVE('',#1160,#1168,#1170,.T.);
#1168 = VERTEX_POINT('',#1169);
#1169 = CARTESIAN_POINT('',(-7.72,2.99,0.2));
#1170 = LINE('',#1171,#1172);
#1171 = CARTESIAN_POINT('',(-7.72,2.09,0.2));
#1172 = VECTOR('',#1173,1.);
#1173 = DIRECTION('',(1.110223024625E-16,1.,0.));
#1174 = ORIENTED_EDGE('',*,*,#1175,.T.);
#1175 = EDGE_CURVE('',#1168,#1176,#1178,.T.);
#1176 = VERTEX_POINT('',#1177);
#1177 = CARTESIAN_POINT('',(-7.52,2.99,0.2));
#1178 = LINE('',#1179,#1180);
#1179 = CARTESIAN_POINT('',(-7.72,2.99,0.2));
#1180 = VECTOR('',#1181,1.);
#1181 = DIRECTION('',(1.,-1.110223024625E-16,0.));
#1182 = ORIENTED_EDGE('',*,*,#1183,.T.);
#1183 = EDGE_CURVE('',#1176,#1184,#1186,.T.);
#1184 = VERTEX_POINT('',#1185);
#1185 = CARTESIAN_POINT('',(-7.52,2.84,0.2));
#1186 = LINE('',#1187,#1188);
#1187 = CARTESIAN_POINT('',(-7.52,2.99,0.2));
#1188 = VECTOR('',#1189,1.);
#1189 = DIRECTION('',(-1.110223024625E-16,-1.,0.));
#1190 = ORIENTED_EDGE('',*,*,#1191,.T.);
#1191 = EDGE_CURVE('',#1184,#1192,#1194,.T.);
#1192 = VERTEX_POINT('',#1193);
#1193 = CARTESIAN_POINT('',(-7.52,2.24,0.2));
#1194 = LINE('',#1195,#1196);
#1195 = CARTESIAN_POINT('',(-7.52,0.635,0.2));
#1196 = VECTOR('',#1197,1.);
#1197 = DIRECTION('',(-1.110223024625E-16,-1.,0.));
#1198 = ORIENTED_EDGE('',*,*,#1199,.T.);
#1199 = EDGE_CURVE('',#1192,#1144,#1200,.T.);
#1200 = LINE('',#1201,#1202);
#1201 = CARTESIAN_POINT('',(-7.52,2.99,0.2));
#1202 = VECTOR('',#1203,1.);
#1203 = DIRECTION('',(-1.110223024625E-16,-1.,0.));
#1204 = FACE_BOUND('',#1205,.F.);
#1205 = EDGE_LOOP('',(#1206,#1216,#1224,#1232,#1240,#1248,#1256,#1264));
#1206 = ORIENTED_EDGE('',*,*,#1207,.F.);
#1207 = EDGE_CURVE('',#1208,#1210,#1212,.T.);
#1208 = VERTEX_POINT('',#1209);
#1209 = CARTESIAN_POINT('',(-7.72,4.63,0.2));
#1210 = VERTEX_POINT('',#1211);
#1211 = CARTESIAN_POINT('',(-7.52,4.63,0.2));
#1212 = LINE('',#1213,#1214);
#1213 = CARTESIAN_POINT('',(-7.72,4.63,0.2));
#1214 = VECTOR('',#1215,1.);
#1215 = DIRECTION('',(1.,-1.110223024625E-16,0.));
#1216 = ORIENTED_EDGE('',*,*,#1217,.T.);
#1217 = EDGE_CURVE('',#1208,#1218,#1220,.T.);
#1218 = VERTEX_POINT('',#1219);
#1219 = CARTESIAN_POINT('',(-7.72,4.78,0.2));
#1220 = LINE('',#1221,#1222);
#1221 = CARTESIAN_POINT('',(-7.72,4.63,0.2));
#1222 = VECTOR('',#1223,1.);
#1223 = DIRECTION('',(1.110223024625E-16,1.,0.));
#1224 = ORIENTED_EDGE('',*,*,#1225,.F.);
#1225 = EDGE_CURVE('',#1226,#1218,#1228,.T.);
#1226 = VERTEX_POINT('',#1227);
#1227 = CARTESIAN_POINT('',(-7.72,5.38,0.2));
#1228 = LINE('',#1229,#1230);
#1229 = CARTESIAN_POINT('',(-7.72,1.905,0.2));
#1230 = VECTOR('',#1231,1.);
#1231 = DIRECTION('',(-1.110223024625E-16,-1.,0.));
#1232 = ORIENTED_EDGE('',*,*,#1233,.T.);
#1233 = EDGE_CURVE('',#1226,#1234,#1236,.T.);
#1234 = VERTEX_POINT('',#1235);
#1235 = CARTESIAN_POINT('',(-7.72,5.53,0.2));
#1236 = LINE('',#1237,#1238);
#1237 = CARTESIAN_POINT('',(-7.72,4.63,0.2));
#1238 = VECTOR('',#1239,1.);
#1239 = DIRECTION('',(1.110223024625E-16,1.,0.));
#1240 = ORIENTED_EDGE('',*,*,#1241,.T.);
#1241 = EDGE_CURVE('',#1234,#1242,#1244,.T.);
#1242 = VERTEX_POINT('',#1243);
#1243 = CARTESIAN_POINT('',(-7.52,5.53,0.2));
#1244 = LINE('',#1245,#1246);
#1245 = CARTESIAN_POINT('',(-7.72,5.53,0.2));
#1246 = VECTOR('',#1247,1.);
#1247 = DIRECTION('',(1.,-1.110223024625E-16,0.));
#1248 = ORIENTED_EDGE('',*,*,#1249,.T.);
#1249 = EDGE_CURVE('',#1242,#1250,#1252,.T.);
#1250 = VERTEX_POINT('',#1251);
#1251 = CARTESIAN_POINT('',(-7.52,5.38,0.2));
#1252 = LINE('',#1253,#1254);
#1253 = CARTESIAN_POINT('',(-7.52,5.53,0.2));
#1254 = VECTOR('',#1255,1.);
#1255 = DIRECTION('',(-1.110223024625E-16,-1.,0.));
#1256 = ORIENTED_EDGE('',*,*,#1257,.T.);
#1257 = EDGE_CURVE('',#1250,#1258,#1260,.T.);
#1258 = VERTEX_POINT('',#1259);
#1259 = CARTESIAN_POINT('',(-7.52,4.78,0.2));
#1260 = LINE('',#1261,#1262);
#1261 = CARTESIAN_POINT('',(-7.52,1.905,0.2));
#1262 = VECTOR('',#1263,1.);
#1263 = DIRECTION('',(-1.110223024625E-16,-1.,0.));
#1264 = ORIENTED_EDGE('',*,*,#1265,.T.);
#1265 = EDGE_CURVE('',#1258,#1210,#1266,.T.);
#1266 = LINE('',#1267,#1268);
#1267 = CARTESIAN_POINT('',(-7.52,5.53,0.2));
#1268 = VECTOR('',#1269,1.);
#1269 = DIRECTION('',(-1.110223024625E-16,-1.,0.));
#1270 = FACE_BOUND('',#1271,.F.);
#1271 = EDGE_LOOP('',(#1272,#1282,#1290,#1298,#1306,#1314,#1322,#1330));
#1272 = ORIENTED_EDGE('',*,*,#1273,.F.);
#1273 = EDGE_CURVE('',#1274,#1276,#1278,.T.);
#1274 = VERTEX_POINT('',#1275);
#1275 = CARTESIAN_POINT('',(-7.72,7.17,0.2));
#1276 = VERTEX_POINT('',#1277);
#1277 = CARTESIAN_POINT('',(-7.52,7.17,0.2));
#1278 = LINE('',#1279,#1280);
#1279 = CARTESIAN_POINT('',(-7.72,7.17,0.2));
#1280 = VECTOR('',#1281,1.);
#1281 = DIRECTION('',(1.,-1.110223024625E-16,0.));
#1282 = ORIENTED_EDGE('',*,*,#1283,.T.);
#1283 = EDGE_CURVE('',#1274,#1284,#1286,.T.);
#1284 = VERTEX_POINT('',#1285);
#1285 = CARTESIAN_POINT('',(-7.72,7.32,0.2));
#1286 = LINE('',#1287,#1288);
#1287 = CARTESIAN_POINT('',(-7.72,7.17,0.2));
#1288 = VECTOR('',#1289,1.);
#1289 = DIRECTION('',(1.110223024625E-16,1.,0.));
#1290 = ORIENTED_EDGE('',*,*,#1291,.F.);
#1291 = EDGE_CURVE('',#1292,#1284,#1294,.T.);
#1292 = VERTEX_POINT('',#1293);
#1293 = CARTESIAN_POINT('',(-7.72,7.92,0.2));
#1294 = LINE('',#1295,#1296);
#1295 = CARTESIAN_POINT('',(-7.72,3.175,0.2));
#1296 = VECTOR('',#1297,1.);
#1297 = DIRECTION('',(-1.110223024625E-16,-1.,0.));
#1298 = ORIENTED_EDGE('',*,*,#1299,.T.);
#1299 = EDGE_CURVE('',#1292,#1300,#1302,.T.);
#1300 = VERTEX_POINT('',#1301);
#1301 = CARTESIAN_POINT('',(-7.72,8.07,0.2));
#1302 = LINE('',#1303,#1304);
#1303 = CARTESIAN_POINT('',(-7.72,7.17,0.2));
#1304 = VECTOR('',#1305,1.);
#1305 = DIRECTION('',(1.110223024625E-16,1.,0.));
#1306 = ORIENTED_EDGE('',*,*,#1307,.T.);
#1307 = EDGE_CURVE('',#1300,#1308,#1310,.T.);
#1308 = VERTEX_POINT('',#1309);
#1309 = CARTESIAN_POINT('',(-7.52,8.07,0.2));
#1310 = LINE('',#1311,#1312);
#1311 = CARTESIAN_POINT('',(-7.72,8.07,0.2));
#1312 = VECTOR('',#1313,1.);
#1313 = DIRECTION('',(1.,-1.110223024625E-16,0.));
#1314 = ORIENTED_EDGE('',*,*,#1315,.T.);
#1315 = EDGE_CURVE('',#1308,#1316,#1318,.T.);
#1316 = VERTEX_POINT('',#1317);
#1317 = CARTESIAN_POINT('',(-7.52,7.92,0.2));
#1318 = LINE('',#1319,#1320);
#1319 = CARTESIAN_POINT('',(-7.52,8.07,0.2));
#1320 = VECTOR('',#1321,1.);
#1321 = DIRECTION('',(-1.110223024625E-16,-1.,0.));
#1322 = ORIENTED_EDGE('',*,*,#1323,.T.);
#1323 = EDGE_CURVE('',#1316,#1324,#1326,.T.);
#1324 = VERTEX_POINT('',#1325);
#1325 = CARTESIAN_POINT('',(-7.52,7.32,0.2));
#1326 = LINE('',#1327,#1328);
#1327 = CARTESIAN_POINT('',(-7.52,3.175,0.2));
#1328 = VECTOR('',#1329,1.);
#1329 = DIRECTION('',(-1.110223024625E-16,-1.,0.));
#1330 = ORIENTED_EDGE('',*,*,#1331,.T.);
#1331 = EDGE_CURVE('',#1324,#1276,#1332,.T.);
#1332 = LINE('',#1333,#1334);
#1333 = CARTESIAN_POINT('',(-7.52,8.07,0.2));
#1334 = VECTOR('',#1335,1.);
#1335 = DIRECTION('',(-1.110223024625E-16,-1.,0.));
#1336 = FACE_BOUND('',#1337,.F.);
#1337 = EDGE_LOOP('',(#1338,#1348,#1356,#1364,#1372,#1380,#1388,#1396));
#1338 = ORIENTED_EDGE('',*,*,#1339,.F.);
#1339 = EDGE_CURVE('',#1340,#1342,#1344,.T.);
#1340 = VERTEX_POINT('',#1341);
#1341 = CARTESIAN_POINT('',(-7.72,9.71,0.2));
#1342 = VERTEX_POINT('',#1343);
#1343 = CARTESIAN_POINT('',(-7.52,9.71,0.2));
#1344 = LINE('',#1345,#1346);
#1345 = CARTESIAN_POINT('',(-7.72,9.71,0.2));
#1346 = VECTOR('',#1347,1.);
#1347 = DIRECTION('',(1.,-1.110223024625E-16,0.));
#1348 = ORIENTED_EDGE('',*,*,#1349,.T.);
#1349 = EDGE_CURVE('',#1340,#1350,#1352,.T.);
#1350 = VERTEX_POINT('',#1351);
#1351 = CARTESIAN_POINT('',(-7.72,9.86,0.2));
#1352 = LINE('',#1353,#1354);
#1353 = CARTESIAN_POINT('',(-7.72,9.71,0.2));
#1354 = VECTOR('',#1355,1.);
#1355 = DIRECTION('',(1.110223024625E-16,1.,0.));
#1356 = ORIENTED_EDGE('',*,*,#1357,.F.);
#1357 = EDGE_CURVE('',#1358,#1350,#1360,.T.);
#1358 = VERTEX_POINT('',#1359);
#1359 = CARTESIAN_POINT('',(-7.72,10.46,0.2));
#1360 = LINE('',#1361,#1362);
#1361 = CARTESIAN_POINT('',(-7.72,4.445,0.2));
#1362 = VECTOR('',#1363,1.);
#1363 = DIRECTION('',(-1.110223024625E-16,-1.,0.));
#1364 = ORIENTED_EDGE('',*,*,#1365,.T.);
#1365 = EDGE_CURVE('',#1358,#1366,#1368,.T.);
#1366 = VERTEX_POINT('',#1367);
#1367 = CARTESIAN_POINT('',(-7.72,10.61,0.2));
#1368 = LINE('',#1369,#1370);
#1369 = CARTESIAN_POINT('',(-7.72,9.71,0.2));
#1370 = VECTOR('',#1371,1.);
#1371 = DIRECTION('',(1.110223024625E-16,1.,0.));
#1372 = ORIENTED_EDGE('',*,*,#1373,.T.);
#1373 = EDGE_CURVE('',#1366,#1374,#1376,.T.);
#1374 = VERTEX_POINT('',#1375);
#1375 = CARTESIAN_POINT('',(-7.52,10.61,0.2));
#1376 = LINE('',#1377,#1378);
#1377 = CARTESIAN_POINT('',(-7.72,10.61,0.2));
#1378 = VECTOR('',#1379,1.);
#1379 = DIRECTION('',(1.,-1.110223024625E-16,0.));
#1380 = ORIENTED_EDGE('',*,*,#1381,.T.);
#1381 = EDGE_CURVE('',#1374,#1382,#1384,.T.);
#1382 = VERTEX_POINT('',#1383);
#1383 = CARTESIAN_POINT('',(-7.52,10.46,0.2));
#1384 = LINE('',#1385,#1386);
#1385 = CARTESIAN_POINT('',(-7.52,10.61,0.2));
#1386 = VECTOR('',#1387,1.);
#1387 = DIRECTION('',(-1.110223024625E-16,-1.,0.));
#1388 = ORIENTED_EDGE('',*,*,#1389,.T.);
#1389 = EDGE_CURVE('',#1382,#1390,#1392,.T.);
#1390 = VERTEX_POINT('',#1391);
#1391 = CARTESIAN_POINT('',(-7.52,9.86,0.2));
#1392 = LINE('',#1393,#1394);
#1393 = CARTESIAN_POINT('',(-7.52,4.445,0.2));
#1394 = VECTOR('',#1395,1.);
#1395 = DIRECTION('',(-1.110223024625E-16,-1.,0.));
#1396 = ORIENTED_EDGE('',*,*,#1397,.T.);
#1397 = EDGE_CURVE('',#1390,#1342,#1398,.T.);
#1398 = LINE('',#1399,#1400);
#1399 = CARTESIAN_POINT('',(-7.52,10.61,0.2));
#1400 = VECTOR('',#1401,1.);
#1401 = DIRECTION('',(-1.110223024625E-16,-1.,0.));
#1402 = FACE_BOUND('',#1403,.F.);
#1403 = EDGE_LOOP('',(#1404,#1414,#1422,#1430,#1438,#1446,#1454,#1462));
#1404 = ORIENTED_EDGE('',*,*,#1405,.F.);
#1405 = EDGE_CURVE('',#1406,#1408,#1410,.T.);
#1406 = VERTEX_POINT('',#1407);
#1407 = CARTESIAN_POINT('',(-7.72,12.25,0.2));
#1408 = VERTEX_POINT('',#1409);
#1409 = CARTESIAN_POINT('',(-7.52,12.25,0.2));
#1410 = LINE('',#1411,#1412);
#1411 = CARTESIAN_POINT('',(-7.72,12.25,0.2));
#1412 = VECTOR('',#1413,1.);
#1413 = DIRECTION('',(1.,-1.110223024625E-16,0.));
#1414 = ORIENTED_EDGE('',*,*,#1415,.T.);
#1415 = EDGE_CURVE('',#1406,#1416,#1418,.T.);
#1416 = VERTEX_POINT('',#1417);
#1417 = CARTESIAN_POINT('',(-7.72,12.4,0.2));
#1418 = LINE('',#1419,#1420);
#1419 = CARTESIAN_POINT('',(-7.72,12.25,0.2));
#1420 = VECTOR('',#1421,1.);
#1421 = DIRECTION('',(1.110223024625E-16,1.,0.));
#1422 = ORIENTED_EDGE('',*,*,#1423,.F.);
#1423 = EDGE_CURVE('',#1424,#1416,#1426,.T.);
#1424 = VERTEX_POINT('',#1425);
#1425 = CARTESIAN_POINT('',(-7.72,13.,0.2));
#1426 = LINE('',#1427,#1428);
#1427 = CARTESIAN_POINT('',(-7.72,5.715,0.2));
#1428 = VECTOR('',#1429,1.);
#1429 = DIRECTION('',(-1.110223024625E-16,-1.,0.));
#1430 = ORIENTED_EDGE('',*,*,#1431,.T.);
#1431 = EDGE_CURVE('',#1424,#1432,#1434,.T.);
#1432 = VERTEX_POINT('',#1433);
#1433 = CARTESIAN_POINT('',(-7.72,13.15,0.2));
#1434 = LINE('',#1435,#1436);
#1435 = CARTESIAN_POINT('',(-7.72,12.25,0.2));
#1436 = VECTOR('',#1437,1.);
#1437 = DIRECTION('',(1.110223024625E-16,1.,0.));
#1438 = ORIENTED_EDGE('',*,*,#1439,.T.);
#1439 = EDGE_CURVE('',#1432,#1440,#1442,.T.);
#1440 = VERTEX_POINT('',#1441);
#1441 = CARTESIAN_POINT('',(-7.52,13.15,0.2));
#1442 = LINE('',#1443,#1444);
#1443 = CARTESIAN_POINT('',(-7.72,13.15,0.2));
#1444 = VECTOR('',#1445,1.);
#1445 = DIRECTION('',(1.,-1.110223024625E-16,0.));
#1446 = ORIENTED_EDGE('',*,*,#1447,.T.);
#1447 = EDGE_CURVE('',#1440,#1448,#1450,.T.);
#1448 = VERTEX_POINT('',#1449);
#1449 = CARTESIAN_POINT('',(-7.52,13.,0.2));
#1450 = LINE('',#1451,#1452);
#1451 = CARTESIAN_POINT('',(-7.52,13.15,0.2));
#1452 = VECTOR('',#1453,1.);
#1453 = DIRECTION('',(-1.110223024625E-16,-1.,0.));
#1454 = ORIENTED_EDGE('',*,*,#1455,.T.);
#1455 = EDGE_CURVE('',#1448,#1456,#1458,.T.);
#1456 = VERTEX_POINT('',#1457);
#1457 = CARTESIAN_POINT('',(-7.52,12.4,0.2));
#1458 = LINE('',#1459,#1460);
#1459 = CARTESIAN_POINT('',(-7.52,5.715,0.2));
#1460 = VECTOR('',#1461,1.);
#1461 = DIRECTION('',(-1.110223024625E-16,-1.,0.));
#1462 = ORIENTED_EDGE('',*,*,#1463,.T.);
#1463 = EDGE_CURVE('',#1456,#1408,#1464,.T.);
#1464 = LINE('',#1465,#1466);
#1465 = CARTESIAN_POINT('',(-7.52,13.15,0.2));
#1466 = VECTOR('',#1467,1.);
#1467 = DIRECTION('',(-1.110223024625E-16,-1.,0.));
#1468 = PLANE('',#1469);
#1469 = AXIS2_PLACEMENT_3D('',#1470,#1471,#1472);
#1470 = CARTESIAN_POINT('',(-7.62,-1.27,0.2));
#1471 = DIRECTION('',(0.,0.,1.));
#1472 = DIRECTION('',(1.110223024625E-16,1.,-0.));
#1473 = ADVANCED_FACE('',(#1474),#1480,.T.);
#1474 = FACE_BOUND('',#1475,.T.);
#1475 = EDGE_LOOP('',(#1476,#1477,#1478,#1479));
#1476 = ORIENTED_EDGE('',*,*,#94,.T.);
#1477 = ORIENTED_EDGE('',*,*,#668,.T.);
#1478 = ORIENTED_EDGE('',*,*,#173,.F.);
#1479 = ORIENTED_EDGE('',*,*,#190,.F.);
#1480 = PLANE('',#1481);
#1481 = AXIS2_PLACEMENT_3D('',#1482,#1483,#1484);
#1482 = CARTESIAN_POINT('',(-6.773333333333,-16.51,0.));
#1483 = DIRECTION('',(-1.,1.110223024625E-16,0.));
#1484 = DIRECTION('',(1.110223024625E-16,1.,0.));
#1485 = ADVANCED_FACE('',(#1486),#1492,.F.);
#1486 = FACE_BOUND('',#1487,.F.);
#1487 = EDGE_LOOP('',(#1488,#1489,#1490,#1491));
#1488 = ORIENTED_EDGE('',*,*,#141,.T.);
#1489 = ORIENTED_EDGE('',*,*,#206,.T.);
#1490 = ORIENTED_EDGE('',*,*,#71,.F.);
#1491 = ORIENTED_EDGE('',*,*,#637,.F.);
#1492 = PLANE('',#1493);
#1493 = AXIS2_PLACEMENT_3D('',#1494,#1495,#1496);
#1494 = CARTESIAN_POINT('',(-8.89,13.97,0.));
#1495 = DIRECTION('',(1.,-1.110223024625E-16,0.));
#1496 = DIRECTION('',(-1.110223024625E-16,-1.,0.));
#1497 = ADVANCED_FACE('',(#1498),#1523,.T.);
#1498 = FACE_BOUND('',#1499,.T.);
#1499 = EDGE_LOOP('',(#1500,#1508,#1509,#1517));
#1500 = ORIENTED_EDGE('',*,*,#1501,.F.);
#1501 = EDGE_CURVE('',#216,#1502,#1504,.T.);
#1502 = VERTEX_POINT('',#1503);
#1503 = CARTESIAN_POINT('',(-7.32,-15.54,8.2));
#1504 = LINE('',#1505,#1506);
#1505 = CARTESIAN_POINT('',(-7.32,-15.54,8.2));
#1506 = VECTOR('',#1507,1.);
#1507 = DIRECTION('',(-0.57735026919,0.57735026919,-0.57735026919));
#1508 = ORIENTED_EDGE('',*,*,#215,.T.);
#1509 = ORIENTED_EDGE('',*,*,#1510,.T.);
#1510 = EDGE_CURVE('',#218,#1511,#1513,.T.);
#1511 = VERTEX_POINT('',#1512);
#1512 = CARTESIAN_POINT('',(-7.32,-14.94,8.2));
#1513 = LINE('',#1514,#1515);
#1514 = CARTESIAN_POINT('',(-7.32,-14.94,8.2));
#1515 = VECTOR('',#1516,1.);
#1516 = DIRECTION('',(-0.57735026919,-0.57735026919,-0.57735026919));
#1517 = ORIENTED_EDGE('',*,*,#1518,.F.);
#1518 = EDGE_CURVE('',#1502,#1511,#1519,.T.);
#1519 = LINE('',#1520,#1521);
#1520 = CARTESIAN_POINT('',(-7.32,-15.84,8.2));
#1521 = VECTOR('',#1522,1.);
#1522 = DIRECTION('',(1.110223024625E-16,1.,0.));
#1523 = PLANE('',#1524);
#1524 = AXIS2_PLACEMENT_3D('',#1525,#1526,#1527);
#1525 = CARTESIAN_POINT('',(-7.17,-15.84,8.35));
#1526 = DIRECTION('',(-0.707106781187,7.850462293414E-17,0.707106781187)
  );
#1527 = DIRECTION('',(1.110223024625E-16,1.,2.680278185005E-29));
#1528 = ADVANCED_FACE('',(#1529),#1547,.T.);
#1529 = FACE_BOUND('',#1530,.T.);
#1530 = EDGE_LOOP('',(#1531,#1532,#1533,#1541));
#1531 = ORIENTED_EDGE('',*,*,#1510,.F.);
#1532 = ORIENTED_EDGE('',*,*,#241,.T.);
#1533 = ORIENTED_EDGE('',*,*,#1534,.T.);
#1534 = EDGE_CURVE('',#234,#1535,#1537,.T.);
#1535 = VERTEX_POINT('',#1536);
#1536 = CARTESIAN_POINT('',(-7.92,-14.94,8.2));
#1537 = LINE('',#1538,#1539);
#1538 = CARTESIAN_POINT('',(-7.92,-14.94,8.2));
#1539 = VECTOR('',#1540,1.);
#1540 = DIRECTION('',(0.57735026919,-0.57735026919,-0.57735026919));
#1541 = ORIENTED_EDGE('',*,*,#1542,.F.);
#1542 = EDGE_CURVE('',#1511,#1535,#1543,.T.);
#1543 = LINE('',#1544,#1545);
#1544 = CARTESIAN_POINT('',(-7.02,-14.94,8.2));
#1545 = VECTOR('',#1546,1.);
#1546 = DIRECTION('',(-1.,1.110223024625E-16,0.));
#1547 = PLANE('',#1548);
#1548 = AXIS2_PLACEMENT_3D('',#1549,#1550,#1551);
#1549 = CARTESIAN_POINT('',(-7.02,-14.79,8.35));
#1550 = DIRECTION('',(-7.850462293414E-17,-0.707106781187,0.707106781187
    ));
#1551 = DIRECTION('',(-1.,1.110223024625E-16,2.680278185005E-29));
#1552 = ADVANCED_FACE('',(#1553),#1571,.T.);
#1553 = FACE_BOUND('',#1554,.T.);
#1554 = EDGE_LOOP('',(#1555,#1556,#1557,#1565));
#1555 = ORIENTED_EDGE('',*,*,#1534,.F.);
#1556 = ORIENTED_EDGE('',*,*,#233,.T.);
#1557 = ORIENTED_EDGE('',*,*,#1558,.T.);
#1558 = EDGE_CURVE('',#226,#1559,#1561,.T.);
#1559 = VERTEX_POINT('',#1560);
#1560 = CARTESIAN_POINT('',(-7.92,-15.54,8.2));
#1561 = LINE('',#1562,#1563);
#1562 = CARTESIAN_POINT('',(-7.92,-15.54,8.2));
#1563 = VECTOR('',#1564,1.);
#1564 = DIRECTION('',(0.57735026919,0.57735026919,-0.57735026919));
#1565 = ORIENTED_EDGE('',*,*,#1566,.F.);
#1566 = EDGE_CURVE('',#1535,#1559,#1567,.T.);
#1567 = LINE('',#1568,#1569);
#1568 = CARTESIAN_POINT('',(-7.92,-14.64,8.2));
#1569 = VECTOR('',#1570,1.);
#1570 = DIRECTION('',(-1.110223024625E-16,-1.,0.));
#1571 = PLANE('',#1572);
#1572 = AXIS2_PLACEMENT_3D('',#1573,#1574,#1575);
#1573 = CARTESIAN_POINT('',(-8.07,-14.64,8.35));
#1574 = DIRECTION('',(0.707106781187,-7.850462293414E-17,0.707106781187)
  );
#1575 = DIRECTION('',(-1.110223024625E-16,-1.,2.680278185005E-29));
#1576 = ADVANCED_FACE('',(#1577),#1588,.T.);
#1577 = FACE_BOUND('',#1578,.T.);
#1578 = EDGE_LOOP('',(#1579,#1580,#1581,#1582));
#1579 = ORIENTED_EDGE('',*,*,#1558,.F.);
#1580 = ORIENTED_EDGE('',*,*,#225,.T.);
#1581 = ORIENTED_EDGE('',*,*,#1501,.T.);
#1582 = ORIENTED_EDGE('',*,*,#1583,.F.);
#1583 = EDGE_CURVE('',#1559,#1502,#1584,.T.);
#1584 = LINE('',#1585,#1586);
#1585 = CARTESIAN_POINT('',(-8.22,-15.54,8.2));
#1586 = VECTOR('',#1587,1.);
#1587 = DIRECTION('',(1.,-1.110223024625E-16,0.));
#1588 = PLANE('',#1589);
#1589 = AXIS2_PLACEMENT_3D('',#1590,#1591,#1592);
#1590 = CARTESIAN_POINT('',(-8.22,-15.69,8.35));
#1591 = DIRECTION('',(7.850462293414E-17,0.707106781187,0.707106781187)
  );
#1592 = DIRECTION('',(1.,-1.110223024625E-16,2.680278185005E-29));
#1593 = ADVANCED_FACE('',(#1594),#1619,.T.);
#1594 = FACE_BOUND('',#1595,.T.);
#1595 = EDGE_LOOP('',(#1596,#1604,#1605,#1613));
#1596 = ORIENTED_EDGE('',*,*,#1597,.F.);
#1597 = EDGE_CURVE('',#250,#1598,#1600,.T.);
#1598 = VERTEX_POINT('',#1599);
#1599 = CARTESIAN_POINT('',(-7.32,-13.,8.2));
#1600 = LINE('',#1601,#1602);
#1601 = CARTESIAN_POINT('',(-7.32,-13.,8.2));
#1602 = VECTOR('',#1603,1.);
#1603 = DIRECTION('',(-0.57735026919,0.57735026919,-0.57735026919));
#1604 = ORIENTED_EDGE('',*,*,#249,.T.);
#1605 = ORIENTED_EDGE('',*,*,#1606,.T.);
#1606 = EDGE_CURVE('',#252,#1607,#1609,.T.);
#1607 = VERTEX_POINT('',#1608);
#1608 = CARTESIAN_POINT('',(-7.32,-12.4,8.2));
#1609 = LINE('',#1610,#1611);
#1610 = CARTESIAN_POINT('',(-7.32,-12.4,8.2));
#1611 = VECTOR('',#1612,1.);
#1612 = DIRECTION('',(-0.57735026919,-0.57735026919,-0.57735026919));
#1613 = ORIENTED_EDGE('',*,*,#1614,.F.);
#1614 = EDGE_CURVE('',#1598,#1607,#1615,.T.);
#1615 = LINE('',#1616,#1617);
#1616 = CARTESIAN_POINT('',(-7.32,-13.3,8.2));
#1617 = VECTOR('',#1618,1.);
#1618 = DIRECTION('',(1.110223024625E-16,1.,0.));
#1619 = PLANE('',#1620);
#1620 = AXIS2_PLACEMENT_3D('',#1621,#1622,#1623);
#1621 = CARTESIAN_POINT('',(-7.17,-13.3,8.35));
#1622 = DIRECTION('',(-0.707106781187,7.850462293414E-17,0.707106781187)
  );
#1623 = DIRECTION('',(1.110223024625E-16,1.,2.680278185005E-29));
#1624 = ADVANCED_FACE('',(#1625),#1643,.T.);
#1625 = FACE_BOUND('',#1626,.T.);
#1626 = EDGE_LOOP('',(#1627,#1628,#1629,#1637));
#1627 = ORIENTED_EDGE('',*,*,#1606,.F.);
#1628 = ORIENTED_EDGE('',*,*,#275,.T.);
#1629 = ORIENTED_EDGE('',*,*,#1630,.T.);
#1630 = EDGE_CURVE('',#268,#1631,#1633,.T.);
#1631 = VERTEX_POINT('',#1632);
#1632 = CARTESIAN_POINT('',(-7.92,-12.4,8.2));
#1633 = LINE('',#1634,#1635);
#1634 = CARTESIAN_POINT('',(-7.92,-12.4,8.2));
#1635 = VECTOR('',#1636,1.);
#1636 = DIRECTION('',(0.57735026919,-0.57735026919,-0.57735026919));
#1637 = ORIENTED_EDGE('',*,*,#1638,.F.);
#1638 = EDGE_CURVE('',#1607,#1631,#1639,.T.);
#1639 = LINE('',#1640,#1641);
#1640 = CARTESIAN_POINT('',(-7.02,-12.4,8.2));
#1641 = VECTOR('',#1642,1.);
#1642 = DIRECTION('',(-1.,1.110223024625E-16,0.));
#1643 = PLANE('',#1644);
#1644 = AXIS2_PLACEMENT_3D('',#1645,#1646,#1647);
#1645 = CARTESIAN_POINT('',(-7.02,-12.25,8.35));
#1646 = DIRECTION('',(-7.850462293414E-17,-0.707106781187,0.707106781187
    ));
#1647 = DIRECTION('',(-1.,1.110223024625E-16,2.680278185005E-29));
#1648 = ADVANCED_FACE('',(#1649),#1667,.T.);
#1649 = FACE_BOUND('',#1650,.T.);
#1650 = EDGE_LOOP('',(#1651,#1652,#1653,#1661));
#1651 = ORIENTED_EDGE('',*,*,#1630,.F.);
#1652 = ORIENTED_EDGE('',*,*,#267,.T.);
#1653 = ORIENTED_EDGE('',*,*,#1654,.T.);
#1654 = EDGE_CURVE('',#260,#1655,#1657,.T.);
#1655 = VERTEX_POINT('',#1656);
#1656 = CARTESIAN_POINT('',(-7.92,-13.,8.2));
#1657 = LINE('',#1658,#1659);
#1658 = CARTESIAN_POINT('',(-7.92,-13.,8.2));
#1659 = VECTOR('',#1660,1.);
#1660 = DIRECTION('',(0.57735026919,0.57735026919,-0.57735026919));
#1661 = ORIENTED_EDGE('',*,*,#1662,.F.);
#1662 = EDGE_CURVE('',#1631,#1655,#1663,.T.);
#1663 = LINE('',#1664,#1665);
#1664 = CARTESIAN_POINT('',(-7.92,-12.1,8.2));
#1665 = VECTOR('',#1666,1.);
#1666 = DIRECTION('',(-1.110223024625E-16,-1.,0.));
#1667 = PLANE('',#1668);
#1668 = AXIS2_PLACEMENT_3D('',#1669,#1670,#1671);
#1669 = CARTESIAN_POINT('',(-8.07,-12.1,8.35));
#1670 = DIRECTION('',(0.707106781187,-7.850462293414E-17,0.707106781187)
  );
#1671 = DIRECTION('',(-1.110223024625E-16,-1.,2.680278185005E-29));
#1672 = ADVANCED_FACE('',(#1673),#1684,.T.);
#1673 = FACE_BOUND('',#1674,.T.);
#1674 = EDGE_LOOP('',(#1675,#1676,#1677,#1678));
#1675 = ORIENTED_EDGE('',*,*,#1654,.F.);
#1676 = ORIENTED_EDGE('',*,*,#259,.T.);
#1677 = ORIENTED_EDGE('',*,*,#1597,.T.);
#1678 = ORIENTED_EDGE('',*,*,#1679,.F.);
#1679 = EDGE_CURVE('',#1655,#1598,#1680,.T.);
#1680 = LINE('',#1681,#1682);
#1681 = CARTESIAN_POINT('',(-8.22,-13.,8.2));
#1682 = VECTOR('',#1683,1.);
#1683 = DIRECTION('',(1.,-1.110223024625E-16,0.));
#1684 = PLANE('',#1685);
#1685 = AXIS2_PLACEMENT_3D('',#1686,#1687,#1688);
#1686 = CARTESIAN_POINT('',(-8.22,-13.15,8.35));
#1687 = DIRECTION('',(7.850462293414E-17,0.707106781187,0.707106781187)
  );
#1688 = DIRECTION('',(1.,-1.110223024625E-16,2.680278185005E-29));
#1689 = ADVANCED_FACE('',(#1690),#1715,.T.);
#1690 = FACE_BOUND('',#1691,.T.);
#1691 = EDGE_LOOP('',(#1692,#1700,#1701,#1709));
#1692 = ORIENTED_EDGE('',*,*,#1693,.F.);
#1693 = EDGE_CURVE('',#284,#1694,#1696,.T.);
#1694 = VERTEX_POINT('',#1695);
#1695 = CARTESIAN_POINT('',(-7.32,-10.46,8.2));
#1696 = LINE('',#1697,#1698);
#1697 = CARTESIAN_POINT('',(-7.32,-10.46,8.2));
#1698 = VECTOR('',#1699,1.);
#1699 = DIRECTION('',(-0.57735026919,0.57735026919,-0.57735026919));
#1700 = ORIENTED_EDGE('',*,*,#283,.T.);
#1701 = ORIENTED_EDGE('',*,*,#1702,.T.);
#1702 = EDGE_CURVE('',#286,#1703,#1705,.T.);
#1703 = VERTEX_POINT('',#1704);
#1704 = CARTESIAN_POINT('',(-7.32,-9.86,8.2));
#1705 = LINE('',#1706,#1707);
#1706 = CARTESIAN_POINT('',(-7.32,-9.86,8.2));
#1707 = VECTOR('',#1708,1.);
#1708 = DIRECTION('',(-0.57735026919,-0.57735026919,-0.57735026919));
#1709 = ORIENTED_EDGE('',*,*,#1710,.F.);
#1710 = EDGE_CURVE('',#1694,#1703,#1711,.T.);
#1711 = LINE('',#1712,#1713);
#1712 = CARTESIAN_POINT('',(-7.32,-10.76,8.2));
#1713 = VECTOR('',#1714,1.);
#1714 = DIRECTION('',(1.110223024625E-16,1.,0.));
#1715 = PLANE('',#1716);
#1716 = AXIS2_PLACEMENT_3D('',#1717,#1718,#1719);
#1717 = CARTESIAN_POINT('',(-7.17,-10.76,8.35));
#1718 = DIRECTION('',(-0.707106781187,7.850462293414E-17,0.707106781187)
  );
#1719 = DIRECTION('',(1.110223024625E-16,1.,2.680278185005E-29));
#1720 = ADVANCED_FACE('',(#1721),#1739,.T.);
#1721 = FACE_BOUND('',#1722,.T.);
#1722 = EDGE_LOOP('',(#1723,#1724,#1725,#1733));
#1723 = ORIENTED_EDGE('',*,*,#1702,.F.);
#1724 = ORIENTED_EDGE('',*,*,#309,.T.);
#1725 = ORIENTED_EDGE('',*,*,#1726,.T.);
#1726 = EDGE_CURVE('',#302,#1727,#1729,.T.);
#1727 = VERTEX_POINT('',#1728);
#1728 = CARTESIAN_POINT('',(-7.92,-9.86,8.2));
#1729 = LINE('',#1730,#1731);
#1730 = CARTESIAN_POINT('',(-7.92,-9.86,8.2));
#1731 = VECTOR('',#1732,1.);
#1732 = DIRECTION('',(0.57735026919,-0.57735026919,-0.57735026919));
#1733 = ORIENTED_EDGE('',*,*,#1734,.F.);
#1734 = EDGE_CURVE('',#1703,#1727,#1735,.T.);
#1735 = LINE('',#1736,#1737);
#1736 = CARTESIAN_POINT('',(-7.02,-9.86,8.2));
#1737 = VECTOR('',#1738,1.);
#1738 = DIRECTION('',(-1.,1.110223024625E-16,0.));
#1739 = PLANE('',#1740);
#1740 = AXIS2_PLACEMENT_3D('',#1741,#1742,#1743);
#1741 = CARTESIAN_POINT('',(-7.02,-9.71,8.35));
#1742 = DIRECTION('',(-7.850462293414E-17,-0.707106781187,0.707106781187
    ));
#1743 = DIRECTION('',(-1.,1.110223024625E-16,2.680278185005E-29));
#1744 = ADVANCED_FACE('',(#1745),#1763,.T.);
#1745 = FACE_BOUND('',#1746,.T.);
#1746 = EDGE_LOOP('',(#1747,#1748,#1749,#1757));
#1747 = ORIENTED_EDGE('',*,*,#1726,.F.);
#1748 = ORIENTED_EDGE('',*,*,#301,.T.);
#1749 = ORIENTED_EDGE('',*,*,#1750,.T.);
#1750 = EDGE_CURVE('',#294,#1751,#1753,.T.);
#1751 = VERTEX_POINT('',#1752);
#1752 = CARTESIAN_POINT('',(-7.92,-10.46,8.2));
#1753 = LINE('',#1754,#1755);
#1754 = CARTESIAN_POINT('',(-7.92,-10.46,8.2));
#1755 = VECTOR('',#1756,1.);
#1756 = DIRECTION('',(0.57735026919,0.57735026919,-0.57735026919));
#1757 = ORIENTED_EDGE('',*,*,#1758,.F.);
#1758 = EDGE_CURVE('',#1727,#1751,#1759,.T.);
#1759 = LINE('',#1760,#1761);
#1760 = CARTESIAN_POINT('',(-7.92,-9.56,8.2));
#1761 = VECTOR('',#1762,1.);
#1762 = DIRECTION('',(-1.110223024625E-16,-1.,0.));
#1763 = PLANE('',#1764);
#1764 = AXIS2_PLACEMENT_3D('',#1765,#1766,#1767);
#1765 = CARTESIAN_POINT('',(-8.07,-9.56,8.35));
#1766 = DIRECTION('',(0.707106781187,-7.850462293414E-17,0.707106781187)
  );
#1767 = DIRECTION('',(-1.110223024625E-16,-1.,2.680278185005E-29));
#1768 = ADVANCED_FACE('',(#1769),#1780,.T.);
#1769 = FACE_BOUND('',#1770,.T.);
#1770 = EDGE_LOOP('',(#1771,#1772,#1773,#1774));
#1771 = ORIENTED_EDGE('',*,*,#1750,.F.);
#1772 = ORIENTED_EDGE('',*,*,#293,.T.);
#1773 = ORIENTED_EDGE('',*,*,#1693,.T.);
#1774 = ORIENTED_EDGE('',*,*,#1775,.F.);
#1775 = EDGE_CURVE('',#1751,#1694,#1776,.T.);
#1776 = LINE('',#1777,#1778);
#1777 = CARTESIAN_POINT('',(-8.22,-10.46,8.2));
#1778 = VECTOR('',#1779,1.);
#1779 = DIRECTION('',(1.,-1.110223024625E-16,0.));
#1780 = PLANE('',#1781);
#1781 = AXIS2_PLACEMENT_3D('',#1782,#1783,#1784);
#1782 = CARTESIAN_POINT('',(-8.22,-10.61,8.35));
#1783 = DIRECTION('',(7.850462293414E-17,0.707106781187,0.707106781187)
  );
#1784 = DIRECTION('',(1.,-1.110223024625E-16,2.680278185005E-29));
#1785 = ADVANCED_FACE('',(#1786),#1811,.T.);
#1786 = FACE_BOUND('',#1787,.T.);
#1787 = EDGE_LOOP('',(#1788,#1796,#1797,#1805));
#1788 = ORIENTED_EDGE('',*,*,#1789,.F.);
#1789 = EDGE_CURVE('',#318,#1790,#1792,.T.);
#1790 = VERTEX_POINT('',#1791);
#1791 = CARTESIAN_POINT('',(-7.32,-7.92,8.2));
#1792 = LINE('',#1793,#1794);
#1793 = CARTESIAN_POINT('',(-7.32,-7.92,8.2));
#1794 = VECTOR('',#1795,1.);
#1795 = DIRECTION('',(-0.57735026919,0.57735026919,-0.57735026919));
#1796 = ORIENTED_EDGE('',*,*,#317,.T.);
#1797 = ORIENTED_EDGE('',*,*,#1798,.T.);
#1798 = EDGE_CURVE('',#320,#1799,#1801,.T.);
#1799 = VERTEX_POINT('',#1800);
#1800 = CARTESIAN_POINT('',(-7.32,-7.32,8.2));
#1801 = LINE('',#1802,#1803);
#1802 = CARTESIAN_POINT('',(-7.32,-7.32,8.2));
#1803 = VECTOR('',#1804,1.);
#1804 = DIRECTION('',(-0.57735026919,-0.57735026919,-0.57735026919));
#1805 = ORIENTED_EDGE('',*,*,#1806,.F.);
#1806 = EDGE_CURVE('',#1790,#1799,#1807,.T.);
#1807 = LINE('',#1808,#1809);
#1808 = CARTESIAN_POINT('',(-7.32,-8.22,8.2));
#1809 = VECTOR('',#1810,1.);
#1810 = DIRECTION('',(1.110223024625E-16,1.,0.));
#1811 = PLANE('',#1812);
#1812 = AXIS2_PLACEMENT_3D('',#1813,#1814,#1815);
#1813 = CARTESIAN_POINT('',(-7.17,-8.22,8.35));
#1814 = DIRECTION('',(-0.707106781187,7.850462293414E-17,0.707106781187)
  );
#1815 = DIRECTION('',(1.110223024625E-16,1.,2.680278185005E-29));
#1816 = ADVANCED_FACE('',(#1817),#1835,.T.);
#1817 = FACE_BOUND('',#1818,.T.);
#1818 = EDGE_LOOP('',(#1819,#1820,#1821,#1829));
#1819 = ORIENTED_EDGE('',*,*,#1798,.F.);
#1820 = ORIENTED_EDGE('',*,*,#343,.T.);
#1821 = ORIENTED_EDGE('',*,*,#1822,.T.);
#1822 = EDGE_CURVE('',#336,#1823,#1825,.T.);
#1823 = VERTEX_POINT('',#1824);
#1824 = CARTESIAN_POINT('',(-7.92,-7.32,8.2));
#1825 = LINE('',#1826,#1827);
#1826 = CARTESIAN_POINT('',(-7.92,-7.32,8.2));
#1827 = VECTOR('',#1828,1.);
#1828 = DIRECTION('',(0.57735026919,-0.57735026919,-0.57735026919));
#1829 = ORIENTED_EDGE('',*,*,#1830,.F.);
#1830 = EDGE_CURVE('',#1799,#1823,#1831,.T.);
#1831 = LINE('',#1832,#1833);
#1832 = CARTESIAN_POINT('',(-7.02,-7.32,8.2));
#1833 = VECTOR('',#1834,1.);
#1834 = DIRECTION('',(-1.,1.110223024625E-16,0.));
#1835 = PLANE('',#1836);
#1836 = AXIS2_PLACEMENT_3D('',#1837,#1838,#1839);
#1837 = CARTESIAN_POINT('',(-7.02,-7.17,8.35));
#1838 = DIRECTION('',(-7.850462293414E-17,-0.707106781187,0.707106781187
    ));
#1839 = DIRECTION('',(-1.,1.110223024625E-16,2.680278185005E-29));
#1840 = ADVANCED_FACE('',(#1841),#1859,.T.);
#1841 = FACE_BOUND('',#1842,.T.);
#1842 = EDGE_LOOP('',(#1843,#1844,#1845,#1853));
#1843 = ORIENTED_EDGE('',*,*,#1822,.F.);
#1844 = ORIENTED_EDGE('',*,*,#335,.T.);
#1845 = ORIENTED_EDGE('',*,*,#1846,.T.);
#1846 = EDGE_CURVE('',#328,#1847,#1849,.T.);
#1847 = VERTEX_POINT('',#1848);
#1848 = CARTESIAN_POINT('',(-7.92,-7.92,8.2));
#1849 = LINE('',#1850,#1851);
#1850 = CARTESIAN_POINT('',(-7.92,-7.92,8.2));
#1851 = VECTOR('',#1852,1.);
#1852 = DIRECTION('',(0.57735026919,0.57735026919,-0.57735026919));
#1853 = ORIENTED_EDGE('',*,*,#1854,.F.);
#1854 = EDGE_CURVE('',#1823,#1847,#1855,.T.);
#1855 = LINE('',#1856,#1857);
#1856 = CARTESIAN_POINT('',(-7.92,-7.02,8.2));
#1857 = VECTOR('',#1858,1.);
#1858 = DIRECTION('',(-1.110223024625E-16,-1.,0.));
#1859 = PLANE('',#1860);
#1860 = AXIS2_PLACEMENT_3D('',#1861,#1862,#1863);
#1861 = CARTESIAN_POINT('',(-8.07,-7.02,8.35));
#1862 = DIRECTION('',(0.707106781187,-7.850462293414E-17,0.707106781187)
  );
#1863 = DIRECTION('',(-1.110223024625E-16,-1.,2.680278185005E-29));
#1864 = ADVANCED_FACE('',(#1865),#1876,.T.);
#1865 = FACE_BOUND('',#1866,.T.);
#1866 = EDGE_LOOP('',(#1867,#1868,#1869,#1870));
#1867 = ORIENTED_EDGE('',*,*,#1846,.F.);
#1868 = ORIENTED_EDGE('',*,*,#327,.T.);
#1869 = ORIENTED_EDGE('',*,*,#1789,.T.);
#1870 = ORIENTED_EDGE('',*,*,#1871,.F.);
#1871 = EDGE_CURVE('',#1847,#1790,#1872,.T.);
#1872 = LINE('',#1873,#1874);
#1873 = CARTESIAN_POINT('',(-8.22,-7.92,8.2));
#1874 = VECTOR('',#1875,1.);
#1875 = DIRECTION('',(1.,-1.110223024625E-16,0.));
#1876 = PLANE('',#1877);
#1877 = AXIS2_PLACEMENT_3D('',#1878,#1879,#1880);
#1878 = CARTESIAN_POINT('',(-8.22,-8.07,8.35));
#1879 = DIRECTION('',(7.850462293414E-17,0.707106781187,0.707106781187)
  );
#1880 = DIRECTION('',(1.,-1.110223024625E-16,2.680278185005E-29));
#1881 = ADVANCED_FACE('',(#1882),#1907,.T.);
#1882 = FACE_BOUND('',#1883,.T.);
#1883 = EDGE_LOOP('',(#1884,#1892,#1893,#1901));
#1884 = ORIENTED_EDGE('',*,*,#1885,.F.);
#1885 = EDGE_CURVE('',#352,#1886,#1888,.T.);
#1886 = VERTEX_POINT('',#1887);
#1887 = CARTESIAN_POINT('',(-7.32,-5.38,8.2));
#1888 = LINE('',#1889,#1890);
#1889 = CARTESIAN_POINT('',(-7.32,-5.38,8.2));
#1890 = VECTOR('',#1891,1.);
#1891 = DIRECTION('',(-0.57735026919,0.57735026919,-0.57735026919));
#1892 = ORIENTED_EDGE('',*,*,#351,.T.);
#1893 = ORIENTED_EDGE('',*,*,#1894,.T.);
#1894 = EDGE_CURVE('',#354,#1895,#1897,.T.);
#1895 = VERTEX_POINT('',#1896);
#1896 = CARTESIAN_POINT('',(-7.32,-4.78,8.2));
#1897 = LINE('',#1898,#1899);
#1898 = CARTESIAN_POINT('',(-7.32,-4.78,8.2));
#1899 = VECTOR('',#1900,1.);
#1900 = DIRECTION('',(-0.57735026919,-0.57735026919,-0.57735026919));
#1901 = ORIENTED_EDGE('',*,*,#1902,.F.);
#1902 = EDGE_CURVE('',#1886,#1895,#1903,.T.);
#1903 = LINE('',#1904,#1905);
#1904 = CARTESIAN_POINT('',(-7.32,-5.68,8.2));
#1905 = VECTOR('',#1906,1.);
#1906 = DIRECTION('',(1.110223024625E-16,1.,0.));
#1907 = PLANE('',#1908);
#1908 = AXIS2_PLACEMENT_3D('',#1909,#1910,#1911);
#1909 = CARTESIAN_POINT('',(-7.17,-5.68,8.35));
#1910 = DIRECTION('',(-0.707106781187,7.850462293414E-17,0.707106781187)
  );
#1911 = DIRECTION('',(1.110223024625E-16,1.,2.680278185005E-29));
#1912 = ADVANCED_FACE('',(#1913),#1931,.T.);
#1913 = FACE_BOUND('',#1914,.T.);
#1914 = EDGE_LOOP('',(#1915,#1916,#1917,#1925));
#1915 = ORIENTED_EDGE('',*,*,#1894,.F.);
#1916 = ORIENTED_EDGE('',*,*,#377,.T.);
#1917 = ORIENTED_EDGE('',*,*,#1918,.T.);
#1918 = EDGE_CURVE('',#370,#1919,#1921,.T.);
#1919 = VERTEX_POINT('',#1920);
#1920 = CARTESIAN_POINT('',(-7.92,-4.78,8.2));
#1921 = LINE('',#1922,#1923);
#1922 = CARTESIAN_POINT('',(-7.92,-4.78,8.2));
#1923 = VECTOR('',#1924,1.);
#1924 = DIRECTION('',(0.57735026919,-0.57735026919,-0.57735026919));
#1925 = ORIENTED_EDGE('',*,*,#1926,.F.);
#1926 = EDGE_CURVE('',#1895,#1919,#1927,.T.);
#1927 = LINE('',#1928,#1929);
#1928 = CARTESIAN_POINT('',(-7.02,-4.78,8.2));
#1929 = VECTOR('',#1930,1.);
#1930 = DIRECTION('',(-1.,1.110223024625E-16,0.));
#1931 = PLANE('',#1932);
#1932 = AXIS2_PLACEMENT_3D('',#1933,#1934,#1935);
#1933 = CARTESIAN_POINT('',(-7.02,-4.63,8.35));
#1934 = DIRECTION('',(-7.850462293414E-17,-0.707106781187,0.707106781187
    ));
#1935 = DIRECTION('',(-1.,1.110223024625E-16,2.680278185005E-29));
#1936 = ADVANCED_FACE('',(#1937),#1955,.T.);
#1937 = FACE_BOUND('',#1938,.T.);
#1938 = EDGE_LOOP('',(#1939,#1940,#1941,#1949));
#1939 = ORIENTED_EDGE('',*,*,#1918,.F.);
#1940 = ORIENTED_EDGE('',*,*,#369,.T.);
#1941 = ORIENTED_EDGE('',*,*,#1942,.T.);
#1942 = EDGE_CURVE('',#362,#1943,#1945,.T.);
#1943 = VERTEX_POINT('',#1944);
#1944 = CARTESIAN_POINT('',(-7.92,-5.38,8.2));
#1945 = LINE('',#1946,#1947);
#1946 = CARTESIAN_POINT('',(-7.92,-5.38,8.2));
#1947 = VECTOR('',#1948,1.);
#1948 = DIRECTION('',(0.57735026919,0.57735026919,-0.57735026919));
#1949 = ORIENTED_EDGE('',*,*,#1950,.F.);
#1950 = EDGE_CURVE('',#1919,#1943,#1951,.T.);
#1951 = LINE('',#1952,#1953);
#1952 = CARTESIAN_POINT('',(-7.92,-4.48,8.2));
#1953 = VECTOR('',#1954,1.);
#1954 = DIRECTION('',(-1.110223024625E-16,-1.,0.));
#1955 = PLANE('',#1956);
#1956 = AXIS2_PLACEMENT_3D('',#1957,#1958,#1959);
#1957 = CARTESIAN_POINT('',(-8.07,-4.48,8.35));
#1958 = DIRECTION('',(0.707106781187,-7.850462293414E-17,0.707106781187)
  );
#1959 = DIRECTION('',(-1.110223024625E-16,-1.,2.680278185005E-29));
#1960 = ADVANCED_FACE('',(#1961),#1972,.T.);
#1961 = FACE_BOUND('',#1962,.T.);
#1962 = EDGE_LOOP('',(#1963,#1964,#1965,#1966));
#1963 = ORIENTED_EDGE('',*,*,#1942,.F.);
#1964 = ORIENTED_EDGE('',*,*,#361,.T.);
#1965 = ORIENTED_EDGE('',*,*,#1885,.T.);
#1966 = ORIENTED_EDGE('',*,*,#1967,.F.);
#1967 = EDGE_CURVE('',#1943,#1886,#1968,.T.);
#1968 = LINE('',#1969,#1970);
#1969 = CARTESIAN_POINT('',(-8.22,-5.38,8.2));
#1970 = VECTOR('',#1971,1.);
#1971 = DIRECTION('',(1.,-1.110223024625E-16,0.));
#1972 = PLANE('',#1973);
#1973 = AXIS2_PLACEMENT_3D('',#1974,#1975,#1976);
#1974 = CARTESIAN_POINT('',(-8.22,-5.53,8.35));
#1975 = DIRECTION('',(7.850462293414E-17,0.707106781187,0.707106781187)
  );
#1976 = DIRECTION('',(1.,-1.110223024625E-16,2.680278185005E-29));
#1977 = ADVANCED_FACE('',(#1978),#2003,.T.);
#1978 = FACE_BOUND('',#1979,.T.);
#1979 = EDGE_LOOP('',(#1980,#1988,#1989,#1997));
#1980 = ORIENTED_EDGE('',*,*,#1981,.F.);
#1981 = EDGE_CURVE('',#386,#1982,#1984,.T.);
#1982 = VERTEX_POINT('',#1983);
#1983 = CARTESIAN_POINT('',(-7.32,-2.84,8.2));
#1984 = LINE('',#1985,#1986);
#1985 = CARTESIAN_POINT('',(-7.32,-2.84,8.2));
#1986 = VECTOR('',#1987,1.);
#1987 = DIRECTION('',(-0.57735026919,0.57735026919,-0.57735026919));
#1988 = ORIENTED_EDGE('',*,*,#385,.T.);
#1989 = ORIENTED_EDGE('',*,*,#1990,.T.);
#1990 = EDGE_CURVE('',#388,#1991,#1993,.T.);
#1991 = VERTEX_POINT('',#1992);
#1992 = CARTESIAN_POINT('',(-7.32,-2.24,8.2));
#1993 = LINE('',#1994,#1995);
#1994 = CARTESIAN_POINT('',(-7.32,-2.24,8.2));
#1995 = VECTOR('',#1996,1.);
#1996 = DIRECTION('',(-0.57735026919,-0.57735026919,-0.57735026919));
#1997 = ORIENTED_EDGE('',*,*,#1998,.F.);
#1998 = EDGE_CURVE('',#1982,#1991,#1999,.T.);
#1999 = LINE('',#2000,#2001);
#2000 = CARTESIAN_POINT('',(-7.32,-3.14,8.2));
#2001 = VECTOR('',#2002,1.);
#2002 = DIRECTION('',(1.110223024625E-16,1.,0.));
#2003 = PLANE('',#2004);
#2004 = AXIS2_PLACEMENT_3D('',#2005,#2006,#2007);
#2005 = CARTESIAN_POINT('',(-7.17,-3.14,8.35));
#2006 = DIRECTION('',(-0.707106781187,7.850462293414E-17,0.707106781187)
  );
#2007 = DIRECTION('',(1.110223024625E-16,1.,2.680278185005E-29));
#2008 = ADVANCED_FACE('',(#2009),#2027,.T.);
#2009 = FACE_BOUND('',#2010,.T.);
#2010 = EDGE_LOOP('',(#2011,#2012,#2013,#2021));
#2011 = ORIENTED_EDGE('',*,*,#1990,.F.);
#2012 = ORIENTED_EDGE('',*,*,#411,.T.);
#2013 = ORIENTED_EDGE('',*,*,#2014,.T.);
#2014 = EDGE_CURVE('',#404,#2015,#2017,.T.);
#2015 = VERTEX_POINT('',#2016);
#2016 = CARTESIAN_POINT('',(-7.92,-2.24,8.2));
#2017 = LINE('',#2018,#2019);
#2018 = CARTESIAN_POINT('',(-7.92,-2.24,8.2));
#2019 = VECTOR('',#2020,1.);
#2020 = DIRECTION('',(0.57735026919,-0.57735026919,-0.57735026919));
#2021 = ORIENTED_EDGE('',*,*,#2022,.F.);
#2022 = EDGE_CURVE('',#1991,#2015,#2023,.T.);
#2023 = LINE('',#2024,#2025);
#2024 = CARTESIAN_POINT('',(-7.02,-2.24,8.2));
#2025 = VECTOR('',#2026,1.);
#2026 = DIRECTION('',(-1.,1.110223024625E-16,0.));
#2027 = PLANE('',#2028);
#2028 = AXIS2_PLACEMENT_3D('',#2029,#2030,#2031);
#2029 = CARTESIAN_POINT('',(-7.02,-2.09,8.35));
#2030 = DIRECTION('',(-7.850462293414E-17,-0.707106781187,0.707106781187
    ));
#2031 = DIRECTION('',(-1.,1.110223024625E-16,2.680278185005E-29));
#2032 = ADVANCED_FACE('',(#2033),#2051,.T.);
#2033 = FACE_BOUND('',#2034,.T.);
#2034 = EDGE_LOOP('',(#2035,#2036,#2037,#2045));
#2035 = ORIENTED_EDGE('',*,*,#2014,.F.);
#2036 = ORIENTED_EDGE('',*,*,#403,.T.);
#2037 = ORIENTED_EDGE('',*,*,#2038,.T.);
#2038 = EDGE_CURVE('',#396,#2039,#2041,.T.);
#2039 = VERTEX_POINT('',#2040);
#2040 = CARTESIAN_POINT('',(-7.92,-2.84,8.2));
#2041 = LINE('',#2042,#2043);
#2042 = CARTESIAN_POINT('',(-7.92,-2.84,8.2));
#2043 = VECTOR('',#2044,1.);
#2044 = DIRECTION('',(0.57735026919,0.57735026919,-0.57735026919));
#2045 = ORIENTED_EDGE('',*,*,#2046,.F.);
#2046 = EDGE_CURVE('',#2015,#2039,#2047,.T.);
#2047 = LINE('',#2048,#2049);
#2048 = CARTESIAN_POINT('',(-7.92,-1.94,8.2));
#2049 = VECTOR('',#2050,1.);
#2050 = DIRECTION('',(-1.110223024625E-16,-1.,0.));
#2051 = PLANE('',#2052);
#2052 = AXIS2_PLACEMENT_3D('',#2053,#2054,#2055);
#2053 = CARTESIAN_POINT('',(-8.07,-1.94,8.35));
#2054 = DIRECTION('',(0.707106781187,-7.850462293414E-17,0.707106781187)
  );
#2055 = DIRECTION('',(-1.110223024625E-16,-1.,2.680278185005E-29));
#2056 = ADVANCED_FACE('',(#2057),#2068,.T.);
#2057 = FACE_BOUND('',#2058,.T.);
#2058 = EDGE_LOOP('',(#2059,#2060,#2061,#2062));
#2059 = ORIENTED_EDGE('',*,*,#2038,.F.);
#2060 = ORIENTED_EDGE('',*,*,#395,.T.);
#2061 = ORIENTED_EDGE('',*,*,#1981,.T.);
#2062 = ORIENTED_EDGE('',*,*,#2063,.F.);
#2063 = EDGE_CURVE('',#2039,#1982,#2064,.T.);
#2064 = LINE('',#2065,#2066);
#2065 = CARTESIAN_POINT('',(-8.22,-2.84,8.2));
#2066 = VECTOR('',#2067,1.);
#2067 = DIRECTION('',(1.,-1.110223024625E-16,0.));
#2068 = PLANE('',#2069);
#2069 = AXIS2_PLACEMENT_3D('',#2070,#2071,#2072);
#2070 = CARTESIAN_POINT('',(-8.22,-2.99,8.35));
#2071 = DIRECTION('',(7.850462293414E-17,0.707106781187,0.707106781187)
  );
#2072 = DIRECTION('',(1.,-1.110223024625E-16,2.680278185005E-29));
#2073 = ADVANCED_FACE('',(#2074),#2099,.T.);
#2074 = FACE_BOUND('',#2075,.T.);
#2075 = EDGE_LOOP('',(#2076,#2084,#2085,#2093));
#2076 = ORIENTED_EDGE('',*,*,#2077,.F.);
#2077 = EDGE_CURVE('',#420,#2078,#2080,.T.);
#2078 = VERTEX_POINT('',#2079);
#2079 = CARTESIAN_POINT('',(-7.32,-0.3,8.2));
#2080 = LINE('',#2081,#2082);
#2081 = CARTESIAN_POINT('',(-7.32,-0.3,8.2));
#2082 = VECTOR('',#2083,1.);
#2083 = DIRECTION('',(-0.57735026919,0.57735026919,-0.57735026919));
#2084 = ORIENTED_EDGE('',*,*,#419,.T.);
#2085 = ORIENTED_EDGE('',*,*,#2086,.T.);
#2086 = EDGE_CURVE('',#422,#2087,#2089,.T.);
#2087 = VERTEX_POINT('',#2088);
#2088 = CARTESIAN_POINT('',(-7.32,0.3,8.2));
#2089 = LINE('',#2090,#2091);
#2090 = CARTESIAN_POINT('',(-7.32,0.3,8.2));
#2091 = VECTOR('',#2092,1.);
#2092 = DIRECTION('',(-0.57735026919,-0.57735026919,-0.57735026919));
#2093 = ORIENTED_EDGE('',*,*,#2094,.F.);
#2094 = EDGE_CURVE('',#2078,#2087,#2095,.T.);
#2095 = LINE('',#2096,#2097);
#2096 = CARTESIAN_POINT('',(-7.32,-0.6,8.2));
#2097 = VECTOR('',#2098,1.);
#2098 = DIRECTION('',(1.110223024625E-16,1.,0.));
#2099 = PLANE('',#2100);
#2100 = AXIS2_PLACEMENT_3D('',#2101,#2102,#2103);
#2101 = CARTESIAN_POINT('',(-7.17,-0.6,8.35));
#2102 = DIRECTION('',(-0.707106781187,7.850462293414E-17,0.707106781187)
  );
#2103 = DIRECTION('',(1.110223024625E-16,1.,2.680278185005E-29));
#2104 = ADVANCED_FACE('',(#2105),#2123,.T.);
#2105 = FACE_BOUND('',#2106,.T.);
#2106 = EDGE_LOOP('',(#2107,#2108,#2109,#2117));
#2107 = ORIENTED_EDGE('',*,*,#2086,.F.);
#2108 = ORIENTED_EDGE('',*,*,#445,.T.);
#2109 = ORIENTED_EDGE('',*,*,#2110,.T.);
#2110 = EDGE_CURVE('',#438,#2111,#2113,.T.);
#2111 = VERTEX_POINT('',#2112);
#2112 = CARTESIAN_POINT('',(-7.92,0.3,8.2));
#2113 = LINE('',#2114,#2115);
#2114 = CARTESIAN_POINT('',(-7.92,0.3,8.2));
#2115 = VECTOR('',#2116,1.);
#2116 = DIRECTION('',(0.57735026919,-0.57735026919,-0.57735026919));
#2117 = ORIENTED_EDGE('',*,*,#2118,.F.);
#2118 = EDGE_CURVE('',#2087,#2111,#2119,.T.);
#2119 = LINE('',#2120,#2121);
#2120 = CARTESIAN_POINT('',(-7.02,0.3,8.2));
#2121 = VECTOR('',#2122,1.);
#2122 = DIRECTION('',(-1.,1.110223024625E-16,0.));
#2123 = PLANE('',#2124);
#2124 = AXIS2_PLACEMENT_3D('',#2125,#2126,#2127);
#2125 = CARTESIAN_POINT('',(-7.02,0.45,8.35));
#2126 = DIRECTION('',(-7.850462293414E-17,-0.707106781187,0.707106781187
    ));
#2127 = DIRECTION('',(-1.,1.110223024625E-16,2.680278185005E-29));
#2128 = ADVANCED_FACE('',(#2129),#2147,.T.);
#2129 = FACE_BOUND('',#2130,.T.);
#2130 = EDGE_LOOP('',(#2131,#2132,#2133,#2141));
#2131 = ORIENTED_EDGE('',*,*,#2110,.F.);
#2132 = ORIENTED_EDGE('',*,*,#437,.T.);
#2133 = ORIENTED_EDGE('',*,*,#2134,.T.);
#2134 = EDGE_CURVE('',#430,#2135,#2137,.T.);
#2135 = VERTEX_POINT('',#2136);
#2136 = CARTESIAN_POINT('',(-7.92,-0.3,8.2));
#2137 = LINE('',#2138,#2139);
#2138 = CARTESIAN_POINT('',(-7.92,-0.3,8.2));
#2139 = VECTOR('',#2140,1.);
#2140 = DIRECTION('',(0.57735026919,0.57735026919,-0.57735026919));
#2141 = ORIENTED_EDGE('',*,*,#2142,.F.);
#2142 = EDGE_CURVE('',#2111,#2135,#2143,.T.);
#2143 = LINE('',#2144,#2145);
#2144 = CARTESIAN_POINT('',(-7.92,0.6,8.2));
#2145 = VECTOR('',#2146,1.);
#2146 = DIRECTION('',(-1.110223024625E-16,-1.,0.));
#2147 = PLANE('',#2148);
#2148 = AXIS2_PLACEMENT_3D('',#2149,#2150,#2151);
#2149 = CARTESIAN_POINT('',(-8.07,0.6,8.35));
#2150 = DIRECTION('',(0.707106781187,-7.850462293414E-17,0.707106781187)
  );
#2151 = DIRECTION('',(-1.110223024625E-16,-1.,2.680278185005E-29));
#2152 = ADVANCED_FACE('',(#2153),#2164,.T.);
#2153 = FACE_BOUND('',#2154,.T.);
#2154 = EDGE_LOOP('',(#2155,#2156,#2157,#2158));
#2155 = ORIENTED_EDGE('',*,*,#2134,.F.);
#2156 = ORIENTED_EDGE('',*,*,#429,.T.);
#2157 = ORIENTED_EDGE('',*,*,#2077,.T.);
#2158 = ORIENTED_EDGE('',*,*,#2159,.F.);
#2159 = EDGE_CURVE('',#2135,#2078,#2160,.T.);
#2160 = LINE('',#2161,#2162);
#2161 = CARTESIAN_POINT('',(-8.22,-0.3,8.2));
#2162 = VECTOR('',#2163,1.);
#2163 = DIRECTION('',(1.,-1.110223024625E-16,0.));
#2164 = PLANE('',#2165);
#2165 = AXIS2_PLACEMENT_3D('',#2166,#2167,#2168);
#2166 = CARTESIAN_POINT('',(-8.22,-0.45,8.35));
#2167 = DIRECTION('',(7.850462293414E-17,0.707106781187,0.707106781187)
  );
#2168 = DIRECTION('',(1.,-1.110223024625E-16,2.680278185005E-29));
#2169 = ADVANCED_FACE('',(#2170),#2195,.T.);
#2170 = FACE_BOUND('',#2171,.T.);
#2171 = EDGE_LOOP('',(#2172,#2180,#2181,#2189));
#2172 = ORIENTED_EDGE('',*,*,#2173,.F.);
#2173 = EDGE_CURVE('',#454,#2174,#2176,.T.);
#2174 = VERTEX_POINT('',#2175);
#2175 = CARTESIAN_POINT('',(-7.32,2.24,8.2));
#2176 = LINE('',#2177,#2178);
#2177 = CARTESIAN_POINT('',(-7.32,2.24,8.2));
#2178 = VECTOR('',#2179,1.);
#2179 = DIRECTION('',(-0.57735026919,0.57735026919,-0.57735026919));
#2180 = ORIENTED_EDGE('',*,*,#453,.T.);
#2181 = ORIENTED_EDGE('',*,*,#2182,.T.);
#2182 = EDGE_CURVE('',#456,#2183,#2185,.T.);
#2183 = VERTEX_POINT('',#2184);
#2184 = CARTESIAN_POINT('',(-7.32,2.84,8.2));
#2185 = LINE('',#2186,#2187);
#2186 = CARTESIAN_POINT('',(-7.32,2.84,8.2));
#2187 = VECTOR('',#2188,1.);
#2188 = DIRECTION('',(-0.57735026919,-0.57735026919,-0.57735026919));
#2189 = ORIENTED_EDGE('',*,*,#2190,.F.);
#2190 = EDGE_CURVE('',#2174,#2183,#2191,.T.);
#2191 = LINE('',#2192,#2193);
#2192 = CARTESIAN_POINT('',(-7.32,1.94,8.2));
#2193 = VECTOR('',#2194,1.);
#2194 = DIRECTION('',(1.110223024625E-16,1.,0.));
#2195 = PLANE('',#2196);
#2196 = AXIS2_PLACEMENT_3D('',#2197,#2198,#2199);
#2197 = CARTESIAN_POINT('',(-7.17,1.94,8.35));
#2198 = DIRECTION('',(-0.707106781187,7.850462293414E-17,0.707106781187)
  );
#2199 = DIRECTION('',(1.110223024625E-16,1.,2.680278185005E-29));
#2200 = ADVANCED_FACE('',(#2201),#2219,.T.);
#2201 = FACE_BOUND('',#2202,.T.);
#2202 = EDGE_LOOP('',(#2203,#2204,#2205,#2213));
#2203 = ORIENTED_EDGE('',*,*,#2182,.F.);
#2204 = ORIENTED_EDGE('',*,*,#479,.T.);
#2205 = ORIENTED_EDGE('',*,*,#2206,.T.);
#2206 = EDGE_CURVE('',#472,#2207,#2209,.T.);
#2207 = VERTEX_POINT('',#2208);
#2208 = CARTESIAN_POINT('',(-7.92,2.84,8.2));
#2209 = LINE('',#2210,#2211);
#2210 = CARTESIAN_POINT('',(-7.92,2.84,8.2));
#2211 = VECTOR('',#2212,1.);
#2212 = DIRECTION('',(0.57735026919,-0.57735026919,-0.57735026919));
#2213 = ORIENTED_EDGE('',*,*,#2214,.F.);
#2214 = EDGE_CURVE('',#2183,#2207,#2215,.T.);
#2215 = LINE('',#2216,#2217);
#2216 = CARTESIAN_POINT('',(-7.02,2.84,8.2));
#2217 = VECTOR('',#2218,1.);
#2218 = DIRECTION('',(-1.,1.110223024625E-16,0.));
#2219 = PLANE('',#2220);
#2220 = AXIS2_PLACEMENT_3D('',#2221,#2222,#2223);
#2221 = CARTESIAN_POINT('',(-7.02,2.99,8.35));
#2222 = DIRECTION('',(-7.850462293414E-17,-0.707106781187,0.707106781187
    ));
#2223 = DIRECTION('',(-1.,1.110223024625E-16,2.680278185005E-29));
#2224 = ADVANCED_FACE('',(#2225),#2243,.T.);
#2225 = FACE_BOUND('',#2226,.T.);
#2226 = EDGE_LOOP('',(#2227,#2228,#2229,#2237));
#2227 = ORIENTED_EDGE('',*,*,#2206,.F.);
#2228 = ORIENTED_EDGE('',*,*,#471,.T.);
#2229 = ORIENTED_EDGE('',*,*,#2230,.T.);
#2230 = EDGE_CURVE('',#464,#2231,#2233,.T.);
#2231 = VERTEX_POINT('',#2232);
#2232 = CARTESIAN_POINT('',(-7.92,2.24,8.2));
#2233 = LINE('',#2234,#2235);
#2234 = CARTESIAN_POINT('',(-7.92,2.24,8.2));
#2235 = VECTOR('',#2236,1.);
#2236 = DIRECTION('',(0.57735026919,0.57735026919,-0.57735026919));
#2237 = ORIENTED_EDGE('',*,*,#2238,.F.);
#2238 = EDGE_CURVE('',#2207,#2231,#2239,.T.);
#2239 = LINE('',#2240,#2241);
#2240 = CARTESIAN_POINT('',(-7.92,3.14,8.2));
#2241 = VECTOR('',#2242,1.);
#2242 = DIRECTION('',(-1.110223024625E-16,-1.,0.));
#2243 = PLANE('',#2244);
#2244 = AXIS2_PLACEMENT_3D('',#2245,#2246,#2247);
#2245 = CARTESIAN_POINT('',(-8.07,3.14,8.35));
#2246 = DIRECTION('',(0.707106781187,-7.850462293414E-17,0.707106781187)
  );
#2247 = DIRECTION('',(-1.110223024625E-16,-1.,2.680278185005E-29));
#2248 = ADVANCED_FACE('',(#2249),#2260,.T.);
#2249 = FACE_BOUND('',#2250,.T.);
#2250 = EDGE_LOOP('',(#2251,#2252,#2253,#2254));
#2251 = ORIENTED_EDGE('',*,*,#2230,.F.);
#2252 = ORIENTED_EDGE('',*,*,#463,.T.);
#2253 = ORIENTED_EDGE('',*,*,#2173,.T.);
#2254 = ORIENTED_EDGE('',*,*,#2255,.F.);
#2255 = EDGE_CURVE('',#2231,#2174,#2256,.T.);
#2256 = LINE('',#2257,#2258);
#2257 = CARTESIAN_POINT('',(-8.22,2.24,8.2));
#2258 = VECTOR('',#2259,1.);
#2259 = DIRECTION('',(1.,-1.110223024625E-16,0.));
#2260 = PLANE('',#2261);
#2261 = AXIS2_PLACEMENT_3D('',#2262,#2263,#2264);
#2262 = CARTESIAN_POINT('',(-8.22,2.09,8.35));
#2263 = DIRECTION('',(7.850462293414E-17,0.707106781187,0.707106781187)
  );
#2264 = DIRECTION('',(1.,-1.110223024625E-16,2.680278185005E-29));
#2265 = ADVANCED_FACE('',(#2266),#2291,.T.);
#2266 = FACE_BOUND('',#2267,.T.);
#2267 = EDGE_LOOP('',(#2268,#2276,#2277,#2285));
#2268 = ORIENTED_EDGE('',*,*,#2269,.F.);
#2269 = EDGE_CURVE('',#488,#2270,#2272,.T.);
#2270 = VERTEX_POINT('',#2271);
#2271 = CARTESIAN_POINT('',(-7.32,4.78,8.2));
#2272 = LINE('',#2273,#2274);
#2273 = CARTESIAN_POINT('',(-7.32,4.78,8.2));
#2274 = VECTOR('',#2275,1.);
#2275 = DIRECTION('',(-0.57735026919,0.57735026919,-0.57735026919));
#2276 = ORIENTED_EDGE('',*,*,#487,.T.);
#2277 = ORIENTED_EDGE('',*,*,#2278,.T.);
#2278 = EDGE_CURVE('',#490,#2279,#2281,.T.);
#2279 = VERTEX_POINT('',#2280);
#2280 = CARTESIAN_POINT('',(-7.32,5.38,8.2));
#2281 = LINE('',#2282,#2283);
#2282 = CARTESIAN_POINT('',(-7.32,5.38,8.2));
#2283 = VECTOR('',#2284,1.);
#2284 = DIRECTION('',(-0.57735026919,-0.57735026919,-0.57735026919));
#2285 = ORIENTED_EDGE('',*,*,#2286,.F.);
#2286 = EDGE_CURVE('',#2270,#2279,#2287,.T.);
#2287 = LINE('',#2288,#2289);
#2288 = CARTESIAN_POINT('',(-7.32,4.48,8.2));
#2289 = VECTOR('',#2290,1.);
#2290 = DIRECTION('',(1.110223024625E-16,1.,0.));
#2291 = PLANE('',#2292);
#2292 = AXIS2_PLACEMENT_3D('',#2293,#2294,#2295);
#2293 = CARTESIAN_POINT('',(-7.17,4.48,8.35));
#2294 = DIRECTION('',(-0.707106781187,7.850462293414E-17,0.707106781187)
  );
#2295 = DIRECTION('',(1.110223024625E-16,1.,2.680278185005E-29));
#2296 = ADVANCED_FACE('',(#2297),#2315,.T.);
#2297 = FACE_BOUND('',#2298,.T.);
#2298 = EDGE_LOOP('',(#2299,#2300,#2301,#2309));
#2299 = ORIENTED_EDGE('',*,*,#2278,.F.);
#2300 = ORIENTED_EDGE('',*,*,#513,.T.);
#2301 = ORIENTED_EDGE('',*,*,#2302,.T.);
#2302 = EDGE_CURVE('',#506,#2303,#2305,.T.);
#2303 = VERTEX_POINT('',#2304);
#2304 = CARTESIAN_POINT('',(-7.92,5.38,8.2));
#2305 = LINE('',#2306,#2307);
#2306 = CARTESIAN_POINT('',(-7.92,5.38,8.2));
#2307 = VECTOR('',#2308,1.);
#2308 = DIRECTION('',(0.57735026919,-0.57735026919,-0.57735026919));
#2309 = ORIENTED_EDGE('',*,*,#2310,.F.);
#2310 = EDGE_CURVE('',#2279,#2303,#2311,.T.);
#2311 = LINE('',#2312,#2313);
#2312 = CARTESIAN_POINT('',(-7.02,5.38,8.2));
#2313 = VECTOR('',#2314,1.);
#2314 = DIRECTION('',(-1.,1.110223024625E-16,0.));
#2315 = PLANE('',#2316);
#2316 = AXIS2_PLACEMENT_3D('',#2317,#2318,#2319);
#2317 = CARTESIAN_POINT('',(-7.02,5.53,8.35));
#2318 = DIRECTION('',(-7.850462293414E-17,-0.707106781187,0.707106781187
    ));
#2319 = DIRECTION('',(-1.,1.110223024625E-16,2.680278185005E-29));
#2320 = ADVANCED_FACE('',(#2321),#2339,.T.);
#2321 = FACE_BOUND('',#2322,.T.);
#2322 = EDGE_LOOP('',(#2323,#2324,#2325,#2333));
#2323 = ORIENTED_EDGE('',*,*,#2302,.F.);
#2324 = ORIENTED_EDGE('',*,*,#505,.T.);
#2325 = ORIENTED_EDGE('',*,*,#2326,.T.);
#2326 = EDGE_CURVE('',#498,#2327,#2329,.T.);
#2327 = VERTEX_POINT('',#2328);
#2328 = CARTESIAN_POINT('',(-7.92,4.78,8.2));
#2329 = LINE('',#2330,#2331);
#2330 = CARTESIAN_POINT('',(-7.92,4.78,8.2));
#2331 = VECTOR('',#2332,1.);
#2332 = DIRECTION('',(0.57735026919,0.57735026919,-0.57735026919));
#2333 = ORIENTED_EDGE('',*,*,#2334,.F.);
#2334 = EDGE_CURVE('',#2303,#2327,#2335,.T.);
#2335 = LINE('',#2336,#2337);
#2336 = CARTESIAN_POINT('',(-7.92,5.68,8.2));
#2337 = VECTOR('',#2338,1.);
#2338 = DIRECTION('',(-1.110223024625E-16,-1.,0.));
#2339 = PLANE('',#2340);
#2340 = AXIS2_PLACEMENT_3D('',#2341,#2342,#2343);
#2341 = CARTESIAN_POINT('',(-8.07,5.68,8.35));
#2342 = DIRECTION('',(0.707106781187,-7.850462293414E-17,0.707106781187)
  );
#2343 = DIRECTION('',(-1.110223024625E-16,-1.,2.680278185005E-29));
#2344 = ADVANCED_FACE('',(#2345),#2356,.T.);
#2345 = FACE_BOUND('',#2346,.T.);
#2346 = EDGE_LOOP('',(#2347,#2348,#2349,#2350));
#2347 = ORIENTED_EDGE('',*,*,#2326,.F.);
#2348 = ORIENTED_EDGE('',*,*,#497,.T.);
#2349 = ORIENTED_EDGE('',*,*,#2269,.T.);
#2350 = ORIENTED_EDGE('',*,*,#2351,.F.);
#2351 = EDGE_CURVE('',#2327,#2270,#2352,.T.);
#2352 = LINE('',#2353,#2354);
#2353 = CARTESIAN_POINT('',(-8.22,4.78,8.2));
#2354 = VECTOR('',#2355,1.);
#2355 = DIRECTION('',(1.,-1.110223024625E-16,0.));
#2356 = PLANE('',#2357);
#2357 = AXIS2_PLACEMENT_3D('',#2358,#2359,#2360);
#2358 = CARTESIAN_POINT('',(-8.22,4.63,8.35));
#2359 = DIRECTION('',(7.850462293414E-17,0.707106781187,0.707106781187)
  );
#2360 = DIRECTION('',(1.,-1.110223024625E-16,2.680278185005E-29));
#2361 = ADVANCED_FACE('',(#2362),#2387,.T.);
#2362 = FACE_BOUND('',#2363,.T.);
#2363 = EDGE_LOOP('',(#2364,#2372,#2373,#2381));
#2364 = ORIENTED_EDGE('',*,*,#2365,.F.);
#2365 = EDGE_CURVE('',#522,#2366,#2368,.T.);
#2366 = VERTEX_POINT('',#2367);
#2367 = CARTESIAN_POINT('',(-7.32,7.32,8.2));
#2368 = LINE('',#2369,#2370);
#2369 = CARTESIAN_POINT('',(-7.32,7.32,8.2));
#2370 = VECTOR('',#2371,1.);
#2371 = DIRECTION('',(-0.57735026919,0.57735026919,-0.57735026919));
#2372 = ORIENTED_EDGE('',*,*,#521,.T.);
#2373 = ORIENTED_EDGE('',*,*,#2374,.T.);
#2374 = EDGE_CURVE('',#524,#2375,#2377,.T.);
#2375 = VERTEX_POINT('',#2376);
#2376 = CARTESIAN_POINT('',(-7.32,7.92,8.2));
#2377 = LINE('',#2378,#2379);
#2378 = CARTESIAN_POINT('',(-7.32,7.92,8.2));
#2379 = VECTOR('',#2380,1.);
#2380 = DIRECTION('',(-0.57735026919,-0.57735026919,-0.57735026919));
#2381 = ORIENTED_EDGE('',*,*,#2382,.F.);
#2382 = EDGE_CURVE('',#2366,#2375,#2383,.T.);
#2383 = LINE('',#2384,#2385);
#2384 = CARTESIAN_POINT('',(-7.32,7.02,8.2));
#2385 = VECTOR('',#2386,1.);
#2386 = DIRECTION('',(1.110223024625E-16,1.,0.));
#2387 = PLANE('',#2388);
#2388 = AXIS2_PLACEMENT_3D('',#2389,#2390,#2391);
#2389 = CARTESIAN_POINT('',(-7.17,7.02,8.35));
#2390 = DIRECTION('',(-0.707106781187,7.850462293414E-17,0.707106781187)
  );
#2391 = DIRECTION('',(1.110223024625E-16,1.,2.680278185005E-29));
#2392 = ADVANCED_FACE('',(#2393),#2411,.T.);
#2393 = FACE_BOUND('',#2394,.T.);
#2394 = EDGE_LOOP('',(#2395,#2396,#2397,#2405));
#2395 = ORIENTED_EDGE('',*,*,#2374,.F.);
#2396 = ORIENTED_EDGE('',*,*,#547,.T.);
#2397 = ORIENTED_EDGE('',*,*,#2398,.T.);
#2398 = EDGE_CURVE('',#540,#2399,#2401,.T.);
#2399 = VERTEX_POINT('',#2400);
#2400 = CARTESIAN_POINT('',(-7.92,7.92,8.2));
#2401 = LINE('',#2402,#2403);
#2402 = CARTESIAN_POINT('',(-7.92,7.92,8.2));
#2403 = VECTOR('',#2404,1.);
#2404 = DIRECTION('',(0.57735026919,-0.57735026919,-0.57735026919));
#2405 = ORIENTED_EDGE('',*,*,#2406,.F.);
#2406 = EDGE_CURVE('',#2375,#2399,#2407,.T.);
#2407 = LINE('',#2408,#2409);
#2408 = CARTESIAN_POINT('',(-7.02,7.92,8.2));
#2409 = VECTOR('',#2410,1.);
#2410 = DIRECTION('',(-1.,1.110223024625E-16,0.));
#2411 = PLANE('',#2412);
#2412 = AXIS2_PLACEMENT_3D('',#2413,#2414,#2415);
#2413 = CARTESIAN_POINT('',(-7.02,8.07,8.35));
#2414 = DIRECTION('',(-7.850462293414E-17,-0.707106781187,0.707106781187
    ));
#2415 = DIRECTION('',(-1.,1.110223024625E-16,2.680278185005E-29));
#2416 = ADVANCED_FACE('',(#2417),#2435,.T.);
#2417 = FACE_BOUND('',#2418,.T.);
#2418 = EDGE_LOOP('',(#2419,#2420,#2421,#2429));
#2419 = ORIENTED_EDGE('',*,*,#2398,.F.);
#2420 = ORIENTED_EDGE('',*,*,#539,.T.);
#2421 = ORIENTED_EDGE('',*,*,#2422,.T.);
#2422 = EDGE_CURVE('',#532,#2423,#2425,.T.);
#2423 = VERTEX_POINT('',#2424);
#2424 = CARTESIAN_POINT('',(-7.92,7.32,8.2));
#2425 = LINE('',#2426,#2427);
#2426 = CARTESIAN_POINT('',(-7.92,7.32,8.2));
#2427 = VECTOR('',#2428,1.);
#2428 = DIRECTION('',(0.57735026919,0.57735026919,-0.57735026919));
#2429 = ORIENTED_EDGE('',*,*,#2430,.F.);
#2430 = EDGE_CURVE('',#2399,#2423,#2431,.T.);
#2431 = LINE('',#2432,#2433);
#2432 = CARTESIAN_POINT('',(-7.92,8.22,8.2));
#2433 = VECTOR('',#2434,1.);
#2434 = DIRECTION('',(-1.110223024625E-16,-1.,0.));
#2435 = PLANE('',#2436);
#2436 = AXIS2_PLACEMENT_3D('',#2437,#2438,#2439);
#2437 = CARTESIAN_POINT('',(-8.07,8.22,8.35));
#2438 = DIRECTION('',(0.707106781187,-7.850462293414E-17,0.707106781187)
  );
#2439 = DIRECTION('',(-1.110223024625E-16,-1.,2.680278185005E-29));
#2440 = ADVANCED_FACE('',(#2441),#2452,.T.);
#2441 = FACE_BOUND('',#2442,.T.);
#2442 = EDGE_LOOP('',(#2443,#2444,#2445,#2446));
#2443 = ORIENTED_EDGE('',*,*,#2422,.F.);
#2444 = ORIENTED_EDGE('',*,*,#531,.T.);
#2445 = ORIENTED_EDGE('',*,*,#2365,.T.);
#2446 = ORIENTED_EDGE('',*,*,#2447,.F.);
#2447 = EDGE_CURVE('',#2423,#2366,#2448,.T.);
#2448 = LINE('',#2449,#2450);
#2449 = CARTESIAN_POINT('',(-8.22,7.32,8.2));
#2450 = VECTOR('',#2451,1.);
#2451 = DIRECTION('',(1.,-1.110223024625E-16,0.));
#2452 = PLANE('',#2453);
#2453 = AXIS2_PLACEMENT_3D('',#2454,#2455,#2456);
#2454 = CARTESIAN_POINT('',(-8.22,7.17,8.35));
#2455 = DIRECTION('',(7.850462293414E-17,0.707106781187,0.707106781187)
  );
#2456 = DIRECTION('',(1.,-1.110223024625E-16,2.680278185005E-29));
#2457 = ADVANCED_FACE('',(#2458),#2483,.T.);
#2458 = FACE_BOUND('',#2459,.T.);
#2459 = EDGE_LOOP('',(#2460,#2468,#2469,#2477));
#2460 = ORIENTED_EDGE('',*,*,#2461,.F.);
#2461 = EDGE_CURVE('',#556,#2462,#2464,.T.);
#2462 = VERTEX_POINT('',#2463);
#2463 = CARTESIAN_POINT('',(-7.32,9.86,8.2));
#2464 = LINE('',#2465,#2466);
#2465 = CARTESIAN_POINT('',(-7.32,9.86,8.2));
#2466 = VECTOR('',#2467,1.);
#2467 = DIRECTION('',(-0.57735026919,0.57735026919,-0.57735026919));
#2468 = ORIENTED_EDGE('',*,*,#555,.T.);
#2469 = ORIENTED_EDGE('',*,*,#2470,.T.);
#2470 = EDGE_CURVE('',#558,#2471,#2473,.T.);
#2471 = VERTEX_POINT('',#2472);
#2472 = CARTESIAN_POINT('',(-7.32,10.46,8.2));
#2473 = LINE('',#2474,#2475);
#2474 = CARTESIAN_POINT('',(-7.32,10.46,8.2));
#2475 = VECTOR('',#2476,1.);
#2476 = DIRECTION('',(-0.57735026919,-0.57735026919,-0.57735026919));
#2477 = ORIENTED_EDGE('',*,*,#2478,.F.);
#2478 = EDGE_CURVE('',#2462,#2471,#2479,.T.);
#2479 = LINE('',#2480,#2481);
#2480 = CARTESIAN_POINT('',(-7.32,9.56,8.2));
#2481 = VECTOR('',#2482,1.);
#2482 = DIRECTION('',(1.110223024625E-16,1.,0.));
#2483 = PLANE('',#2484);
#2484 = AXIS2_PLACEMENT_3D('',#2485,#2486,#2487);
#2485 = CARTESIAN_POINT('',(-7.17,9.56,8.35));
#2486 = DIRECTION('',(-0.707106781187,7.850462293414E-17,0.707106781187)
  );
#2487 = DIRECTION('',(1.110223024625E-16,1.,2.680278185005E-29));
#2488 = ADVANCED_FACE('',(#2489),#2507,.T.);
#2489 = FACE_BOUND('',#2490,.T.);
#2490 = EDGE_LOOP('',(#2491,#2492,#2493,#2501));
#2491 = ORIENTED_EDGE('',*,*,#2470,.F.);
#2492 = ORIENTED_EDGE('',*,*,#581,.T.);
#2493 = ORIENTED_EDGE('',*,*,#2494,.T.);
#2494 = EDGE_CURVE('',#574,#2495,#2497,.T.);
#2495 = VERTEX_POINT('',#2496);
#2496 = CARTESIAN_POINT('',(-7.92,10.46,8.2));
#2497 = LINE('',#2498,#2499);
#2498 = CARTESIAN_POINT('',(-7.92,10.46,8.2));
#2499 = VECTOR('',#2500,1.);
#2500 = DIRECTION('',(0.57735026919,-0.57735026919,-0.57735026919));
#2501 = ORIENTED_EDGE('',*,*,#2502,.F.);
#2502 = EDGE_CURVE('',#2471,#2495,#2503,.T.);
#2503 = LINE('',#2504,#2505);
#2504 = CARTESIAN_POINT('',(-7.02,10.46,8.2));
#2505 = VECTOR('',#2506,1.);
#2506 = DIRECTION('',(-1.,1.110223024625E-16,0.));
#2507 = PLANE('',#2508);
#2508 = AXIS2_PLACEMENT_3D('',#2509,#2510,#2511);
#2509 = CARTESIAN_POINT('',(-7.02,10.61,8.35));
#2510 = DIRECTION('',(-7.850462293414E-17,-0.707106781187,0.707106781187
    ));
#2511 = DIRECTION('',(-1.,1.110223024625E-16,2.680278185005E-29));
#2512 = ADVANCED_FACE('',(#2513),#2531,.T.);
#2513 = FACE_BOUND('',#2514,.T.);
#2514 = EDGE_LOOP('',(#2515,#2516,#2517,#2525));
#2515 = ORIENTED_EDGE('',*,*,#2494,.F.);
#2516 = ORIENTED_EDGE('',*,*,#573,.T.);
#2517 = ORIENTED_EDGE('',*,*,#2518,.T.);
#2518 = EDGE_CURVE('',#566,#2519,#2521,.T.);
#2519 = VERTEX_POINT('',#2520);
#2520 = CARTESIAN_POINT('',(-7.92,9.86,8.2));
#2521 = LINE('',#2522,#2523);
#2522 = CARTESIAN_POINT('',(-7.92,9.86,8.2));
#2523 = VECTOR('',#2524,1.);
#2524 = DIRECTION('',(0.57735026919,0.57735026919,-0.57735026919));
#2525 = ORIENTED_EDGE('',*,*,#2526,.F.);
#2526 = EDGE_CURVE('',#2495,#2519,#2527,.T.);
#2527 = LINE('',#2528,#2529);
#2528 = CARTESIAN_POINT('',(-7.92,10.76,8.2));
#2529 = VECTOR('',#2530,1.);
#2530 = DIRECTION('',(-1.110223024625E-16,-1.,0.));
#2531 = PLANE('',#2532);
#2532 = AXIS2_PLACEMENT_3D('',#2533,#2534,#2535);
#2533 = CARTESIAN_POINT('',(-8.07,10.76,8.35));
#2534 = DIRECTION('',(0.707106781187,-7.850462293414E-17,0.707106781187)
  );
#2535 = DIRECTION('',(-1.110223024625E-16,-1.,2.680278185005E-29));
#2536 = ADVANCED_FACE('',(#2537),#2548,.T.);
#2537 = FACE_BOUND('',#2538,.T.);
#2538 = EDGE_LOOP('',(#2539,#2540,#2541,#2542));
#2539 = ORIENTED_EDGE('',*,*,#2518,.F.);
#2540 = ORIENTED_EDGE('',*,*,#565,.T.);
#2541 = ORIENTED_EDGE('',*,*,#2461,.T.);
#2542 = ORIENTED_EDGE('',*,*,#2543,.F.);
#2543 = EDGE_CURVE('',#2519,#2462,#2544,.T.);
#2544 = LINE('',#2545,#2546);
#2545 = CARTESIAN_POINT('',(-8.22,9.86,8.2));
#2546 = VECTOR('',#2547,1.);
#2547 = DIRECTION('',(1.,-1.110223024625E-16,0.));
#2548 = PLANE('',#2549);
#2549 = AXIS2_PLACEMENT_3D('',#2550,#2551,#2552);
#2550 = CARTESIAN_POINT('',(-8.22,9.71,8.35));
#2551 = DIRECTION('',(7.850462293414E-17,0.707106781187,0.707106781187)
  );
#2552 = DIRECTION('',(1.,-1.110223024625E-16,2.680278185005E-29));
#2553 = ADVANCED_FACE('',(#2554),#2579,.T.);
#2554 = FACE_BOUND('',#2555,.T.);
#2555 = EDGE_LOOP('',(#2556,#2564,#2565,#2573));
#2556 = ORIENTED_EDGE('',*,*,#2557,.F.);
#2557 = EDGE_CURVE('',#590,#2558,#2560,.T.);
#2558 = VERTEX_POINT('',#2559);
#2559 = CARTESIAN_POINT('',(-7.32,12.4,8.2));
#2560 = LINE('',#2561,#2562);
#2561 = CARTESIAN_POINT('',(-7.32,12.4,8.2));
#2562 = VECTOR('',#2563,1.);
#2563 = DIRECTION('',(-0.57735026919,0.57735026919,-0.57735026919));
#2564 = ORIENTED_EDGE('',*,*,#589,.T.);
#2565 = ORIENTED_EDGE('',*,*,#2566,.T.);
#2566 = EDGE_CURVE('',#592,#2567,#2569,.T.);
#2567 = VERTEX_POINT('',#2568);
#2568 = CARTESIAN_POINT('',(-7.32,13.,8.2));
#2569 = LINE('',#2570,#2571);
#2570 = CARTESIAN_POINT('',(-7.32,13.,8.2));
#2571 = VECTOR('',#2572,1.);
#2572 = DIRECTION('',(-0.57735026919,-0.57735026919,-0.57735026919));
#2573 = ORIENTED_EDGE('',*,*,#2574,.F.);
#2574 = EDGE_CURVE('',#2558,#2567,#2575,.T.);
#2575 = LINE('',#2576,#2577);
#2576 = CARTESIAN_POINT('',(-7.32,12.1,8.2));
#2577 = VECTOR('',#2578,1.);
#2578 = DIRECTION('',(1.110223024625E-16,1.,0.));
#2579 = PLANE('',#2580);
#2580 = AXIS2_PLACEMENT_3D('',#2581,#2582,#2583);
#2581 = CARTESIAN_POINT('',(-7.17,12.1,8.35));
#2582 = DIRECTION('',(-0.707106781187,7.850462293414E-17,0.707106781187)
  );
#2583 = DIRECTION('',(1.110223024625E-16,1.,2.680278185005E-29));
#2584 = ADVANCED_FACE('',(#2585),#2603,.T.);
#2585 = FACE_BOUND('',#2586,.T.);
#2586 = EDGE_LOOP('',(#2587,#2588,#2589,#2597));
#2587 = ORIENTED_EDGE('',*,*,#2566,.F.);
#2588 = ORIENTED_EDGE('',*,*,#615,.T.);
#2589 = ORIENTED_EDGE('',*,*,#2590,.T.);
#2590 = EDGE_CURVE('',#608,#2591,#2593,.T.);
#2591 = VERTEX_POINT('',#2592);
#2592 = CARTESIAN_POINT('',(-7.92,13.,8.2));
#2593 = LINE('',#2594,#2595);
#2594 = CARTESIAN_POINT('',(-7.92,13.,8.2));
#2595 = VECTOR('',#2596,1.);
#2596 = DIRECTION('',(0.57735026919,-0.57735026919,-0.57735026919));
#2597 = ORIENTED_EDGE('',*,*,#2598,.F.);
#2598 = EDGE_CURVE('',#2567,#2591,#2599,.T.);
#2599 = LINE('',#2600,#2601);
#2600 = CARTESIAN_POINT('',(-7.02,13.,8.2));
#2601 = VECTOR('',#2602,1.);
#2602 = DIRECTION('',(-1.,1.110223024625E-16,0.));
#2603 = PLANE('',#2604);
#2604 = AXIS2_PLACEMENT_3D('',#2605,#2606,#2607);
#2605 = CARTESIAN_POINT('',(-7.02,13.15,8.35));
#2606 = DIRECTION('',(-7.850462293414E-17,-0.707106781187,0.707106781187
    ));
#2607 = DIRECTION('',(-1.,1.110223024625E-16,2.680278185005E-29));
#2608 = ADVANCED_FACE('',(#2609),#2627,.T.);
#2609 = FACE_BOUND('',#2610,.T.);
#2610 = EDGE_LOOP('',(#2611,#2612,#2613,#2621));
#2611 = ORIENTED_EDGE('',*,*,#2590,.F.);
#2612 = ORIENTED_EDGE('',*,*,#607,.T.);
#2613 = ORIENTED_EDGE('',*,*,#2614,.T.);
#2614 = EDGE_CURVE('',#600,#2615,#2617,.T.);
#2615 = VERTEX_POINT('',#2616);
#2616 = CARTESIAN_POINT('',(-7.92,12.4,8.2));
#2617 = LINE('',#2618,#2619);
#2618 = CARTESIAN_POINT('',(-7.92,12.4,8.2));
#2619 = VECTOR('',#2620,1.);
#2620 = DIRECTION('',(0.57735026919,0.57735026919,-0.57735026919));
#2621 = ORIENTED_EDGE('',*,*,#2622,.F.);
#2622 = EDGE_CURVE('',#2591,#2615,#2623,.T.);
#2623 = LINE('',#2624,#2625);
#2624 = CARTESIAN_POINT('',(-7.92,13.3,8.2));
#2625 = VECTOR('',#2626,1.);
#2626 = DIRECTION('',(-1.110223024625E-16,-1.,0.));
#2627 = PLANE('',#2628);
#2628 = AXIS2_PLACEMENT_3D('',#2629,#2630,#2631);
#2629 = CARTESIAN_POINT('',(-8.07,13.3,8.35));
#2630 = DIRECTION('',(0.707106781187,-7.850462293414E-17,0.707106781187)
  );
#2631 = DIRECTION('',(-1.110223024625E-16,-1.,2.680278185005E-29));
#2632 = ADVANCED_FACE('',(#2633),#2644,.T.);
#2633 = FACE_BOUND('',#2634,.T.);
#2634 = EDGE_LOOP('',(#2635,#2636,#2637,#2638));
#2635 = ORIENTED_EDGE('',*,*,#2614,.F.);
#2636 = ORIENTED_EDGE('',*,*,#599,.T.);
#2637 = ORIENTED_EDGE('',*,*,#2557,.T.);
#2638 = ORIENTED_EDGE('',*,*,#2639,.F.);
#2639 = EDGE_CURVE('',#2615,#2558,#2640,.T.);
#2640 = LINE('',#2641,#2642);
#2641 = CARTESIAN_POINT('',(-8.22,12.4,8.2));
#2642 = VECTOR('',#2643,1.);
#2643 = DIRECTION('',(1.,-1.110223024625E-16,0.));
#2644 = PLANE('',#2645);
#2645 = AXIS2_PLACEMENT_3D('',#2646,#2647,#2648);
#2646 = CARTESIAN_POINT('',(-8.22,12.25,8.35));
#2647 = DIRECTION('',(7.850462293414E-17,0.707106781187,0.707106781187)
  );
#2648 = DIRECTION('',(1.,-1.110223024625E-16,2.680278185005E-29));
#2649 = ADVANCED_FACE('',(#2650),#2661,.T.);
#2650 = FACE_BOUND('',#2651,.T.);
#2651 = EDGE_LOOP('',(#2652,#2653,#2654,#2660));
#2652 = ORIENTED_EDGE('',*,*,#679,.F.);
#2653 = ORIENTED_EDGE('',*,*,#689,.T.);
#2654 = ORIENTED_EDGE('',*,*,#2655,.T.);
#2655 = EDGE_CURVE('',#690,#730,#2656,.T.);
#2656 = LINE('',#2657,#2658);
#2657 = CARTESIAN_POINT('',(-7.72,-15.54,0.2));
#2658 = VECTOR('',#2659,1.);
#2659 = DIRECTION('',(1.,-1.110223024625E-16,0.));
#2660 = ORIENTED_EDGE('',*,*,#737,.T.);
#2661 = PLANE('',#2662);
#2662 = AXIS2_PLACEMENT_3D('',#2663,#2664,#2665);
#2663 = CARTESIAN_POINT('',(-7.72,-15.54,0.2));
#2664 = DIRECTION('',(0.,-0.,-1.));
#2665 = DIRECTION('',(-1.110223024625E-16,-1.,0.));
#2666 = ADVANCED_FACE('',(#2667),#2708,.F.);
#2667 = FACE_BOUND('',#2668,.F.);
#2668 = EDGE_LOOP('',(#2669,#2677,#2678,#2686,#2694,#2702));
#2669 = ORIENTED_EDGE('',*,*,#2670,.T.);
#2670 = EDGE_CURVE('',#2671,#730,#2673,.T.);
#2671 = VERTEX_POINT('',#2672);
#2672 = CARTESIAN_POINT('',(-7.52,-15.54,-2.5));
#2673 = LINE('',#2674,#2675);
#2674 = CARTESIAN_POINT('',(-7.52,-15.54,-2.5));
#2675 = VECTOR('',#2676,1.);
#2676 = DIRECTION('',(0.,0.,1.));
#2677 = ORIENTED_EDGE('',*,*,#729,.F.);
#2678 = ORIENTED_EDGE('',*,*,#2679,.T.);
#2679 = EDGE_CURVE('',#722,#2680,#2682,.T.);
#2680 = VERTEX_POINT('',#2681);
#2681 = CARTESIAN_POINT('',(-7.52,-14.94,-2.5));
#2682 = LINE('',#2683,#2684);
#2683 = CARTESIAN_POINT('',(-7.52,-14.94,0.2));
#2684 = VECTOR('',#2685,1.);
#2685 = DIRECTION('',(0.,0.,-1.));
#2686 = ORIENTED_EDGE('',*,*,#2687,.T.);
#2687 = EDGE_CURVE('',#2680,#2688,#2690,.T.);
#2688 = VERTEX_POINT('',#2689);
#2689 = CARTESIAN_POINT('',(-7.52,-15.09,-3.1));
#2690 = LINE('',#2691,#2692);
#2691 = CARTESIAN_POINT('',(-7.52,-14.94,-2.5));
#2692 = VECTOR('',#2693,1.);
#2693 = DIRECTION('',(-2.692686352073E-17,-0.242535625036,
    -0.970142500145));
#2694 = ORIENTED_EDGE('',*,*,#2695,.T.);
#2695 = EDGE_CURVE('',#2688,#2696,#2698,.T.);
#2696 = VERTEX_POINT('',#2697);
#2697 = CARTESIAN_POINT('',(-7.52,-15.39,-3.1));
#2698 = LINE('',#2699,#2700);
#2699 = CARTESIAN_POINT('',(-7.52,-15.09,-3.1));
#2700 = VECTOR('',#2701,1.);
#2701 = DIRECTION('',(-1.110223024625E-16,-1.,0.));
#2702 = ORIENTED_EDGE('',*,*,#2703,.T.);
#2703 = EDGE_CURVE('',#2696,#2671,#2704,.T.);
#2704 = LINE('',#2705,#2706);
#2705 = CARTESIAN_POINT('',(-7.52,-15.39,-3.1));
#2706 = VECTOR('',#2707,1.);
#2707 = DIRECTION('',(-2.692686352073E-17,-0.242535625036,0.970142500145
    ));
#2708 = PLANE('',#2709);
#2709 = AXIS2_PLACEMENT_3D('',#2710,#2711,#2712);
#2710 = CARTESIAN_POINT('',(-7.52,-15.24,3.911477598424));
#2711 = DIRECTION('',(-1.,1.110223024625E-16,0.));
#2712 = DIRECTION('',(0.,0.,1.));
#2713 = ADVANCED_FACE('',(#2714),#2725,.T.);
#2714 = FACE_BOUND('',#2715,.T.);
#2715 = EDGE_LOOP('',(#2716,#2722,#2723,#2724));
#2716 = ORIENTED_EDGE('',*,*,#2717,.F.);
#2717 = EDGE_CURVE('',#698,#722,#2718,.T.);
#2718 = LINE('',#2719,#2720);
#2719 = CARTESIAN_POINT('',(-7.72,-14.94,0.2));
#2720 = VECTOR('',#2721,1.);
#2721 = DIRECTION('',(1.,-1.110223024625E-16,0.));
#2722 = ORIENTED_EDGE('',*,*,#705,.T.);
#2723 = ORIENTED_EDGE('',*,*,#713,.T.);
#2724 = ORIENTED_EDGE('',*,*,#721,.T.);
#2725 = PLANE('',#2726);
#2726 = AXIS2_PLACEMENT_3D('',#2727,#2728,#2729);
#2727 = CARTESIAN_POINT('',(-7.72,-15.54,0.2));
#2728 = DIRECTION('',(0.,-0.,-1.));
#2729 = DIRECTION('',(-1.110223024625E-16,-1.,0.));
#2730 = ADVANCED_FACE('',(#2731),#2772,.T.);
#2731 = FACE_BOUND('',#2732,.T.);
#2732 = EDGE_LOOP('',(#2733,#2741,#2742,#2750,#2758,#2766));
#2733 = ORIENTED_EDGE('',*,*,#2734,.T.);
#2734 = EDGE_CURVE('',#2735,#690,#2737,.T.);
#2735 = VERTEX_POINT('',#2736);
#2736 = CARTESIAN_POINT('',(-7.72,-15.54,-2.5));
#2737 = LINE('',#2738,#2739);
#2738 = CARTESIAN_POINT('',(-7.72,-15.54,-2.5));
#2739 = VECTOR('',#2740,1.);
#2740 = DIRECTION('',(0.,0.,1.));
#2741 = ORIENTED_EDGE('',*,*,#697,.F.);
#2742 = ORIENTED_EDGE('',*,*,#2743,.T.);
#2743 = EDGE_CURVE('',#698,#2744,#2746,.T.);
#2744 = VERTEX_POINT('',#2745);
#2745 = CARTESIAN_POINT('',(-7.72,-14.94,-2.5));
#2746 = LINE('',#2747,#2748);
#2747 = CARTESIAN_POINT('',(-7.72,-14.94,0.2));
#2748 = VECTOR('',#2749,1.);
#2749 = DIRECTION('',(0.,0.,-1.));
#2750 = ORIENTED_EDGE('',*,*,#2751,.T.);
#2751 = EDGE_CURVE('',#2744,#2752,#2754,.T.);
#2752 = VERTEX_POINT('',#2753);
#2753 = CARTESIAN_POINT('',(-7.72,-15.09,-3.1));
#2754 = LINE('',#2755,#2756);
#2755 = CARTESIAN_POINT('',(-7.72,-14.94,-2.5));
#2756 = VECTOR('',#2757,1.);
#2757 = DIRECTION('',(-2.692686352073E-17,-0.242535625036,
    -0.970142500145));
#2758 = ORIENTED_EDGE('',*,*,#2759,.F.);
#2759 = EDGE_CURVE('',#2760,#2752,#2762,.T.);
#2760 = VERTEX_POINT('',#2761);
#2761 = CARTESIAN_POINT('',(-7.72,-15.39,-3.1));
#2762 = LINE('',#2763,#2764);
#2763 = CARTESIAN_POINT('',(-7.72,-15.39,-3.1));
#2764 = VECTOR('',#2765,1.);
#2765 = DIRECTION('',(1.110223024625E-16,1.,0.));
#2766 = ORIENTED_EDGE('',*,*,#2767,.T.);
#2767 = EDGE_CURVE('',#2760,#2735,#2768,.T.);
#2768 = LINE('',#2769,#2770);
#2769 = CARTESIAN_POINT('',(-7.72,-15.39,-3.1));
#2770 = VECTOR('',#2771,1.);
#2771 = DIRECTION('',(-2.692686352073E-17,-0.242535625036,0.970142500145
    ));
#2772 = PLANE('',#2773);
#2773 = AXIS2_PLACEMENT_3D('',#2774,#2775,#2776);
#2774 = CARTESIAN_POINT('',(-7.72,-15.24,3.911477598424));
#2775 = DIRECTION('',(-1.,1.110223024625E-16,0.));
#2776 = DIRECTION('',(0.,0.,1.));
#2777 = ADVANCED_FACE('',(#2778),#2789,.T.);
#2778 = FACE_BOUND('',#2779,.T.);
#2779 = EDGE_LOOP('',(#2780,#2781,#2782,#2788));
#2780 = ORIENTED_EDGE('',*,*,#745,.F.);
#2781 = ORIENTED_EDGE('',*,*,#755,.T.);
#2782 = ORIENTED_EDGE('',*,*,#2783,.T.);
#2783 = EDGE_CURVE('',#756,#796,#2784,.T.);
#2784 = LINE('',#2785,#2786);
#2785 = CARTESIAN_POINT('',(-7.72,-13.,0.2));
#2786 = VECTOR('',#2787,1.);
#2787 = DIRECTION('',(1.,-1.110223024625E-16,0.));
#2788 = ORIENTED_EDGE('',*,*,#803,.T.);
#2789 = PLANE('',#2790);
#2790 = AXIS2_PLACEMENT_3D('',#2791,#2792,#2793);
#2791 = CARTESIAN_POINT('',(-7.72,-13.,0.2));
#2792 = DIRECTION('',(0.,-0.,-1.));
#2793 = DIRECTION('',(-1.110223024625E-16,-1.,0.));
#2794 = ADVANCED_FACE('',(#2795),#2836,.F.);
#2795 = FACE_BOUND('',#2796,.F.);
#2796 = EDGE_LOOP('',(#2797,#2805,#2806,#2814,#2822,#2830));
#2797 = ORIENTED_EDGE('',*,*,#2798,.T.);
#2798 = EDGE_CURVE('',#2799,#796,#2801,.T.);
#2799 = VERTEX_POINT('',#2800);
#2800 = CARTESIAN_POINT('',(-7.52,-13.,-2.5));
#2801 = LINE('',#2802,#2803);
#2802 = CARTESIAN_POINT('',(-7.52,-13.,-2.5));
#2803 = VECTOR('',#2804,1.);
#2804 = DIRECTION('',(0.,0.,1.));
#2805 = ORIENTED_EDGE('',*,*,#795,.F.);
#2806 = ORIENTED_EDGE('',*,*,#2807,.T.);
#2807 = EDGE_CURVE('',#788,#2808,#2810,.T.);
#2808 = VERTEX_POINT('',#2809);
#2809 = CARTESIAN_POINT('',(-7.52,-12.4,-2.5));
#2810 = LINE('',#2811,#2812);
#2811 = CARTESIAN_POINT('',(-7.52,-12.4,0.2));
#2812 = VECTOR('',#2813,1.);
#2813 = DIRECTION('',(0.,0.,-1.));
#2814 = ORIENTED_EDGE('',*,*,#2815,.T.);
#2815 = EDGE_CURVE('',#2808,#2816,#2818,.T.);
#2816 = VERTEX_POINT('',#2817);
#2817 = CARTESIAN_POINT('',(-7.52,-12.55,-3.1));
#2818 = LINE('',#2819,#2820);
#2819 = CARTESIAN_POINT('',(-7.52,-12.4,-2.5));
#2820 = VECTOR('',#2821,1.);
#2821 = DIRECTION('',(-2.692686352073E-17,-0.242535625036,
    -0.970142500145));
#2822 = ORIENTED_EDGE('',*,*,#2823,.T.);
#2823 = EDGE_CURVE('',#2816,#2824,#2826,.T.);
#2824 = VERTEX_POINT('',#2825);
#2825 = CARTESIAN_POINT('',(-7.52,-12.85,-3.1));
#2826 = LINE('',#2827,#2828);
#2827 = CARTESIAN_POINT('',(-7.52,-12.55,-3.1));
#2828 = VECTOR('',#2829,1.);
#2829 = DIRECTION('',(-1.110223024625E-16,-1.,0.));
#2830 = ORIENTED_EDGE('',*,*,#2831,.T.);
#2831 = EDGE_CURVE('',#2824,#2799,#2832,.T.);
#2832 = LINE('',#2833,#2834);
#2833 = CARTESIAN_POINT('',(-7.52,-12.85,-3.1));
#2834 = VECTOR('',#2835,1.);
#2835 = DIRECTION('',(-2.692686352073E-17,-0.242535625036,0.970142500145
    ));
#2836 = PLANE('',#2837);
#2837 = AXIS2_PLACEMENT_3D('',#2838,#2839,#2840);
#2838 = CARTESIAN_POINT('',(-7.52,-12.7,3.911477598424));
#2839 = DIRECTION('',(-1.,1.110223024625E-16,0.));
#2840 = DIRECTION('',(0.,0.,1.));
#2841 = ADVANCED_FACE('',(#2842),#2853,.T.);
#2842 = FACE_BOUND('',#2843,.T.);
#2843 = EDGE_LOOP('',(#2844,#2850,#2851,#2852));
#2844 = ORIENTED_EDGE('',*,*,#2845,.F.);
#2845 = EDGE_CURVE('',#764,#788,#2846,.T.);
#2846 = LINE('',#2847,#2848);
#2847 = CARTESIAN_POINT('',(-7.72,-12.4,0.2));
#2848 = VECTOR('',#2849,1.);
#2849 = DIRECTION('',(1.,-1.110223024625E-16,0.));
#2850 = ORIENTED_EDGE('',*,*,#771,.T.);
#2851 = ORIENTED_EDGE('',*,*,#779,.T.);
#2852 = ORIENTED_EDGE('',*,*,#787,.T.);
#2853 = PLANE('',#2854);
#2854 = AXIS2_PLACEMENT_3D('',#2855,#2856,#2857);
#2855 = CARTESIAN_POINT('',(-7.72,-13.,0.2));
#2856 = DIRECTION('',(0.,-0.,-1.));
#2857 = DIRECTION('',(-1.110223024625E-16,-1.,0.));
#2858 = ADVANCED_FACE('',(#2859),#2900,.T.);
#2859 = FACE_BOUND('',#2860,.T.);
#2860 = EDGE_LOOP('',(#2861,#2869,#2870,#2878,#2886,#2894));
#2861 = ORIENTED_EDGE('',*,*,#2862,.T.);
#2862 = EDGE_CURVE('',#2863,#756,#2865,.T.);
#2863 = VERTEX_POINT('',#2864);
#2864 = CARTESIAN_POINT('',(-7.72,-13.,-2.5));
#2865 = LINE('',#2866,#2867);
#2866 = CARTESIAN_POINT('',(-7.72,-13.,-2.5));
#2867 = VECTOR('',#2868,1.);
#2868 = DIRECTION('',(0.,0.,1.));
#2869 = ORIENTED_EDGE('',*,*,#763,.F.);
#2870 = ORIENTED_EDGE('',*,*,#2871,.T.);
#2871 = EDGE_CURVE('',#764,#2872,#2874,.T.);
#2872 = VERTEX_POINT('',#2873);
#2873 = CARTESIAN_POINT('',(-7.72,-12.4,-2.5));
#2874 = LINE('',#2875,#2876);
#2875 = CARTESIAN_POINT('',(-7.72,-12.4,0.2));
#2876 = VECTOR('',#2877,1.);
#2877 = DIRECTION('',(0.,0.,-1.));
#2878 = ORIENTED_EDGE('',*,*,#2879,.T.);
#2879 = EDGE_CURVE('',#2872,#2880,#2882,.T.);
#2880 = VERTEX_POINT('',#2881);
#2881 = CARTESIAN_POINT('',(-7.72,-12.55,-3.1));
#2882 = LINE('',#2883,#2884);
#2883 = CARTESIAN_POINT('',(-7.72,-12.4,-2.5));
#2884 = VECTOR('',#2885,1.);
#2885 = DIRECTION('',(-2.692686352073E-17,-0.242535625036,
    -0.970142500145));
#2886 = ORIENTED_EDGE('',*,*,#2887,.F.);
#2887 = EDGE_CURVE('',#2888,#2880,#2890,.T.);
#2888 = VERTEX_POINT('',#2889);
#2889 = CARTESIAN_POINT('',(-7.72,-12.85,-3.1));
#2890 = LINE('',#2891,#2892);
#2891 = CARTESIAN_POINT('',(-7.72,-12.85,-3.1));
#2892 = VECTOR('',#2893,1.);
#2893 = DIRECTION('',(1.110223024625E-16,1.,0.));
#2894 = ORIENTED_EDGE('',*,*,#2895,.T.);
#2895 = EDGE_CURVE('',#2888,#2863,#2896,.T.);
#2896 = LINE('',#2897,#2898);
#2897 = CARTESIAN_POINT('',(-7.72,-12.85,-3.1));
#2898 = VECTOR('',#2899,1.);
#2899 = DIRECTION('',(-2.692686352073E-17,-0.242535625036,0.970142500145
    ));
#2900 = PLANE('',#2901);
#2901 = AXIS2_PLACEMENT_3D('',#2902,#2903,#2904);
#2902 = CARTESIAN_POINT('',(-7.72,-12.7,3.911477598424));
#2903 = DIRECTION('',(-1.,1.110223024625E-16,0.));
#2904 = DIRECTION('',(0.,0.,1.));
#2905 = ADVANCED_FACE('',(#2906),#2917,.T.);
#2906 = FACE_BOUND('',#2907,.T.);
#2907 = EDGE_LOOP('',(#2908,#2909,#2910,#2916));
#2908 = ORIENTED_EDGE('',*,*,#811,.F.);
#2909 = ORIENTED_EDGE('',*,*,#821,.T.);
#2910 = ORIENTED_EDGE('',*,*,#2911,.T.);
#2911 = EDGE_CURVE('',#822,#862,#2912,.T.);
#2912 = LINE('',#2913,#2914);
#2913 = CARTESIAN_POINT('',(-7.72,-10.46,0.2));
#2914 = VECTOR('',#2915,1.);
#2915 = DIRECTION('',(1.,-1.110223024625E-16,0.));
#2916 = ORIENTED_EDGE('',*,*,#869,.T.);
#2917 = PLANE('',#2918);
#2918 = AXIS2_PLACEMENT_3D('',#2919,#2920,#2921);
#2919 = CARTESIAN_POINT('',(-7.72,-10.46,0.2));
#2920 = DIRECTION('',(0.,-0.,-1.));
#2921 = DIRECTION('',(-1.110223024625E-16,-1.,0.));
#2922 = ADVANCED_FACE('',(#2923),#2964,.F.);
#2923 = FACE_BOUND('',#2924,.F.);
#2924 = EDGE_LOOP('',(#2925,#2933,#2934,#2942,#2950,#2958));
#2925 = ORIENTED_EDGE('',*,*,#2926,.T.);
#2926 = EDGE_CURVE('',#2927,#862,#2929,.T.);
#2927 = VERTEX_POINT('',#2928);
#2928 = CARTESIAN_POINT('',(-7.52,-10.46,-2.5));
#2929 = LINE('',#2930,#2931);
#2930 = CARTESIAN_POINT('',(-7.52,-10.46,-2.5));
#2931 = VECTOR('',#2932,1.);
#2932 = DIRECTION('',(0.,0.,1.));
#2933 = ORIENTED_EDGE('',*,*,#861,.F.);
#2934 = ORIENTED_EDGE('',*,*,#2935,.T.);
#2935 = EDGE_CURVE('',#854,#2936,#2938,.T.);
#2936 = VERTEX_POINT('',#2937);
#2937 = CARTESIAN_POINT('',(-7.52,-9.86,-2.5));
#2938 = LINE('',#2939,#2940);
#2939 = CARTESIAN_POINT('',(-7.52,-9.86,0.2));
#2940 = VECTOR('',#2941,1.);
#2941 = DIRECTION('',(0.,0.,-1.));
#2942 = ORIENTED_EDGE('',*,*,#2943,.T.);
#2943 = EDGE_CURVE('',#2936,#2944,#2946,.T.);
#2944 = VERTEX_POINT('',#2945);
#2945 = CARTESIAN_POINT('',(-7.52,-10.01,-3.1));
#2946 = LINE('',#2947,#2948);
#2947 = CARTESIAN_POINT('',(-7.52,-9.86,-2.5));
#2948 = VECTOR('',#2949,1.);
#2949 = DIRECTION('',(-2.692686352073E-17,-0.242535625036,
    -0.970142500145));
#2950 = ORIENTED_EDGE('',*,*,#2951,.T.);
#2951 = EDGE_CURVE('',#2944,#2952,#2954,.T.);
#2952 = VERTEX_POINT('',#2953);
#2953 = CARTESIAN_POINT('',(-7.52,-10.31,-3.1));
#2954 = LINE('',#2955,#2956);
#2955 = CARTESIAN_POINT('',(-7.52,-10.01,-3.1));
#2956 = VECTOR('',#2957,1.);
#2957 = DIRECTION('',(-1.110223024625E-16,-1.,0.));
#2958 = ORIENTED_EDGE('',*,*,#2959,.T.);
#2959 = EDGE_CURVE('',#2952,#2927,#2960,.T.);
#2960 = LINE('',#2961,#2962);
#2961 = CARTESIAN_POINT('',(-7.52,-10.31,-3.1));
#2962 = VECTOR('',#2963,1.);
#2963 = DIRECTION('',(-2.692686352073E-17,-0.242535625036,0.970142500145
    ));
#2964 = PLANE('',#2965);
#2965 = AXIS2_PLACEMENT_3D('',#2966,#2967,#2968);
#2966 = CARTESIAN_POINT('',(-7.52,-10.16,3.911477598424));
#2967 = DIRECTION('',(-1.,1.110223024625E-16,0.));
#2968 = DIRECTION('',(0.,0.,1.));
#2969 = ADVANCED_FACE('',(#2970),#2981,.T.);
#2970 = FACE_BOUND('',#2971,.T.);
#2971 = EDGE_LOOP('',(#2972,#2978,#2979,#2980));
#2972 = ORIENTED_EDGE('',*,*,#2973,.F.);
#2973 = EDGE_CURVE('',#830,#854,#2974,.T.);
#2974 = LINE('',#2975,#2976);
#2975 = CARTESIAN_POINT('',(-7.72,-9.86,0.2));
#2976 = VECTOR('',#2977,1.);
#2977 = DIRECTION('',(1.,-1.110223024625E-16,0.));
#2978 = ORIENTED_EDGE('',*,*,#837,.T.);
#2979 = ORIENTED_EDGE('',*,*,#845,.T.);
#2980 = ORIENTED_EDGE('',*,*,#853,.T.);
#2981 = PLANE('',#2982);
#2982 = AXIS2_PLACEMENT_3D('',#2983,#2984,#2985);
#2983 = CARTESIAN_POINT('',(-7.72,-10.46,0.2));
#2984 = DIRECTION('',(0.,-0.,-1.));
#2985 = DIRECTION('',(-1.110223024625E-16,-1.,0.));
#2986 = ADVANCED_FACE('',(#2987),#3028,.T.);
#2987 = FACE_BOUND('',#2988,.T.);
#2988 = EDGE_LOOP('',(#2989,#2997,#2998,#3006,#3014,#3022));
#2989 = ORIENTED_EDGE('',*,*,#2990,.T.);
#2990 = EDGE_CURVE('',#2991,#822,#2993,.T.);
#2991 = VERTEX_POINT('',#2992);
#2992 = CARTESIAN_POINT('',(-7.72,-10.46,-2.5));
#2993 = LINE('',#2994,#2995);
#2994 = CARTESIAN_POINT('',(-7.72,-10.46,-2.5));
#2995 = VECTOR('',#2996,1.);
#2996 = DIRECTION('',(0.,0.,1.));
#2997 = ORIENTED_EDGE('',*,*,#829,.F.);
#2998 = ORIENTED_EDGE('',*,*,#2999,.T.);
#2999 = EDGE_CURVE('',#830,#3000,#3002,.T.);
#3000 = VERTEX_POINT('',#3001);
#3001 = CARTESIAN_POINT('',(-7.72,-9.86,-2.5));
#3002 = LINE('',#3003,#3004);
#3003 = CARTESIAN_POINT('',(-7.72,-9.86,0.2));
#3004 = VECTOR('',#3005,1.);
#3005 = DIRECTION('',(0.,0.,-1.));
#3006 = ORIENTED_EDGE('',*,*,#3007,.T.);
#3007 = EDGE_CURVE('',#3000,#3008,#3010,.T.);
#3008 = VERTEX_POINT('',#3009);
#3009 = CARTESIAN_POINT('',(-7.72,-10.01,-3.1));
#3010 = LINE('',#3011,#3012);
#3011 = CARTESIAN_POINT('',(-7.72,-9.86,-2.5));
#3012 = VECTOR('',#3013,1.);
#3013 = DIRECTION('',(-2.692686352073E-17,-0.242535625036,
    -0.970142500145));
#3014 = ORIENTED_EDGE('',*,*,#3015,.F.);
#3015 = EDGE_CURVE('',#3016,#3008,#3018,.T.);
#3016 = VERTEX_POINT('',#3017);
#3017 = CARTESIAN_POINT('',(-7.72,-10.31,-3.1));
#3018 = LINE('',#3019,#3020);
#3019 = CARTESIAN_POINT('',(-7.72,-10.31,-3.1));
#3020 = VECTOR('',#3021,1.);
#3021 = DIRECTION('',(1.110223024625E-16,1.,0.));
#3022 = ORIENTED_EDGE('',*,*,#3023,.T.);
#3023 = EDGE_CURVE('',#3016,#2991,#3024,.T.);
#3024 = LINE('',#3025,#3026);
#3025 = CARTESIAN_POINT('',(-7.72,-10.31,-3.1));
#3026 = VECTOR('',#3027,1.);
#3027 = DIRECTION('',(-2.692686352073E-17,-0.242535625036,0.970142500145
    ));
#3028 = PLANE('',#3029);
#3029 = AXIS2_PLACEMENT_3D('',#3030,#3031,#3032);
#3030 = CARTESIAN_POINT('',(-7.72,-10.16,3.911477598424));
#3031 = DIRECTION('',(-1.,1.110223024625E-16,0.));
#3032 = DIRECTION('',(0.,0.,1.));
#3033 = ADVANCED_FACE('',(#3034),#3045,.T.);
#3034 = FACE_BOUND('',#3035,.T.);
#3035 = EDGE_LOOP('',(#3036,#3037,#3038,#3044));
#3036 = ORIENTED_EDGE('',*,*,#877,.F.);
#3037 = ORIENTED_EDGE('',*,*,#887,.T.);
#3038 = ORIENTED_EDGE('',*,*,#3039,.T.);
#3039 = EDGE_CURVE('',#888,#928,#3040,.T.);
#3040 = LINE('',#3041,#3042);
#3041 = CARTESIAN_POINT('',(-7.72,-7.92,0.2));
#3042 = VECTOR('',#3043,1.);
#3043 = DIRECTION('',(1.,-1.110223024625E-16,0.));
#3044 = ORIENTED_EDGE('',*,*,#935,.T.);
#3045 = PLANE('',#3046);
#3046 = AXIS2_PLACEMENT_3D('',#3047,#3048,#3049);
#3047 = CARTESIAN_POINT('',(-7.72,-7.92,0.2));
#3048 = DIRECTION('',(0.,-0.,-1.));
#3049 = DIRECTION('',(-1.110223024625E-16,-1.,0.));
#3050 = ADVANCED_FACE('',(#3051),#3092,.F.);
#3051 = FACE_BOUND('',#3052,.F.);
#3052 = EDGE_LOOP('',(#3053,#3061,#3062,#3070,#3078,#3086));
#3053 = ORIENTED_EDGE('',*,*,#3054,.T.);
#3054 = EDGE_CURVE('',#3055,#928,#3057,.T.);
#3055 = VERTEX_POINT('',#3056);
#3056 = CARTESIAN_POINT('',(-7.52,-7.92,-2.5));
#3057 = LINE('',#3058,#3059);
#3058 = CARTESIAN_POINT('',(-7.52,-7.92,-2.5));
#3059 = VECTOR('',#3060,1.);
#3060 = DIRECTION('',(0.,0.,1.));
#3061 = ORIENTED_EDGE('',*,*,#927,.F.);
#3062 = ORIENTED_EDGE('',*,*,#3063,.T.);
#3063 = EDGE_CURVE('',#920,#3064,#3066,.T.);
#3064 = VERTEX_POINT('',#3065);
#3065 = CARTESIAN_POINT('',(-7.52,-7.32,-2.5));
#3066 = LINE('',#3067,#3068);
#3067 = CARTESIAN_POINT('',(-7.52,-7.32,0.2));
#3068 = VECTOR('',#3069,1.);
#3069 = DIRECTION('',(0.,0.,-1.));
#3070 = ORIENTED_EDGE('',*,*,#3071,.T.);
#3071 = EDGE_CURVE('',#3064,#3072,#3074,.T.);
#3072 = VERTEX_POINT('',#3073);
#3073 = CARTESIAN_POINT('',(-7.52,-7.47,-3.1));
#3074 = LINE('',#3075,#3076);
#3075 = CARTESIAN_POINT('',(-7.52,-7.32,-2.5));
#3076 = VECTOR('',#3077,1.);
#3077 = DIRECTION('',(-2.692686352073E-17,-0.242535625036,
    -0.970142500145));
#3078 = ORIENTED_EDGE('',*,*,#3079,.T.);
#3079 = EDGE_CURVE('',#3072,#3080,#3082,.T.);
#3080 = VERTEX_POINT('',#3081);
#3081 = CARTESIAN_POINT('',(-7.52,-7.77,-3.1));
#3082 = LINE('',#3083,#3084);
#3083 = CARTESIAN_POINT('',(-7.52,-7.47,-3.1));
#3084 = VECTOR('',#3085,1.);
#3085 = DIRECTION('',(-1.110223024625E-16,-1.,0.));
#3086 = ORIENTED_EDGE('',*,*,#3087,.T.);
#3087 = EDGE_CURVE('',#3080,#3055,#3088,.T.);
#3088 = LINE('',#3089,#3090);
#3089 = CARTESIAN_POINT('',(-7.52,-7.77,-3.1));
#3090 = VECTOR('',#3091,1.);
#3091 = DIRECTION('',(-2.692686352073E-17,-0.242535625036,0.970142500145
    ));
#3092 = PLANE('',#3093);
#3093 = AXIS2_PLACEMENT_3D('',#3094,#3095,#3096);
#3094 = CARTESIAN_POINT('',(-7.52,-7.62,3.911477598424));
#3095 = DIRECTION('',(-1.,1.110223024625E-16,0.));
#3096 = DIRECTION('',(0.,0.,1.));
#3097 = ADVANCED_FACE('',(#3098),#3109,.T.);
#3098 = FACE_BOUND('',#3099,.T.);
#3099 = EDGE_LOOP('',(#3100,#3106,#3107,#3108));
#3100 = ORIENTED_EDGE('',*,*,#3101,.F.);
#3101 = EDGE_CURVE('',#896,#920,#3102,.T.);
#3102 = LINE('',#3103,#3104);
#3103 = CARTESIAN_POINT('',(-7.72,-7.32,0.2));
#3104 = VECTOR('',#3105,1.);
#3105 = DIRECTION('',(1.,-1.110223024625E-16,0.));
#3106 = ORIENTED_EDGE('',*,*,#903,.T.);
#3107 = ORIENTED_EDGE('',*,*,#911,.T.);
#3108 = ORIENTED_EDGE('',*,*,#919,.T.);
#3109 = PLANE('',#3110);
#3110 = AXIS2_PLACEMENT_3D('',#3111,#3112,#3113);
#3111 = CARTESIAN_POINT('',(-7.72,-7.92,0.2));
#3112 = DIRECTION('',(0.,-0.,-1.));
#3113 = DIRECTION('',(-1.110223024625E-16,-1.,0.));
#3114 = ADVANCED_FACE('',(#3115),#3156,.T.);
#3115 = FACE_BOUND('',#3116,.T.);
#3116 = EDGE_LOOP('',(#3117,#3125,#3126,#3134,#3142,#3150));
#3117 = ORIENTED_EDGE('',*,*,#3118,.T.);
#3118 = EDGE_CURVE('',#3119,#888,#3121,.T.);
#3119 = VERTEX_POINT('',#3120);
#3120 = CARTESIAN_POINT('',(-7.72,-7.92,-2.5));
#3121 = LINE('',#3122,#3123);
#3122 = CARTESIAN_POINT('',(-7.72,-7.92,-2.5));
#3123 = VECTOR('',#3124,1.);
#3124 = DIRECTION('',(0.,0.,1.));
#3125 = ORIENTED_EDGE('',*,*,#895,.F.);
#3126 = ORIENTED_EDGE('',*,*,#3127,.T.);
#3127 = EDGE_CURVE('',#896,#3128,#3130,.T.);
#3128 = VERTEX_POINT('',#3129);
#3129 = CARTESIAN_POINT('',(-7.72,-7.32,-2.5));
#3130 = LINE('',#3131,#3132);
#3131 = CARTESIAN_POINT('',(-7.72,-7.32,0.2));
#3132 = VECTOR('',#3133,1.);
#3133 = DIRECTION('',(0.,0.,-1.));
#3134 = ORIENTED_EDGE('',*,*,#3135,.T.);
#3135 = EDGE_CURVE('',#3128,#3136,#3138,.T.);
#3136 = VERTEX_POINT('',#3137);
#3137 = CARTESIAN_POINT('',(-7.72,-7.47,-3.1));
#3138 = LINE('',#3139,#3140);
#3139 = CARTESIAN_POINT('',(-7.72,-7.32,-2.5));
#3140 = VECTOR('',#3141,1.);
#3141 = DIRECTION('',(-2.692686352073E-17,-0.242535625036,
    -0.970142500145));
#3142 = ORIENTED_EDGE('',*,*,#3143,.F.);
#3143 = EDGE_CURVE('',#3144,#3136,#3146,.T.);
#3144 = VERTEX_POINT('',#3145);
#3145 = CARTESIAN_POINT('',(-7.72,-7.77,-3.1));
#3146 = LINE('',#3147,#3148);
#3147 = CARTESIAN_POINT('',(-7.72,-7.77,-3.1));
#3148 = VECTOR('',#3149,1.);
#3149 = DIRECTION('',(1.110223024625E-16,1.,0.));
#3150 = ORIENTED_EDGE('',*,*,#3151,.T.);
#3151 = EDGE_CURVE('',#3144,#3119,#3152,.T.);
#3152 = LINE('',#3153,#3154);
#3153 = CARTESIAN_POINT('',(-7.72,-7.77,-3.1));
#3154 = VECTOR('',#3155,1.);
#3155 = DIRECTION('',(-2.692686352073E-17,-0.242535625036,0.970142500145
    ));
#3156 = PLANE('',#3157);
#3157 = AXIS2_PLACEMENT_3D('',#3158,#3159,#3160);
#3158 = CARTESIAN_POINT('',(-7.72,-7.62,3.911477598424));
#3159 = DIRECTION('',(-1.,1.110223024625E-16,0.));
#3160 = DIRECTION('',(0.,0.,1.));
#3161 = ADVANCED_FACE('',(#3162),#3173,.T.);
#3162 = FACE_BOUND('',#3163,.T.);
#3163 = EDGE_LOOP('',(#3164,#3165,#3166,#3172));
#3164 = ORIENTED_EDGE('',*,*,#943,.F.);
#3165 = ORIENTED_EDGE('',*,*,#953,.T.);
#3166 = ORIENTED_EDGE('',*,*,#3167,.T.);
#3167 = EDGE_CURVE('',#954,#994,#3168,.T.);
#3168 = LINE('',#3169,#3170);
#3169 = CARTESIAN_POINT('',(-7.72,-5.38,0.2));
#3170 = VECTOR('',#3171,1.);
#3171 = DIRECTION('',(1.,-1.110223024625E-16,0.));
#3172 = ORIENTED_EDGE('',*,*,#1001,.T.);
#3173 = PLANE('',#3174);
#3174 = AXIS2_PLACEMENT_3D('',#3175,#3176,#3177);
#3175 = CARTESIAN_POINT('',(-7.72,-5.38,0.2));
#3176 = DIRECTION('',(0.,-0.,-1.));
#3177 = DIRECTION('',(-1.110223024625E-16,-1.,0.));
#3178 = ADVANCED_FACE('',(#3179),#3220,.F.);
#3179 = FACE_BOUND('',#3180,.F.);
#3180 = EDGE_LOOP('',(#3181,#3189,#3190,#3198,#3206,#3214));
#3181 = ORIENTED_EDGE('',*,*,#3182,.T.);
#3182 = EDGE_CURVE('',#3183,#994,#3185,.T.);
#3183 = VERTEX_POINT('',#3184);
#3184 = CARTESIAN_POINT('',(-7.52,-5.38,-2.5));
#3185 = LINE('',#3186,#3187);
#3186 = CARTESIAN_POINT('',(-7.52,-5.38,-2.5));
#3187 = VECTOR('',#3188,1.);
#3188 = DIRECTION('',(0.,0.,1.));
#3189 = ORIENTED_EDGE('',*,*,#993,.F.);
#3190 = ORIENTED_EDGE('',*,*,#3191,.T.);
#3191 = EDGE_CURVE('',#986,#3192,#3194,.T.);
#3192 = VERTEX_POINT('',#3193);
#3193 = CARTESIAN_POINT('',(-7.52,-4.78,-2.5));
#3194 = LINE('',#3195,#3196);
#3195 = CARTESIAN_POINT('',(-7.52,-4.78,0.2));
#3196 = VECTOR('',#3197,1.);
#3197 = DIRECTION('',(0.,0.,-1.));
#3198 = ORIENTED_EDGE('',*,*,#3199,.T.);
#3199 = EDGE_CURVE('',#3192,#3200,#3202,.T.);
#3200 = VERTEX_POINT('',#3201);
#3201 = CARTESIAN_POINT('',(-7.52,-4.93,-3.1));
#3202 = LINE('',#3203,#3204);
#3203 = CARTESIAN_POINT('',(-7.52,-4.78,-2.5));
#3204 = VECTOR('',#3205,1.);
#3205 = DIRECTION('',(-2.692686352073E-17,-0.242535625036,
    -0.970142500145));
#3206 = ORIENTED_EDGE('',*,*,#3207,.T.);
#3207 = EDGE_CURVE('',#3200,#3208,#3210,.T.);
#3208 = VERTEX_POINT('',#3209);
#3209 = CARTESIAN_POINT('',(-7.52,-5.23,-3.1));
#3210 = LINE('',#3211,#3212);
#3211 = CARTESIAN_POINT('',(-7.52,-4.93,-3.1));
#3212 = VECTOR('',#3213,1.);
#3213 = DIRECTION('',(-1.110223024625E-16,-1.,0.));
#3214 = ORIENTED_EDGE('',*,*,#3215,.T.);
#3215 = EDGE_CURVE('',#3208,#3183,#3216,.T.);
#3216 = LINE('',#3217,#3218);
#3217 = CARTESIAN_POINT('',(-7.52,-5.23,-3.1));
#3218 = VECTOR('',#3219,1.);
#3219 = DIRECTION('',(-2.692686352073E-17,-0.242535625036,0.970142500145
    ));
#3220 = PLANE('',#3221);
#3221 = AXIS2_PLACEMENT_3D('',#3222,#3223,#3224);
#3222 = CARTESIAN_POINT('',(-7.52,-5.08,3.911477598424));
#3223 = DIRECTION('',(-1.,1.110223024625E-16,0.));
#3224 = DIRECTION('',(0.,0.,1.));
#3225 = ADVANCED_FACE('',(#3226),#3237,.T.);
#3226 = FACE_BOUND('',#3227,.T.);
#3227 = EDGE_LOOP('',(#3228,#3234,#3235,#3236));
#3228 = ORIENTED_EDGE('',*,*,#3229,.F.);
#3229 = EDGE_CURVE('',#962,#986,#3230,.T.);
#3230 = LINE('',#3231,#3232);
#3231 = CARTESIAN_POINT('',(-7.72,-4.78,0.2));
#3232 = VECTOR('',#3233,1.);
#3233 = DIRECTION('',(1.,-1.110223024625E-16,0.));
#3234 = ORIENTED_EDGE('',*,*,#969,.T.);
#3235 = ORIENTED_EDGE('',*,*,#977,.T.);
#3236 = ORIENTED_EDGE('',*,*,#985,.T.);
#3237 = PLANE('',#3238);
#3238 = AXIS2_PLACEMENT_3D('',#3239,#3240,#3241);
#3239 = CARTESIAN_POINT('',(-7.72,-5.38,0.2));
#3240 = DIRECTION('',(0.,-0.,-1.));
#3241 = DIRECTION('',(-1.110223024625E-16,-1.,0.));
#3242 = ADVANCED_FACE('',(#3243),#3284,.T.);
#3243 = FACE_BOUND('',#3244,.T.);
#3244 = EDGE_LOOP('',(#3245,#3253,#3254,#3262,#3270,#3278));
#3245 = ORIENTED_EDGE('',*,*,#3246,.T.);
#3246 = EDGE_CURVE('',#3247,#954,#3249,.T.);
#3247 = VERTEX_POINT('',#3248);
#3248 = CARTESIAN_POINT('',(-7.72,-5.38,-2.5));
#3249 = LINE('',#3250,#3251);
#3250 = CARTESIAN_POINT('',(-7.72,-5.38,-2.5));
#3251 = VECTOR('',#3252,1.);
#3252 = DIRECTION('',(0.,0.,1.));
#3253 = ORIENTED_EDGE('',*,*,#961,.F.);
#3254 = ORIENTED_EDGE('',*,*,#3255,.T.);
#3255 = EDGE_CURVE('',#962,#3256,#3258,.T.);
#3256 = VERTEX_POINT('',#3257);
#3257 = CARTESIAN_POINT('',(-7.72,-4.78,-2.5));
#3258 = LINE('',#3259,#3260);
#3259 = CARTESIAN_POINT('',(-7.72,-4.78,0.2));
#3260 = VECTOR('',#3261,1.);
#3261 = DIRECTION('',(0.,0.,-1.));
#3262 = ORIENTED_EDGE('',*,*,#3263,.T.);
#3263 = EDGE_CURVE('',#3256,#3264,#3266,.T.);
#3264 = VERTEX_POINT('',#3265);
#3265 = CARTESIAN_POINT('',(-7.72,-4.93,-3.1));
#3266 = LINE('',#3267,#3268);
#3267 = CARTESIAN_POINT('',(-7.72,-4.78,-2.5));
#3268 = VECTOR('',#3269,1.);
#3269 = DIRECTION('',(-2.692686352073E-17,-0.242535625036,
    -0.970142500145));
#3270 = ORIENTED_EDGE('',*,*,#3271,.F.);
#3271 = EDGE_CURVE('',#3272,#3264,#3274,.T.);
#3272 = VERTEX_POINT('',#3273);
#3273 = CARTESIAN_POINT('',(-7.72,-5.23,-3.1));
#3274 = LINE('',#3275,#3276);
#3275 = CARTESIAN_POINT('',(-7.72,-5.23,-3.1));
#3276 = VECTOR('',#3277,1.);
#3277 = DIRECTION('',(1.110223024625E-16,1.,0.));
#3278 = ORIENTED_EDGE('',*,*,#3279,.T.);
#3279 = EDGE_CURVE('',#3272,#3247,#3280,.T.);
#3280 = LINE('',#3281,#3282);
#3281 = CARTESIAN_POINT('',(-7.72,-5.23,-3.1));
#3282 = VECTOR('',#3283,1.);
#3283 = DIRECTION('',(-2.692686352073E-17,-0.242535625036,0.970142500145
    ));
#3284 = PLANE('',#3285);
#3285 = AXIS2_PLACEMENT_3D('',#3286,#3287,#3288);
#3286 = CARTESIAN_POINT('',(-7.72,-5.08,3.911477598424));
#3287 = DIRECTION('',(-1.,1.110223024625E-16,0.));
#3288 = DIRECTION('',(0.,0.,1.));
#3289 = ADVANCED_FACE('',(#3290),#3301,.T.);
#3290 = FACE_BOUND('',#3291,.T.);
#3291 = EDGE_LOOP('',(#3292,#3293,#3294,#3300));
#3292 = ORIENTED_EDGE('',*,*,#1009,.F.);
#3293 = ORIENTED_EDGE('',*,*,#1019,.T.);
#3294 = ORIENTED_EDGE('',*,*,#3295,.T.);
#3295 = EDGE_CURVE('',#1020,#1060,#3296,.T.);
#3296 = LINE('',#3297,#3298);
#3297 = CARTESIAN_POINT('',(-7.72,-2.84,0.2));
#3298 = VECTOR('',#3299,1.);
#3299 = DIRECTION('',(1.,-1.110223024625E-16,0.));
#3300 = ORIENTED_EDGE('',*,*,#1067,.T.);
#3301 = PLANE('',#3302);
#3302 = AXIS2_PLACEMENT_3D('',#3303,#3304,#3305);
#3303 = CARTESIAN_POINT('',(-7.72,-2.84,0.2));
#3304 = DIRECTION('',(0.,-0.,-1.));
#3305 = DIRECTION('',(-1.110223024625E-16,-1.,0.));
#3306 = ADVANCED_FACE('',(#3307),#3348,.F.);
#3307 = FACE_BOUND('',#3308,.F.);
#3308 = EDGE_LOOP('',(#3309,#3317,#3318,#3326,#3334,#3342));
#3309 = ORIENTED_EDGE('',*,*,#3310,.T.);
#3310 = EDGE_CURVE('',#3311,#1060,#3313,.T.);
#3311 = VERTEX_POINT('',#3312);
#3312 = CARTESIAN_POINT('',(-7.52,-2.84,-2.5));
#3313 = LINE('',#3314,#3315);
#3314 = CARTESIAN_POINT('',(-7.52,-2.84,-2.5));
#3315 = VECTOR('',#3316,1.);
#3316 = DIRECTION('',(0.,0.,1.));
#3317 = ORIENTED_EDGE('',*,*,#1059,.F.);
#3318 = ORIENTED_EDGE('',*,*,#3319,.T.);
#3319 = EDGE_CURVE('',#1052,#3320,#3322,.T.);
#3320 = VERTEX_POINT('',#3321);
#3321 = CARTESIAN_POINT('',(-7.52,-2.24,-2.5));
#3322 = LINE('',#3323,#3324);
#3323 = CARTESIAN_POINT('',(-7.52,-2.24,0.2));
#3324 = VECTOR('',#3325,1.);
#3325 = DIRECTION('',(0.,0.,-1.));
#3326 = ORIENTED_EDGE('',*,*,#3327,.T.);
#3327 = EDGE_CURVE('',#3320,#3328,#3330,.T.);
#3328 = VERTEX_POINT('',#3329);
#3329 = CARTESIAN_POINT('',(-7.52,-2.39,-3.1));
#3330 = LINE('',#3331,#3332);
#3331 = CARTESIAN_POINT('',(-7.52,-2.24,-2.5));
#3332 = VECTOR('',#3333,1.);
#3333 = DIRECTION('',(-2.692686352073E-17,-0.242535625036,
    -0.970142500145));
#3334 = ORIENTED_EDGE('',*,*,#3335,.T.);
#3335 = EDGE_CURVE('',#3328,#3336,#3338,.T.);
#3336 = VERTEX_POINT('',#3337);
#3337 = CARTESIAN_POINT('',(-7.52,-2.69,-3.1));
#3338 = LINE('',#3339,#3340);
#3339 = CARTESIAN_POINT('',(-7.52,-2.39,-3.1));
#3340 = VECTOR('',#3341,1.);
#3341 = DIRECTION('',(-1.110223024625E-16,-1.,0.));
#3342 = ORIENTED_EDGE('',*,*,#3343,.T.);
#3343 = EDGE_CURVE('',#3336,#3311,#3344,.T.);
#3344 = LINE('',#3345,#3346);
#3345 = CARTESIAN_POINT('',(-7.52,-2.69,-3.1));
#3346 = VECTOR('',#3347,1.);
#3347 = DIRECTION('',(-2.692686352073E-17,-0.242535625036,0.970142500145
    ));
#3348 = PLANE('',#3349);
#3349 = AXIS2_PLACEMENT_3D('',#3350,#3351,#3352);
#3350 = CARTESIAN_POINT('',(-7.52,-2.54,3.911477598424));
#3351 = DIRECTION('',(-1.,1.110223024625E-16,0.));
#3352 = DIRECTION('',(0.,0.,1.));
#3353 = ADVANCED_FACE('',(#3354),#3365,.T.);
#3354 = FACE_BOUND('',#3355,.T.);
#3355 = EDGE_LOOP('',(#3356,#3362,#3363,#3364));
#3356 = ORIENTED_EDGE('',*,*,#3357,.F.);
#3357 = EDGE_CURVE('',#1028,#1052,#3358,.T.);
#3358 = LINE('',#3359,#3360);
#3359 = CARTESIAN_POINT('',(-7.72,-2.24,0.2));
#3360 = VECTOR('',#3361,1.);
#3361 = DIRECTION('',(1.,-1.110223024625E-16,0.));
#3362 = ORIENTED_EDGE('',*,*,#1035,.T.);
#3363 = ORIENTED_EDGE('',*,*,#1043,.T.);
#3364 = ORIENTED_EDGE('',*,*,#1051,.T.);
#3365 = PLANE('',#3366);
#3366 = AXIS2_PLACEMENT_3D('',#3367,#3368,#3369);
#3367 = CARTESIAN_POINT('',(-7.72,-2.84,0.2));
#3368 = DIRECTION('',(0.,-0.,-1.));
#3369 = DIRECTION('',(-1.110223024625E-16,-1.,0.));
#3370 = ADVANCED_FACE('',(#3371),#3412,.T.);
#3371 = FACE_BOUND('',#3372,.T.);
#3372 = EDGE_LOOP('',(#3373,#3381,#3382,#3390,#3398,#3406));
#3373 = ORIENTED_EDGE('',*,*,#3374,.T.);
#3374 = EDGE_CURVE('',#3375,#1020,#3377,.T.);
#3375 = VERTEX_POINT('',#3376);
#3376 = CARTESIAN_POINT('',(-7.72,-2.84,-2.5));
#3377 = LINE('',#3378,#3379);
#3378 = CARTESIAN_POINT('',(-7.72,-2.84,-2.5));
#3379 = VECTOR('',#3380,1.);
#3380 = DIRECTION('',(0.,0.,1.));
#3381 = ORIENTED_EDGE('',*,*,#1027,.F.);
#3382 = ORIENTED_EDGE('',*,*,#3383,.T.);
#3383 = EDGE_CURVE('',#1028,#3384,#3386,.T.);
#3384 = VERTEX_POINT('',#3385);
#3385 = CARTESIAN_POINT('',(-7.72,-2.24,-2.5));
#3386 = LINE('',#3387,#3388);
#3387 = CARTESIAN_POINT('',(-7.72,-2.24,0.2));
#3388 = VECTOR('',#3389,1.);
#3389 = DIRECTION('',(0.,0.,-1.));
#3390 = ORIENTED_EDGE('',*,*,#3391,.T.);
#3391 = EDGE_CURVE('',#3384,#3392,#3394,.T.);
#3392 = VERTEX_POINT('',#3393);
#3393 = CARTESIAN_POINT('',(-7.72,-2.39,-3.1));
#3394 = LINE('',#3395,#3396);
#3395 = CARTESIAN_POINT('',(-7.72,-2.24,-2.5));
#3396 = VECTOR('',#3397,1.);
#3397 = DIRECTION('',(-2.692686352073E-17,-0.242535625036,
    -0.970142500145));
#3398 = ORIENTED_EDGE('',*,*,#3399,.F.);
#3399 = EDGE_CURVE('',#3400,#3392,#3402,.T.);
#3400 = VERTEX_POINT('',#3401);
#3401 = CARTESIAN_POINT('',(-7.72,-2.69,-3.1));
#3402 = LINE('',#3403,#3404);
#3403 = CARTESIAN_POINT('',(-7.72,-2.69,-3.1));
#3404 = VECTOR('',#3405,1.);
#3405 = DIRECTION('',(1.110223024625E-16,1.,0.));
#3406 = ORIENTED_EDGE('',*,*,#3407,.T.);
#3407 = EDGE_CURVE('',#3400,#3375,#3408,.T.);
#3408 = LINE('',#3409,#3410);
#3409 = CARTESIAN_POINT('',(-7.72,-2.69,-3.1));
#3410 = VECTOR('',#3411,1.);
#3411 = DIRECTION('',(-2.692686352073E-17,-0.242535625036,0.970142500145
    ));
#3412 = PLANE('',#3413);
#3413 = AXIS2_PLACEMENT_3D('',#3414,#3415,#3416);
#3414 = CARTESIAN_POINT('',(-7.72,-2.54,3.911477598424));
#3415 = DIRECTION('',(-1.,1.110223024625E-16,0.));
#3416 = DIRECTION('',(0.,0.,1.));
#3417 = ADVANCED_FACE('',(#3418),#3429,.T.);
#3418 = FACE_BOUND('',#3419,.T.);
#3419 = EDGE_LOOP('',(#3420,#3421,#3422,#3428));
#3420 = ORIENTED_EDGE('',*,*,#1075,.F.);
#3421 = ORIENTED_EDGE('',*,*,#1085,.T.);
#3422 = ORIENTED_EDGE('',*,*,#3423,.T.);
#3423 = EDGE_CURVE('',#1086,#1126,#3424,.T.);
#3424 = LINE('',#3425,#3426);
#3425 = CARTESIAN_POINT('',(-7.72,-0.3,0.2));
#3426 = VECTOR('',#3427,1.);
#3427 = DIRECTION('',(1.,-1.110223024625E-16,0.));
#3428 = ORIENTED_EDGE('',*,*,#1133,.T.);
#3429 = PLANE('',#3430);
#3430 = AXIS2_PLACEMENT_3D('',#3431,#3432,#3433);
#3431 = CARTESIAN_POINT('',(-7.72,-0.3,0.2));
#3432 = DIRECTION('',(0.,-0.,-1.));
#3433 = DIRECTION('',(-1.110223024625E-16,-1.,0.));
#3434 = ADVANCED_FACE('',(#3435),#3476,.F.);
#3435 = FACE_BOUND('',#3436,.F.);
#3436 = EDGE_LOOP('',(#3437,#3445,#3446,#3454,#3462,#3470));
#3437 = ORIENTED_EDGE('',*,*,#3438,.T.);
#3438 = EDGE_CURVE('',#3439,#1126,#3441,.T.);
#3439 = VERTEX_POINT('',#3440);
#3440 = CARTESIAN_POINT('',(-7.52,-0.3,-2.5));
#3441 = LINE('',#3442,#3443);
#3442 = CARTESIAN_POINT('',(-7.52,-0.3,-2.5));
#3443 = VECTOR('',#3444,1.);
#3444 = DIRECTION('',(0.,0.,1.));
#3445 = ORIENTED_EDGE('',*,*,#1125,.F.);
#3446 = ORIENTED_EDGE('',*,*,#3447,.T.);
#3447 = EDGE_CURVE('',#1118,#3448,#3450,.T.);
#3448 = VERTEX_POINT('',#3449);
#3449 = CARTESIAN_POINT('',(-7.52,0.3,-2.5));
#3450 = LINE('',#3451,#3452);
#3451 = CARTESIAN_POINT('',(-7.52,0.3,0.2));
#3452 = VECTOR('',#3453,1.);
#3453 = DIRECTION('',(0.,0.,-1.));
#3454 = ORIENTED_EDGE('',*,*,#3455,.T.);
#3455 = EDGE_CURVE('',#3448,#3456,#3458,.T.);
#3456 = VERTEX_POINT('',#3457);
#3457 = CARTESIAN_POINT('',(-7.52,0.15,-3.1));
#3458 = LINE('',#3459,#3460);
#3459 = CARTESIAN_POINT('',(-7.52,0.3,-2.5));
#3460 = VECTOR('',#3461,1.);
#3461 = DIRECTION('',(-2.692686352073E-17,-0.242535625036,
    -0.970142500145));
#3462 = ORIENTED_EDGE('',*,*,#3463,.T.);
#3463 = EDGE_CURVE('',#3456,#3464,#3466,.T.);
#3464 = VERTEX_POINT('',#3465);
#3465 = CARTESIAN_POINT('',(-7.52,-0.15,-3.1));
#3466 = LINE('',#3467,#3468);
#3467 = CARTESIAN_POINT('',(-7.52,0.15,-3.1));
#3468 = VECTOR('',#3469,1.);
#3469 = DIRECTION('',(-1.110223024625E-16,-1.,0.));
#3470 = ORIENTED_EDGE('',*,*,#3471,.T.);
#3471 = EDGE_CURVE('',#3464,#3439,#3472,.T.);
#3472 = LINE('',#3473,#3474);
#3473 = CARTESIAN_POINT('',(-7.52,-0.15,-3.1));
#3474 = VECTOR('',#3475,1.);
#3475 = DIRECTION('',(-2.692686352073E-17,-0.242535625036,0.970142500145
    ));
#3476 = PLANE('',#3477);
#3477 = AXIS2_PLACEMENT_3D('',#3478,#3479,#3480);
#3478 = CARTESIAN_POINT('',(-7.52,0.,3.911477598424));
#3479 = DIRECTION('',(-1.,1.110223024625E-16,0.));
#3480 = DIRECTION('',(0.,0.,1.));
#3481 = ADVANCED_FACE('',(#3482),#3493,.T.);
#3482 = FACE_BOUND('',#3483,.T.);
#3483 = EDGE_LOOP('',(#3484,#3490,#3491,#3492));
#3484 = ORIENTED_EDGE('',*,*,#3485,.F.);
#3485 = EDGE_CURVE('',#1094,#1118,#3486,.T.);
#3486 = LINE('',#3487,#3488);
#3487 = CARTESIAN_POINT('',(-7.72,0.3,0.2));
#3488 = VECTOR('',#3489,1.);
#3489 = DIRECTION('',(1.,-1.110223024625E-16,0.));
#3490 = ORIENTED_EDGE('',*,*,#1101,.T.);
#3491 = ORIENTED_EDGE('',*,*,#1109,.T.);
#3492 = ORIENTED_EDGE('',*,*,#1117,.T.);
#3493 = PLANE('',#3494);
#3494 = AXIS2_PLACEMENT_3D('',#3495,#3496,#3497);
#3495 = CARTESIAN_POINT('',(-7.72,-0.3,0.2));
#3496 = DIRECTION('',(0.,-0.,-1.));
#3497 = DIRECTION('',(-1.110223024625E-16,-1.,0.));
#3498 = ADVANCED_FACE('',(#3499),#3540,.T.);
#3499 = FACE_BOUND('',#3500,.T.);
#3500 = EDGE_LOOP('',(#3501,#3509,#3510,#3518,#3526,#3534));
#3501 = ORIENTED_EDGE('',*,*,#3502,.T.);
#3502 = EDGE_CURVE('',#3503,#1086,#3505,.T.);
#3503 = VERTEX_POINT('',#3504);
#3504 = CARTESIAN_POINT('',(-7.72,-0.3,-2.5));
#3505 = LINE('',#3506,#3507);
#3506 = CARTESIAN_POINT('',(-7.72,-0.3,-2.5));
#3507 = VECTOR('',#3508,1.);
#3508 = DIRECTION('',(0.,0.,1.));
#3509 = ORIENTED_EDGE('',*,*,#1093,.F.);
#3510 = ORIENTED_EDGE('',*,*,#3511,.T.);
#3511 = EDGE_CURVE('',#1094,#3512,#3514,.T.);
#3512 = VERTEX_POINT('',#3513);
#3513 = CARTESIAN_POINT('',(-7.72,0.3,-2.5));
#3514 = LINE('',#3515,#3516);
#3515 = CARTESIAN_POINT('',(-7.72,0.3,0.2));
#3516 = VECTOR('',#3517,1.);
#3517 = DIRECTION('',(0.,0.,-1.));
#3518 = ORIENTED_EDGE('',*,*,#3519,.T.);
#3519 = EDGE_CURVE('',#3512,#3520,#3522,.T.);
#3520 = VERTEX_POINT('',#3521);
#3521 = CARTESIAN_POINT('',(-7.72,0.15,-3.1));
#3522 = LINE('',#3523,#3524);
#3523 = CARTESIAN_POINT('',(-7.72,0.3,-2.5));
#3524 = VECTOR('',#3525,1.);
#3525 = DIRECTION('',(-2.692686352073E-17,-0.242535625036,
    -0.970142500145));
#3526 = ORIENTED_EDGE('',*,*,#3527,.F.);
#3527 = EDGE_CURVE('',#3528,#3520,#3530,.T.);
#3528 = VERTEX_POINT('',#3529);
#3529 = CARTESIAN_POINT('',(-7.72,-0.15,-3.1));
#3530 = LINE('',#3531,#3532);
#3531 = CARTESIAN_POINT('',(-7.72,-0.15,-3.1));
#3532 = VECTOR('',#3533,1.);
#3533 = DIRECTION('',(1.110223024625E-16,1.,0.));
#3534 = ORIENTED_EDGE('',*,*,#3535,.T.);
#3535 = EDGE_CURVE('',#3528,#3503,#3536,.T.);
#3536 = LINE('',#3537,#3538);
#3537 = CARTESIAN_POINT('',(-7.72,-0.15,-3.1));
#3538 = VECTOR('',#3539,1.);
#3539 = DIRECTION('',(-2.692686352073E-17,-0.242535625036,0.970142500145
    ));
#3540 = PLANE('',#3541);
#3541 = AXIS2_PLACEMENT_3D('',#3542,#3543,#3544);
#3542 = CARTESIAN_POINT('',(-7.72,0.,3.911477598424));
#3543 = DIRECTION('',(-1.,1.110223024625E-16,0.));
#3544 = DIRECTION('',(0.,0.,1.));
#3545 = ADVANCED_FACE('',(#3546),#3557,.T.);
#3546 = FACE_BOUND('',#3547,.T.);
#3547 = EDGE_LOOP('',(#3548,#3549,#3550,#3556));
#3548 = ORIENTED_EDGE('',*,*,#1141,.F.);
#3549 = ORIENTED_EDGE('',*,*,#1151,.T.);
#3550 = ORIENTED_EDGE('',*,*,#3551,.T.);
#3551 = EDGE_CURVE('',#1152,#1192,#3552,.T.);
#3552 = LINE('',#3553,#3554);
#3553 = CARTESIAN_POINT('',(-7.72,2.24,0.2));
#3554 = VECTOR('',#3555,1.);
#3555 = DIRECTION('',(1.,-1.110223024625E-16,0.));
#3556 = ORIENTED_EDGE('',*,*,#1199,.T.);
#3557 = PLANE('',#3558);
#3558 = AXIS2_PLACEMENT_3D('',#3559,#3560,#3561);
#3559 = CARTESIAN_POINT('',(-7.72,2.24,0.2));
#3560 = DIRECTION('',(0.,-0.,-1.));
#3561 = DIRECTION('',(-1.110223024625E-16,-1.,0.));
#3562 = ADVANCED_FACE('',(#3563),#3604,.F.);
#3563 = FACE_BOUND('',#3564,.F.);
#3564 = EDGE_LOOP('',(#3565,#3573,#3574,#3582,#3590,#3598));
#3565 = ORIENTED_EDGE('',*,*,#3566,.T.);
#3566 = EDGE_CURVE('',#3567,#1192,#3569,.T.);
#3567 = VERTEX_POINT('',#3568);
#3568 = CARTESIAN_POINT('',(-7.52,2.24,-2.5));
#3569 = LINE('',#3570,#3571);
#3570 = CARTESIAN_POINT('',(-7.52,2.24,-2.5));
#3571 = VECTOR('',#3572,1.);
#3572 = DIRECTION('',(0.,0.,1.));
#3573 = ORIENTED_EDGE('',*,*,#1191,.F.);
#3574 = ORIENTED_EDGE('',*,*,#3575,.T.);
#3575 = EDGE_CURVE('',#1184,#3576,#3578,.T.);
#3576 = VERTEX_POINT('',#3577);
#3577 = CARTESIAN_POINT('',(-7.52,2.84,-2.5));
#3578 = LINE('',#3579,#3580);
#3579 = CARTESIAN_POINT('',(-7.52,2.84,0.2));
#3580 = VECTOR('',#3581,1.);
#3581 = DIRECTION('',(0.,0.,-1.));
#3582 = ORIENTED_EDGE('',*,*,#3583,.T.);
#3583 = EDGE_CURVE('',#3576,#3584,#3586,.T.);
#3584 = VERTEX_POINT('',#3585);
#3585 = CARTESIAN_POINT('',(-7.52,2.69,-3.1));
#3586 = LINE('',#3587,#3588);
#3587 = CARTESIAN_POINT('',(-7.52,2.84,-2.5));
#3588 = VECTOR('',#3589,1.);
#3589 = DIRECTION('',(-2.692686352073E-17,-0.242535625036,
    -0.970142500145));
#3590 = ORIENTED_EDGE('',*,*,#3591,.T.);
#3591 = EDGE_CURVE('',#3584,#3592,#3594,.T.);
#3592 = VERTEX_POINT('',#3593);
#3593 = CARTESIAN_POINT('',(-7.52,2.39,-3.1));
#3594 = LINE('',#3595,#3596);
#3595 = CARTESIAN_POINT('',(-7.52,2.69,-3.1));
#3596 = VECTOR('',#3597,1.);
#3597 = DIRECTION('',(-1.110223024625E-16,-1.,0.));
#3598 = ORIENTED_EDGE('',*,*,#3599,.T.);
#3599 = EDGE_CURVE('',#3592,#3567,#3600,.T.);
#3600 = LINE('',#3601,#3602);
#3601 = CARTESIAN_POINT('',(-7.52,2.39,-3.1));
#3602 = VECTOR('',#3603,1.);
#3603 = DIRECTION('',(-2.692686352073E-17,-0.242535625036,0.970142500145
    ));
#3604 = PLANE('',#3605);
#3605 = AXIS2_PLACEMENT_3D('',#3606,#3607,#3608);
#3606 = CARTESIAN_POINT('',(-7.52,2.54,3.911477598424));
#3607 = DIRECTION('',(-1.,1.110223024625E-16,0.));
#3608 = DIRECTION('',(0.,0.,1.));
#3609 = ADVANCED_FACE('',(#3610),#3621,.T.);
#3610 = FACE_BOUND('',#3611,.T.);
#3611 = EDGE_LOOP('',(#3612,#3618,#3619,#3620));
#3612 = ORIENTED_EDGE('',*,*,#3613,.F.);
#3613 = EDGE_CURVE('',#1160,#1184,#3614,.T.);
#3614 = LINE('',#3615,#3616);
#3615 = CARTESIAN_POINT('',(-7.72,2.84,0.2));
#3616 = VECTOR('',#3617,1.);
#3617 = DIRECTION('',(1.,-1.110223024625E-16,0.));
#3618 = ORIENTED_EDGE('',*,*,#1167,.T.);
#3619 = ORIENTED_EDGE('',*,*,#1175,.T.);
#3620 = ORIENTED_EDGE('',*,*,#1183,.T.);
#3621 = PLANE('',#3622);
#3622 = AXIS2_PLACEMENT_3D('',#3623,#3624,#3625);
#3623 = CARTESIAN_POINT('',(-7.72,2.24,0.2));
#3624 = DIRECTION('',(0.,-0.,-1.));
#3625 = DIRECTION('',(-1.110223024625E-16,-1.,0.));
#3626 = ADVANCED_FACE('',(#3627),#3668,.T.);
#3627 = FACE_BOUND('',#3628,.T.);
#3628 = EDGE_LOOP('',(#3629,#3637,#3638,#3646,#3654,#3662));
#3629 = ORIENTED_EDGE('',*,*,#3630,.T.);
#3630 = EDGE_CURVE('',#3631,#1152,#3633,.T.);
#3631 = VERTEX_POINT('',#3632);
#3632 = CARTESIAN_POINT('',(-7.72,2.24,-2.5));
#3633 = LINE('',#3634,#3635);
#3634 = CARTESIAN_POINT('',(-7.72,2.24,-2.5));
#3635 = VECTOR('',#3636,1.);
#3636 = DIRECTION('',(0.,0.,1.));
#3637 = ORIENTED_EDGE('',*,*,#1159,.F.);
#3638 = ORIENTED_EDGE('',*,*,#3639,.T.);
#3639 = EDGE_CURVE('',#1160,#3640,#3642,.T.);
#3640 = VERTEX_POINT('',#3641);
#3641 = CARTESIAN_POINT('',(-7.72,2.84,-2.5));
#3642 = LINE('',#3643,#3644);
#3643 = CARTESIAN_POINT('',(-7.72,2.84,0.2));
#3644 = VECTOR('',#3645,1.);
#3645 = DIRECTION('',(0.,0.,-1.));
#3646 = ORIENTED_EDGE('',*,*,#3647,.T.);
#3647 = EDGE_CURVE('',#3640,#3648,#3650,.T.);
#3648 = VERTEX_POINT('',#3649);
#3649 = CARTESIAN_POINT('',(-7.72,2.69,-3.1));
#3650 = LINE('',#3651,#3652);
#3651 = CARTESIAN_POINT('',(-7.72,2.84,-2.5));
#3652 = VECTOR('',#3653,1.);
#3653 = DIRECTION('',(-2.692686352073E-17,-0.242535625036,
    -0.970142500145));
#3654 = ORIENTED_EDGE('',*,*,#3655,.F.);
#3655 = EDGE_CURVE('',#3656,#3648,#3658,.T.);
#3656 = VERTEX_POINT('',#3657);
#3657 = CARTESIAN_POINT('',(-7.72,2.39,-3.1));
#3658 = LINE('',#3659,#3660);
#3659 = CARTESIAN_POINT('',(-7.72,2.39,-3.1));
#3660 = VECTOR('',#3661,1.);
#3661 = DIRECTION('',(1.110223024625E-16,1.,0.));
#3662 = ORIENTED_EDGE('',*,*,#3663,.T.);
#3663 = EDGE_CURVE('',#3656,#3631,#3664,.T.);
#3664 = LINE('',#3665,#3666);
#3665 = CARTESIAN_POINT('',(-7.72,2.39,-3.1));
#3666 = VECTOR('',#3667,1.);
#3667 = DIRECTION('',(-2.692686352073E-17,-0.242535625036,0.970142500145
    ));
#3668 = PLANE('',#3669);
#3669 = AXIS2_PLACEMENT_3D('',#3670,#3671,#3672);
#3670 = CARTESIAN_POINT('',(-7.72,2.54,3.911477598424));
#3671 = DIRECTION('',(-1.,1.110223024625E-16,0.));
#3672 = DIRECTION('',(0.,0.,1.));
#3673 = ADVANCED_FACE('',(#3674),#3685,.T.);
#3674 = FACE_BOUND('',#3675,.T.);
#3675 = EDGE_LOOP('',(#3676,#3677,#3678,#3684));
#3676 = ORIENTED_EDGE('',*,*,#1207,.F.);
#3677 = ORIENTED_EDGE('',*,*,#1217,.T.);
#3678 = ORIENTED_EDGE('',*,*,#3679,.T.);
#3679 = EDGE_CURVE('',#1218,#1258,#3680,.T.);
#3680 = LINE('',#3681,#3682);
#3681 = CARTESIAN_POINT('',(-7.72,4.78,0.2));
#3682 = VECTOR('',#3683,1.);
#3683 = DIRECTION('',(1.,-1.110223024625E-16,0.));
#3684 = ORIENTED_EDGE('',*,*,#1265,.T.);
#3685 = PLANE('',#3686);
#3686 = AXIS2_PLACEMENT_3D('',#3687,#3688,#3689);
#3687 = CARTESIAN_POINT('',(-7.72,4.78,0.2));
#3688 = DIRECTION('',(0.,-0.,-1.));
#3689 = DIRECTION('',(-1.110223024625E-16,-1.,0.));
#3690 = ADVANCED_FACE('',(#3691),#3732,.F.);
#3691 = FACE_BOUND('',#3692,.F.);
#3692 = EDGE_LOOP('',(#3693,#3701,#3702,#3710,#3718,#3726));
#3693 = ORIENTED_EDGE('',*,*,#3694,.T.);
#3694 = EDGE_CURVE('',#3695,#1258,#3697,.T.);
#3695 = VERTEX_POINT('',#3696);
#3696 = CARTESIAN_POINT('',(-7.52,4.78,-2.5));
#3697 = LINE('',#3698,#3699);
#3698 = CARTESIAN_POINT('',(-7.52,4.78,-2.5));
#3699 = VECTOR('',#3700,1.);
#3700 = DIRECTION('',(0.,0.,1.));
#3701 = ORIENTED_EDGE('',*,*,#1257,.F.);
#3702 = ORIENTED_EDGE('',*,*,#3703,.T.);
#3703 = EDGE_CURVE('',#1250,#3704,#3706,.T.);
#3704 = VERTEX_POINT('',#3705);
#3705 = CARTESIAN_POINT('',(-7.52,5.38,-2.5));
#3706 = LINE('',#3707,#3708);
#3707 = CARTESIAN_POINT('',(-7.52,5.38,0.2));
#3708 = VECTOR('',#3709,1.);
#3709 = DIRECTION('',(0.,0.,-1.));
#3710 = ORIENTED_EDGE('',*,*,#3711,.T.);
#3711 = EDGE_CURVE('',#3704,#3712,#3714,.T.);
#3712 = VERTEX_POINT('',#3713);
#3713 = CARTESIAN_POINT('',(-7.52,5.23,-3.1));
#3714 = LINE('',#3715,#3716);
#3715 = CARTESIAN_POINT('',(-7.52,5.38,-2.5));
#3716 = VECTOR('',#3717,1.);
#3717 = DIRECTION('',(-2.692686352073E-17,-0.242535625036,
    -0.970142500145));
#3718 = ORIENTED_EDGE('',*,*,#3719,.T.);
#3719 = EDGE_CURVE('',#3712,#3720,#3722,.T.);
#3720 = VERTEX_POINT('',#3721);
#3721 = CARTESIAN_POINT('',(-7.52,4.93,-3.1));
#3722 = LINE('',#3723,#3724);
#3723 = CARTESIAN_POINT('',(-7.52,5.23,-3.1));
#3724 = VECTOR('',#3725,1.);
#3725 = DIRECTION('',(-1.110223024625E-16,-1.,0.));
#3726 = ORIENTED_EDGE('',*,*,#3727,.T.);
#3727 = EDGE_CURVE('',#3720,#3695,#3728,.T.);
#3728 = LINE('',#3729,#3730);
#3729 = CARTESIAN_POINT('',(-7.52,4.93,-3.1));
#3730 = VECTOR('',#3731,1.);
#3731 = DIRECTION('',(-2.692686352073E-17,-0.242535625036,0.970142500145
    ));
#3732 = PLANE('',#3733);
#3733 = AXIS2_PLACEMENT_3D('',#3734,#3735,#3736);
#3734 = CARTESIAN_POINT('',(-7.52,5.08,3.911477598424));
#3735 = DIRECTION('',(-1.,1.110223024625E-16,0.));
#3736 = DIRECTION('',(0.,0.,1.));
#3737 = ADVANCED_FACE('',(#3738),#3749,.T.);
#3738 = FACE_BOUND('',#3739,.T.);
#3739 = EDGE_LOOP('',(#3740,#3746,#3747,#3748));
#3740 = ORIENTED_EDGE('',*,*,#3741,.F.);
#3741 = EDGE_CURVE('',#1226,#1250,#3742,.T.);
#3742 = LINE('',#3743,#3744);
#3743 = CARTESIAN_POINT('',(-7.72,5.38,0.2));
#3744 = VECTOR('',#3745,1.);
#3745 = DIRECTION('',(1.,-1.110223024625E-16,0.));
#3746 = ORIENTED_EDGE('',*,*,#1233,.T.);
#3747 = ORIENTED_EDGE('',*,*,#1241,.T.);
#3748 = ORIENTED_EDGE('',*,*,#1249,.T.);
#3749 = PLANE('',#3750);
#3750 = AXIS2_PLACEMENT_3D('',#3751,#3752,#3753);
#3751 = CARTESIAN_POINT('',(-7.72,4.78,0.2));
#3752 = DIRECTION('',(0.,-0.,-1.));
#3753 = DIRECTION('',(-1.110223024625E-16,-1.,0.));
#3754 = ADVANCED_FACE('',(#3755),#3796,.T.);
#3755 = FACE_BOUND('',#3756,.T.);
#3756 = EDGE_LOOP('',(#3757,#3765,#3766,#3774,#3782,#3790));
#3757 = ORIENTED_EDGE('',*,*,#3758,.T.);
#3758 = EDGE_CURVE('',#3759,#1218,#3761,.T.);
#3759 = VERTEX_POINT('',#3760);
#3760 = CARTESIAN_POINT('',(-7.72,4.78,-2.5));
#3761 = LINE('',#3762,#3763);
#3762 = CARTESIAN_POINT('',(-7.72,4.78,-2.5));
#3763 = VECTOR('',#3764,1.);
#3764 = DIRECTION('',(0.,0.,1.));
#3765 = ORIENTED_EDGE('',*,*,#1225,.F.);
#3766 = ORIENTED_EDGE('',*,*,#3767,.T.);
#3767 = EDGE_CURVE('',#1226,#3768,#3770,.T.);
#3768 = VERTEX_POINT('',#3769);
#3769 = CARTESIAN_POINT('',(-7.72,5.38,-2.5));
#3770 = LINE('',#3771,#3772);
#3771 = CARTESIAN_POINT('',(-7.72,5.38,0.2));
#3772 = VECTOR('',#3773,1.);
#3773 = DIRECTION('',(0.,0.,-1.));
#3774 = ORIENTED_EDGE('',*,*,#3775,.T.);
#3775 = EDGE_CURVE('',#3768,#3776,#3778,.T.);
#3776 = VERTEX_POINT('',#3777);
#3777 = CARTESIAN_POINT('',(-7.72,5.23,-3.1));
#3778 = LINE('',#3779,#3780);
#3779 = CARTESIAN_POINT('',(-7.72,5.38,-2.5));
#3780 = VECTOR('',#3781,1.);
#3781 = DIRECTION('',(-2.692686352073E-17,-0.242535625036,
    -0.970142500145));
#3782 = ORIENTED_EDGE('',*,*,#3783,.F.);
#3783 = EDGE_CURVE('',#3784,#3776,#3786,.T.);
#3784 = VERTEX_POINT('',#3785);
#3785 = CARTESIAN_POINT('',(-7.72,4.93,-3.1));
#3786 = LINE('',#3787,#3788);
#3787 = CARTESIAN_POINT('',(-7.72,4.93,-3.1));
#3788 = VECTOR('',#3789,1.);
#3789 = DIRECTION('',(1.110223024625E-16,1.,0.));
#3790 = ORIENTED_EDGE('',*,*,#3791,.T.);
#3791 = EDGE_CURVE('',#3784,#3759,#3792,.T.);
#3792 = LINE('',#3793,#3794);
#3793 = CARTESIAN_POINT('',(-7.72,4.93,-3.1));
#3794 = VECTOR('',#3795,1.);
#3795 = DIRECTION('',(-2.692686352073E-17,-0.242535625036,0.970142500145
    ));
#3796 = PLANE('',#3797);
#3797 = AXIS2_PLACEMENT_3D('',#3798,#3799,#3800);
#3798 = CARTESIAN_POINT('',(-7.72,5.08,3.911477598424));
#3799 = DIRECTION('',(-1.,1.110223024625E-16,0.));
#3800 = DIRECTION('',(0.,0.,1.));
#3801 = ADVANCED_FACE('',(#3802),#3813,.T.);
#3802 = FACE_BOUND('',#3803,.T.);
#3803 = EDGE_LOOP('',(#3804,#3805,#3806,#3812));
#3804 = ORIENTED_EDGE('',*,*,#1273,.F.);
#3805 = ORIENTED_EDGE('',*,*,#1283,.T.);
#3806 = ORIENTED_EDGE('',*,*,#3807,.T.);
#3807 = EDGE_CURVE('',#1284,#1324,#3808,.T.);
#3808 = LINE('',#3809,#3810);
#3809 = CARTESIAN_POINT('',(-7.72,7.32,0.2));
#3810 = VECTOR('',#3811,1.);
#3811 = DIRECTION('',(1.,-1.110223024625E-16,0.));
#3812 = ORIENTED_EDGE('',*,*,#1331,.T.);
#3813 = PLANE('',#3814);
#3814 = AXIS2_PLACEMENT_3D('',#3815,#3816,#3817);
#3815 = CARTESIAN_POINT('',(-7.72,7.32,0.2));
#3816 = DIRECTION('',(0.,-0.,-1.));
#3817 = DIRECTION('',(-1.110223024625E-16,-1.,0.));
#3818 = ADVANCED_FACE('',(#3819),#3860,.F.);
#3819 = FACE_BOUND('',#3820,.F.);
#3820 = EDGE_LOOP('',(#3821,#3829,#3830,#3838,#3846,#3854));
#3821 = ORIENTED_EDGE('',*,*,#3822,.T.);
#3822 = EDGE_CURVE('',#3823,#1324,#3825,.T.);
#3823 = VERTEX_POINT('',#3824);
#3824 = CARTESIAN_POINT('',(-7.52,7.32,-2.5));
#3825 = LINE('',#3826,#3827);
#3826 = CARTESIAN_POINT('',(-7.52,7.32,-2.5));
#3827 = VECTOR('',#3828,1.);
#3828 = DIRECTION('',(0.,0.,1.));
#3829 = ORIENTED_EDGE('',*,*,#1323,.F.);
#3830 = ORIENTED_EDGE('',*,*,#3831,.T.);
#3831 = EDGE_CURVE('',#1316,#3832,#3834,.T.);
#3832 = VERTEX_POINT('',#3833);
#3833 = CARTESIAN_POINT('',(-7.52,7.92,-2.5));
#3834 = LINE('',#3835,#3836);
#3835 = CARTESIAN_POINT('',(-7.52,7.92,0.2));
#3836 = VECTOR('',#3837,1.);
#3837 = DIRECTION('',(0.,0.,-1.));
#3838 = ORIENTED_EDGE('',*,*,#3839,.T.);
#3839 = EDGE_CURVE('',#3832,#3840,#3842,.T.);
#3840 = VERTEX_POINT('',#3841);
#3841 = CARTESIAN_POINT('',(-7.52,7.77,-3.1));
#3842 = LINE('',#3843,#3844);
#3843 = CARTESIAN_POINT('',(-7.52,7.92,-2.5));
#3844 = VECTOR('',#3845,1.);
#3845 = DIRECTION('',(-2.692686352073E-17,-0.242535625036,
    -0.970142500145));
#3846 = ORIENTED_EDGE('',*,*,#3847,.T.);
#3847 = EDGE_CURVE('',#3840,#3848,#3850,.T.);
#3848 = VERTEX_POINT('',#3849);
#3849 = CARTESIAN_POINT('',(-7.52,7.47,-3.1));
#3850 = LINE('',#3851,#3852);
#3851 = CARTESIAN_POINT('',(-7.52,7.77,-3.1));
#3852 = VECTOR('',#3853,1.);
#3853 = DIRECTION('',(-1.110223024625E-16,-1.,0.));
#3854 = ORIENTED_EDGE('',*,*,#3855,.T.);
#3855 = EDGE_CURVE('',#3848,#3823,#3856,.T.);
#3856 = LINE('',#3857,#3858);
#3857 = CARTESIAN_POINT('',(-7.52,7.47,-3.1));
#3858 = VECTOR('',#3859,1.);
#3859 = DIRECTION('',(-2.692686352073E-17,-0.242535625036,0.970142500145
    ));
#3860 = PLANE('',#3861);
#3861 = AXIS2_PLACEMENT_3D('',#3862,#3863,#3864);
#3862 = CARTESIAN_POINT('',(-7.52,7.62,3.911477598424));
#3863 = DIRECTION('',(-1.,1.110223024625E-16,0.));
#3864 = DIRECTION('',(0.,0.,1.));
#3865 = ADVANCED_FACE('',(#3866),#3877,.T.);
#3866 = FACE_BOUND('',#3867,.T.);
#3867 = EDGE_LOOP('',(#3868,#3874,#3875,#3876));
#3868 = ORIENTED_EDGE('',*,*,#3869,.F.);
#3869 = EDGE_CURVE('',#1292,#1316,#3870,.T.);
#3870 = LINE('',#3871,#3872);
#3871 = CARTESIAN_POINT('',(-7.72,7.92,0.2));
#3872 = VECTOR('',#3873,1.);
#3873 = DIRECTION('',(1.,-1.110223024625E-16,0.));
#3874 = ORIENTED_EDGE('',*,*,#1299,.T.);
#3875 = ORIENTED_EDGE('',*,*,#1307,.T.);
#3876 = ORIENTED_EDGE('',*,*,#1315,.T.);
#3877 = PLANE('',#3878);
#3878 = AXIS2_PLACEMENT_3D('',#3879,#3880,#3881);
#3879 = CARTESIAN_POINT('',(-7.72,7.32,0.2));
#3880 = DIRECTION('',(0.,-0.,-1.));
#3881 = DIRECTION('',(-1.110223024625E-16,-1.,0.));
#3882 = ADVANCED_FACE('',(#3883),#3924,.T.);
#3883 = FACE_BOUND('',#3884,.T.);
#3884 = EDGE_LOOP('',(#3885,#3893,#3894,#3902,#3910,#3918));
#3885 = ORIENTED_EDGE('',*,*,#3886,.T.);
#3886 = EDGE_CURVE('',#3887,#1284,#3889,.T.);
#3887 = VERTEX_POINT('',#3888);
#3888 = CARTESIAN_POINT('',(-7.72,7.32,-2.5));
#3889 = LINE('',#3890,#3891);
#3890 = CARTESIAN_POINT('',(-7.72,7.32,-2.5));
#3891 = VECTOR('',#3892,1.);
#3892 = DIRECTION('',(0.,0.,1.));
#3893 = ORIENTED_EDGE('',*,*,#1291,.F.);
#3894 = ORIENTED_EDGE('',*,*,#3895,.T.);
#3895 = EDGE_CURVE('',#1292,#3896,#3898,.T.);
#3896 = VERTEX_POINT('',#3897);
#3897 = CARTESIAN_POINT('',(-7.72,7.92,-2.5));
#3898 = LINE('',#3899,#3900);
#3899 = CARTESIAN_POINT('',(-7.72,7.92,0.2));
#3900 = VECTOR('',#3901,1.);
#3901 = DIRECTION('',(0.,0.,-1.));
#3902 = ORIENTED_EDGE('',*,*,#3903,.T.);
#3903 = EDGE_CURVE('',#3896,#3904,#3906,.T.);
#3904 = VERTEX_POINT('',#3905);
#3905 = CARTESIAN_POINT('',(-7.72,7.77,-3.1));
#3906 = LINE('',#3907,#3908);
#3907 = CARTESIAN_POINT('',(-7.72,7.92,-2.5));
#3908 = VECTOR('',#3909,1.);
#3909 = DIRECTION('',(-2.692686352073E-17,-0.242535625036,
    -0.970142500145));
#3910 = ORIENTED_EDGE('',*,*,#3911,.F.);
#3911 = EDGE_CURVE('',#3912,#3904,#3914,.T.);
#3912 = VERTEX_POINT('',#3913);
#3913 = CARTESIAN_POINT('',(-7.72,7.47,-3.1));
#3914 = LINE('',#3915,#3916);
#3915 = CARTESIAN_POINT('',(-7.72,7.47,-3.1));
#3916 = VECTOR('',#3917,1.);
#3917 = DIRECTION('',(1.110223024625E-16,1.,0.));
#3918 = ORIENTED_EDGE('',*,*,#3919,.T.);
#3919 = EDGE_CURVE('',#3912,#3887,#3920,.T.);
#3920 = LINE('',#3921,#3922);
#3921 = CARTESIAN_POINT('',(-7.72,7.47,-3.1));
#3922 = VECTOR('',#3923,1.);
#3923 = DIRECTION('',(-2.692686352073E-17,-0.242535625036,0.970142500145
    ));
#3924 = PLANE('',#3925);
#3925 = AXIS2_PLACEMENT_3D('',#3926,#3927,#3928);
#3926 = CARTESIAN_POINT('',(-7.72,7.62,3.911477598424));
#3927 = DIRECTION('',(-1.,1.110223024625E-16,0.));
#3928 = DIRECTION('',(0.,0.,1.));
#3929 = ADVANCED_FACE('',(#3930),#3941,.T.);
#3930 = FACE_BOUND('',#3931,.T.);
#3931 = EDGE_LOOP('',(#3932,#3933,#3934,#3940));
#3932 = ORIENTED_EDGE('',*,*,#1339,.F.);
#3933 = ORIENTED_EDGE('',*,*,#1349,.T.);
#3934 = ORIENTED_EDGE('',*,*,#3935,.T.);
#3935 = EDGE_CURVE('',#1350,#1390,#3936,.T.);
#3936 = LINE('',#3937,#3938);
#3937 = CARTESIAN_POINT('',(-7.72,9.86,0.2));
#3938 = VECTOR('',#3939,1.);
#3939 = DIRECTION('',(1.,-1.110223024625E-16,0.));
#3940 = ORIENTED_EDGE('',*,*,#1397,.T.);
#3941 = PLANE('',#3942);
#3942 = AXIS2_PLACEMENT_3D('',#3943,#3944,#3945);
#3943 = CARTESIAN_POINT('',(-7.72,9.86,0.2));
#3944 = DIRECTION('',(0.,-0.,-1.));
#3945 = DIRECTION('',(-1.110223024625E-16,-1.,0.));
#3946 = ADVANCED_FACE('',(#3947),#3988,.F.);
#3947 = FACE_BOUND('',#3948,.F.);
#3948 = EDGE_LOOP('',(#3949,#3957,#3958,#3966,#3974,#3982));
#3949 = ORIENTED_EDGE('',*,*,#3950,.T.);
#3950 = EDGE_CURVE('',#3951,#1390,#3953,.T.);
#3951 = VERTEX_POINT('',#3952);
#3952 = CARTESIAN_POINT('',(-7.52,9.86,-2.5));
#3953 = LINE('',#3954,#3955);
#3954 = CARTESIAN_POINT('',(-7.52,9.86,-2.5));
#3955 = VECTOR('',#3956,1.);
#3956 = DIRECTION('',(0.,0.,1.));
#3957 = ORIENTED_EDGE('',*,*,#1389,.F.);
#3958 = ORIENTED_EDGE('',*,*,#3959,.T.);
#3959 = EDGE_CURVE('',#1382,#3960,#3962,.T.);
#3960 = VERTEX_POINT('',#3961);
#3961 = CARTESIAN_POINT('',(-7.52,10.46,-2.5));
#3962 = LINE('',#3963,#3964);
#3963 = CARTESIAN_POINT('',(-7.52,10.46,0.2));
#3964 = VECTOR('',#3965,1.);
#3965 = DIRECTION('',(0.,0.,-1.));
#3966 = ORIENTED_EDGE('',*,*,#3967,.T.);
#3967 = EDGE_CURVE('',#3960,#3968,#3970,.T.);
#3968 = VERTEX_POINT('',#3969);
#3969 = CARTESIAN_POINT('',(-7.52,10.31,-3.1));
#3970 = LINE('',#3971,#3972);
#3971 = CARTESIAN_POINT('',(-7.52,10.46,-2.5));
#3972 = VECTOR('',#3973,1.);
#3973 = DIRECTION('',(-2.692686352073E-17,-0.242535625036,
    -0.970142500145));
#3974 = ORIENTED_EDGE('',*,*,#3975,.T.);
#3975 = EDGE_CURVE('',#3968,#3976,#3978,.T.);
#3976 = VERTEX_POINT('',#3977);
#3977 = CARTESIAN_POINT('',(-7.52,10.01,-3.1));
#3978 = LINE('',#3979,#3980);
#3979 = CARTESIAN_POINT('',(-7.52,10.31,-3.1));
#3980 = VECTOR('',#3981,1.);
#3981 = DIRECTION('',(-1.110223024625E-16,-1.,0.));
#3982 = ORIENTED_EDGE('',*,*,#3983,.T.);
#3983 = EDGE_CURVE('',#3976,#3951,#3984,.T.);
#3984 = LINE('',#3985,#3986);
#3985 = CARTESIAN_POINT('',(-7.52,10.01,-3.1));
#3986 = VECTOR('',#3987,1.);
#3987 = DIRECTION('',(-2.692686352073E-17,-0.242535625036,0.970142500145
    ));
#3988 = PLANE('',#3989);
#3989 = AXIS2_PLACEMENT_3D('',#3990,#3991,#3992);
#3990 = CARTESIAN_POINT('',(-7.52,10.16,3.911477598424));
#3991 = DIRECTION('',(-1.,1.110223024625E-16,0.));
#3992 = DIRECTION('',(0.,0.,1.));
#3993 = ADVANCED_FACE('',(#3994),#4005,.T.);
#3994 = FACE_BOUND('',#3995,.T.);
#3995 = EDGE_LOOP('',(#3996,#4002,#4003,#4004));
#3996 = ORIENTED_EDGE('',*,*,#3997,.F.);
#3997 = EDGE_CURVE('',#1358,#1382,#3998,.T.);
#3998 = LINE('',#3999,#4000);
#3999 = CARTESIAN_POINT('',(-7.72,10.46,0.2));
#4000 = VECTOR('',#4001,1.);
#4001 = DIRECTION('',(1.,-1.110223024625E-16,0.));
#4002 = ORIENTED_EDGE('',*,*,#1365,.T.);
#4003 = ORIENTED_EDGE('',*,*,#1373,.T.);
#4004 = ORIENTED_EDGE('',*,*,#1381,.T.);
#4005 = PLANE('',#4006);
#4006 = AXIS2_PLACEMENT_3D('',#4007,#4008,#4009);
#4007 = CARTESIAN_POINT('',(-7.72,9.86,0.2));
#4008 = DIRECTION('',(0.,-0.,-1.));
#4009 = DIRECTION('',(-1.110223024625E-16,-1.,0.));
#4010 = ADVANCED_FACE('',(#4011),#4052,.T.);
#4011 = FACE_BOUND('',#4012,.T.);
#4012 = EDGE_LOOP('',(#4013,#4021,#4022,#4030,#4038,#4046));
#4013 = ORIENTED_EDGE('',*,*,#4014,.T.);
#4014 = EDGE_CURVE('',#4015,#1350,#4017,.T.);
#4015 = VERTEX_POINT('',#4016);
#4016 = CARTESIAN_POINT('',(-7.72,9.86,-2.5));
#4017 = LINE('',#4018,#4019);
#4018 = CARTESIAN_POINT('',(-7.72,9.86,-2.5));
#4019 = VECTOR('',#4020,1.);
#4020 = DIRECTION('',(0.,0.,1.));
#4021 = ORIENTED_EDGE('',*,*,#1357,.F.);
#4022 = ORIENTED_EDGE('',*,*,#4023,.T.);
#4023 = EDGE_CURVE('',#1358,#4024,#4026,.T.);
#4024 = VERTEX_POINT('',#4025);
#4025 = CARTESIAN_POINT('',(-7.72,10.46,-2.5));
#4026 = LINE('',#4027,#4028);
#4027 = CARTESIAN_POINT('',(-7.72,10.46,0.2));
#4028 = VECTOR('',#4029,1.);
#4029 = DIRECTION('',(0.,0.,-1.));
#4030 = ORIENTED_EDGE('',*,*,#4031,.T.);
#4031 = EDGE_CURVE('',#4024,#4032,#4034,.T.);
#4032 = VERTEX_POINT('',#4033);
#4033 = CARTESIAN_POINT('',(-7.72,10.31,-3.1));
#4034 = LINE('',#4035,#4036);
#4035 = CARTESIAN_POINT('',(-7.72,10.46,-2.5));
#4036 = VECTOR('',#4037,1.);
#4037 = DIRECTION('',(-2.692686352073E-17,-0.242535625036,
    -0.970142500145));
#4038 = ORIENTED_EDGE('',*,*,#4039,.F.);
#4039 = EDGE_CURVE('',#4040,#4032,#4042,.T.);
#4040 = VERTEX_POINT('',#4041);
#4041 = CARTESIAN_POINT('',(-7.72,10.01,-3.1));
#4042 = LINE('',#4043,#4044);
#4043 = CARTESIAN_POINT('',(-7.72,10.01,-3.1));
#4044 = VECTOR('',#4045,1.);
#4045 = DIRECTION('',(1.110223024625E-16,1.,0.));
#4046 = ORIENTED_EDGE('',*,*,#4047,.T.);
#4047 = EDGE_CURVE('',#4040,#4015,#4048,.T.);
#4048 = LINE('',#4049,#4050);
#4049 = CARTESIAN_POINT('',(-7.72,10.01,-3.1));
#4050 = VECTOR('',#4051,1.);
#4051 = DIRECTION('',(-2.692686352073E-17,-0.242535625036,0.970142500145
    ));
#4052 = PLANE('',#4053);
#4053 = AXIS2_PLACEMENT_3D('',#4054,#4055,#4056);
#4054 = CARTESIAN_POINT('',(-7.72,10.16,3.911477598424));
#4055 = DIRECTION('',(-1.,1.110223024625E-16,0.));
#4056 = DIRECTION('',(0.,0.,1.));
#4057 = ADVANCED_FACE('',(#4058),#4069,.T.);
#4058 = FACE_BOUND('',#4059,.T.);
#4059 = EDGE_LOOP('',(#4060,#4061,#4062,#4068));
#4060 = ORIENTED_EDGE('',*,*,#1405,.F.);
#4061 = ORIENTED_EDGE('',*,*,#1415,.T.);
#4062 = ORIENTED_EDGE('',*,*,#4063,.T.);
#4063 = EDGE_CURVE('',#1416,#1456,#4064,.T.);
#4064 = LINE('',#4065,#4066);
#4065 = CARTESIAN_POINT('',(-7.72,12.4,0.2));
#4066 = VECTOR('',#4067,1.);
#4067 = DIRECTION('',(1.,-1.110223024625E-16,0.));
#4068 = ORIENTED_EDGE('',*,*,#1463,.T.);
#4069 = PLANE('',#4070);
#4070 = AXIS2_PLACEMENT_3D('',#4071,#4072,#4073);
#4071 = CARTESIAN_POINT('',(-7.72,12.4,0.2));
#4072 = DIRECTION('',(0.,-0.,-1.));
#4073 = DIRECTION('',(-1.110223024625E-16,-1.,0.));
#4074 = ADVANCED_FACE('',(#4075),#4116,.F.);
#4075 = FACE_BOUND('',#4076,.F.);
#4076 = EDGE_LOOP('',(#4077,#4085,#4086,#4094,#4102,#4110));
#4077 = ORIENTED_EDGE('',*,*,#4078,.T.);
#4078 = EDGE_CURVE('',#4079,#1456,#4081,.T.);
#4079 = VERTEX_POINT('',#4080);
#4080 = CARTESIAN_POINT('',(-7.52,12.4,-2.5));
#4081 = LINE('',#4082,#4083);
#4082 = CARTESIAN_POINT('',(-7.52,12.4,-2.5));
#4083 = VECTOR('',#4084,1.);
#4084 = DIRECTION('',(0.,0.,1.));
#4085 = ORIENTED_EDGE('',*,*,#1455,.F.);
#4086 = ORIENTED_EDGE('',*,*,#4087,.T.);
#4087 = EDGE_CURVE('',#1448,#4088,#4090,.T.);
#4088 = VERTEX_POINT('',#4089);
#4089 = CARTESIAN_POINT('',(-7.52,13.,-2.5));
#4090 = LINE('',#4091,#4092);
#4091 = CARTESIAN_POINT('',(-7.52,13.,0.2));
#4092 = VECTOR('',#4093,1.);
#4093 = DIRECTION('',(0.,0.,-1.));
#4094 = ORIENTED_EDGE('',*,*,#4095,.T.);
#4095 = EDGE_CURVE('',#4088,#4096,#4098,.T.);
#4096 = VERTEX_POINT('',#4097);
#4097 = CARTESIAN_POINT('',(-7.52,12.85,-3.1));
#4098 = LINE('',#4099,#4100);
#4099 = CARTESIAN_POINT('',(-7.52,13.,-2.5));
#4100 = VECTOR('',#4101,1.);
#4101 = DIRECTION('',(-2.692686352073E-17,-0.242535625036,
    -0.970142500145));
#4102 = ORIENTED_EDGE('',*,*,#4103,.T.);
#4103 = EDGE_CURVE('',#4096,#4104,#4106,.T.);
#4104 = VERTEX_POINT('',#4105);
#4105 = CARTESIAN_POINT('',(-7.52,12.55,-3.1));
#4106 = LINE('',#4107,#4108);
#4107 = CARTESIAN_POINT('',(-7.52,12.85,-3.1));
#4108 = VECTOR('',#4109,1.);
#4109 = DIRECTION('',(-1.110223024625E-16,-1.,0.));
#4110 = ORIENTED_EDGE('',*,*,#4111,.T.);
#4111 = EDGE_CURVE('',#4104,#4079,#4112,.T.);
#4112 = LINE('',#4113,#4114);
#4113 = CARTESIAN_POINT('',(-7.52,12.55,-3.1));
#4114 = VECTOR('',#4115,1.);
#4115 = DIRECTION('',(-2.692686352073E-17,-0.242535625036,0.970142500145
    ));
#4116 = PLANE('',#4117);
#4117 = AXIS2_PLACEMENT_3D('',#4118,#4119,#4120);
#4118 = CARTESIAN_POINT('',(-7.52,12.7,3.911477598424));
#4119 = DIRECTION('',(-1.,1.110223024625E-16,0.));
#4120 = DIRECTION('',(0.,0.,1.));
#4121 = ADVANCED_FACE('',(#4122),#4133,.T.);
#4122 = FACE_BOUND('',#4123,.T.);
#4123 = EDGE_LOOP('',(#4124,#4130,#4131,#4132));
#4124 = ORIENTED_EDGE('',*,*,#4125,.F.);
#4125 = EDGE_CURVE('',#1424,#1448,#4126,.T.);
#4126 = LINE('',#4127,#4128);
#4127 = CARTESIAN_POINT('',(-7.72,13.,0.2));
#4128 = VECTOR('',#4129,1.);
#4129 = DIRECTION('',(1.,-1.110223024625E-16,0.));
#4130 = ORIENTED_EDGE('',*,*,#1431,.T.);
#4131 = ORIENTED_EDGE('',*,*,#1439,.T.);
#4132 = ORIENTED_EDGE('',*,*,#1447,.T.);
#4133 = PLANE('',#4134);
#4134 = AXIS2_PLACEMENT_3D('',#4135,#4136,#4137);
#4135 = CARTESIAN_POINT('',(-7.72,12.4,0.2));
#4136 = DIRECTION('',(0.,-0.,-1.));
#4137 = DIRECTION('',(-1.110223024625E-16,-1.,0.));
#4138 = ADVANCED_FACE('',(#4139),#4180,.T.);
#4139 = FACE_BOUND('',#4140,.T.);
#4140 = EDGE_LOOP('',(#4141,#4149,#4150,#4158,#4166,#4174));
#4141 = ORIENTED_EDGE('',*,*,#4142,.T.);
#4142 = EDGE_CURVE('',#4143,#1416,#4145,.T.);
#4143 = VERTEX_POINT('',#4144);
#4144 = CARTESIAN_POINT('',(-7.72,12.4,-2.5));
#4145 = LINE('',#4146,#4147);
#4146 = CARTESIAN_POINT('',(-7.72,12.4,-2.5));
#4147 = VECTOR('',#4148,1.);
#4148 = DIRECTION('',(0.,0.,1.));
#4149 = ORIENTED_EDGE('',*,*,#1423,.F.);
#4150 = ORIENTED_EDGE('',*,*,#4151,.T.);
#4151 = EDGE_CURVE('',#1424,#4152,#4154,.T.);
#4152 = VERTEX_POINT('',#4153);
#4153 = CARTESIAN_POINT('',(-7.72,13.,-2.5));
#4154 = LINE('',#4155,#4156);
#4155 = CARTESIAN_POINT('',(-7.72,13.,0.2));
#4156 = VECTOR('',#4157,1.);
#4157 = DIRECTION('',(0.,0.,-1.));
#4158 = ORIENTED_EDGE('',*,*,#4159,.T.);
#4159 = EDGE_CURVE('',#4152,#4160,#4162,.T.);
#4160 = VERTEX_POINT('',#4161);
#4161 = CARTESIAN_POINT('',(-7.72,12.85,-3.1));
#4162 = LINE('',#4163,#4164);
#4163 = CARTESIAN_POINT('',(-7.72,13.,-2.5));
#4164 = VECTOR('',#4165,1.);
#4165 = DIRECTION('',(-2.692686352073E-17,-0.242535625036,
    -0.970142500145));
#4166 = ORIENTED_EDGE('',*,*,#4167,.F.);
#4167 = EDGE_CURVE('',#4168,#4160,#4170,.T.);
#4168 = VERTEX_POINT('',#4169);
#4169 = CARTESIAN_POINT('',(-7.72,12.55,-3.1));
#4170 = LINE('',#4171,#4172);
#4171 = CARTESIAN_POINT('',(-7.72,12.55,-3.1));
#4172 = VECTOR('',#4173,1.);
#4173 = DIRECTION('',(1.110223024625E-16,1.,0.));
#4174 = ORIENTED_EDGE('',*,*,#4175,.T.);
#4175 = EDGE_CURVE('',#4168,#4143,#4176,.T.);
#4176 = LINE('',#4177,#4178);
#4177 = CARTESIAN_POINT('',(-7.72,12.55,-3.1));
#4178 = VECTOR('',#4179,1.);
#4179 = DIRECTION('',(-2.692686352073E-17,-0.242535625036,0.970142500145
    ));
#4180 = PLANE('',#4181);
#4181 = AXIS2_PLACEMENT_3D('',#4182,#4183,#4184);
#4182 = CARTESIAN_POINT('',(-7.72,12.7,3.911477598424));
#4183 = DIRECTION('',(-1.,1.110223024625E-16,0.));
#4184 = DIRECTION('',(0.,0.,1.));
#4185 = ADVANCED_FACE('',(#4186),#4211,.F.);
#4186 = FACE_BOUND('',#4187,.F.);
#4187 = EDGE_LOOP('',(#4188,#4196,#4204,#4210));
#4188 = ORIENTED_EDGE('',*,*,#4189,.T.);
#4189 = EDGE_CURVE('',#1502,#4190,#4192,.T.);
#4190 = VERTEX_POINT('',#4191);
#4191 = CARTESIAN_POINT('',(-7.32,-15.54,0.9));
#4192 = LINE('',#4193,#4194);
#4193 = CARTESIAN_POINT('',(-7.32,-15.54,8.2));
#4194 = VECTOR('',#4195,1.);
#4195 = DIRECTION('',(0.,-0.,-1.));
#4196 = ORIENTED_EDGE('',*,*,#4197,.T.);
#4197 = EDGE_CURVE('',#4190,#4198,#4200,.T.);
#4198 = VERTEX_POINT('',#4199);
#4199 = CARTESIAN_POINT('',(-7.32,-14.94,0.9));
#4200 = LINE('',#4201,#4202);
#4201 = CARTESIAN_POINT('',(-7.32,-15.54,0.9));
#4202 = VECTOR('',#4203,1.);
#4203 = DIRECTION('',(1.110223024625E-16,1.,0.));
#4204 = ORIENTED_EDGE('',*,*,#4205,.F.);
#4205 = EDGE_CURVE('',#1511,#4198,#4206,.T.);
#4206 = LINE('',#4207,#4208);
#4207 = CARTESIAN_POINT('',(-7.32,-14.94,8.2));
#4208 = VECTOR('',#4209,1.);
#4209 = DIRECTION('',(0.,-0.,-1.));
#4210 = ORIENTED_EDGE('',*,*,#1518,.F.);
#4211 = PLANE('',#4212);
#4212 = AXIS2_PLACEMENT_3D('',#4213,#4214,#4215);
#4213 = CARTESIAN_POINT('',(-7.32,-15.54,8.2));
#4214 = DIRECTION('',(1.,-1.110223024625E-16,0.));
#4215 = DIRECTION('',(1.110223024625E-16,1.,0.));
#4216 = ADVANCED_FACE('',(#4217),#4267,.F.);
#4217 = FACE_BOUND('',#4218,.F.);
#4218 = EDGE_LOOP('',(#4219,#4220,#4221,#4229,#4237,#4245,#4253,#4261));
#4219 = ORIENTED_EDGE('',*,*,#1542,.F.);
#4220 = ORIENTED_EDGE('',*,*,#4205,.T.);
#4221 = ORIENTED_EDGE('',*,*,#4222,.T.);
#4222 = EDGE_CURVE('',#4198,#4223,#4225,.T.);
#4223 = VERTEX_POINT('',#4224);
#4224 = CARTESIAN_POINT('',(-7.52,-14.94,0.9));
#4225 = LINE('',#4226,#4227);
#4226 = CARTESIAN_POINT('',(-7.32,-14.94,0.9));
#4227 = VECTOR('',#4228,1.);
#4228 = DIRECTION('',(-1.,1.110223024625E-16,0.));
#4229 = ORIENTED_EDGE('',*,*,#4230,.T.);
#4230 = EDGE_CURVE('',#4223,#4231,#4233,.T.);
#4231 = VERTEX_POINT('',#4232);
#4232 = CARTESIAN_POINT('',(-7.52,-14.94,7.4));
#4233 = LINE('',#4234,#4235);
#4234 = CARTESIAN_POINT('',(-7.52,-14.94,6.055738799212));
#4235 = VECTOR('',#4236,1.);
#4236 = DIRECTION('',(0.,-0.,1.));
#4237 = ORIENTED_EDGE('',*,*,#4238,.F.);
#4238 = EDGE_CURVE('',#4239,#4231,#4241,.T.);
#4239 = VERTEX_POINT('',#4240);
#4240 = CARTESIAN_POINT('',(-7.72,-14.94,7.4));
#4241 = LINE('',#4242,#4243);
#4242 = CARTESIAN_POINT('',(-7.72,-14.94,7.4));
#4243 = VECTOR('',#4244,1.);
#4244 = DIRECTION('',(1.,-1.110223024625E-16,0.));
#4245 = ORIENTED_EDGE('',*,*,#4246,.F.);
#4246 = EDGE_CURVE('',#4247,#4239,#4249,.T.);
#4247 = VERTEX_POINT('',#4248);
#4248 = CARTESIAN_POINT('',(-7.72,-14.94,0.9));
#4249 = LINE('',#4250,#4251);
#4250 = CARTESIAN_POINT('',(-7.72,-14.94,6.055738799212));
#4251 = VECTOR('',#4252,1.);
#4252 = DIRECTION('',(0.,-0.,1.));
#4253 = ORIENTED_EDGE('',*,*,#4254,.T.);
#4254 = EDGE_CURVE('',#4247,#4255,#4257,.T.);
#4255 = VERTEX_POINT('',#4256);
#4256 = CARTESIAN_POINT('',(-7.92,-14.94,0.9));
#4257 = LINE('',#4258,#4259);
#4258 = CARTESIAN_POINT('',(-7.32,-14.94,0.9));
#4259 = VECTOR('',#4260,1.);
#4260 = DIRECTION('',(-1.,1.110223024625E-16,0.));
#4261 = ORIENTED_EDGE('',*,*,#4262,.F.);
#4262 = EDGE_CURVE('',#1535,#4255,#4263,.T.);
#4263 = LINE('',#4264,#4265);
#4264 = CARTESIAN_POINT('',(-7.92,-14.94,8.2));
#4265 = VECTOR('',#4266,1.);
#4266 = DIRECTION('',(0.,-0.,-1.));
#4267 = PLANE('',#4268);
#4268 = AXIS2_PLACEMENT_3D('',#4269,#4270,#4271);
#4269 = CARTESIAN_POINT('',(-7.32,-14.94,8.2));
#4270 = DIRECTION('',(1.110223024625E-16,1.,0.));
#4271 = DIRECTION('',(-1.,1.110223024625E-16,0.));
#4272 = ADVANCED_FACE('',(#4273),#4291,.F.);
#4273 = FACE_BOUND('',#4274,.F.);
#4274 = EDGE_LOOP('',(#4275,#4276,#4284,#4290));
#4275 = ORIENTED_EDGE('',*,*,#4262,.T.);
#4276 = ORIENTED_EDGE('',*,*,#4277,.T.);
#4277 = EDGE_CURVE('',#4255,#4278,#4280,.T.);
#4278 = VERTEX_POINT('',#4279);
#4279 = CARTESIAN_POINT('',(-7.92,-15.54,0.9));
#4280 = LINE('',#4281,#4282);
#4281 = CARTESIAN_POINT('',(-7.92,-14.94,0.9));
#4282 = VECTOR('',#4283,1.);
#4283 = DIRECTION('',(-1.110223024625E-16,-1.,0.));
#4284 = ORIENTED_EDGE('',*,*,#4285,.F.);
#4285 = EDGE_CURVE('',#1559,#4278,#4286,.T.);
#4286 = LINE('',#4287,#4288);
#4287 = CARTESIAN_POINT('',(-7.92,-15.54,8.2));
#4288 = VECTOR('',#4289,1.);
#4289 = DIRECTION('',(0.,-0.,-1.));
#4290 = ORIENTED_EDGE('',*,*,#1566,.F.);
#4291 = PLANE('',#4292);
#4292 = AXIS2_PLACEMENT_3D('',#4293,#4294,#4295);
#4293 = CARTESIAN_POINT('',(-7.92,-14.94,8.2));
#4294 = DIRECTION('',(-1.,1.110223024625E-16,0.));
#4295 = DIRECTION('',(-1.110223024625E-16,-1.,0.));
#4296 = ADVANCED_FACE('',(#4297),#4340,.F.);
#4297 = FACE_BOUND('',#4298,.F.);
#4298 = EDGE_LOOP('',(#4299,#4300,#4301,#4309,#4317,#4325,#4333,#4339));
#4299 = ORIENTED_EDGE('',*,*,#1583,.F.);
#4300 = ORIENTED_EDGE('',*,*,#4285,.T.);
#4301 = ORIENTED_EDGE('',*,*,#4302,.T.);
#4302 = EDGE_CURVE('',#4278,#4303,#4305,.T.);
#4303 = VERTEX_POINT('',#4304);
#4304 = CARTESIAN_POINT('',(-7.72,-15.54,0.9));
#4305 = LINE('',#4306,#4307);
#4306 = CARTESIAN_POINT('',(-7.92,-15.54,0.9));
#4307 = VECTOR('',#4308,1.);
#4308 = DIRECTION('',(1.,-1.110223024625E-16,0.));
#4309 = ORIENTED_EDGE('',*,*,#4310,.F.);
#4310 = EDGE_CURVE('',#4311,#4303,#4313,.T.);
#4311 = VERTEX_POINT('',#4312);
#4312 = CARTESIAN_POINT('',(-7.72,-15.54,7.4));
#4313 = LINE('',#4314,#4315);
#4314 = CARTESIAN_POINT('',(-7.72,-15.54,6.055738799212));
#4315 = VECTOR('',#4316,1.);
#4316 = DIRECTION('',(-0.,0.,-1.));
#4317 = ORIENTED_EDGE('',*,*,#4318,.T.);
#4318 = EDGE_CURVE('',#4311,#4319,#4321,.T.);
#4319 = VERTEX_POINT('',#4320);
#4320 = CARTESIAN_POINT('',(-7.52,-15.54,7.4));
#4321 = LINE('',#4322,#4323);
#4322 = CARTESIAN_POINT('',(-7.72,-15.54,7.4));
#4323 = VECTOR('',#4324,1.);
#4324 = DIRECTION('',(1.,-1.110223024625E-16,0.));
#4325 = ORIENTED_EDGE('',*,*,#4326,.T.);
#4326 = EDGE_CURVE('',#4319,#4327,#4329,.T.);
#4327 = VERTEX_POINT('',#4328);
#4328 = CARTESIAN_POINT('',(-7.52,-15.54,0.9));
#4329 = LINE('',#4330,#4331);
#4330 = CARTESIAN_POINT('',(-7.52,-15.54,6.055738799212));
#4331 = VECTOR('',#4332,1.);
#4332 = DIRECTION('',(-0.,0.,-1.));
#4333 = ORIENTED_EDGE('',*,*,#4334,.T.);
#4334 = EDGE_CURVE('',#4327,#4190,#4335,.T.);
#4335 = LINE('',#4336,#4337);
#4336 = CARTESIAN_POINT('',(-7.92,-15.54,0.9));
#4337 = VECTOR('',#4338,1.);
#4338 = DIRECTION('',(1.,-1.110223024625E-16,0.));
#4339 = ORIENTED_EDGE('',*,*,#4189,.F.);
#4340 = PLANE('',#4341);
#4341 = AXIS2_PLACEMENT_3D('',#4342,#4343,#4344);
#4342 = CARTESIAN_POINT('',(-7.92,-15.54,8.2));
#4343 = DIRECTION('',(-1.110223024625E-16,-1.,0.));
#4344 = DIRECTION('',(1.,-1.110223024625E-16,0.));
#4345 = ADVANCED_FACE('',(#4346),#4371,.F.);
#4346 = FACE_BOUND('',#4347,.F.);
#4347 = EDGE_LOOP('',(#4348,#4356,#4364,#4370));
#4348 = ORIENTED_EDGE('',*,*,#4349,.T.);
#4349 = EDGE_CURVE('',#1598,#4350,#4352,.T.);
#4350 = VERTEX_POINT('',#4351);
#4351 = CARTESIAN_POINT('',(-7.32,-13.,0.9));
#4352 = LINE('',#4353,#4354);
#4353 = CARTESIAN_POINT('',(-7.32,-13.,8.2));
#4354 = VECTOR('',#4355,1.);
#4355 = DIRECTION('',(0.,-0.,-1.));
#4356 = ORIENTED_EDGE('',*,*,#4357,.T.);
#4357 = EDGE_CURVE('',#4350,#4358,#4360,.T.);
#4358 = VERTEX_POINT('',#4359);
#4359 = CARTESIAN_POINT('',(-7.32,-12.4,0.9));
#4360 = LINE('',#4361,#4362);
#4361 = CARTESIAN_POINT('',(-7.32,-13.,0.9));
#4362 = VECTOR('',#4363,1.);
#4363 = DIRECTION('',(1.110223024625E-16,1.,0.));
#4364 = ORIENTED_EDGE('',*,*,#4365,.F.);
#4365 = EDGE_CURVE('',#1607,#4358,#4366,.T.);
#4366 = LINE('',#4367,#4368);
#4367 = CARTESIAN_POINT('',(-7.32,-12.4,8.2));
#4368 = VECTOR('',#4369,1.);
#4369 = DIRECTION('',(0.,-0.,-1.));
#4370 = ORIENTED_EDGE('',*,*,#1614,.F.);
#4371 = PLANE('',#4372);
#4372 = AXIS2_PLACEMENT_3D('',#4373,#4374,#4375);
#4373 = CARTESIAN_POINT('',(-7.32,-13.,8.2));
#4374 = DIRECTION('',(1.,-1.110223024625E-16,0.));
#4375 = DIRECTION('',(1.110223024625E-16,1.,0.));
#4376 = ADVANCED_FACE('',(#4377),#4427,.F.);
#4377 = FACE_BOUND('',#4378,.F.);
#4378 = EDGE_LOOP('',(#4379,#4380,#4381,#4389,#4397,#4405,#4413,#4421));
#4379 = ORIENTED_EDGE('',*,*,#1638,.F.);
#4380 = ORIENTED_EDGE('',*,*,#4365,.T.);
#4381 = ORIENTED_EDGE('',*,*,#4382,.T.);
#4382 = EDGE_CURVE('',#4358,#4383,#4385,.T.);
#4383 = VERTEX_POINT('',#4384);
#4384 = CARTESIAN_POINT('',(-7.52,-12.4,0.9));
#4385 = LINE('',#4386,#4387);
#4386 = CARTESIAN_POINT('',(-7.32,-12.4,0.9));
#4387 = VECTOR('',#4388,1.);
#4388 = DIRECTION('',(-1.,1.110223024625E-16,0.));
#4389 = ORIENTED_EDGE('',*,*,#4390,.T.);
#4390 = EDGE_CURVE('',#4383,#4391,#4393,.T.);
#4391 = VERTEX_POINT('',#4392);
#4392 = CARTESIAN_POINT('',(-7.52,-12.4,7.4));
#4393 = LINE('',#4394,#4395);
#4394 = CARTESIAN_POINT('',(-7.52,-12.4,6.055738799212));
#4395 = VECTOR('',#4396,1.);
#4396 = DIRECTION('',(0.,-0.,1.));
#4397 = ORIENTED_EDGE('',*,*,#4398,.F.);
#4398 = EDGE_CURVE('',#4399,#4391,#4401,.T.);
#4399 = VERTEX_POINT('',#4400);
#4400 = CARTESIAN_POINT('',(-7.72,-12.4,7.4));
#4401 = LINE('',#4402,#4403);
#4402 = CARTESIAN_POINT('',(-7.72,-12.4,7.4));
#4403 = VECTOR('',#4404,1.);
#4404 = DIRECTION('',(1.,-1.110223024625E-16,0.));
#4405 = ORIENTED_EDGE('',*,*,#4406,.F.);
#4406 = EDGE_CURVE('',#4407,#4399,#4409,.T.);
#4407 = VERTEX_POINT('',#4408);
#4408 = CARTESIAN_POINT('',(-7.72,-12.4,0.9));
#4409 = LINE('',#4410,#4411);
#4410 = CARTESIAN_POINT('',(-7.72,-12.4,6.055738799212));
#4411 = VECTOR('',#4412,1.);
#4412 = DIRECTION('',(0.,-0.,1.));
#4413 = ORIENTED_EDGE('',*,*,#4414,.T.);
#4414 = EDGE_CURVE('',#4407,#4415,#4417,.T.);
#4415 = VERTEX_POINT('',#4416);
#4416 = CARTESIAN_POINT('',(-7.92,-12.4,0.9));
#4417 = LINE('',#4418,#4419);
#4418 = CARTESIAN_POINT('',(-7.32,-12.4,0.9));
#4419 = VECTOR('',#4420,1.);
#4420 = DIRECTION('',(-1.,1.110223024625E-16,0.));
#4421 = ORIENTED_EDGE('',*,*,#4422,.F.);
#4422 = EDGE_CURVE('',#1631,#4415,#4423,.T.);
#4423 = LINE('',#4424,#4425);
#4424 = CARTESIAN_POINT('',(-7.92,-12.4,8.2));
#4425 = VECTOR('',#4426,1.);
#4426 = DIRECTION('',(0.,-0.,-1.));
#4427 = PLANE('',#4428);
#4428 = AXIS2_PLACEMENT_3D('',#4429,#4430,#4431);
#4429 = CARTESIAN_POINT('',(-7.32,-12.4,8.2));
#4430 = DIRECTION('',(1.110223024625E-16,1.,0.));
#4431 = DIRECTION('',(-1.,1.110223024625E-16,0.));
#4432 = ADVANCED_FACE('',(#4433),#4451,.F.);
#4433 = FACE_BOUND('',#4434,.F.);
#4434 = EDGE_LOOP('',(#4435,#4436,#4444,#4450));
#4435 = ORIENTED_EDGE('',*,*,#4422,.T.);
#4436 = ORIENTED_EDGE('',*,*,#4437,.T.);
#4437 = EDGE_CURVE('',#4415,#4438,#4440,.T.);
#4438 = VERTEX_POINT('',#4439);
#4439 = CARTESIAN_POINT('',(-7.92,-13.,0.9));
#4440 = LINE('',#4441,#4442);
#4441 = CARTESIAN_POINT('',(-7.92,-12.4,0.9));
#4442 = VECTOR('',#4443,1.);
#4443 = DIRECTION('',(-1.110223024625E-16,-1.,0.));
#4444 = ORIENTED_EDGE('',*,*,#4445,.F.);
#4445 = EDGE_CURVE('',#1655,#4438,#4446,.T.);
#4446 = LINE('',#4447,#4448);
#4447 = CARTESIAN_POINT('',(-7.92,-13.,8.2));
#4448 = VECTOR('',#4449,1.);
#4449 = DIRECTION('',(0.,-0.,-1.));
#4450 = ORIENTED_EDGE('',*,*,#1662,.F.);
#4451 = PLANE('',#4452);
#4452 = AXIS2_PLACEMENT_3D('',#4453,#4454,#4455);
#4453 = CARTESIAN_POINT('',(-7.92,-12.4,8.2));
#4454 = DIRECTION('',(-1.,1.110223024625E-16,0.));
#4455 = DIRECTION('',(-1.110223024625E-16,-1.,0.));
#4456 = ADVANCED_FACE('',(#4457),#4500,.F.);
#4457 = FACE_BOUND('',#4458,.F.);
#4458 = EDGE_LOOP('',(#4459,#4460,#4461,#4469,#4477,#4485,#4493,#4499));
#4459 = ORIENTED_EDGE('',*,*,#1679,.F.);
#4460 = ORIENTED_EDGE('',*,*,#4445,.T.);
#4461 = ORIENTED_EDGE('',*,*,#4462,.T.);
#4462 = EDGE_CURVE('',#4438,#4463,#4465,.T.);
#4463 = VERTEX_POINT('',#4464);
#4464 = CARTESIAN_POINT('',(-7.72,-13.,0.9));
#4465 = LINE('',#4466,#4467);
#4466 = CARTESIAN_POINT('',(-7.92,-13.,0.9));
#4467 = VECTOR('',#4468,1.);
#4468 = DIRECTION('',(1.,-1.110223024625E-16,0.));
#4469 = ORIENTED_EDGE('',*,*,#4470,.F.);
#4470 = EDGE_CURVE('',#4471,#4463,#4473,.T.);
#4471 = VERTEX_POINT('',#4472);
#4472 = CARTESIAN_POINT('',(-7.72,-13.,7.4));
#4473 = LINE('',#4474,#4475);
#4474 = CARTESIAN_POINT('',(-7.72,-13.,6.055738799212));
#4475 = VECTOR('',#4476,1.);
#4476 = DIRECTION('',(-0.,0.,-1.));
#4477 = ORIENTED_EDGE('',*,*,#4478,.T.);
#4478 = EDGE_CURVE('',#4471,#4479,#4481,.T.);
#4479 = VERTEX_POINT('',#4480);
#4480 = CARTESIAN_POINT('',(-7.52,-13.,7.4));
#4481 = LINE('',#4482,#4483);
#4482 = CARTESIAN_POINT('',(-7.72,-13.,7.4));
#4483 = VECTOR('',#4484,1.);
#4484 = DIRECTION('',(1.,-1.110223024625E-16,0.));
#4485 = ORIENTED_EDGE('',*,*,#4486,.T.);
#4486 = EDGE_CURVE('',#4479,#4487,#4489,.T.);
#4487 = VERTEX_POINT('',#4488);
#4488 = CARTESIAN_POINT('',(-7.52,-13.,0.9));
#4489 = LINE('',#4490,#4491);
#4490 = CARTESIAN_POINT('',(-7.52,-13.,6.055738799212));
#4491 = VECTOR('',#4492,1.);
#4492 = DIRECTION('',(-0.,0.,-1.));
#4493 = ORIENTED_EDGE('',*,*,#4494,.T.);
#4494 = EDGE_CURVE('',#4487,#4350,#4495,.T.);
#4495 = LINE('',#4496,#4497);
#4496 = CARTESIAN_POINT('',(-7.92,-13.,0.9));
#4497 = VECTOR('',#4498,1.);
#4498 = DIRECTION('',(1.,-1.110223024625E-16,0.));
#4499 = ORIENTED_EDGE('',*,*,#4349,.F.);
#4500 = PLANE('',#4501);
#4501 = AXIS2_PLACEMENT_3D('',#4502,#4503,#4504);
#4502 = CARTESIAN_POINT('',(-7.92,-13.,8.2));
#4503 = DIRECTION('',(-1.110223024625E-16,-1.,0.));
#4504 = DIRECTION('',(1.,-1.110223024625E-16,0.));
#4505 = ADVANCED_FACE('',(#4506),#4531,.F.);
#4506 = FACE_BOUND('',#4507,.F.);
#4507 = EDGE_LOOP('',(#4508,#4516,#4524,#4530));
#4508 = ORIENTED_EDGE('',*,*,#4509,.T.);
#4509 = EDGE_CURVE('',#1694,#4510,#4512,.T.);
#4510 = VERTEX_POINT('',#4511);
#4511 = CARTESIAN_POINT('',(-7.32,-10.46,0.9));
#4512 = LINE('',#4513,#4514);
#4513 = CARTESIAN_POINT('',(-7.32,-10.46,8.2));
#4514 = VECTOR('',#4515,1.);
#4515 = DIRECTION('',(0.,-0.,-1.));
#4516 = ORIENTED_EDGE('',*,*,#4517,.T.);
#4517 = EDGE_CURVE('',#4510,#4518,#4520,.T.);
#4518 = VERTEX_POINT('',#4519);
#4519 = CARTESIAN_POINT('',(-7.32,-9.86,0.9));
#4520 = LINE('',#4521,#4522);
#4521 = CARTESIAN_POINT('',(-7.32,-10.46,0.9));
#4522 = VECTOR('',#4523,1.);
#4523 = DIRECTION('',(1.110223024625E-16,1.,0.));
#4524 = ORIENTED_EDGE('',*,*,#4525,.F.);
#4525 = EDGE_CURVE('',#1703,#4518,#4526,.T.);
#4526 = LINE('',#4527,#4528);
#4527 = CARTESIAN_POINT('',(-7.32,-9.86,8.2));
#4528 = VECTOR('',#4529,1.);
#4529 = DIRECTION('',(0.,-0.,-1.));
#4530 = ORIENTED_EDGE('',*,*,#1710,.F.);
#4531 = PLANE('',#4532);
#4532 = AXIS2_PLACEMENT_3D('',#4533,#4534,#4535);
#4533 = CARTESIAN_POINT('',(-7.32,-10.46,8.2));
#4534 = DIRECTION('',(1.,-1.110223024625E-16,0.));
#4535 = DIRECTION('',(1.110223024625E-16,1.,0.));
#4536 = ADVANCED_FACE('',(#4537),#4587,.F.);
#4537 = FACE_BOUND('',#4538,.F.);
#4538 = EDGE_LOOP('',(#4539,#4540,#4541,#4549,#4557,#4565,#4573,#4581));
#4539 = ORIENTED_EDGE('',*,*,#1734,.F.);
#4540 = ORIENTED_EDGE('',*,*,#4525,.T.);
#4541 = ORIENTED_EDGE('',*,*,#4542,.T.);
#4542 = EDGE_CURVE('',#4518,#4543,#4545,.T.);
#4543 = VERTEX_POINT('',#4544);
#4544 = CARTESIAN_POINT('',(-7.52,-9.86,0.9));
#4545 = LINE('',#4546,#4547);
#4546 = CARTESIAN_POINT('',(-7.32,-9.86,0.9));
#4547 = VECTOR('',#4548,1.);
#4548 = DIRECTION('',(-1.,1.110223024625E-16,0.));
#4549 = ORIENTED_EDGE('',*,*,#4550,.T.);
#4550 = EDGE_CURVE('',#4543,#4551,#4553,.T.);
#4551 = VERTEX_POINT('',#4552);
#4552 = CARTESIAN_POINT('',(-7.52,-9.86,7.4));
#4553 = LINE('',#4554,#4555);
#4554 = CARTESIAN_POINT('',(-7.52,-9.86,6.055738799212));
#4555 = VECTOR('',#4556,1.);
#4556 = DIRECTION('',(0.,-0.,1.));
#4557 = ORIENTED_EDGE('',*,*,#4558,.F.);
#4558 = EDGE_CURVE('',#4559,#4551,#4561,.T.);
#4559 = VERTEX_POINT('',#4560);
#4560 = CARTESIAN_POINT('',(-7.72,-9.86,7.4));
#4561 = LINE('',#4562,#4563);
#4562 = CARTESIAN_POINT('',(-7.72,-9.86,7.4));
#4563 = VECTOR('',#4564,1.);
#4564 = DIRECTION('',(1.,-1.110223024625E-16,0.));
#4565 = ORIENTED_EDGE('',*,*,#4566,.F.);
#4566 = EDGE_CURVE('',#4567,#4559,#4569,.T.);
#4567 = VERTEX_POINT('',#4568);
#4568 = CARTESIAN_POINT('',(-7.72,-9.86,0.9));
#4569 = LINE('',#4570,#4571);
#4570 = CARTESIAN_POINT('',(-7.72,-9.86,6.055738799212));
#4571 = VECTOR('',#4572,1.);
#4572 = DIRECTION('',(0.,-0.,1.));
#4573 = ORIENTED_EDGE('',*,*,#4574,.T.);
#4574 = EDGE_CURVE('',#4567,#4575,#4577,.T.);
#4575 = VERTEX_POINT('',#4576);
#4576 = CARTESIAN_POINT('',(-7.92,-9.86,0.9));
#4577 = LINE('',#4578,#4579);
#4578 = CARTESIAN_POINT('',(-7.32,-9.86,0.9));
#4579 = VECTOR('',#4580,1.);
#4580 = DIRECTION('',(-1.,1.110223024625E-16,0.));
#4581 = ORIENTED_EDGE('',*,*,#4582,.F.);
#4582 = EDGE_CURVE('',#1727,#4575,#4583,.T.);
#4583 = LINE('',#4584,#4585);
#4584 = CARTESIAN_POINT('',(-7.92,-9.86,8.2));
#4585 = VECTOR('',#4586,1.);
#4586 = DIRECTION('',(0.,-0.,-1.));
#4587 = PLANE('',#4588);
#4588 = AXIS2_PLACEMENT_3D('',#4589,#4590,#4591);
#4589 = CARTESIAN_POINT('',(-7.32,-9.86,8.2));
#4590 = DIRECTION('',(1.110223024625E-16,1.,0.));
#4591 = DIRECTION('',(-1.,1.110223024625E-16,0.));
#4592 = ADVANCED_FACE('',(#4593),#4611,.F.);
#4593 = FACE_BOUND('',#4594,.F.);
#4594 = EDGE_LOOP('',(#4595,#4596,#4604,#4610));
#4595 = ORIENTED_EDGE('',*,*,#4582,.T.);
#4596 = ORIENTED_EDGE('',*,*,#4597,.T.);
#4597 = EDGE_CURVE('',#4575,#4598,#4600,.T.);
#4598 = VERTEX_POINT('',#4599);
#4599 = CARTESIAN_POINT('',(-7.92,-10.46,0.9));
#4600 = LINE('',#4601,#4602);
#4601 = CARTESIAN_POINT('',(-7.92,-9.86,0.9));
#4602 = VECTOR('',#4603,1.);
#4603 = DIRECTION('',(-1.110223024625E-16,-1.,0.));
#4604 = ORIENTED_EDGE('',*,*,#4605,.F.);
#4605 = EDGE_CURVE('',#1751,#4598,#4606,.T.);
#4606 = LINE('',#4607,#4608);
#4607 = CARTESIAN_POINT('',(-7.92,-10.46,8.2));
#4608 = VECTOR('',#4609,1.);
#4609 = DIRECTION('',(0.,-0.,-1.));
#4610 = ORIENTED_EDGE('',*,*,#1758,.F.);
#4611 = PLANE('',#4612);
#4612 = AXIS2_PLACEMENT_3D('',#4613,#4614,#4615);
#4613 = CARTESIAN_POINT('',(-7.92,-9.86,8.2));
#4614 = DIRECTION('',(-1.,1.110223024625E-16,0.));
#4615 = DIRECTION('',(-1.110223024625E-16,-1.,0.));
#4616 = ADVANCED_FACE('',(#4617),#4660,.F.);
#4617 = FACE_BOUND('',#4618,.F.);
#4618 = EDGE_LOOP('',(#4619,#4620,#4621,#4629,#4637,#4645,#4653,#4659));
#4619 = ORIENTED_EDGE('',*,*,#1775,.F.);
#4620 = ORIENTED_EDGE('',*,*,#4605,.T.);
#4621 = ORIENTED_EDGE('',*,*,#4622,.T.);
#4622 = EDGE_CURVE('',#4598,#4623,#4625,.T.);
#4623 = VERTEX_POINT('',#4624);
#4624 = CARTESIAN_POINT('',(-7.72,-10.46,0.9));
#4625 = LINE('',#4626,#4627);
#4626 = CARTESIAN_POINT('',(-7.92,-10.46,0.9));
#4627 = VECTOR('',#4628,1.);
#4628 = DIRECTION('',(1.,-1.110223024625E-16,0.));
#4629 = ORIENTED_EDGE('',*,*,#4630,.F.);
#4630 = EDGE_CURVE('',#4631,#4623,#4633,.T.);
#4631 = VERTEX_POINT('',#4632);
#4632 = CARTESIAN_POINT('',(-7.72,-10.46,7.4));
#4633 = LINE('',#4634,#4635);
#4634 = CARTESIAN_POINT('',(-7.72,-10.46,6.055738799212));
#4635 = VECTOR('',#4636,1.);
#4636 = DIRECTION('',(-0.,0.,-1.));
#4637 = ORIENTED_EDGE('',*,*,#4638,.T.);
#4638 = EDGE_CURVE('',#4631,#4639,#4641,.T.);
#4639 = VERTEX_POINT('',#4640);
#4640 = CARTESIAN_POINT('',(-7.52,-10.46,7.4));
#4641 = LINE('',#4642,#4643);
#4642 = CARTESIAN_POINT('',(-7.72,-10.46,7.4));
#4643 = VECTOR('',#4644,1.);
#4644 = DIRECTION('',(1.,-1.110223024625E-16,0.));
#4645 = ORIENTED_EDGE('',*,*,#4646,.T.);
#4646 = EDGE_CURVE('',#4639,#4647,#4649,.T.);
#4647 = VERTEX_POINT('',#4648);
#4648 = CARTESIAN_POINT('',(-7.52,-10.46,0.9));
#4649 = LINE('',#4650,#4651);
#4650 = CARTESIAN_POINT('',(-7.52,-10.46,6.055738799212));
#4651 = VECTOR('',#4652,1.);
#4652 = DIRECTION('',(-0.,0.,-1.));
#4653 = ORIENTED_EDGE('',*,*,#4654,.T.);
#4654 = EDGE_CURVE('',#4647,#4510,#4655,.T.);
#4655 = LINE('',#4656,#4657);
#4656 = CARTESIAN_POINT('',(-7.92,-10.46,0.9));
#4657 = VECTOR('',#4658,1.);
#4658 = DIRECTION('',(1.,-1.110223024625E-16,0.));
#4659 = ORIENTED_EDGE('',*,*,#4509,.F.);
#4660 = PLANE('',#4661);
#4661 = AXIS2_PLACEMENT_3D('',#4662,#4663,#4664);
#4662 = CARTESIAN_POINT('',(-7.92,-10.46,8.2));
#4663 = DIRECTION('',(-1.110223024625E-16,-1.,0.));
#4664 = DIRECTION('',(1.,-1.110223024625E-16,0.));
#4665 = ADVANCED_FACE('',(#4666),#4691,.F.);
#4666 = FACE_BOUND('',#4667,.F.);
#4667 = EDGE_LOOP('',(#4668,#4676,#4684,#4690));
#4668 = ORIENTED_EDGE('',*,*,#4669,.T.);
#4669 = EDGE_CURVE('',#1790,#4670,#4672,.T.);
#4670 = VERTEX_POINT('',#4671);
#4671 = CARTESIAN_POINT('',(-7.32,-7.92,0.9));
#4672 = LINE('',#4673,#4674);
#4673 = CARTESIAN_POINT('',(-7.32,-7.92,8.2));
#4674 = VECTOR('',#4675,1.);
#4675 = DIRECTION('',(0.,-0.,-1.));
#4676 = ORIENTED_EDGE('',*,*,#4677,.T.);
#4677 = EDGE_CURVE('',#4670,#4678,#4680,.T.);
#4678 = VERTEX_POINT('',#4679);
#4679 = CARTESIAN_POINT('',(-7.32,-7.32,0.9));
#4680 = LINE('',#4681,#4682);
#4681 = CARTESIAN_POINT('',(-7.32,-7.92,0.9));
#4682 = VECTOR('',#4683,1.);
#4683 = DIRECTION('',(1.110223024625E-16,1.,0.));
#4684 = ORIENTED_EDGE('',*,*,#4685,.F.);
#4685 = EDGE_CURVE('',#1799,#4678,#4686,.T.);
#4686 = LINE('',#4687,#4688);
#4687 = CARTESIAN_POINT('',(-7.32,-7.32,8.2));
#4688 = VECTOR('',#4689,1.);
#4689 = DIRECTION('',(0.,-0.,-1.));
#4690 = ORIENTED_EDGE('',*,*,#1806,.F.);
#4691 = PLANE('',#4692);
#4692 = AXIS2_PLACEMENT_3D('',#4693,#4694,#4695);
#4693 = CARTESIAN_POINT('',(-7.32,-7.92,8.2));
#4694 = DIRECTION('',(1.,-1.110223024625E-16,0.));
#4695 = DIRECTION('',(1.110223024625E-16,1.,0.));
#4696 = ADVANCED_FACE('',(#4697),#4747,.F.);
#4697 = FACE_BOUND('',#4698,.F.);
#4698 = EDGE_LOOP('',(#4699,#4700,#4701,#4709,#4717,#4725,#4733,#4741));
#4699 = ORIENTED_EDGE('',*,*,#1830,.F.);
#4700 = ORIENTED_EDGE('',*,*,#4685,.T.);
#4701 = ORIENTED_EDGE('',*,*,#4702,.T.);
#4702 = EDGE_CURVE('',#4678,#4703,#4705,.T.);
#4703 = VERTEX_POINT('',#4704);
#4704 = CARTESIAN_POINT('',(-7.52,-7.32,0.9));
#4705 = LINE('',#4706,#4707);
#4706 = CARTESIAN_POINT('',(-7.32,-7.32,0.9));
#4707 = VECTOR('',#4708,1.);
#4708 = DIRECTION('',(-1.,1.110223024625E-16,0.));
#4709 = ORIENTED_EDGE('',*,*,#4710,.T.);
#4710 = EDGE_CURVE('',#4703,#4711,#4713,.T.);
#4711 = VERTEX_POINT('',#4712);
#4712 = CARTESIAN_POINT('',(-7.52,-7.32,7.4));
#4713 = LINE('',#4714,#4715);
#4714 = CARTESIAN_POINT('',(-7.52,-7.32,6.055738799212));
#4715 = VECTOR('',#4716,1.);
#4716 = DIRECTION('',(0.,-0.,1.));
#4717 = ORIENTED_EDGE('',*,*,#4718,.F.);
#4718 = EDGE_CURVE('',#4719,#4711,#4721,.T.);
#4719 = VERTEX_POINT('',#4720);
#4720 = CARTESIAN_POINT('',(-7.72,-7.32,7.4));
#4721 = LINE('',#4722,#4723);
#4722 = CARTESIAN_POINT('',(-7.72,-7.32,7.4));
#4723 = VECTOR('',#4724,1.);
#4724 = DIRECTION('',(1.,-1.110223024625E-16,0.));
#4725 = ORIENTED_EDGE('',*,*,#4726,.F.);
#4726 = EDGE_CURVE('',#4727,#4719,#4729,.T.);
#4727 = VERTEX_POINT('',#4728);
#4728 = CARTESIAN_POINT('',(-7.72,-7.32,0.9));
#4729 = LINE('',#4730,#4731);
#4730 = CARTESIAN_POINT('',(-7.72,-7.32,6.055738799212));
#4731 = VECTOR('',#4732,1.);
#4732 = DIRECTION('',(0.,-0.,1.));
#4733 = ORIENTED_EDGE('',*,*,#4734,.T.);
#4734 = EDGE_CURVE('',#4727,#4735,#4737,.T.);
#4735 = VERTEX_POINT('',#4736);
#4736 = CARTESIAN_POINT('',(-7.92,-7.32,0.9));
#4737 = LINE('',#4738,#4739);
#4738 = CARTESIAN_POINT('',(-7.32,-7.32,0.9));
#4739 = VECTOR('',#4740,1.);
#4740 = DIRECTION('',(-1.,1.110223024625E-16,0.));
#4741 = ORIENTED_EDGE('',*,*,#4742,.F.);
#4742 = EDGE_CURVE('',#1823,#4735,#4743,.T.);
#4743 = LINE('',#4744,#4745);
#4744 = CARTESIAN_POINT('',(-7.92,-7.32,8.2));
#4745 = VECTOR('',#4746,1.);
#4746 = DIRECTION('',(0.,-0.,-1.));
#4747 = PLANE('',#4748);
#4748 = AXIS2_PLACEMENT_3D('',#4749,#4750,#4751);
#4749 = CARTESIAN_POINT('',(-7.32,-7.32,8.2));
#4750 = DIRECTION('',(1.110223024625E-16,1.,0.));
#4751 = DIRECTION('',(-1.,1.110223024625E-16,0.));
#4752 = ADVANCED_FACE('',(#4753),#4771,.F.);
#4753 = FACE_BOUND('',#4754,.F.);
#4754 = EDGE_LOOP('',(#4755,#4756,#4764,#4770));
#4755 = ORIENTED_EDGE('',*,*,#4742,.T.);
#4756 = ORIENTED_EDGE('',*,*,#4757,.T.);
#4757 = EDGE_CURVE('',#4735,#4758,#4760,.T.);
#4758 = VERTEX_POINT('',#4759);
#4759 = CARTESIAN_POINT('',(-7.92,-7.92,0.9));
#4760 = LINE('',#4761,#4762);
#4761 = CARTESIAN_POINT('',(-7.92,-7.32,0.9));
#4762 = VECTOR('',#4763,1.);
#4763 = DIRECTION('',(-1.110223024625E-16,-1.,0.));
#4764 = ORIENTED_EDGE('',*,*,#4765,.F.);
#4765 = EDGE_CURVE('',#1847,#4758,#4766,.T.);
#4766 = LINE('',#4767,#4768);
#4767 = CARTESIAN_POINT('',(-7.92,-7.92,8.2));
#4768 = VECTOR('',#4769,1.);
#4769 = DIRECTION('',(0.,-0.,-1.));
#4770 = ORIENTED_EDGE('',*,*,#1854,.F.);
#4771 = PLANE('',#4772);
#4772 = AXIS2_PLACEMENT_3D('',#4773,#4774,#4775);
#4773 = CARTESIAN_POINT('',(-7.92,-7.32,8.2));
#4774 = DIRECTION('',(-1.,1.110223024625E-16,0.));
#4775 = DIRECTION('',(-1.110223024625E-16,-1.,0.));
#4776 = ADVANCED_FACE('',(#4777),#4820,.F.);
#4777 = FACE_BOUND('',#4778,.F.);
#4778 = EDGE_LOOP('',(#4779,#4780,#4781,#4789,#4797,#4805,#4813,#4819));
#4779 = ORIENTED_EDGE('',*,*,#1871,.F.);
#4780 = ORIENTED_EDGE('',*,*,#4765,.T.);
#4781 = ORIENTED_EDGE('',*,*,#4782,.T.);
#4782 = EDGE_CURVE('',#4758,#4783,#4785,.T.);
#4783 = VERTEX_POINT('',#4784);
#4784 = CARTESIAN_POINT('',(-7.72,-7.92,0.9));
#4785 = LINE('',#4786,#4787);
#4786 = CARTESIAN_POINT('',(-7.92,-7.92,0.9));
#4787 = VECTOR('',#4788,1.);
#4788 = DIRECTION('',(1.,-1.110223024625E-16,0.));
#4789 = ORIENTED_EDGE('',*,*,#4790,.F.);
#4790 = EDGE_CURVE('',#4791,#4783,#4793,.T.);
#4791 = VERTEX_POINT('',#4792);
#4792 = CARTESIAN_POINT('',(-7.72,-7.92,7.4));
#4793 = LINE('',#4794,#4795);
#4794 = CARTESIAN_POINT('',(-7.72,-7.92,6.055738799212));
#4795 = VECTOR('',#4796,1.);
#4796 = DIRECTION('',(-0.,0.,-1.));
#4797 = ORIENTED_EDGE('',*,*,#4798,.T.);
#4798 = EDGE_CURVE('',#4791,#4799,#4801,.T.);
#4799 = VERTEX_POINT('',#4800);
#4800 = CARTESIAN_POINT('',(-7.52,-7.92,7.4));
#4801 = LINE('',#4802,#4803);
#4802 = CARTESIAN_POINT('',(-7.72,-7.92,7.4));
#4803 = VECTOR('',#4804,1.);
#4804 = DIRECTION('',(1.,-1.110223024625E-16,0.));
#4805 = ORIENTED_EDGE('',*,*,#4806,.T.);
#4806 = EDGE_CURVE('',#4799,#4807,#4809,.T.);
#4807 = VERTEX_POINT('',#4808);
#4808 = CARTESIAN_POINT('',(-7.52,-7.92,0.9));
#4809 = LINE('',#4810,#4811);
#4810 = CARTESIAN_POINT('',(-7.52,-7.92,6.055738799212));
#4811 = VECTOR('',#4812,1.);
#4812 = DIRECTION('',(-0.,0.,-1.));
#4813 = ORIENTED_EDGE('',*,*,#4814,.T.);
#4814 = EDGE_CURVE('',#4807,#4670,#4815,.T.);
#4815 = LINE('',#4816,#4817);
#4816 = CARTESIAN_POINT('',(-7.92,-7.92,0.9));
#4817 = VECTOR('',#4818,1.);
#4818 = DIRECTION('',(1.,-1.110223024625E-16,0.));
#4819 = ORIENTED_EDGE('',*,*,#4669,.F.);
#4820 = PLANE('',#4821);
#4821 = AXIS2_PLACEMENT_3D('',#4822,#4823,#4824);
#4822 = CARTESIAN_POINT('',(-7.92,-7.92,8.2));
#4823 = DIRECTION('',(-1.110223024625E-16,-1.,0.));
#4824 = DIRECTION('',(1.,-1.110223024625E-16,0.));
#4825 = ADVANCED_FACE('',(#4826),#4851,.F.);
#4826 = FACE_BOUND('',#4827,.F.);
#4827 = EDGE_LOOP('',(#4828,#4836,#4844,#4850));
#4828 = ORIENTED_EDGE('',*,*,#4829,.T.);
#4829 = EDGE_CURVE('',#1886,#4830,#4832,.T.);
#4830 = VERTEX_POINT('',#4831);
#4831 = CARTESIAN_POINT('',(-7.32,-5.38,0.9));
#4832 = LINE('',#4833,#4834);
#4833 = CARTESIAN_POINT('',(-7.32,-5.38,8.2));
#4834 = VECTOR('',#4835,1.);
#4835 = DIRECTION('',(0.,-0.,-1.));
#4836 = ORIENTED_EDGE('',*,*,#4837,.T.);
#4837 = EDGE_CURVE('',#4830,#4838,#4840,.T.);
#4838 = VERTEX_POINT('',#4839);
#4839 = CARTESIAN_POINT('',(-7.32,-4.78,0.9));
#4840 = LINE('',#4841,#4842);
#4841 = CARTESIAN_POINT('',(-7.32,-5.38,0.9));
#4842 = VECTOR('',#4843,1.);
#4843 = DIRECTION('',(1.110223024625E-16,1.,0.));
#4844 = ORIENTED_EDGE('',*,*,#4845,.F.);
#4845 = EDGE_CURVE('',#1895,#4838,#4846,.T.);
#4846 = LINE('',#4847,#4848);
#4847 = CARTESIAN_POINT('',(-7.32,-4.78,8.2));
#4848 = VECTOR('',#4849,1.);
#4849 = DIRECTION('',(0.,-0.,-1.));
#4850 = ORIENTED_EDGE('',*,*,#1902,.F.);
#4851 = PLANE('',#4852);
#4852 = AXIS2_PLACEMENT_3D('',#4853,#4854,#4855);
#4853 = CARTESIAN_POINT('',(-7.32,-5.38,8.2));
#4854 = DIRECTION('',(1.,-1.110223024625E-16,0.));
#4855 = DIRECTION('',(1.110223024625E-16,1.,0.));
#4856 = ADVANCED_FACE('',(#4857),#4907,.F.);
#4857 = FACE_BOUND('',#4858,.F.);
#4858 = EDGE_LOOP('',(#4859,#4860,#4861,#4869,#4877,#4885,#4893,#4901));
#4859 = ORIENTED_EDGE('',*,*,#1926,.F.);
#4860 = ORIENTED_EDGE('',*,*,#4845,.T.);
#4861 = ORIENTED_EDGE('',*,*,#4862,.T.);
#4862 = EDGE_CURVE('',#4838,#4863,#4865,.T.);
#4863 = VERTEX_POINT('',#4864);
#4864 = CARTESIAN_POINT('',(-7.52,-4.78,0.9));
#4865 = LINE('',#4866,#4867);
#4866 = CARTESIAN_POINT('',(-7.32,-4.78,0.9));
#4867 = VECTOR('',#4868,1.);
#4868 = DIRECTION('',(-1.,1.110223024625E-16,0.));
#4869 = ORIENTED_EDGE('',*,*,#4870,.T.);
#4870 = EDGE_CURVE('',#4863,#4871,#4873,.T.);
#4871 = VERTEX_POINT('',#4872);
#4872 = CARTESIAN_POINT('',(-7.52,-4.78,7.4));
#4873 = LINE('',#4874,#4875);
#4874 = CARTESIAN_POINT('',(-7.52,-4.78,6.055738799212));
#4875 = VECTOR('',#4876,1.);
#4876 = DIRECTION('',(0.,-0.,1.));
#4877 = ORIENTED_EDGE('',*,*,#4878,.F.);
#4878 = EDGE_CURVE('',#4879,#4871,#4881,.T.);
#4879 = VERTEX_POINT('',#4880);
#4880 = CARTESIAN_POINT('',(-7.72,-4.78,7.4));
#4881 = LINE('',#4882,#4883);
#4882 = CARTESIAN_POINT('',(-7.72,-4.78,7.4));
#4883 = VECTOR('',#4884,1.);
#4884 = DIRECTION('',(1.,-1.110223024625E-16,0.));
#4885 = ORIENTED_EDGE('',*,*,#4886,.F.);
#4886 = EDGE_CURVE('',#4887,#4879,#4889,.T.);
#4887 = VERTEX_POINT('',#4888);
#4888 = CARTESIAN_POINT('',(-7.72,-4.78,0.9));
#4889 = LINE('',#4890,#4891);
#4890 = CARTESIAN_POINT('',(-7.72,-4.78,6.055738799212));
#4891 = VECTOR('',#4892,1.);
#4892 = DIRECTION('',(0.,-0.,1.));
#4893 = ORIENTED_EDGE('',*,*,#4894,.T.);
#4894 = EDGE_CURVE('',#4887,#4895,#4897,.T.);
#4895 = VERTEX_POINT('',#4896);
#4896 = CARTESIAN_POINT('',(-7.92,-4.78,0.9));
#4897 = LINE('',#4898,#4899);
#4898 = CARTESIAN_POINT('',(-7.32,-4.78,0.9));
#4899 = VECTOR('',#4900,1.);
#4900 = DIRECTION('',(-1.,1.110223024625E-16,0.));
#4901 = ORIENTED_EDGE('',*,*,#4902,.F.);
#4902 = EDGE_CURVE('',#1919,#4895,#4903,.T.);
#4903 = LINE('',#4904,#4905);
#4904 = CARTESIAN_POINT('',(-7.92,-4.78,8.2));
#4905 = VECTOR('',#4906,1.);
#4906 = DIRECTION('',(0.,-0.,-1.));
#4907 = PLANE('',#4908);
#4908 = AXIS2_PLACEMENT_3D('',#4909,#4910,#4911);
#4909 = CARTESIAN_POINT('',(-7.32,-4.78,8.2));
#4910 = DIRECTION('',(1.110223024625E-16,1.,0.));
#4911 = DIRECTION('',(-1.,1.110223024625E-16,0.));
#4912 = ADVANCED_FACE('',(#4913),#4931,.F.);
#4913 = FACE_BOUND('',#4914,.F.);
#4914 = EDGE_LOOP('',(#4915,#4916,#4924,#4930));
#4915 = ORIENTED_EDGE('',*,*,#4902,.T.);
#4916 = ORIENTED_EDGE('',*,*,#4917,.T.);
#4917 = EDGE_CURVE('',#4895,#4918,#4920,.T.);
#4918 = VERTEX_POINT('',#4919);
#4919 = CARTESIAN_POINT('',(-7.92,-5.38,0.9));
#4920 = LINE('',#4921,#4922);
#4921 = CARTESIAN_POINT('',(-7.92,-4.78,0.9));
#4922 = VECTOR('',#4923,1.);
#4923 = DIRECTION('',(-1.110223024625E-16,-1.,0.));
#4924 = ORIENTED_EDGE('',*,*,#4925,.F.);
#4925 = EDGE_CURVE('',#1943,#4918,#4926,.T.);
#4926 = LINE('',#4927,#4928);
#4927 = CARTESIAN_POINT('',(-7.92,-5.38,8.2));
#4928 = VECTOR('',#4929,1.);
#4929 = DIRECTION('',(0.,-0.,-1.));
#4930 = ORIENTED_EDGE('',*,*,#1950,.F.);
#4931 = PLANE('',#4932);
#4932 = AXIS2_PLACEMENT_3D('',#4933,#4934,#4935);
#4933 = CARTESIAN_POINT('',(-7.92,-4.78,8.2));
#4934 = DIRECTION('',(-1.,1.110223024625E-16,0.));
#4935 = DIRECTION('',(-1.110223024625E-16,-1.,0.));
#4936 = ADVANCED_FACE('',(#4937),#4980,.F.);
#4937 = FACE_BOUND('',#4938,.F.);
#4938 = EDGE_LOOP('',(#4939,#4940,#4941,#4949,#4957,#4965,#4973,#4979));
#4939 = ORIENTED_EDGE('',*,*,#1967,.F.);
#4940 = ORIENTED_EDGE('',*,*,#4925,.T.);
#4941 = ORIENTED_EDGE('',*,*,#4942,.T.);
#4942 = EDGE_CURVE('',#4918,#4943,#4945,.T.);
#4943 = VERTEX_POINT('',#4944);
#4944 = CARTESIAN_POINT('',(-7.72,-5.38,0.9));
#4945 = LINE('',#4946,#4947);
#4946 = CARTESIAN_POINT('',(-7.92,-5.38,0.9));
#4947 = VECTOR('',#4948,1.);
#4948 = DIRECTION('',(1.,-1.110223024625E-16,0.));
#4949 = ORIENTED_EDGE('',*,*,#4950,.F.);
#4950 = EDGE_CURVE('',#4951,#4943,#4953,.T.);
#4951 = VERTEX_POINT('',#4952);
#4952 = CARTESIAN_POINT('',(-7.72,-5.38,7.4));
#4953 = LINE('',#4954,#4955);
#4954 = CARTESIAN_POINT('',(-7.72,-5.38,6.055738799212));
#4955 = VECTOR('',#4956,1.);
#4956 = DIRECTION('',(-0.,0.,-1.));
#4957 = ORIENTED_EDGE('',*,*,#4958,.T.);
#4958 = EDGE_CURVE('',#4951,#4959,#4961,.T.);
#4959 = VERTEX_POINT('',#4960);
#4960 = CARTESIAN_POINT('',(-7.52,-5.38,7.4));
#4961 = LINE('',#4962,#4963);
#4962 = CARTESIAN_POINT('',(-7.72,-5.38,7.4));
#4963 = VECTOR('',#4964,1.);
#4964 = DIRECTION('',(1.,-1.110223024625E-16,0.));
#4965 = ORIENTED_EDGE('',*,*,#4966,.T.);
#4966 = EDGE_CURVE('',#4959,#4967,#4969,.T.);
#4967 = VERTEX_POINT('',#4968);
#4968 = CARTESIAN_POINT('',(-7.52,-5.38,0.9));
#4969 = LINE('',#4970,#4971);
#4970 = CARTESIAN_POINT('',(-7.52,-5.38,6.055738799212));
#4971 = VECTOR('',#4972,1.);
#4972 = DIRECTION('',(-0.,0.,-1.));
#4973 = ORIENTED_EDGE('',*,*,#4974,.T.);
#4974 = EDGE_CURVE('',#4967,#4830,#4975,.T.);
#4975 = LINE('',#4976,#4977);
#4976 = CARTESIAN_POINT('',(-7.92,-5.38,0.9));
#4977 = VECTOR('',#4978,1.);
#4978 = DIRECTION('',(1.,-1.110223024625E-16,0.));
#4979 = ORIENTED_EDGE('',*,*,#4829,.F.);
#4980 = PLANE('',#4981);
#4981 = AXIS2_PLACEMENT_3D('',#4982,#4983,#4984);
#4982 = CARTESIAN_POINT('',(-7.92,-5.38,8.2));
#4983 = DIRECTION('',(-1.110223024625E-16,-1.,0.));
#4984 = DIRECTION('',(1.,-1.110223024625E-16,0.));
#4985 = ADVANCED_FACE('',(#4986),#5011,.F.);
#4986 = FACE_BOUND('',#4987,.F.);
#4987 = EDGE_LOOP('',(#4988,#4996,#5004,#5010));
#4988 = ORIENTED_EDGE('',*,*,#4989,.T.);
#4989 = EDGE_CURVE('',#1982,#4990,#4992,.T.);
#4990 = VERTEX_POINT('',#4991);
#4991 = CARTESIAN_POINT('',(-7.32,-2.84,0.9));
#4992 = LINE('',#4993,#4994);
#4993 = CARTESIAN_POINT('',(-7.32,-2.84,8.2));
#4994 = VECTOR('',#4995,1.);
#4995 = DIRECTION('',(0.,-0.,-1.));
#4996 = ORIENTED_EDGE('',*,*,#4997,.T.);
#4997 = EDGE_CURVE('',#4990,#4998,#5000,.T.);
#4998 = VERTEX_POINT('',#4999);
#4999 = CARTESIAN_POINT('',(-7.32,-2.24,0.9));
#5000 = LINE('',#5001,#5002);
#5001 = CARTESIAN_POINT('',(-7.32,-2.84,0.9));
#5002 = VECTOR('',#5003,1.);
#5003 = DIRECTION('',(1.110223024625E-16,1.,0.));
#5004 = ORIENTED_EDGE('',*,*,#5005,.F.);
#5005 = EDGE_CURVE('',#1991,#4998,#5006,.T.);
#5006 = LINE('',#5007,#5008);
#5007 = CARTESIAN_POINT('',(-7.32,-2.24,8.2));
#5008 = VECTOR('',#5009,1.);
#5009 = DIRECTION('',(0.,-0.,-1.));
#5010 = ORIENTED_EDGE('',*,*,#1998,.F.);
#5011 = PLANE('',#5012);
#5012 = AXIS2_PLACEMENT_3D('',#5013,#5014,#5015);
#5013 = CARTESIAN_POINT('',(-7.32,-2.84,8.2));
#5014 = DIRECTION('',(1.,-1.110223024625E-16,0.));
#5015 = DIRECTION('',(1.110223024625E-16,1.,0.));
#5016 = ADVANCED_FACE('',(#5017),#5067,.F.);
#5017 = FACE_BOUND('',#5018,.F.);
#5018 = EDGE_LOOP('',(#5019,#5020,#5021,#5029,#5037,#5045,#5053,#5061));
#5019 = ORIENTED_EDGE('',*,*,#2022,.F.);
#5020 = ORIENTED_EDGE('',*,*,#5005,.T.);
#5021 = ORIENTED_EDGE('',*,*,#5022,.T.);
#5022 = EDGE_CURVE('',#4998,#5023,#5025,.T.);
#5023 = VERTEX_POINT('',#5024);
#5024 = CARTESIAN_POINT('',(-7.52,-2.24,0.9));
#5025 = LINE('',#5026,#5027);
#5026 = CARTESIAN_POINT('',(-7.32,-2.24,0.9));
#5027 = VECTOR('',#5028,1.);
#5028 = DIRECTION('',(-1.,1.110223024625E-16,0.));
#5029 = ORIENTED_EDGE('',*,*,#5030,.T.);
#5030 = EDGE_CURVE('',#5023,#5031,#5033,.T.);
#5031 = VERTEX_POINT('',#5032);
#5032 = CARTESIAN_POINT('',(-7.52,-2.24,7.4));
#5033 = LINE('',#5034,#5035);
#5034 = CARTESIAN_POINT('',(-7.52,-2.24,6.055738799212));
#5035 = VECTOR('',#5036,1.);
#5036 = DIRECTION('',(0.,-0.,1.));
#5037 = ORIENTED_EDGE('',*,*,#5038,.F.);
#5038 = EDGE_CURVE('',#5039,#5031,#5041,.T.);
#5039 = VERTEX_POINT('',#5040);
#5040 = CARTESIAN_POINT('',(-7.72,-2.24,7.4));
#5041 = LINE('',#5042,#5043);
#5042 = CARTESIAN_POINT('',(-7.72,-2.24,7.4));
#5043 = VECTOR('',#5044,1.);
#5044 = DIRECTION('',(1.,-1.110223024625E-16,0.));
#5045 = ORIENTED_EDGE('',*,*,#5046,.F.);
#5046 = EDGE_CURVE('',#5047,#5039,#5049,.T.);
#5047 = VERTEX_POINT('',#5048);
#5048 = CARTESIAN_POINT('',(-7.72,-2.24,0.9));
#5049 = LINE('',#5050,#5051);
#5050 = CARTESIAN_POINT('',(-7.72,-2.24,6.055738799212));
#5051 = VECTOR('',#5052,1.);
#5052 = DIRECTION('',(0.,-0.,1.));
#5053 = ORIENTED_EDGE('',*,*,#5054,.T.);
#5054 = EDGE_CURVE('',#5047,#5055,#5057,.T.);
#5055 = VERTEX_POINT('',#5056);
#5056 = CARTESIAN_POINT('',(-7.92,-2.24,0.9));
#5057 = LINE('',#5058,#5059);
#5058 = CARTESIAN_POINT('',(-7.32,-2.24,0.9));
#5059 = VECTOR('',#5060,1.);
#5060 = DIRECTION('',(-1.,1.110223024625E-16,0.));
#5061 = ORIENTED_EDGE('',*,*,#5062,.F.);
#5062 = EDGE_CURVE('',#2015,#5055,#5063,.T.);
#5063 = LINE('',#5064,#5065);
#5064 = CARTESIAN_POINT('',(-7.92,-2.24,8.2));
#5065 = VECTOR('',#5066,1.);
#5066 = DIRECTION('',(0.,-0.,-1.));
#5067 = PLANE('',#5068);
#5068 = AXIS2_PLACEMENT_3D('',#5069,#5070,#5071);
#5069 = CARTESIAN_POINT('',(-7.32,-2.24,8.2));
#5070 = DIRECTION('',(1.110223024625E-16,1.,0.));
#5071 = DIRECTION('',(-1.,1.110223024625E-16,0.));
#5072 = ADVANCED_FACE('',(#5073),#5091,.F.);
#5073 = FACE_BOUND('',#5074,.F.);
#5074 = EDGE_LOOP('',(#5075,#5076,#5084,#5090));
#5075 = ORIENTED_EDGE('',*,*,#5062,.T.);
#5076 = ORIENTED_EDGE('',*,*,#5077,.T.);
#5077 = EDGE_CURVE('',#5055,#5078,#5080,.T.);
#5078 = VERTEX_POINT('',#5079);
#5079 = CARTESIAN_POINT('',(-7.92,-2.84,0.9));
#5080 = LINE('',#5081,#5082);
#5081 = CARTESIAN_POINT('',(-7.92,-2.24,0.9));
#5082 = VECTOR('',#5083,1.);
#5083 = DIRECTION('',(-1.110223024625E-16,-1.,0.));
#5084 = ORIENTED_EDGE('',*,*,#5085,.F.);
#5085 = EDGE_CURVE('',#2039,#5078,#5086,.T.);
#5086 = LINE('',#5087,#5088);
#5087 = CARTESIAN_POINT('',(-7.92,-2.84,8.2));
#5088 = VECTOR('',#5089,1.);
#5089 = DIRECTION('',(0.,-0.,-1.));
#5090 = ORIENTED_EDGE('',*,*,#2046,.F.);
#5091 = PLANE('',#5092);
#5092 = AXIS2_PLACEMENT_3D('',#5093,#5094,#5095);
#5093 = CARTESIAN_POINT('',(-7.92,-2.24,8.2));
#5094 = DIRECTION('',(-1.,1.110223024625E-16,0.));
#5095 = DIRECTION('',(-1.110223024625E-16,-1.,0.));
#5096 = ADVANCED_FACE('',(#5097),#5140,.F.);
#5097 = FACE_BOUND('',#5098,.F.);
#5098 = EDGE_LOOP('',(#5099,#5100,#5101,#5109,#5117,#5125,#5133,#5139));
#5099 = ORIENTED_EDGE('',*,*,#2063,.F.);
#5100 = ORIENTED_EDGE('',*,*,#5085,.T.);
#5101 = ORIENTED_EDGE('',*,*,#5102,.T.);
#5102 = EDGE_CURVE('',#5078,#5103,#5105,.T.);
#5103 = VERTEX_POINT('',#5104);
#5104 = CARTESIAN_POINT('',(-7.72,-2.84,0.9));
#5105 = LINE('',#5106,#5107);
#5106 = CARTESIAN_POINT('',(-7.92,-2.84,0.9));
#5107 = VECTOR('',#5108,1.);
#5108 = DIRECTION('',(1.,-1.110223024625E-16,0.));
#5109 = ORIENTED_EDGE('',*,*,#5110,.F.);
#5110 = EDGE_CURVE('',#5111,#5103,#5113,.T.);
#5111 = VERTEX_POINT('',#5112);
#5112 = CARTESIAN_POINT('',(-7.72,-2.84,7.4));
#5113 = LINE('',#5114,#5115);
#5114 = CARTESIAN_POINT('',(-7.72,-2.84,6.055738799212));
#5115 = VECTOR('',#5116,1.);
#5116 = DIRECTION('',(-0.,0.,-1.));
#5117 = ORIENTED_EDGE('',*,*,#5118,.T.);
#5118 = EDGE_CURVE('',#5111,#5119,#5121,.T.);
#5119 = VERTEX_POINT('',#5120);
#5120 = CARTESIAN_POINT('',(-7.52,-2.84,7.4));
#5121 = LINE('',#5122,#5123);
#5122 = CARTESIAN_POINT('',(-7.72,-2.84,7.4));
#5123 = VECTOR('',#5124,1.);
#5124 = DIRECTION('',(1.,-1.110223024625E-16,0.));
#5125 = ORIENTED_EDGE('',*,*,#5126,.T.);
#5126 = EDGE_CURVE('',#5119,#5127,#5129,.T.);
#5127 = VERTEX_POINT('',#5128);
#5128 = CARTESIAN_POINT('',(-7.52,-2.84,0.9));
#5129 = LINE('',#5130,#5131);
#5130 = CARTESIAN_POINT('',(-7.52,-2.84,6.055738799212));
#5131 = VECTOR('',#5132,1.);
#5132 = DIRECTION('',(-0.,0.,-1.));
#5133 = ORIENTED_EDGE('',*,*,#5134,.T.);
#5134 = EDGE_CURVE('',#5127,#4990,#5135,.T.);
#5135 = LINE('',#5136,#5137);
#5136 = CARTESIAN_POINT('',(-7.92,-2.84,0.9));
#5137 = VECTOR('',#5138,1.);
#5138 = DIRECTION('',(1.,-1.110223024625E-16,0.));
#5139 = ORIENTED_EDGE('',*,*,#4989,.F.);
#5140 = PLANE('',#5141);
#5141 = AXIS2_PLACEMENT_3D('',#5142,#5143,#5144);
#5142 = CARTESIAN_POINT('',(-7.92,-2.84,8.2));
#5143 = DIRECTION('',(-1.110223024625E-16,-1.,0.));
#5144 = DIRECTION('',(1.,-1.110223024625E-16,0.));
#5145 = ADVANCED_FACE('',(#5146),#5171,.F.);
#5146 = FACE_BOUND('',#5147,.F.);
#5147 = EDGE_LOOP('',(#5148,#5156,#5164,#5170));
#5148 = ORIENTED_EDGE('',*,*,#5149,.T.);
#5149 = EDGE_CURVE('',#2078,#5150,#5152,.T.);
#5150 = VERTEX_POINT('',#5151);
#5151 = CARTESIAN_POINT('',(-7.32,-0.3,0.9));
#5152 = LINE('',#5153,#5154);
#5153 = CARTESIAN_POINT('',(-7.32,-0.3,8.2));
#5154 = VECTOR('',#5155,1.);
#5155 = DIRECTION('',(0.,-0.,-1.));
#5156 = ORIENTED_EDGE('',*,*,#5157,.T.);
#5157 = EDGE_CURVE('',#5150,#5158,#5160,.T.);
#5158 = VERTEX_POINT('',#5159);
#5159 = CARTESIAN_POINT('',(-7.32,0.3,0.9));
#5160 = LINE('',#5161,#5162);
#5161 = CARTESIAN_POINT('',(-7.32,-0.3,0.9));
#5162 = VECTOR('',#5163,1.);
#5163 = DIRECTION('',(1.110223024625E-16,1.,0.));
#5164 = ORIENTED_EDGE('',*,*,#5165,.F.);
#5165 = EDGE_CURVE('',#2087,#5158,#5166,.T.);
#5166 = LINE('',#5167,#5168);
#5167 = CARTESIAN_POINT('',(-7.32,0.3,8.2));
#5168 = VECTOR('',#5169,1.);
#5169 = DIRECTION('',(0.,-0.,-1.));
#5170 = ORIENTED_EDGE('',*,*,#2094,.F.);
#5171 = PLANE('',#5172);
#5172 = AXIS2_PLACEMENT_3D('',#5173,#5174,#5175);
#5173 = CARTESIAN_POINT('',(-7.32,-0.3,8.2));
#5174 = DIRECTION('',(1.,-1.110223024625E-16,0.));
#5175 = DIRECTION('',(1.110223024625E-16,1.,0.));
#5176 = ADVANCED_FACE('',(#5177),#5227,.F.);
#5177 = FACE_BOUND('',#5178,.F.);
#5178 = EDGE_LOOP('',(#5179,#5180,#5181,#5189,#5197,#5205,#5213,#5221));
#5179 = ORIENTED_EDGE('',*,*,#2118,.F.);
#5180 = ORIENTED_EDGE('',*,*,#5165,.T.);
#5181 = ORIENTED_EDGE('',*,*,#5182,.T.);
#5182 = EDGE_CURVE('',#5158,#5183,#5185,.T.);
#5183 = VERTEX_POINT('',#5184);
#5184 = CARTESIAN_POINT('',(-7.52,0.3,0.9));
#5185 = LINE('',#5186,#5187);
#5186 = CARTESIAN_POINT('',(-7.32,0.3,0.9));
#5187 = VECTOR('',#5188,1.);
#5188 = DIRECTION('',(-1.,1.110223024625E-16,0.));
#5189 = ORIENTED_EDGE('',*,*,#5190,.T.);
#5190 = EDGE_CURVE('',#5183,#5191,#5193,.T.);
#5191 = VERTEX_POINT('',#5192);
#5192 = CARTESIAN_POINT('',(-7.52,0.3,7.4));
#5193 = LINE('',#5194,#5195);
#5194 = CARTESIAN_POINT('',(-7.52,0.3,6.055738799212));
#5195 = VECTOR('',#5196,1.);
#5196 = DIRECTION('',(0.,-0.,1.));
#5197 = ORIENTED_EDGE('',*,*,#5198,.F.);
#5198 = EDGE_CURVE('',#5199,#5191,#5201,.T.);
#5199 = VERTEX_POINT('',#5200);
#5200 = CARTESIAN_POINT('',(-7.72,0.3,7.4));
#5201 = LINE('',#5202,#5203);
#5202 = CARTESIAN_POINT('',(-7.72,0.3,7.4));
#5203 = VECTOR('',#5204,1.);
#5204 = DIRECTION('',(1.,-1.110223024625E-16,0.));
#5205 = ORIENTED_EDGE('',*,*,#5206,.F.);
#5206 = EDGE_CURVE('',#5207,#5199,#5209,.T.);
#5207 = VERTEX_POINT('',#5208);
#5208 = CARTESIAN_POINT('',(-7.72,0.3,0.9));
#5209 = LINE('',#5210,#5211);
#5210 = CARTESIAN_POINT('',(-7.72,0.3,6.055738799212));
#5211 = VECTOR('',#5212,1.);
#5212 = DIRECTION('',(0.,-0.,1.));
#5213 = ORIENTED_EDGE('',*,*,#5214,.T.);
#5214 = EDGE_CURVE('',#5207,#5215,#5217,.T.);
#5215 = VERTEX_POINT('',#5216);
#5216 = CARTESIAN_POINT('',(-7.92,0.3,0.9));
#5217 = LINE('',#5218,#5219);
#5218 = CARTESIAN_POINT('',(-7.32,0.3,0.9));
#5219 = VECTOR('',#5220,1.);
#5220 = DIRECTION('',(-1.,1.110223024625E-16,0.));
#5221 = ORIENTED_EDGE('',*,*,#5222,.F.);
#5222 = EDGE_CURVE('',#2111,#5215,#5223,.T.);
#5223 = LINE('',#5224,#5225);
#5224 = CARTESIAN_POINT('',(-7.92,0.3,8.2));
#5225 = VECTOR('',#5226,1.);
#5226 = DIRECTION('',(0.,-0.,-1.));
#5227 = PLANE('',#5228);
#5228 = AXIS2_PLACEMENT_3D('',#5229,#5230,#5231);
#5229 = CARTESIAN_POINT('',(-7.32,0.3,8.2));
#5230 = DIRECTION('',(1.110223024625E-16,1.,0.));
#5231 = DIRECTION('',(-1.,1.110223024625E-16,0.));
#5232 = ADVANCED_FACE('',(#5233),#5251,.F.);
#5233 = FACE_BOUND('',#5234,.F.);
#5234 = EDGE_LOOP('',(#5235,#5236,#5244,#5250));
#5235 = ORIENTED_EDGE('',*,*,#5222,.T.);
#5236 = ORIENTED_EDGE('',*,*,#5237,.T.);
#5237 = EDGE_CURVE('',#5215,#5238,#5240,.T.);
#5238 = VERTEX_POINT('',#5239);
#5239 = CARTESIAN_POINT('',(-7.92,-0.3,0.9));
#5240 = LINE('',#5241,#5242);
#5241 = CARTESIAN_POINT('',(-7.92,0.3,0.9));
#5242 = VECTOR('',#5243,1.);
#5243 = DIRECTION('',(-1.110223024625E-16,-1.,0.));
#5244 = ORIENTED_EDGE('',*,*,#5245,.F.);
#5245 = EDGE_CURVE('',#2135,#5238,#5246,.T.);
#5246 = LINE('',#5247,#5248);
#5247 = CARTESIAN_POINT('',(-7.92,-0.3,8.2));
#5248 = VECTOR('',#5249,1.);
#5249 = DIRECTION('',(0.,-0.,-1.));
#5250 = ORIENTED_EDGE('',*,*,#2142,.F.);
#5251 = PLANE('',#5252);
#5252 = AXIS2_PLACEMENT_3D('',#5253,#5254,#5255);
#5253 = CARTESIAN_POINT('',(-7.92,0.3,8.2));
#5254 = DIRECTION('',(-1.,1.110223024625E-16,0.));
#5255 = DIRECTION('',(-1.110223024625E-16,-1.,0.));
#5256 = ADVANCED_FACE('',(#5257),#5300,.F.);
#5257 = FACE_BOUND('',#5258,.F.);
#5258 = EDGE_LOOP('',(#5259,#5260,#5261,#5269,#5277,#5285,#5293,#5299));
#5259 = ORIENTED_EDGE('',*,*,#2159,.F.);
#5260 = ORIENTED_EDGE('',*,*,#5245,.T.);
#5261 = ORIENTED_EDGE('',*,*,#5262,.T.);
#5262 = EDGE_CURVE('',#5238,#5263,#5265,.T.);
#5263 = VERTEX_POINT('',#5264);
#5264 = CARTESIAN_POINT('',(-7.72,-0.3,0.9));
#5265 = LINE('',#5266,#5267);
#5266 = CARTESIAN_POINT('',(-7.92,-0.3,0.9));
#5267 = VECTOR('',#5268,1.);
#5268 = DIRECTION('',(1.,-1.110223024625E-16,0.));
#5269 = ORIENTED_EDGE('',*,*,#5270,.F.);
#5270 = EDGE_CURVE('',#5271,#5263,#5273,.T.);
#5271 = VERTEX_POINT('',#5272);
#5272 = CARTESIAN_POINT('',(-7.72,-0.3,7.4));
#5273 = LINE('',#5274,#5275);
#5274 = CARTESIAN_POINT('',(-7.72,-0.3,6.055738799212));
#5275 = VECTOR('',#5276,1.);
#5276 = DIRECTION('',(-0.,0.,-1.));
#5277 = ORIENTED_EDGE('',*,*,#5278,.T.);
#5278 = EDGE_CURVE('',#5271,#5279,#5281,.T.);
#5279 = VERTEX_POINT('',#5280);
#5280 = CARTESIAN_POINT('',(-7.52,-0.3,7.4));
#5281 = LINE('',#5282,#5283);
#5282 = CARTESIAN_POINT('',(-7.72,-0.3,7.4));
#5283 = VECTOR('',#5284,1.);
#5284 = DIRECTION('',(1.,-1.110223024625E-16,0.));
#5285 = ORIENTED_EDGE('',*,*,#5286,.T.);
#5286 = EDGE_CURVE('',#5279,#5287,#5289,.T.);
#5287 = VERTEX_POINT('',#5288);
#5288 = CARTESIAN_POINT('',(-7.52,-0.3,0.9));
#5289 = LINE('',#5290,#5291);
#5290 = CARTESIAN_POINT('',(-7.52,-0.3,6.055738799212));
#5291 = VECTOR('',#5292,1.);
#5292 = DIRECTION('',(-0.,0.,-1.));
#5293 = ORIENTED_EDGE('',*,*,#5294,.T.);
#5294 = EDGE_CURVE('',#5287,#5150,#5295,.T.);
#5295 = LINE('',#5296,#5297);
#5296 = CARTESIAN_POINT('',(-7.92,-0.3,0.9));
#5297 = VECTOR('',#5298,1.);
#5298 = DIRECTION('',(1.,-1.110223024625E-16,0.));
#5299 = ORIENTED_EDGE('',*,*,#5149,.F.);
#5300 = PLANE('',#5301);
#5301 = AXIS2_PLACEMENT_3D('',#5302,#5303,#5304);
#5302 = CARTESIAN_POINT('',(-7.92,-0.3,8.2));
#5303 = DIRECTION('',(-1.110223024625E-16,-1.,0.));
#5304 = DIRECTION('',(1.,-1.110223024625E-16,0.));
#5305 = ADVANCED_FACE('',(#5306),#5331,.F.);
#5306 = FACE_BOUND('',#5307,.F.);
#5307 = EDGE_LOOP('',(#5308,#5316,#5324,#5330));
#5308 = ORIENTED_EDGE('',*,*,#5309,.T.);
#5309 = EDGE_CURVE('',#2174,#5310,#5312,.T.);
#5310 = VERTEX_POINT('',#5311);
#5311 = CARTESIAN_POINT('',(-7.32,2.24,0.9));
#5312 = LINE('',#5313,#5314);
#5313 = CARTESIAN_POINT('',(-7.32,2.24,8.2));
#5314 = VECTOR('',#5315,1.);
#5315 = DIRECTION('',(0.,-0.,-1.));
#5316 = ORIENTED_EDGE('',*,*,#5317,.T.);
#5317 = EDGE_CURVE('',#5310,#5318,#5320,.T.);
#5318 = VERTEX_POINT('',#5319);
#5319 = CARTESIAN_POINT('',(-7.32,2.84,0.9));
#5320 = LINE('',#5321,#5322);
#5321 = CARTESIAN_POINT('',(-7.32,2.24,0.9));
#5322 = VECTOR('',#5323,1.);
#5323 = DIRECTION('',(1.110223024625E-16,1.,0.));
#5324 = ORIENTED_EDGE('',*,*,#5325,.F.);
#5325 = EDGE_CURVE('',#2183,#5318,#5326,.T.);
#5326 = LINE('',#5327,#5328);
#5327 = CARTESIAN_POINT('',(-7.32,2.84,8.2));
#5328 = VECTOR('',#5329,1.);
#5329 = DIRECTION('',(0.,-0.,-1.));
#5330 = ORIENTED_EDGE('',*,*,#2190,.F.);
#5331 = PLANE('',#5332);
#5332 = AXIS2_PLACEMENT_3D('',#5333,#5334,#5335);
#5333 = CARTESIAN_POINT('',(-7.32,2.24,8.2));
#5334 = DIRECTION('',(1.,-1.110223024625E-16,0.));
#5335 = DIRECTION('',(1.110223024625E-16,1.,0.));
#5336 = ADVANCED_FACE('',(#5337),#5387,.F.);
#5337 = FACE_BOUND('',#5338,.F.);
#5338 = EDGE_LOOP('',(#5339,#5340,#5341,#5349,#5357,#5365,#5373,#5381));
#5339 = ORIENTED_EDGE('',*,*,#2214,.F.);
#5340 = ORIENTED_EDGE('',*,*,#5325,.T.);
#5341 = ORIENTED_EDGE('',*,*,#5342,.T.);
#5342 = EDGE_CURVE('',#5318,#5343,#5345,.T.);
#5343 = VERTEX_POINT('',#5344);
#5344 = CARTESIAN_POINT('',(-7.52,2.84,0.9));
#5345 = LINE('',#5346,#5347);
#5346 = CARTESIAN_POINT('',(-7.32,2.84,0.9));
#5347 = VECTOR('',#5348,1.);
#5348 = DIRECTION('',(-1.,1.110223024625E-16,0.));
#5349 = ORIENTED_EDGE('',*,*,#5350,.T.);
#5350 = EDGE_CURVE('',#5343,#5351,#5353,.T.);
#5351 = VERTEX_POINT('',#5352);
#5352 = CARTESIAN_POINT('',(-7.52,2.84,7.4));
#5353 = LINE('',#5354,#5355);
#5354 = CARTESIAN_POINT('',(-7.52,2.84,6.055738799212));
#5355 = VECTOR('',#5356,1.);
#5356 = DIRECTION('',(0.,-0.,1.));
#5357 = ORIENTED_EDGE('',*,*,#5358,.F.);
#5358 = EDGE_CURVE('',#5359,#5351,#5361,.T.);
#5359 = VERTEX_POINT('',#5360);
#5360 = CARTESIAN_POINT('',(-7.72,2.84,7.4));
#5361 = LINE('',#5362,#5363);
#5362 = CARTESIAN_POINT('',(-7.72,2.84,7.4));
#5363 = VECTOR('',#5364,1.);
#5364 = DIRECTION('',(1.,-1.110223024625E-16,0.));
#5365 = ORIENTED_EDGE('',*,*,#5366,.F.);
#5366 = EDGE_CURVE('',#5367,#5359,#5369,.T.);
#5367 = VERTEX_POINT('',#5368);
#5368 = CARTESIAN_POINT('',(-7.72,2.84,0.9));
#5369 = LINE('',#5370,#5371);
#5370 = CARTESIAN_POINT('',(-7.72,2.84,6.055738799212));
#5371 = VECTOR('',#5372,1.);
#5372 = DIRECTION('',(0.,-0.,1.));
#5373 = ORIENTED_EDGE('',*,*,#5374,.T.);
#5374 = EDGE_CURVE('',#5367,#5375,#5377,.T.);
#5375 = VERTEX_POINT('',#5376);
#5376 = CARTESIAN_POINT('',(-7.92,2.84,0.9));
#5377 = LINE('',#5378,#5379);
#5378 = CARTESIAN_POINT('',(-7.32,2.84,0.9));
#5379 = VECTOR('',#5380,1.);
#5380 = DIRECTION('',(-1.,1.110223024625E-16,0.));
#5381 = ORIENTED_EDGE('',*,*,#5382,.F.);
#5382 = EDGE_CURVE('',#2207,#5375,#5383,.T.);
#5383 = LINE('',#5384,#5385);
#5384 = CARTESIAN_POINT('',(-7.92,2.84,8.2));
#5385 = VECTOR('',#5386,1.);
#5386 = DIRECTION('',(0.,-0.,-1.));
#5387 = PLANE('',#5388);
#5388 = AXIS2_PLACEMENT_3D('',#5389,#5390,#5391);
#5389 = CARTESIAN_POINT('',(-7.32,2.84,8.2));
#5390 = DIRECTION('',(1.110223024625E-16,1.,0.));
#5391 = DIRECTION('',(-1.,1.110223024625E-16,0.));
#5392 = ADVANCED_FACE('',(#5393),#5411,.F.);
#5393 = FACE_BOUND('',#5394,.F.);
#5394 = EDGE_LOOP('',(#5395,#5396,#5404,#5410));
#5395 = ORIENTED_EDGE('',*,*,#5382,.T.);
#5396 = ORIENTED_EDGE('',*,*,#5397,.T.);
#5397 = EDGE_CURVE('',#5375,#5398,#5400,.T.);
#5398 = VERTEX_POINT('',#5399);
#5399 = CARTESIAN_POINT('',(-7.92,2.24,0.9));
#5400 = LINE('',#5401,#5402);
#5401 = CARTESIAN_POINT('',(-7.92,2.84,0.9));
#5402 = VECTOR('',#5403,1.);
#5403 = DIRECTION('',(-1.110223024625E-16,-1.,0.));
#5404 = ORIENTED_EDGE('',*,*,#5405,.F.);
#5405 = EDGE_CURVE('',#2231,#5398,#5406,.T.);
#5406 = LINE('',#5407,#5408);
#5407 = CARTESIAN_POINT('',(-7.92,2.24,8.2));
#5408 = VECTOR('',#5409,1.);
#5409 = DIRECTION('',(0.,-0.,-1.));
#5410 = ORIENTED_EDGE('',*,*,#2238,.F.);
#5411 = PLANE('',#5412);
#5412 = AXIS2_PLACEMENT_3D('',#5413,#5414,#5415);
#5413 = CARTESIAN_POINT('',(-7.92,2.84,8.2));
#5414 = DIRECTION('',(-1.,1.110223024625E-16,0.));
#5415 = DIRECTION('',(-1.110223024625E-16,-1.,0.));
#5416 = ADVANCED_FACE('',(#5417),#5460,.F.);
#5417 = FACE_BOUND('',#5418,.F.);
#5418 = EDGE_LOOP('',(#5419,#5420,#5421,#5429,#5437,#5445,#5453,#5459));
#5419 = ORIENTED_EDGE('',*,*,#2255,.F.);
#5420 = ORIENTED_EDGE('',*,*,#5405,.T.);
#5421 = ORIENTED_EDGE('',*,*,#5422,.T.);
#5422 = EDGE_CURVE('',#5398,#5423,#5425,.T.);
#5423 = VERTEX_POINT('',#5424);
#5424 = CARTESIAN_POINT('',(-7.72,2.24,0.9));
#5425 = LINE('',#5426,#5427);
#5426 = CARTESIAN_POINT('',(-7.92,2.24,0.9));
#5427 = VECTOR('',#5428,1.);
#5428 = DIRECTION('',(1.,-1.110223024625E-16,0.));
#5429 = ORIENTED_EDGE('',*,*,#5430,.F.);
#5430 = EDGE_CURVE('',#5431,#5423,#5433,.T.);
#5431 = VERTEX_POINT('',#5432);
#5432 = CARTESIAN_POINT('',(-7.72,2.24,7.4));
#5433 = LINE('',#5434,#5435);
#5434 = CARTESIAN_POINT('',(-7.72,2.24,6.055738799212));
#5435 = VECTOR('',#5436,1.);
#5436 = DIRECTION('',(-0.,0.,-1.));
#5437 = ORIENTED_EDGE('',*,*,#5438,.T.);
#5438 = EDGE_CURVE('',#5431,#5439,#5441,.T.);
#5439 = VERTEX_POINT('',#5440);
#5440 = CARTESIAN_POINT('',(-7.52,2.24,7.4));
#5441 = LINE('',#5442,#5443);
#5442 = CARTESIAN_POINT('',(-7.72,2.24,7.4));
#5443 = VECTOR('',#5444,1.);
#5444 = DIRECTION('',(1.,-1.110223024625E-16,0.));
#5445 = ORIENTED_EDGE('',*,*,#5446,.T.);
#5446 = EDGE_CURVE('',#5439,#5447,#5449,.T.);
#5447 = VERTEX_POINT('',#5448);
#5448 = CARTESIAN_POINT('',(-7.52,2.24,0.9));
#5449 = LINE('',#5450,#5451);
#5450 = CARTESIAN_POINT('',(-7.52,2.24,6.055738799212));
#5451 = VECTOR('',#5452,1.);
#5452 = DIRECTION('',(-0.,0.,-1.));
#5453 = ORIENTED_EDGE('',*,*,#5454,.T.);
#5454 = EDGE_CURVE('',#5447,#5310,#5455,.T.);
#5455 = LINE('',#5456,#5457);
#5456 = CARTESIAN_POINT('',(-7.92,2.24,0.9));
#5457 = VECTOR('',#5458,1.);
#5458 = DIRECTION('',(1.,-1.110223024625E-16,0.));
#5459 = ORIENTED_EDGE('',*,*,#5309,.F.);
#5460 = PLANE('',#5461);
#5461 = AXIS2_PLACEMENT_3D('',#5462,#5463,#5464);
#5462 = CARTESIAN_POINT('',(-7.92,2.24,8.2));
#5463 = DIRECTION('',(-1.110223024625E-16,-1.,0.));
#5464 = DIRECTION('',(1.,-1.110223024625E-16,0.));
#5465 = ADVANCED_FACE('',(#5466),#5491,.F.);
#5466 = FACE_BOUND('',#5467,.F.);
#5467 = EDGE_LOOP('',(#5468,#5476,#5484,#5490));
#5468 = ORIENTED_EDGE('',*,*,#5469,.T.);
#5469 = EDGE_CURVE('',#2270,#5470,#5472,.T.);
#5470 = VERTEX_POINT('',#5471);
#5471 = CARTESIAN_POINT('',(-7.32,4.78,0.9));
#5472 = LINE('',#5473,#5474);
#5473 = CARTESIAN_POINT('',(-7.32,4.78,8.2));
#5474 = VECTOR('',#5475,1.);
#5475 = DIRECTION('',(0.,-0.,-1.));
#5476 = ORIENTED_EDGE('',*,*,#5477,.T.);
#5477 = EDGE_CURVE('',#5470,#5478,#5480,.T.);
#5478 = VERTEX_POINT('',#5479);
#5479 = CARTESIAN_POINT('',(-7.32,5.38,0.9));
#5480 = LINE('',#5481,#5482);
#5481 = CARTESIAN_POINT('',(-7.32,4.78,0.9));
#5482 = VECTOR('',#5483,1.);
#5483 = DIRECTION('',(1.110223024625E-16,1.,0.));
#5484 = ORIENTED_EDGE('',*,*,#5485,.F.);
#5485 = EDGE_CURVE('',#2279,#5478,#5486,.T.);
#5486 = LINE('',#5487,#5488);
#5487 = CARTESIAN_POINT('',(-7.32,5.38,8.2));
#5488 = VECTOR('',#5489,1.);
#5489 = DIRECTION('',(0.,-0.,-1.));
#5490 = ORIENTED_EDGE('',*,*,#2286,.F.);
#5491 = PLANE('',#5492);
#5492 = AXIS2_PLACEMENT_3D('',#5493,#5494,#5495);
#5493 = CARTESIAN_POINT('',(-7.32,4.78,8.2));
#5494 = DIRECTION('',(1.,-1.110223024625E-16,0.));
#5495 = DIRECTION('',(1.110223024625E-16,1.,0.));
#5496 = ADVANCED_FACE('',(#5497),#5547,.F.);
#5497 = FACE_BOUND('',#5498,.F.);
#5498 = EDGE_LOOP('',(#5499,#5500,#5501,#5509,#5517,#5525,#5533,#5541));
#5499 = ORIENTED_EDGE('',*,*,#2310,.F.);
#5500 = ORIENTED_EDGE('',*,*,#5485,.T.);
#5501 = ORIENTED_EDGE('',*,*,#5502,.T.);
#5502 = EDGE_CURVE('',#5478,#5503,#5505,.T.);
#5503 = VERTEX_POINT('',#5504);
#5504 = CARTESIAN_POINT('',(-7.52,5.38,0.9));
#5505 = LINE('',#5506,#5507);
#5506 = CARTESIAN_POINT('',(-7.32,5.38,0.9));
#5507 = VECTOR('',#5508,1.);
#5508 = DIRECTION('',(-1.,1.110223024625E-16,0.));
#5509 = ORIENTED_EDGE('',*,*,#5510,.T.);
#5510 = EDGE_CURVE('',#5503,#5511,#5513,.T.);
#5511 = VERTEX_POINT('',#5512);
#5512 = CARTESIAN_POINT('',(-7.52,5.38,7.4));
#5513 = LINE('',#5514,#5515);
#5514 = CARTESIAN_POINT('',(-7.52,5.38,6.055738799212));
#5515 = VECTOR('',#5516,1.);
#5516 = DIRECTION('',(0.,-0.,1.));
#5517 = ORIENTED_EDGE('',*,*,#5518,.F.);
#5518 = EDGE_CURVE('',#5519,#5511,#5521,.T.);
#5519 = VERTEX_POINT('',#5520);
#5520 = CARTESIAN_POINT('',(-7.72,5.38,7.4));
#5521 = LINE('',#5522,#5523);
#5522 = CARTESIAN_POINT('',(-7.72,5.38,7.4));
#5523 = VECTOR('',#5524,1.);
#5524 = DIRECTION('',(1.,-1.110223024625E-16,0.));
#5525 = ORIENTED_EDGE('',*,*,#5526,.F.);
#5526 = EDGE_CURVE('',#5527,#5519,#5529,.T.);
#5527 = VERTEX_POINT('',#5528);
#5528 = CARTESIAN_POINT('',(-7.72,5.38,0.9));
#5529 = LINE('',#5530,#5531);
#5530 = CARTESIAN_POINT('',(-7.72,5.38,6.055738799212));
#5531 = VECTOR('',#5532,1.);
#5532 = DIRECTION('',(0.,-0.,1.));
#5533 = ORIENTED_EDGE('',*,*,#5534,.T.);
#5534 = EDGE_CURVE('',#5527,#5535,#5537,.T.);
#5535 = VERTEX_POINT('',#5536);
#5536 = CARTESIAN_POINT('',(-7.92,5.38,0.9));
#5537 = LINE('',#5538,#5539);
#5538 = CARTESIAN_POINT('',(-7.32,5.38,0.9));
#5539 = VECTOR('',#5540,1.);
#5540 = DIRECTION('',(-1.,1.110223024625E-16,0.));
#5541 = ORIENTED_EDGE('',*,*,#5542,.F.);
#5542 = EDGE_CURVE('',#2303,#5535,#5543,.T.);
#5543 = LINE('',#5544,#5545);
#5544 = CARTESIAN_POINT('',(-7.92,5.38,8.2));
#5545 = VECTOR('',#5546,1.);
#5546 = DIRECTION('',(0.,-0.,-1.));
#5547 = PLANE('',#5548);
#5548 = AXIS2_PLACEMENT_3D('',#5549,#5550,#5551);
#5549 = CARTESIAN_POINT('',(-7.32,5.38,8.2));
#5550 = DIRECTION('',(1.110223024625E-16,1.,0.));
#5551 = DIRECTION('',(-1.,1.110223024625E-16,0.));
#5552 = ADVANCED_FACE('',(#5553),#5571,.F.);
#5553 = FACE_BOUND('',#5554,.F.);
#5554 = EDGE_LOOP('',(#5555,#5556,#5564,#5570));
#5555 = ORIENTED_EDGE('',*,*,#5542,.T.);
#5556 = ORIENTED_EDGE('',*,*,#5557,.T.);
#5557 = EDGE_CURVE('',#5535,#5558,#5560,.T.);
#5558 = VERTEX_POINT('',#5559);
#5559 = CARTESIAN_POINT('',(-7.92,4.78,0.9));
#5560 = LINE('',#5561,#5562);
#5561 = CARTESIAN_POINT('',(-7.92,5.38,0.9));
#5562 = VECTOR('',#5563,1.);
#5563 = DIRECTION('',(-1.110223024625E-16,-1.,0.));
#5564 = ORIENTED_EDGE('',*,*,#5565,.F.);
#5565 = EDGE_CURVE('',#2327,#5558,#5566,.T.);
#5566 = LINE('',#5567,#5568);
#5567 = CARTESIAN_POINT('',(-7.92,4.78,8.2));
#5568 = VECTOR('',#5569,1.);
#5569 = DIRECTION('',(0.,-0.,-1.));
#5570 = ORIENTED_EDGE('',*,*,#2334,.F.);
#5571 = PLANE('',#5572);
#5572 = AXIS2_PLACEMENT_3D('',#5573,#5574,#5575);
#5573 = CARTESIAN_POINT('',(-7.92,5.38,8.2));
#5574 = DIRECTION('',(-1.,1.110223024625E-16,0.));
#5575 = DIRECTION('',(-1.110223024625E-16,-1.,0.));
#5576 = ADVANCED_FACE('',(#5577),#5620,.F.);
#5577 = FACE_BOUND('',#5578,.F.);
#5578 = EDGE_LOOP('',(#5579,#5580,#5581,#5589,#5597,#5605,#5613,#5619));
#5579 = ORIENTED_EDGE('',*,*,#2351,.F.);
#5580 = ORIENTED_EDGE('',*,*,#5565,.T.);
#5581 = ORIENTED_EDGE('',*,*,#5582,.T.);
#5582 = EDGE_CURVE('',#5558,#5583,#5585,.T.);
#5583 = VERTEX_POINT('',#5584);
#5584 = CARTESIAN_POINT('',(-7.72,4.78,0.9));
#5585 = LINE('',#5586,#5587);
#5586 = CARTESIAN_POINT('',(-7.92,4.78,0.9));
#5587 = VECTOR('',#5588,1.);
#5588 = DIRECTION('',(1.,-1.110223024625E-16,0.));
#5589 = ORIENTED_EDGE('',*,*,#5590,.F.);
#5590 = EDGE_CURVE('',#5591,#5583,#5593,.T.);
#5591 = VERTEX_POINT('',#5592);
#5592 = CARTESIAN_POINT('',(-7.72,4.78,7.4));
#5593 = LINE('',#5594,#5595);
#5594 = CARTESIAN_POINT('',(-7.72,4.78,6.055738799212));
#5595 = VECTOR('',#5596,1.);
#5596 = DIRECTION('',(-0.,0.,-1.));
#5597 = ORIENTED_EDGE('',*,*,#5598,.T.);
#5598 = EDGE_CURVE('',#5591,#5599,#5601,.T.);
#5599 = VERTEX_POINT('',#5600);
#5600 = CARTESIAN_POINT('',(-7.52,4.78,7.4));
#5601 = LINE('',#5602,#5603);
#5602 = CARTESIAN_POINT('',(-7.72,4.78,7.4));
#5603 = VECTOR('',#5604,1.);
#5604 = DIRECTION('',(1.,-1.110223024625E-16,0.));
#5605 = ORIENTED_EDGE('',*,*,#5606,.T.);
#5606 = EDGE_CURVE('',#5599,#5607,#5609,.T.);
#5607 = VERTEX_POINT('',#5608);
#5608 = CARTESIAN_POINT('',(-7.52,4.78,0.9));
#5609 = LINE('',#5610,#5611);
#5610 = CARTESIAN_POINT('',(-7.52,4.78,6.055738799212));
#5611 = VECTOR('',#5612,1.);
#5612 = DIRECTION('',(-0.,0.,-1.));
#5613 = ORIENTED_EDGE('',*,*,#5614,.T.);
#5614 = EDGE_CURVE('',#5607,#5470,#5615,.T.);
#5615 = LINE('',#5616,#5617);
#5616 = CARTESIAN_POINT('',(-7.92,4.78,0.9));
#5617 = VECTOR('',#5618,1.);
#5618 = DIRECTION('',(1.,-1.110223024625E-16,0.));
#5619 = ORIENTED_EDGE('',*,*,#5469,.F.);
#5620 = PLANE('',#5621);
#5621 = AXIS2_PLACEMENT_3D('',#5622,#5623,#5624);
#5622 = CARTESIAN_POINT('',(-7.92,4.78,8.2));
#5623 = DIRECTION('',(-1.110223024625E-16,-1.,0.));
#5624 = DIRECTION('',(1.,-1.110223024625E-16,0.));
#5625 = ADVANCED_FACE('',(#5626),#5651,.F.);
#5626 = FACE_BOUND('',#5627,.F.);
#5627 = EDGE_LOOP('',(#5628,#5636,#5644,#5650));
#5628 = ORIENTED_EDGE('',*,*,#5629,.T.);
#5629 = EDGE_CURVE('',#2366,#5630,#5632,.T.);
#5630 = VERTEX_POINT('',#5631);
#5631 = CARTESIAN_POINT('',(-7.32,7.32,0.9));
#5632 = LINE('',#5633,#5634);
#5633 = CARTESIAN_POINT('',(-7.32,7.32,8.2));
#5634 = VECTOR('',#5635,1.);
#5635 = DIRECTION('',(0.,-0.,-1.));
#5636 = ORIENTED_EDGE('',*,*,#5637,.T.);
#5637 = EDGE_CURVE('',#5630,#5638,#5640,.T.);
#5638 = VERTEX_POINT('',#5639);
#5639 = CARTESIAN_POINT('',(-7.32,7.92,0.9));
#5640 = LINE('',#5641,#5642);
#5641 = CARTESIAN_POINT('',(-7.32,7.32,0.9));
#5642 = VECTOR('',#5643,1.);
#5643 = DIRECTION('',(1.110223024625E-16,1.,0.));
#5644 = ORIENTED_EDGE('',*,*,#5645,.F.);
#5645 = EDGE_CURVE('',#2375,#5638,#5646,.T.);
#5646 = LINE('',#5647,#5648);
#5647 = CARTESIAN_POINT('',(-7.32,7.92,8.2));
#5648 = VECTOR('',#5649,1.);
#5649 = DIRECTION('',(0.,-0.,-1.));
#5650 = ORIENTED_EDGE('',*,*,#2382,.F.);
#5651 = PLANE('',#5652);
#5652 = AXIS2_PLACEMENT_3D('',#5653,#5654,#5655);
#5653 = CARTESIAN_POINT('',(-7.32,7.32,8.2));
#5654 = DIRECTION('',(1.,-1.110223024625E-16,0.));
#5655 = DIRECTION('',(1.110223024625E-16,1.,0.));
#5656 = ADVANCED_FACE('',(#5657),#5707,.F.);
#5657 = FACE_BOUND('',#5658,.F.);
#5658 = EDGE_LOOP('',(#5659,#5660,#5661,#5669,#5677,#5685,#5693,#5701));
#5659 = ORIENTED_EDGE('',*,*,#2406,.F.);
#5660 = ORIENTED_EDGE('',*,*,#5645,.T.);
#5661 = ORIENTED_EDGE('',*,*,#5662,.T.);
#5662 = EDGE_CURVE('',#5638,#5663,#5665,.T.);
#5663 = VERTEX_POINT('',#5664);
#5664 = CARTESIAN_POINT('',(-7.52,7.92,0.9));
#5665 = LINE('',#5666,#5667);
#5666 = CARTESIAN_POINT('',(-7.32,7.92,0.9));
#5667 = VECTOR('',#5668,1.);
#5668 = DIRECTION('',(-1.,1.110223024625E-16,0.));
#5669 = ORIENTED_EDGE('',*,*,#5670,.T.);
#5670 = EDGE_CURVE('',#5663,#5671,#5673,.T.);
#5671 = VERTEX_POINT('',#5672);
#5672 = CARTESIAN_POINT('',(-7.52,7.92,7.4));
#5673 = LINE('',#5674,#5675);
#5674 = CARTESIAN_POINT('',(-7.52,7.92,6.055738799212));
#5675 = VECTOR('',#5676,1.);
#5676 = DIRECTION('',(0.,-0.,1.));
#5677 = ORIENTED_EDGE('',*,*,#5678,.F.);
#5678 = EDGE_CURVE('',#5679,#5671,#5681,.T.);
#5679 = VERTEX_POINT('',#5680);
#5680 = CARTESIAN_POINT('',(-7.72,7.92,7.4));
#5681 = LINE('',#5682,#5683);
#5682 = CARTESIAN_POINT('',(-7.72,7.92,7.4));
#5683 = VECTOR('',#5684,1.);
#5684 = DIRECTION('',(1.,-1.110223024625E-16,0.));
#5685 = ORIENTED_EDGE('',*,*,#5686,.F.);
#5686 = EDGE_CURVE('',#5687,#5679,#5689,.T.);
#5687 = VERTEX_POINT('',#5688);
#5688 = CARTESIAN_POINT('',(-7.72,7.92,0.9));
#5689 = LINE('',#5690,#5691);
#5690 = CARTESIAN_POINT('',(-7.72,7.92,6.055738799212));
#5691 = VECTOR('',#5692,1.);
#5692 = DIRECTION('',(0.,-0.,1.));
#5693 = ORIENTED_EDGE('',*,*,#5694,.T.);
#5694 = EDGE_CURVE('',#5687,#5695,#5697,.T.);
#5695 = VERTEX_POINT('',#5696);
#5696 = CARTESIAN_POINT('',(-7.92,7.92,0.9));
#5697 = LINE('',#5698,#5699);
#5698 = CARTESIAN_POINT('',(-7.32,7.92,0.9));
#5699 = VECTOR('',#5700,1.);
#5700 = DIRECTION('',(-1.,1.110223024625E-16,0.));
#5701 = ORIENTED_EDGE('',*,*,#5702,.F.);
#5702 = EDGE_CURVE('',#2399,#5695,#5703,.T.);
#5703 = LINE('',#5704,#5705);
#5704 = CARTESIAN_POINT('',(-7.92,7.92,8.2));
#5705 = VECTOR('',#5706,1.);
#5706 = DIRECTION('',(0.,-0.,-1.));
#5707 = PLANE('',#5708);
#5708 = AXIS2_PLACEMENT_3D('',#5709,#5710,#5711);
#5709 = CARTESIAN_POINT('',(-7.32,7.92,8.2));
#5710 = DIRECTION('',(1.110223024625E-16,1.,0.));
#5711 = DIRECTION('',(-1.,1.110223024625E-16,0.));
#5712 = ADVANCED_FACE('',(#5713),#5731,.F.);
#5713 = FACE_BOUND('',#5714,.F.);
#5714 = EDGE_LOOP('',(#5715,#5716,#5724,#5730));
#5715 = ORIENTED_EDGE('',*,*,#5702,.T.);
#5716 = ORIENTED_EDGE('',*,*,#5717,.T.);
#5717 = EDGE_CURVE('',#5695,#5718,#5720,.T.);
#5718 = VERTEX_POINT('',#5719);
#5719 = CARTESIAN_POINT('',(-7.92,7.32,0.9));
#5720 = LINE('',#5721,#5722);
#5721 = CARTESIAN_POINT('',(-7.92,7.92,0.9));
#5722 = VECTOR('',#5723,1.);
#5723 = DIRECTION('',(-1.110223024625E-16,-1.,0.));
#5724 = ORIENTED_EDGE('',*,*,#5725,.F.);
#5725 = EDGE_CURVE('',#2423,#5718,#5726,.T.);
#5726 = LINE('',#5727,#5728);
#5727 = CARTESIAN_POINT('',(-7.92,7.32,8.2));
#5728 = VECTOR('',#5729,1.);
#5729 = DIRECTION('',(0.,-0.,-1.));
#5730 = ORIENTED_EDGE('',*,*,#2430,.F.);
#5731 = PLANE('',#5732);
#5732 = AXIS2_PLACEMENT_3D('',#5733,#5734,#5735);
#5733 = CARTESIAN_POINT('',(-7.92,7.92,8.2));
#5734 = DIRECTION('',(-1.,1.110223024625E-16,0.));
#5735 = DIRECTION('',(-1.110223024625E-16,-1.,0.));
#5736 = ADVANCED_FACE('',(#5737),#5780,.F.);
#5737 = FACE_BOUND('',#5738,.F.);
#5738 = EDGE_LOOP('',(#5739,#5740,#5741,#5749,#5757,#5765,#5773,#5779));
#5739 = ORIENTED_EDGE('',*,*,#2447,.F.);
#5740 = ORIENTED_EDGE('',*,*,#5725,.T.);
#5741 = ORIENTED_EDGE('',*,*,#5742,.T.);
#5742 = EDGE_CURVE('',#5718,#5743,#5745,.T.);
#5743 = VERTEX_POINT('',#5744);
#5744 = CARTESIAN_POINT('',(-7.72,7.32,0.9));
#5745 = LINE('',#5746,#5747);
#5746 = CARTESIAN_POINT('',(-7.92,7.32,0.9));
#5747 = VECTOR('',#5748,1.);
#5748 = DIRECTION('',(1.,-1.110223024625E-16,0.));
#5749 = ORIENTED_EDGE('',*,*,#5750,.F.);
#5750 = EDGE_CURVE('',#5751,#5743,#5753,.T.);
#5751 = VERTEX_POINT('',#5752);
#5752 = CARTESIAN_POINT('',(-7.72,7.32,7.4));
#5753 = LINE('',#5754,#5755);
#5754 = CARTESIAN_POINT('',(-7.72,7.32,6.055738799212));
#5755 = VECTOR('',#5756,1.);
#5756 = DIRECTION('',(-0.,0.,-1.));
#5757 = ORIENTED_EDGE('',*,*,#5758,.T.);
#5758 = EDGE_CURVE('',#5751,#5759,#5761,.T.);
#5759 = VERTEX_POINT('',#5760);
#5760 = CARTESIAN_POINT('',(-7.52,7.32,7.4));
#5761 = LINE('',#5762,#5763);
#5762 = CARTESIAN_POINT('',(-7.72,7.32,7.4));
#5763 = VECTOR('',#5764,1.);
#5764 = DIRECTION('',(1.,-1.110223024625E-16,0.));
#5765 = ORIENTED_EDGE('',*,*,#5766,.T.);
#5766 = EDGE_CURVE('',#5759,#5767,#5769,.T.);
#5767 = VERTEX_POINT('',#5768);
#5768 = CARTESIAN_POINT('',(-7.52,7.32,0.9));
#5769 = LINE('',#5770,#5771);
#5770 = CARTESIAN_POINT('',(-7.52,7.32,6.055738799212));
#5771 = VECTOR('',#5772,1.);
#5772 = DIRECTION('',(-0.,0.,-1.));
#5773 = ORIENTED_EDGE('',*,*,#5774,.T.);
#5774 = EDGE_CURVE('',#5767,#5630,#5775,.T.);
#5775 = LINE('',#5776,#5777);
#5776 = CARTESIAN_POINT('',(-7.92,7.32,0.9));
#5777 = VECTOR('',#5778,1.);
#5778 = DIRECTION('',(1.,-1.110223024625E-16,0.));
#5779 = ORIENTED_EDGE('',*,*,#5629,.F.);
#5780 = PLANE('',#5781);
#5781 = AXIS2_PLACEMENT_3D('',#5782,#5783,#5784);
#5782 = CARTESIAN_POINT('',(-7.92,7.32,8.2));
#5783 = DIRECTION('',(-1.110223024625E-16,-1.,0.));
#5784 = DIRECTION('',(1.,-1.110223024625E-16,0.));
#5785 = ADVANCED_FACE('',(#5786),#5811,.F.);
#5786 = FACE_BOUND('',#5787,.F.);
#5787 = EDGE_LOOP('',(#5788,#5796,#5804,#5810));
#5788 = ORIENTED_EDGE('',*,*,#5789,.T.);
#5789 = EDGE_CURVE('',#2462,#5790,#5792,.T.);
#5790 = VERTEX_POINT('',#5791);
#5791 = CARTESIAN_POINT('',(-7.32,9.86,0.9));
#5792 = LINE('',#5793,#5794);
#5793 = CARTESIAN_POINT('',(-7.32,9.86,8.2));
#5794 = VECTOR('',#5795,1.);
#5795 = DIRECTION('',(0.,-0.,-1.));
#5796 = ORIENTED_EDGE('',*,*,#5797,.T.);
#5797 = EDGE_CURVE('',#5790,#5798,#5800,.T.);
#5798 = VERTEX_POINT('',#5799);
#5799 = CARTESIAN_POINT('',(-7.32,10.46,0.9));
#5800 = LINE('',#5801,#5802);
#5801 = CARTESIAN_POINT('',(-7.32,9.86,0.9));
#5802 = VECTOR('',#5803,1.);
#5803 = DIRECTION('',(1.110223024625E-16,1.,0.));
#5804 = ORIENTED_EDGE('',*,*,#5805,.F.);
#5805 = EDGE_CURVE('',#2471,#5798,#5806,.T.);
#5806 = LINE('',#5807,#5808);
#5807 = CARTESIAN_POINT('',(-7.32,10.46,8.2));
#5808 = VECTOR('',#5809,1.);
#5809 = DIRECTION('',(0.,-0.,-1.));
#5810 = ORIENTED_EDGE('',*,*,#2478,.F.);
#5811 = PLANE('',#5812);
#5812 = AXIS2_PLACEMENT_3D('',#5813,#5814,#5815);
#5813 = CARTESIAN_POINT('',(-7.32,9.86,8.2));
#5814 = DIRECTION('',(1.,-1.110223024625E-16,0.));
#5815 = DIRECTION('',(1.110223024625E-16,1.,0.));
#5816 = ADVANCED_FACE('',(#5817),#5867,.F.);
#5817 = FACE_BOUND('',#5818,.F.);
#5818 = EDGE_LOOP('',(#5819,#5820,#5821,#5829,#5837,#5845,#5853,#5861));
#5819 = ORIENTED_EDGE('',*,*,#2502,.F.);
#5820 = ORIENTED_EDGE('',*,*,#5805,.T.);
#5821 = ORIENTED_EDGE('',*,*,#5822,.T.);
#5822 = EDGE_CURVE('',#5798,#5823,#5825,.T.);
#5823 = VERTEX_POINT('',#5824);
#5824 = CARTESIAN_POINT('',(-7.52,10.46,0.9));
#5825 = LINE('',#5826,#5827);
#5826 = CARTESIAN_POINT('',(-7.32,10.46,0.9));
#5827 = VECTOR('',#5828,1.);
#5828 = DIRECTION('',(-1.,1.110223024625E-16,0.));
#5829 = ORIENTED_EDGE('',*,*,#5830,.T.);
#5830 = EDGE_CURVE('',#5823,#5831,#5833,.T.);
#5831 = VERTEX_POINT('',#5832);
#5832 = CARTESIAN_POINT('',(-7.52,10.46,7.4));
#5833 = LINE('',#5834,#5835);
#5834 = CARTESIAN_POINT('',(-7.52,10.46,6.055738799212));
#5835 = VECTOR('',#5836,1.);
#5836 = DIRECTION('',(0.,-0.,1.));
#5837 = ORIENTED_EDGE('',*,*,#5838,.F.);
#5838 = EDGE_CURVE('',#5839,#5831,#5841,.T.);
#5839 = VERTEX_POINT('',#5840);
#5840 = CARTESIAN_POINT('',(-7.72,10.46,7.4));
#5841 = LINE('',#5842,#5843);
#5842 = CARTESIAN_POINT('',(-7.72,10.46,7.4));
#5843 = VECTOR('',#5844,1.);
#5844 = DIRECTION('',(1.,-1.110223024625E-16,0.));
#5845 = ORIENTED_EDGE('',*,*,#5846,.F.);
#5846 = EDGE_CURVE('',#5847,#5839,#5849,.T.);
#5847 = VERTEX_POINT('',#5848);
#5848 = CARTESIAN_POINT('',(-7.72,10.46,0.9));
#5849 = LINE('',#5850,#5851);
#5850 = CARTESIAN_POINT('',(-7.72,10.46,6.055738799212));
#5851 = VECTOR('',#5852,1.);
#5852 = DIRECTION('',(0.,-0.,1.));
#5853 = ORIENTED_EDGE('',*,*,#5854,.T.);
#5854 = EDGE_CURVE('',#5847,#5855,#5857,.T.);
#5855 = VERTEX_POINT('',#5856);
#5856 = CARTESIAN_POINT('',(-7.92,10.46,0.9));
#5857 = LINE('',#5858,#5859);
#5858 = CARTESIAN_POINT('',(-7.32,10.46,0.9));
#5859 = VECTOR('',#5860,1.);
#5860 = DIRECTION('',(-1.,1.110223024625E-16,0.));
#5861 = ORIENTED_EDGE('',*,*,#5862,.F.);
#5862 = EDGE_CURVE('',#2495,#5855,#5863,.T.);
#5863 = LINE('',#5864,#5865);
#5864 = CARTESIAN_POINT('',(-7.92,10.46,8.2));
#5865 = VECTOR('',#5866,1.);
#5866 = DIRECTION('',(0.,-0.,-1.));
#5867 = PLANE('',#5868);
#5868 = AXIS2_PLACEMENT_3D('',#5869,#5870,#5871);
#5869 = CARTESIAN_POINT('',(-7.32,10.46,8.2));
#5870 = DIRECTION('',(1.110223024625E-16,1.,0.));
#5871 = DIRECTION('',(-1.,1.110223024625E-16,0.));
#5872 = ADVANCED_FACE('',(#5873),#5891,.F.);
#5873 = FACE_BOUND('',#5874,.F.);
#5874 = EDGE_LOOP('',(#5875,#5876,#5884,#5890));
#5875 = ORIENTED_EDGE('',*,*,#5862,.T.);
#5876 = ORIENTED_EDGE('',*,*,#5877,.T.);
#5877 = EDGE_CURVE('',#5855,#5878,#5880,.T.);
#5878 = VERTEX_POINT('',#5879);
#5879 = CARTESIAN_POINT('',(-7.92,9.86,0.9));
#5880 = LINE('',#5881,#5882);
#5881 = CARTESIAN_POINT('',(-7.92,10.46,0.9));
#5882 = VECTOR('',#5883,1.);
#5883 = DIRECTION('',(-1.110223024625E-16,-1.,0.));
#5884 = ORIENTED_EDGE('',*,*,#5885,.F.);
#5885 = EDGE_CURVE('',#2519,#5878,#5886,.T.);
#5886 = LINE('',#5887,#5888);
#5887 = CARTESIAN_POINT('',(-7.92,9.86,8.2));
#5888 = VECTOR('',#5889,1.);
#5889 = DIRECTION('',(0.,-0.,-1.));
#5890 = ORIENTED_EDGE('',*,*,#2526,.F.);
#5891 = PLANE('',#5892);
#5892 = AXIS2_PLACEMENT_3D('',#5893,#5894,#5895);
#5893 = CARTESIAN_POINT('',(-7.92,10.46,8.2));
#5894 = DIRECTION('',(-1.,1.110223024625E-16,0.));
#5895 = DIRECTION('',(-1.110223024625E-16,-1.,0.));
#5896 = ADVANCED_FACE('',(#5897),#5940,.F.);
#5897 = FACE_BOUND('',#5898,.F.);
#5898 = EDGE_LOOP('',(#5899,#5900,#5901,#5909,#5917,#5925,#5933,#5939));
#5899 = ORIENTED_EDGE('',*,*,#2543,.F.);
#5900 = ORIENTED_EDGE('',*,*,#5885,.T.);
#5901 = ORIENTED_EDGE('',*,*,#5902,.T.);
#5902 = EDGE_CURVE('',#5878,#5903,#5905,.T.);
#5903 = VERTEX_POINT('',#5904);
#5904 = CARTESIAN_POINT('',(-7.72,9.86,0.9));
#5905 = LINE('',#5906,#5907);
#5906 = CARTESIAN_POINT('',(-7.92,9.86,0.9));
#5907 = VECTOR('',#5908,1.);
#5908 = DIRECTION('',(1.,-1.110223024625E-16,0.));
#5909 = ORIENTED_EDGE('',*,*,#5910,.F.);
#5910 = EDGE_CURVE('',#5911,#5903,#5913,.T.);
#5911 = VERTEX_POINT('',#5912);
#5912 = CARTESIAN_POINT('',(-7.72,9.86,7.4));
#5913 = LINE('',#5914,#5915);
#5914 = CARTESIAN_POINT('',(-7.72,9.86,6.055738799212));
#5915 = VECTOR('',#5916,1.);
#5916 = DIRECTION('',(-0.,0.,-1.));
#5917 = ORIENTED_EDGE('',*,*,#5918,.T.);
#5918 = EDGE_CURVE('',#5911,#5919,#5921,.T.);
#5919 = VERTEX_POINT('',#5920);
#5920 = CARTESIAN_POINT('',(-7.52,9.86,7.4));
#5921 = LINE('',#5922,#5923);
#5922 = CARTESIAN_POINT('',(-7.72,9.86,7.4));
#5923 = VECTOR('',#5924,1.);
#5924 = DIRECTION('',(1.,-1.110223024625E-16,0.));
#5925 = ORIENTED_EDGE('',*,*,#5926,.T.);
#5926 = EDGE_CURVE('',#5919,#5927,#5929,.T.);
#5927 = VERTEX_POINT('',#5928);
#5928 = CARTESIAN_POINT('',(-7.52,9.86,0.9));
#5929 = LINE('',#5930,#5931);
#5930 = CARTESIAN_POINT('',(-7.52,9.86,6.055738799212));
#5931 = VECTOR('',#5932,1.);
#5932 = DIRECTION('',(-0.,0.,-1.));
#5933 = ORIENTED_EDGE('',*,*,#5934,.T.);
#5934 = EDGE_CURVE('',#5927,#5790,#5935,.T.);
#5935 = LINE('',#5936,#5937);
#5936 = CARTESIAN_POINT('',(-7.92,9.86,0.9));
#5937 = VECTOR('',#5938,1.);
#5938 = DIRECTION('',(1.,-1.110223024625E-16,0.));
#5939 = ORIENTED_EDGE('',*,*,#5789,.F.);
#5940 = PLANE('',#5941);
#5941 = AXIS2_PLACEMENT_3D('',#5942,#5943,#5944);
#5942 = CARTESIAN_POINT('',(-7.92,9.86,8.2));
#5943 = DIRECTION('',(-1.110223024625E-16,-1.,0.));
#5944 = DIRECTION('',(1.,-1.110223024625E-16,0.));
#5945 = ADVANCED_FACE('',(#5946),#5971,.F.);
#5946 = FACE_BOUND('',#5947,.F.);
#5947 = EDGE_LOOP('',(#5948,#5956,#5964,#5970));
#5948 = ORIENTED_EDGE('',*,*,#5949,.T.);
#5949 = EDGE_CURVE('',#2558,#5950,#5952,.T.);
#5950 = VERTEX_POINT('',#5951);
#5951 = CARTESIAN_POINT('',(-7.32,12.4,0.9));
#5952 = LINE('',#5953,#5954);
#5953 = CARTESIAN_POINT('',(-7.32,12.4,8.2));
#5954 = VECTOR('',#5955,1.);
#5955 = DIRECTION('',(0.,-0.,-1.));
#5956 = ORIENTED_EDGE('',*,*,#5957,.T.);
#5957 = EDGE_CURVE('',#5950,#5958,#5960,.T.);
#5958 = VERTEX_POINT('',#5959);
#5959 = CARTESIAN_POINT('',(-7.32,13.,0.9));
#5960 = LINE('',#5961,#5962);
#5961 = CARTESIAN_POINT('',(-7.32,12.4,0.9));
#5962 = VECTOR('',#5963,1.);
#5963 = DIRECTION('',(1.110223024625E-16,1.,0.));
#5964 = ORIENTED_EDGE('',*,*,#5965,.F.);
#5965 = EDGE_CURVE('',#2567,#5958,#5966,.T.);
#5966 = LINE('',#5967,#5968);
#5967 = CARTESIAN_POINT('',(-7.32,13.,8.2));
#5968 = VECTOR('',#5969,1.);
#5969 = DIRECTION('',(0.,-0.,-1.));
#5970 = ORIENTED_EDGE('',*,*,#2574,.F.);
#5971 = PLANE('',#5972);
#5972 = AXIS2_PLACEMENT_3D('',#5973,#5974,#5975);
#5973 = CARTESIAN_POINT('',(-7.32,12.4,8.2));
#5974 = DIRECTION('',(1.,-1.110223024625E-16,0.));
#5975 = DIRECTION('',(1.110223024625E-16,1.,0.));
#5976 = ADVANCED_FACE('',(#5977),#6027,.F.);
#5977 = FACE_BOUND('',#5978,.F.);
#5978 = EDGE_LOOP('',(#5979,#5980,#5981,#5989,#5997,#6005,#6013,#6021));
#5979 = ORIENTED_EDGE('',*,*,#2598,.F.);
#5980 = ORIENTED_EDGE('',*,*,#5965,.T.);
#5981 = ORIENTED_EDGE('',*,*,#5982,.T.);
#5982 = EDGE_CURVE('',#5958,#5983,#5985,.T.);
#5983 = VERTEX_POINT('',#5984);
#5984 = CARTESIAN_POINT('',(-7.52,13.,0.9));
#5985 = LINE('',#5986,#5987);
#5986 = CARTESIAN_POINT('',(-7.32,13.,0.9));
#5987 = VECTOR('',#5988,1.);
#5988 = DIRECTION('',(-1.,1.110223024625E-16,0.));
#5989 = ORIENTED_EDGE('',*,*,#5990,.T.);
#5990 = EDGE_CURVE('',#5983,#5991,#5993,.T.);
#5991 = VERTEX_POINT('',#5992);
#5992 = CARTESIAN_POINT('',(-7.52,13.,7.4));
#5993 = LINE('',#5994,#5995);
#5994 = CARTESIAN_POINT('',(-7.52,13.,6.055738799212));
#5995 = VECTOR('',#5996,1.);
#5996 = DIRECTION('',(0.,-0.,1.));
#5997 = ORIENTED_EDGE('',*,*,#5998,.F.);
#5998 = EDGE_CURVE('',#5999,#5991,#6001,.T.);
#5999 = VERTEX_POINT('',#6000);
#6000 = CARTESIAN_POINT('',(-7.72,13.,7.4));
#6001 = LINE('',#6002,#6003);
#6002 = CARTESIAN_POINT('',(-7.72,13.,7.4));
#6003 = VECTOR('',#6004,1.);
#6004 = DIRECTION('',(1.,-1.110223024625E-16,0.));
#6005 = ORIENTED_EDGE('',*,*,#6006,.F.);
#6006 = EDGE_CURVE('',#6007,#5999,#6009,.T.);
#6007 = VERTEX_POINT('',#6008);
#6008 = CARTESIAN_POINT('',(-7.72,13.,0.9));
#6009 = LINE('',#6010,#6011);
#6010 = CARTESIAN_POINT('',(-7.72,13.,6.055738799212));
#6011 = VECTOR('',#6012,1.);
#6012 = DIRECTION('',(0.,-0.,1.));
#6013 = ORIENTED_EDGE('',*,*,#6014,.T.);
#6014 = EDGE_CURVE('',#6007,#6015,#6017,.T.);
#6015 = VERTEX_POINT('',#6016);
#6016 = CARTESIAN_POINT('',(-7.92,13.,0.9));
#6017 = LINE('',#6018,#6019);
#6018 = CARTESIAN_POINT('',(-7.32,13.,0.9));
#6019 = VECTOR('',#6020,1.);
#6020 = DIRECTION('',(-1.,1.110223024625E-16,0.));
#6021 = ORIENTED_EDGE('',*,*,#6022,.F.);
#6022 = EDGE_CURVE('',#2591,#6015,#6023,.T.);
#6023 = LINE('',#6024,#6025);
#6024 = CARTESIAN_POINT('',(-7.92,13.,8.2));
#6025 = VECTOR('',#6026,1.);
#6026 = DIRECTION('',(0.,-0.,-1.));
#6027 = PLANE('',#6028);
#6028 = AXIS2_PLACEMENT_3D('',#6029,#6030,#6031);
#6029 = CARTESIAN_POINT('',(-7.32,13.,8.2));
#6030 = DIRECTION('',(1.110223024625E-16,1.,0.));
#6031 = DIRECTION('',(-1.,1.110223024625E-16,0.));
#6032 = ADVANCED_FACE('',(#6033),#6051,.F.);
#6033 = FACE_BOUND('',#6034,.F.);
#6034 = EDGE_LOOP('',(#6035,#6036,#6044,#6050));
#6035 = ORIENTED_EDGE('',*,*,#6022,.T.);
#6036 = ORIENTED_EDGE('',*,*,#6037,.T.);
#6037 = EDGE_CURVE('',#6015,#6038,#6040,.T.);
#6038 = VERTEX_POINT('',#6039);
#6039 = CARTESIAN_POINT('',(-7.92,12.4,0.9));
#6040 = LINE('',#6041,#6042);
#6041 = CARTESIAN_POINT('',(-7.92,13.,0.9));
#6042 = VECTOR('',#6043,1.);
#6043 = DIRECTION('',(-1.110223024625E-16,-1.,0.));
#6044 = ORIENTED_EDGE('',*,*,#6045,.F.);
#6045 = EDGE_CURVE('',#2615,#6038,#6046,.T.);
#6046 = LINE('',#6047,#6048);
#6047 = CARTESIAN_POINT('',(-7.92,12.4,8.2));
#6048 = VECTOR('',#6049,1.);
#6049 = DIRECTION('',(0.,-0.,-1.));
#6050 = ORIENTED_EDGE('',*,*,#2622,.F.);
#6051 = PLANE('',#6052);
#6052 = AXIS2_PLACEMENT_3D('',#6053,#6054,#6055);
#6053 = CARTESIAN_POINT('',(-7.92,13.,8.2));
#6054 = DIRECTION('',(-1.,1.110223024625E-16,0.));
#6055 = DIRECTION('',(-1.110223024625E-16,-1.,0.));
#6056 = ADVANCED_FACE('',(#6057),#6100,.F.);
#6057 = FACE_BOUND('',#6058,.F.);
#6058 = EDGE_LOOP('',(#6059,#6060,#6061,#6069,#6077,#6085,#6093,#6099));
#6059 = ORIENTED_EDGE('',*,*,#2639,.F.);
#6060 = ORIENTED_EDGE('',*,*,#6045,.T.);
#6061 = ORIENTED_EDGE('',*,*,#6062,.T.);
#6062 = EDGE_CURVE('',#6038,#6063,#6065,.T.);
#6063 = VERTEX_POINT('',#6064);
#6064 = CARTESIAN_POINT('',(-7.72,12.4,0.9));
#6065 = LINE('',#6066,#6067);
#6066 = CARTESIAN_POINT('',(-7.92,12.4,0.9));
#6067 = VECTOR('',#6068,1.);
#6068 = DIRECTION('',(1.,-1.110223024625E-16,0.));
#6069 = ORIENTED_EDGE('',*,*,#6070,.F.);
#6070 = EDGE_CURVE('',#6071,#6063,#6073,.T.);
#6071 = VERTEX_POINT('',#6072);
#6072 = CARTESIAN_POINT('',(-7.72,12.4,7.4));
#6073 = LINE('',#6074,#6075);
#6074 = CARTESIAN_POINT('',(-7.72,12.4,6.055738799212));
#6075 = VECTOR('',#6076,1.);
#6076 = DIRECTION('',(-0.,0.,-1.));
#6077 = ORIENTED_EDGE('',*,*,#6078,.T.);
#6078 = EDGE_CURVE('',#6071,#6079,#6081,.T.);
#6079 = VERTEX_POINT('',#6080);
#6080 = CARTESIAN_POINT('',(-7.52,12.4,7.4));
#6081 = LINE('',#6082,#6083);
#6082 = CARTESIAN_POINT('',(-7.72,12.4,7.4));
#6083 = VECTOR('',#6084,1.);
#6084 = DIRECTION('',(1.,-1.110223024625E-16,0.));
#6085 = ORIENTED_EDGE('',*,*,#6086,.T.);
#6086 = EDGE_CURVE('',#6079,#6087,#6089,.T.);
#6087 = VERTEX_POINT('',#6088);
#6088 = CARTESIAN_POINT('',(-7.52,12.4,0.9));
#6089 = LINE('',#6090,#6091);
#6090 = CARTESIAN_POINT('',(-7.52,12.4,6.055738799212));
#6091 = VECTOR('',#6092,1.);
#6092 = DIRECTION('',(-0.,0.,-1.));
#6093 = ORIENTED_EDGE('',*,*,#6094,.T.);
#6094 = EDGE_CURVE('',#6087,#5950,#6095,.T.);
#6095 = LINE('',#6096,#6097);
#6096 = CARTESIAN_POINT('',(-7.92,12.4,0.9));
#6097 = VECTOR('',#6098,1.);
#6098 = DIRECTION('',(1.,-1.110223024625E-16,0.));
#6099 = ORIENTED_EDGE('',*,*,#5949,.F.);
#6100 = PLANE('',#6101);
#6101 = AXIS2_PLACEMENT_3D('',#6102,#6103,#6104);
#6102 = CARTESIAN_POINT('',(-7.92,12.4,8.2));
#6103 = DIRECTION('',(-1.110223024625E-16,-1.,0.));
#6104 = DIRECTION('',(1.,-1.110223024625E-16,0.));
#6105 = ADVANCED_FACE('',(#6106),#6117,.T.);
#6106 = FACE_BOUND('',#6107,.T.);
#6107 = EDGE_LOOP('',(#6108,#6114,#6115,#6116));
#6108 = ORIENTED_EDGE('',*,*,#6109,.T.);
#6109 = EDGE_CURVE('',#2735,#2671,#6110,.T.);
#6110 = LINE('',#6111,#6112);
#6111 = CARTESIAN_POINT('',(-7.72,-15.54,-2.5));
#6112 = VECTOR('',#6113,1.);
#6113 = DIRECTION('',(1.,-1.110223024625E-16,0.));
#6114 = ORIENTED_EDGE('',*,*,#2670,.T.);
#6115 = ORIENTED_EDGE('',*,*,#2655,.F.);
#6116 = ORIENTED_EDGE('',*,*,#2734,.F.);
#6117 = PLANE('',#6118);
#6118 = AXIS2_PLACEMENT_3D('',#6119,#6120,#6121);
#6119 = CARTESIAN_POINT('',(-7.72,-15.54,-2.5));
#6120 = DIRECTION('',(-1.110223024625E-16,-1.,0.));
#6121 = DIRECTION('',(0.,0.,1.));
#6122 = ADVANCED_FACE('',(#6123),#6134,.T.);
#6123 = FACE_BOUND('',#6124,.T.);
#6124 = EDGE_LOOP('',(#6125,#6131,#6132,#6133));
#6125 = ORIENTED_EDGE('',*,*,#6126,.T.);
#6126 = EDGE_CURVE('',#2760,#2696,#6127,.T.);
#6127 = LINE('',#6128,#6129);
#6128 = CARTESIAN_POINT('',(-7.72,-15.39,-3.1));
#6129 = VECTOR('',#6130,1.);
#6130 = DIRECTION('',(1.,-1.110223024625E-16,0.));
#6131 = ORIENTED_EDGE('',*,*,#2703,.T.);
#6132 = ORIENTED_EDGE('',*,*,#6109,.F.);
#6133 = ORIENTED_EDGE('',*,*,#2767,.F.);
#6134 = PLANE('',#6135);
#6135 = AXIS2_PLACEMENT_3D('',#6136,#6137,#6138);
#6136 = CARTESIAN_POINT('',(-7.72,-15.39,-3.1));
#6137 = DIRECTION('',(-1.077074540829E-16,-0.970142500145,
    -0.242535625036));
#6138 = DIRECTION('',(-2.692686352073E-17,-0.242535625036,0.970142500145
    ));
#6139 = ADVANCED_FACE('',(#6140),#6151,.T.);
#6140 = FACE_BOUND('',#6141,.T.);
#6141 = EDGE_LOOP('',(#6142,#6148,#6149,#6150));
#6142 = ORIENTED_EDGE('',*,*,#6143,.T.);
#6143 = EDGE_CURVE('',#2752,#2688,#6144,.T.);
#6144 = LINE('',#6145,#6146);
#6145 = CARTESIAN_POINT('',(-7.72,-15.09,-3.1));
#6146 = VECTOR('',#6147,1.);
#6147 = DIRECTION('',(1.,-1.110223024625E-16,0.));
#6148 = ORIENTED_EDGE('',*,*,#2695,.T.);
#6149 = ORIENTED_EDGE('',*,*,#6126,.F.);
#6150 = ORIENTED_EDGE('',*,*,#2759,.T.);
#6151 = PLANE('',#6152);
#6152 = AXIS2_PLACEMENT_3D('',#6153,#6154,#6155);
#6153 = CARTESIAN_POINT('',(-7.72,-15.09,-3.1));
#6154 = DIRECTION('',(0.,-0.,-1.));
#6155 = DIRECTION('',(-1.110223024625E-16,-1.,0.));
#6156 = ADVANCED_FACE('',(#6157),#6168,.T.);
#6157 = FACE_BOUND('',#6158,.T.);
#6158 = EDGE_LOOP('',(#6159,#6165,#6166,#6167));
#6159 = ORIENTED_EDGE('',*,*,#6160,.T.);
#6160 = EDGE_CURVE('',#2744,#2680,#6161,.T.);
#6161 = LINE('',#6162,#6163);
#6162 = CARTESIAN_POINT('',(-7.72,-14.94,-2.5));
#6163 = VECTOR('',#6164,1.);
#6164 = DIRECTION('',(1.,-1.110223024625E-16,0.));
#6165 = ORIENTED_EDGE('',*,*,#2687,.T.);
#6166 = ORIENTED_EDGE('',*,*,#6143,.F.);
#6167 = ORIENTED_EDGE('',*,*,#2751,.F.);
#6168 = PLANE('',#6169);
#6169 = AXIS2_PLACEMENT_3D('',#6170,#6171,#6172);
#6170 = CARTESIAN_POINT('',(-7.72,-14.94,-2.5));
#6171 = DIRECTION('',(1.077074540829E-16,0.970142500145,-0.242535625036)
  );
#6172 = DIRECTION('',(-2.692686352073E-17,-0.242535625036,
    -0.970142500145));
#6173 = ADVANCED_FACE('',(#6174),#6180,.T.);
#6174 = FACE_BOUND('',#6175,.T.);
#6175 = EDGE_LOOP('',(#6176,#6177,#6178,#6179));
#6176 = ORIENTED_EDGE('',*,*,#2717,.T.);
#6177 = ORIENTED_EDGE('',*,*,#2679,.T.);
#6178 = ORIENTED_EDGE('',*,*,#6160,.F.);
#6179 = ORIENTED_EDGE('',*,*,#2743,.F.);
#6180 = PLANE('',#6181);
#6181 = AXIS2_PLACEMENT_3D('',#6182,#6183,#6184);
#6182 = CARTESIAN_POINT('',(-7.72,-14.94,0.2));
#6183 = DIRECTION('',(1.110223024625E-16,1.,0.));
#6184 = DIRECTION('',(0.,0.,-1.));
#6185 = ADVANCED_FACE('',(#6186),#6197,.T.);
#6186 = FACE_BOUND('',#6187,.T.);
#6187 = EDGE_LOOP('',(#6188,#6194,#6195,#6196));
#6188 = ORIENTED_EDGE('',*,*,#6189,.T.);
#6189 = EDGE_CURVE('',#2863,#2799,#6190,.T.);
#6190 = LINE('',#6191,#6192);
#6191 = CARTESIAN_POINT('',(-7.72,-13.,-2.5));
#6192 = VECTOR('',#6193,1.);
#6193 = DIRECTION('',(1.,-1.110223024625E-16,0.));
#6194 = ORIENTED_EDGE('',*,*,#2798,.T.);
#6195 = ORIENTED_EDGE('',*,*,#2783,.F.);
#6196 = ORIENTED_EDGE('',*,*,#2862,.F.);
#6197 = PLANE('',#6198);
#6198 = AXIS2_PLACEMENT_3D('',#6199,#6200,#6201);
#6199 = CARTESIAN_POINT('',(-7.72,-13.,-2.5));
#6200 = DIRECTION('',(-1.110223024625E-16,-1.,0.));
#6201 = DIRECTION('',(0.,0.,1.));
#6202 = ADVANCED_FACE('',(#6203),#6214,.T.);
#6203 = FACE_BOUND('',#6204,.T.);
#6204 = EDGE_LOOP('',(#6205,#6211,#6212,#6213));
#6205 = ORIENTED_EDGE('',*,*,#6206,.T.);
#6206 = EDGE_CURVE('',#2888,#2824,#6207,.T.);
#6207 = LINE('',#6208,#6209);
#6208 = CARTESIAN_POINT('',(-7.72,-12.85,-3.1));
#6209 = VECTOR('',#6210,1.);
#6210 = DIRECTION('',(1.,-1.110223024625E-16,0.));
#6211 = ORIENTED_EDGE('',*,*,#2831,.T.);
#6212 = ORIENTED_EDGE('',*,*,#6189,.F.);
#6213 = ORIENTED_EDGE('',*,*,#2895,.F.);
#6214 = PLANE('',#6215);
#6215 = AXIS2_PLACEMENT_3D('',#6216,#6217,#6218);
#6216 = CARTESIAN_POINT('',(-7.72,-12.85,-3.1));
#6217 = DIRECTION('',(-1.077074540829E-16,-0.970142500145,
    -0.242535625036));
#6218 = DIRECTION('',(-2.692686352073E-17,-0.242535625036,0.970142500145
    ));
#6219 = ADVANCED_FACE('',(#6220),#6231,.T.);
#6220 = FACE_BOUND('',#6221,.T.);
#6221 = EDGE_LOOP('',(#6222,#6228,#6229,#6230));
#6222 = ORIENTED_EDGE('',*,*,#6223,.T.);
#6223 = EDGE_CURVE('',#2880,#2816,#6224,.T.);
#6224 = LINE('',#6225,#6226);
#6225 = CARTESIAN_POINT('',(-7.72,-12.55,-3.1));
#6226 = VECTOR('',#6227,1.);
#6227 = DIRECTION('',(1.,-1.110223024625E-16,0.));
#6228 = ORIENTED_EDGE('',*,*,#2823,.T.);
#6229 = ORIENTED_EDGE('',*,*,#6206,.F.);
#6230 = ORIENTED_EDGE('',*,*,#2887,.T.);
#6231 = PLANE('',#6232);
#6232 = AXIS2_PLACEMENT_3D('',#6233,#6234,#6235);
#6233 = CARTESIAN_POINT('',(-7.72,-12.55,-3.1));
#6234 = DIRECTION('',(0.,-0.,-1.));
#6235 = DIRECTION('',(-1.110223024625E-16,-1.,0.));
#6236 = ADVANCED_FACE('',(#6237),#6248,.T.);
#6237 = FACE_BOUND('',#6238,.T.);
#6238 = EDGE_LOOP('',(#6239,#6245,#6246,#6247));
#6239 = ORIENTED_EDGE('',*,*,#6240,.T.);
#6240 = EDGE_CURVE('',#2872,#2808,#6241,.T.);
#6241 = LINE('',#6242,#6243);
#6242 = CARTESIAN_POINT('',(-7.72,-12.4,-2.5));
#6243 = VECTOR('',#6244,1.);
#6244 = DIRECTION('',(1.,-1.110223024625E-16,0.));
#6245 = ORIENTED_EDGE('',*,*,#2815,.T.);
#6246 = ORIENTED_EDGE('',*,*,#6223,.F.);
#6247 = ORIENTED_EDGE('',*,*,#2879,.F.);
#6248 = PLANE('',#6249);
#6249 = AXIS2_PLACEMENT_3D('',#6250,#6251,#6252);
#6250 = CARTESIAN_POINT('',(-7.72,-12.4,-2.5));
#6251 = DIRECTION('',(1.077074540829E-16,0.970142500145,-0.242535625036)
  );
#6252 = DIRECTION('',(-2.692686352073E-17,-0.242535625036,
    -0.970142500145));
#6253 = ADVANCED_FACE('',(#6254),#6260,.T.);
#6254 = FACE_BOUND('',#6255,.T.);
#6255 = EDGE_LOOP('',(#6256,#6257,#6258,#6259));
#6256 = ORIENTED_EDGE('',*,*,#2845,.T.);
#6257 = ORIENTED_EDGE('',*,*,#2807,.T.);
#6258 = ORIENTED_EDGE('',*,*,#6240,.F.);
#6259 = ORIENTED_EDGE('',*,*,#2871,.F.);
#6260 = PLANE('',#6261);
#6261 = AXIS2_PLACEMENT_3D('',#6262,#6263,#6264);
#6262 = CARTESIAN_POINT('',(-7.72,-12.4,0.2));
#6263 = DIRECTION('',(1.110223024625E-16,1.,0.));
#6264 = DIRECTION('',(0.,0.,-1.));
#6265 = ADVANCED_FACE('',(#6266),#6277,.T.);
#6266 = FACE_BOUND('',#6267,.T.);
#6267 = EDGE_LOOP('',(#6268,#6274,#6275,#6276));
#6268 = ORIENTED_EDGE('',*,*,#6269,.T.);
#6269 = EDGE_CURVE('',#2991,#2927,#6270,.T.);
#6270 = LINE('',#6271,#6272);
#6271 = CARTESIAN_POINT('',(-7.72,-10.46,-2.5));
#6272 = VECTOR('',#6273,1.);
#6273 = DIRECTION('',(1.,-1.110223024625E-16,0.));
#6274 = ORIENTED_EDGE('',*,*,#2926,.T.);
#6275 = ORIENTED_EDGE('',*,*,#2911,.F.);
#6276 = ORIENTED_EDGE('',*,*,#2990,.F.);
#6277 = PLANE('',#6278);
#6278 = AXIS2_PLACEMENT_3D('',#6279,#6280,#6281);
#6279 = CARTESIAN_POINT('',(-7.72,-10.46,-2.5));
#6280 = DIRECTION('',(-1.110223024625E-16,-1.,0.));
#6281 = DIRECTION('',(0.,0.,1.));
#6282 = ADVANCED_FACE('',(#6283),#6294,.T.);
#6283 = FACE_BOUND('',#6284,.T.);
#6284 = EDGE_LOOP('',(#6285,#6291,#6292,#6293));
#6285 = ORIENTED_EDGE('',*,*,#6286,.T.);
#6286 = EDGE_CURVE('',#3016,#2952,#6287,.T.);
#6287 = LINE('',#6288,#6289);
#6288 = CARTESIAN_POINT('',(-7.72,-10.31,-3.1));
#6289 = VECTOR('',#6290,1.);
#6290 = DIRECTION('',(1.,-1.110223024625E-16,0.));
#6291 = ORIENTED_EDGE('',*,*,#2959,.T.);
#6292 = ORIENTED_EDGE('',*,*,#6269,.F.);
#6293 = ORIENTED_EDGE('',*,*,#3023,.F.);
#6294 = PLANE('',#6295);
#6295 = AXIS2_PLACEMENT_3D('',#6296,#6297,#6298);
#6296 = CARTESIAN_POINT('',(-7.72,-10.31,-3.1));
#6297 = DIRECTION('',(-1.077074540829E-16,-0.970142500145,
    -0.242535625036));
#6298 = DIRECTION('',(-2.692686352073E-17,-0.242535625036,0.970142500145
    ));
#6299 = ADVANCED_FACE('',(#6300),#6311,.T.);
#6300 = FACE_BOUND('',#6301,.T.);
#6301 = EDGE_LOOP('',(#6302,#6308,#6309,#6310));
#6302 = ORIENTED_EDGE('',*,*,#6303,.T.);
#6303 = EDGE_CURVE('',#3008,#2944,#6304,.T.);
#6304 = LINE('',#6305,#6306);
#6305 = CARTESIAN_POINT('',(-7.72,-10.01,-3.1));
#6306 = VECTOR('',#6307,1.);
#6307 = DIRECTION('',(1.,-1.110223024625E-16,0.));
#6308 = ORIENTED_EDGE('',*,*,#2951,.T.);
#6309 = ORIENTED_EDGE('',*,*,#6286,.F.);
#6310 = ORIENTED_EDGE('',*,*,#3015,.T.);
#6311 = PLANE('',#6312);
#6312 = AXIS2_PLACEMENT_3D('',#6313,#6314,#6315);
#6313 = CARTESIAN_POINT('',(-7.72,-10.01,-3.1));
#6314 = DIRECTION('',(0.,-0.,-1.));
#6315 = DIRECTION('',(-1.110223024625E-16,-1.,0.));
#6316 = ADVANCED_FACE('',(#6317),#6328,.T.);
#6317 = FACE_BOUND('',#6318,.T.);
#6318 = EDGE_LOOP('',(#6319,#6325,#6326,#6327));
#6319 = ORIENTED_EDGE('',*,*,#6320,.T.);
#6320 = EDGE_CURVE('',#3000,#2936,#6321,.T.);
#6321 = LINE('',#6322,#6323);
#6322 = CARTESIAN_POINT('',(-7.72,-9.86,-2.5));
#6323 = VECTOR('',#6324,1.);
#6324 = DIRECTION('',(1.,-1.110223024625E-16,0.));
#6325 = ORIENTED_EDGE('',*,*,#2943,.T.);
#6326 = ORIENTED_EDGE('',*,*,#6303,.F.);
#6327 = ORIENTED_EDGE('',*,*,#3007,.F.);
#6328 = PLANE('',#6329);
#6329 = AXIS2_PLACEMENT_3D('',#6330,#6331,#6332);
#6330 = CARTESIAN_POINT('',(-7.72,-9.86,-2.5));
#6331 = DIRECTION('',(1.077074540829E-16,0.970142500145,-0.242535625036)
  );
#6332 = DIRECTION('',(-2.692686352073E-17,-0.242535625036,
    -0.970142500145));
#6333 = ADVANCED_FACE('',(#6334),#6340,.T.);
#6334 = FACE_BOUND('',#6335,.T.);
#6335 = EDGE_LOOP('',(#6336,#6337,#6338,#6339));
#6336 = ORIENTED_EDGE('',*,*,#2973,.T.);
#6337 = ORIENTED_EDGE('',*,*,#2935,.T.);
#6338 = ORIENTED_EDGE('',*,*,#6320,.F.);
#6339 = ORIENTED_EDGE('',*,*,#2999,.F.);
#6340 = PLANE('',#6341);
#6341 = AXIS2_PLACEMENT_3D('',#6342,#6343,#6344);
#6342 = CARTESIAN_POINT('',(-7.72,-9.86,0.2));
#6343 = DIRECTION('',(1.110223024625E-16,1.,0.));
#6344 = DIRECTION('',(0.,0.,-1.));
#6345 = ADVANCED_FACE('',(#6346),#6357,.T.);
#6346 = FACE_BOUND('',#6347,.T.);
#6347 = EDGE_LOOP('',(#6348,#6354,#6355,#6356));
#6348 = ORIENTED_EDGE('',*,*,#6349,.T.);
#6349 = EDGE_CURVE('',#3119,#3055,#6350,.T.);
#6350 = LINE('',#6351,#6352);
#6351 = CARTESIAN_POINT('',(-7.72,-7.92,-2.5));
#6352 = VECTOR('',#6353,1.);
#6353 = DIRECTION('',(1.,-1.110223024625E-16,0.));
#6354 = ORIENTED_EDGE('',*,*,#3054,.T.);
#6355 = ORIENTED_EDGE('',*,*,#3039,.F.);
#6356 = ORIENTED_EDGE('',*,*,#3118,.F.);
#6357 = PLANE('',#6358);
#6358 = AXIS2_PLACEMENT_3D('',#6359,#6360,#6361);
#6359 = CARTESIAN_POINT('',(-7.72,-7.92,-2.5));
#6360 = DIRECTION('',(-1.110223024625E-16,-1.,0.));
#6361 = DIRECTION('',(0.,0.,1.));
#6362 = ADVANCED_FACE('',(#6363),#6374,.T.);
#6363 = FACE_BOUND('',#6364,.T.);
#6364 = EDGE_LOOP('',(#6365,#6371,#6372,#6373));
#6365 = ORIENTED_EDGE('',*,*,#6366,.T.);
#6366 = EDGE_CURVE('',#3144,#3080,#6367,.T.);
#6367 = LINE('',#6368,#6369);
#6368 = CARTESIAN_POINT('',(-7.72,-7.77,-3.1));
#6369 = VECTOR('',#6370,1.);
#6370 = DIRECTION('',(1.,-1.110223024625E-16,0.));
#6371 = ORIENTED_EDGE('',*,*,#3087,.T.);
#6372 = ORIENTED_EDGE('',*,*,#6349,.F.);
#6373 = ORIENTED_EDGE('',*,*,#3151,.F.);
#6374 = PLANE('',#6375);
#6375 = AXIS2_PLACEMENT_3D('',#6376,#6377,#6378);
#6376 = CARTESIAN_POINT('',(-7.72,-7.77,-3.1));
#6377 = DIRECTION('',(-1.077074540829E-16,-0.970142500145,
    -0.242535625036));
#6378 = DIRECTION('',(-2.692686352073E-17,-0.242535625036,0.970142500145
    ));
#6379 = ADVANCED_FACE('',(#6380),#6391,.T.);
#6380 = FACE_BOUND('',#6381,.T.);
#6381 = EDGE_LOOP('',(#6382,#6388,#6389,#6390));
#6382 = ORIENTED_EDGE('',*,*,#6383,.T.);
#6383 = EDGE_CURVE('',#3136,#3072,#6384,.T.);
#6384 = LINE('',#6385,#6386);
#6385 = CARTESIAN_POINT('',(-7.72,-7.47,-3.1));
#6386 = VECTOR('',#6387,1.);
#6387 = DIRECTION('',(1.,-1.110223024625E-16,0.));
#6388 = ORIENTED_EDGE('',*,*,#3079,.T.);
#6389 = ORIENTED_EDGE('',*,*,#6366,.F.);
#6390 = ORIENTED_EDGE('',*,*,#3143,.T.);
#6391 = PLANE('',#6392);
#6392 = AXIS2_PLACEMENT_3D('',#6393,#6394,#6395);
#6393 = CARTESIAN_POINT('',(-7.72,-7.47,-3.1));
#6394 = DIRECTION('',(0.,-0.,-1.));
#6395 = DIRECTION('',(-1.110223024625E-16,-1.,0.));
#6396 = ADVANCED_FACE('',(#6397),#6408,.T.);
#6397 = FACE_BOUND('',#6398,.T.);
#6398 = EDGE_LOOP('',(#6399,#6405,#6406,#6407));
#6399 = ORIENTED_EDGE('',*,*,#6400,.T.);
#6400 = EDGE_CURVE('',#3128,#3064,#6401,.T.);
#6401 = LINE('',#6402,#6403);
#6402 = CARTESIAN_POINT('',(-7.72,-7.32,-2.5));
#6403 = VECTOR('',#6404,1.);
#6404 = DIRECTION('',(1.,-1.110223024625E-16,0.));
#6405 = ORIENTED_EDGE('',*,*,#3071,.T.);
#6406 = ORIENTED_EDGE('',*,*,#6383,.F.);
#6407 = ORIENTED_EDGE('',*,*,#3135,.F.);
#6408 = PLANE('',#6409);
#6409 = AXIS2_PLACEMENT_3D('',#6410,#6411,#6412);
#6410 = CARTESIAN_POINT('',(-7.72,-7.32,-2.5));
#6411 = DIRECTION('',(1.077074540829E-16,0.970142500145,-0.242535625036)
  );
#6412 = DIRECTION('',(-2.692686352073E-17,-0.242535625036,
    -0.970142500145));
#6413 = ADVANCED_FACE('',(#6414),#6420,.T.);
#6414 = FACE_BOUND('',#6415,.T.);
#6415 = EDGE_LOOP('',(#6416,#6417,#6418,#6419));
#6416 = ORIENTED_EDGE('',*,*,#3101,.T.);
#6417 = ORIENTED_EDGE('',*,*,#3063,.T.);
#6418 = ORIENTED_EDGE('',*,*,#6400,.F.);
#6419 = ORIENTED_EDGE('',*,*,#3127,.F.);
#6420 = PLANE('',#6421);
#6421 = AXIS2_PLACEMENT_3D('',#6422,#6423,#6424);
#6422 = CARTESIAN_POINT('',(-7.72,-7.32,0.2));
#6423 = DIRECTION('',(1.110223024625E-16,1.,0.));
#6424 = DIRECTION('',(0.,0.,-1.));
#6425 = ADVANCED_FACE('',(#6426),#6437,.T.);
#6426 = FACE_BOUND('',#6427,.T.);
#6427 = EDGE_LOOP('',(#6428,#6434,#6435,#6436));
#6428 = ORIENTED_EDGE('',*,*,#6429,.T.);
#6429 = EDGE_CURVE('',#3247,#3183,#6430,.T.);
#6430 = LINE('',#6431,#6432);
#6431 = CARTESIAN_POINT('',(-7.72,-5.38,-2.5));
#6432 = VECTOR('',#6433,1.);
#6433 = DIRECTION('',(1.,-1.110223024625E-16,0.));
#6434 = ORIENTED_EDGE('',*,*,#3182,.T.);
#6435 = ORIENTED_EDGE('',*,*,#3167,.F.);
#6436 = ORIENTED_EDGE('',*,*,#3246,.F.);
#6437 = PLANE('',#6438);
#6438 = AXIS2_PLACEMENT_3D('',#6439,#6440,#6441);
#6439 = CARTESIAN_POINT('',(-7.72,-5.38,-2.5));
#6440 = DIRECTION('',(-1.110223024625E-16,-1.,0.));
#6441 = DIRECTION('',(0.,0.,1.));
#6442 = ADVANCED_FACE('',(#6443),#6454,.T.);
#6443 = FACE_BOUND('',#6444,.T.);
#6444 = EDGE_LOOP('',(#6445,#6451,#6452,#6453));
#6445 = ORIENTED_EDGE('',*,*,#6446,.T.);
#6446 = EDGE_CURVE('',#3272,#3208,#6447,.T.);
#6447 = LINE('',#6448,#6449);
#6448 = CARTESIAN_POINT('',(-7.72,-5.23,-3.1));
#6449 = VECTOR('',#6450,1.);
#6450 = DIRECTION('',(1.,-1.110223024625E-16,0.));
#6451 = ORIENTED_EDGE('',*,*,#3215,.T.);
#6452 = ORIENTED_EDGE('',*,*,#6429,.F.);
#6453 = ORIENTED_EDGE('',*,*,#3279,.F.);
#6454 = PLANE('',#6455);
#6455 = AXIS2_PLACEMENT_3D('',#6456,#6457,#6458);
#6456 = CARTESIAN_POINT('',(-7.72,-5.23,-3.1));
#6457 = DIRECTION('',(-1.077074540829E-16,-0.970142500145,
    -0.242535625036));
#6458 = DIRECTION('',(-2.692686352073E-17,-0.242535625036,0.970142500145
    ));
#6459 = ADVANCED_FACE('',(#6460),#6471,.T.);
#6460 = FACE_BOUND('',#6461,.T.);
#6461 = EDGE_LOOP('',(#6462,#6468,#6469,#6470));
#6462 = ORIENTED_EDGE('',*,*,#6463,.T.);
#6463 = EDGE_CURVE('',#3264,#3200,#6464,.T.);
#6464 = LINE('',#6465,#6466);
#6465 = CARTESIAN_POINT('',(-7.72,-4.93,-3.1));
#6466 = VECTOR('',#6467,1.);
#6467 = DIRECTION('',(1.,-1.110223024625E-16,0.));
#6468 = ORIENTED_EDGE('',*,*,#3207,.T.);
#6469 = ORIENTED_EDGE('',*,*,#6446,.F.);
#6470 = ORIENTED_EDGE('',*,*,#3271,.T.);
#6471 = PLANE('',#6472);
#6472 = AXIS2_PLACEMENT_3D('',#6473,#6474,#6475);
#6473 = CARTESIAN_POINT('',(-7.72,-4.93,-3.1));
#6474 = DIRECTION('',(0.,-0.,-1.));
#6475 = DIRECTION('',(-1.110223024625E-16,-1.,0.));
#6476 = ADVANCED_FACE('',(#6477),#6488,.T.);
#6477 = FACE_BOUND('',#6478,.T.);
#6478 = EDGE_LOOP('',(#6479,#6485,#6486,#6487));
#6479 = ORIENTED_EDGE('',*,*,#6480,.T.);
#6480 = EDGE_CURVE('',#3256,#3192,#6481,.T.);
#6481 = LINE('',#6482,#6483);
#6482 = CARTESIAN_POINT('',(-7.72,-4.78,-2.5));
#6483 = VECTOR('',#6484,1.);
#6484 = DIRECTION('',(1.,-1.110223024625E-16,0.));
#6485 = ORIENTED_EDGE('',*,*,#3199,.T.);
#6486 = ORIENTED_EDGE('',*,*,#6463,.F.);
#6487 = ORIENTED_EDGE('',*,*,#3263,.F.);
#6488 = PLANE('',#6489);
#6489 = AXIS2_PLACEMENT_3D('',#6490,#6491,#6492);
#6490 = CARTESIAN_POINT('',(-7.72,-4.78,-2.5));
#6491 = DIRECTION('',(1.077074540829E-16,0.970142500145,-0.242535625036)
  );
#6492 = DIRECTION('',(-2.692686352073E-17,-0.242535625036,
    -0.970142500145));
#6493 = ADVANCED_FACE('',(#6494),#6500,.T.);
#6494 = FACE_BOUND('',#6495,.T.);
#6495 = EDGE_LOOP('',(#6496,#6497,#6498,#6499));
#6496 = ORIENTED_EDGE('',*,*,#3229,.T.);
#6497 = ORIENTED_EDGE('',*,*,#3191,.T.);
#6498 = ORIENTED_EDGE('',*,*,#6480,.F.);
#6499 = ORIENTED_EDGE('',*,*,#3255,.F.);
#6500 = PLANE('',#6501);
#6501 = AXIS2_PLACEMENT_3D('',#6502,#6503,#6504);
#6502 = CARTESIAN_POINT('',(-7.72,-4.78,0.2));
#6503 = DIRECTION('',(1.110223024625E-16,1.,0.));
#6504 = DIRECTION('',(0.,0.,-1.));
#6505 = ADVANCED_FACE('',(#6506),#6517,.T.);
#6506 = FACE_BOUND('',#6507,.T.);
#6507 = EDGE_LOOP('',(#6508,#6514,#6515,#6516));
#6508 = ORIENTED_EDGE('',*,*,#6509,.T.);
#6509 = EDGE_CURVE('',#3375,#3311,#6510,.T.);
#6510 = LINE('',#6511,#6512);
#6511 = CARTESIAN_POINT('',(-7.72,-2.84,-2.5));
#6512 = VECTOR('',#6513,1.);
#6513 = DIRECTION('',(1.,-1.110223024625E-16,0.));
#6514 = ORIENTED_EDGE('',*,*,#3310,.T.);
#6515 = ORIENTED_EDGE('',*,*,#3295,.F.);
#6516 = ORIENTED_EDGE('',*,*,#3374,.F.);
#6517 = PLANE('',#6518);
#6518 = AXIS2_PLACEMENT_3D('',#6519,#6520,#6521);
#6519 = CARTESIAN_POINT('',(-7.72,-2.84,-2.5));
#6520 = DIRECTION('',(-1.110223024625E-16,-1.,0.));
#6521 = DIRECTION('',(0.,0.,1.));
#6522 = ADVANCED_FACE('',(#6523),#6534,.T.);
#6523 = FACE_BOUND('',#6524,.T.);
#6524 = EDGE_LOOP('',(#6525,#6531,#6532,#6533));
#6525 = ORIENTED_EDGE('',*,*,#6526,.T.);
#6526 = EDGE_CURVE('',#3400,#3336,#6527,.T.);
#6527 = LINE('',#6528,#6529);
#6528 = CARTESIAN_POINT('',(-7.72,-2.69,-3.1));
#6529 = VECTOR('',#6530,1.);
#6530 = DIRECTION('',(1.,-1.110223024625E-16,0.));
#6531 = ORIENTED_EDGE('',*,*,#3343,.T.);
#6532 = ORIENTED_EDGE('',*,*,#6509,.F.);
#6533 = ORIENTED_EDGE('',*,*,#3407,.F.);
#6534 = PLANE('',#6535);
#6535 = AXIS2_PLACEMENT_3D('',#6536,#6537,#6538);
#6536 = CARTESIAN_POINT('',(-7.72,-2.69,-3.1));
#6537 = DIRECTION('',(-1.077074540829E-16,-0.970142500145,
    -0.242535625036));
#6538 = DIRECTION('',(-2.692686352073E-17,-0.242535625036,0.970142500145
    ));
#6539 = ADVANCED_FACE('',(#6540),#6551,.T.);
#6540 = FACE_BOUND('',#6541,.T.);
#6541 = EDGE_LOOP('',(#6542,#6548,#6549,#6550));
#6542 = ORIENTED_EDGE('',*,*,#6543,.T.);
#6543 = EDGE_CURVE('',#3392,#3328,#6544,.T.);
#6544 = LINE('',#6545,#6546);
#6545 = CARTESIAN_POINT('',(-7.72,-2.39,-3.1));
#6546 = VECTOR('',#6547,1.);
#6547 = DIRECTION('',(1.,-1.110223024625E-16,0.));
#6548 = ORIENTED_EDGE('',*,*,#3335,.T.);
#6549 = ORIENTED_EDGE('',*,*,#6526,.F.);
#6550 = ORIENTED_EDGE('',*,*,#3399,.T.);
#6551 = PLANE('',#6552);
#6552 = AXIS2_PLACEMENT_3D('',#6553,#6554,#6555);
#6553 = CARTESIAN_POINT('',(-7.72,-2.39,-3.1));
#6554 = DIRECTION('',(0.,-0.,-1.));
#6555 = DIRECTION('',(-1.110223024625E-16,-1.,0.));
#6556 = ADVANCED_FACE('',(#6557),#6568,.T.);
#6557 = FACE_BOUND('',#6558,.T.);
#6558 = EDGE_LOOP('',(#6559,#6565,#6566,#6567));
#6559 = ORIENTED_EDGE('',*,*,#6560,.T.);
#6560 = EDGE_CURVE('',#3384,#3320,#6561,.T.);
#6561 = LINE('',#6562,#6563);
#6562 = CARTESIAN_POINT('',(-7.72,-2.24,-2.5));
#6563 = VECTOR('',#6564,1.);
#6564 = DIRECTION('',(1.,-1.110223024625E-16,0.));
#6565 = ORIENTED_EDGE('',*,*,#3327,.T.);
#6566 = ORIENTED_EDGE('',*,*,#6543,.F.);
#6567 = ORIENTED_EDGE('',*,*,#3391,.F.);
#6568 = PLANE('',#6569);
#6569 = AXIS2_PLACEMENT_3D('',#6570,#6571,#6572);
#6570 = CARTESIAN_POINT('',(-7.72,-2.24,-2.5));
#6571 = DIRECTION('',(1.077074540829E-16,0.970142500145,-0.242535625036)
  );
#6572 = DIRECTION('',(-2.692686352073E-17,-0.242535625036,
    -0.970142500145));
#6573 = ADVANCED_FACE('',(#6574),#6580,.T.);
#6574 = FACE_BOUND('',#6575,.T.);
#6575 = EDGE_LOOP('',(#6576,#6577,#6578,#6579));
#6576 = ORIENTED_EDGE('',*,*,#3357,.T.);
#6577 = ORIENTED_EDGE('',*,*,#3319,.T.);
#6578 = ORIENTED_EDGE('',*,*,#6560,.F.);
#6579 = ORIENTED_EDGE('',*,*,#3383,.F.);
#6580 = PLANE('',#6581);
#6581 = AXIS2_PLACEMENT_3D('',#6582,#6583,#6584);
#6582 = CARTESIAN_POINT('',(-7.72,-2.24,0.2));
#6583 = DIRECTION('',(1.110223024625E-16,1.,0.));
#6584 = DIRECTION('',(0.,0.,-1.));
#6585 = ADVANCED_FACE('',(#6586),#6597,.T.);
#6586 = FACE_BOUND('',#6587,.T.);
#6587 = EDGE_LOOP('',(#6588,#6594,#6595,#6596));
#6588 = ORIENTED_EDGE('',*,*,#6589,.T.);
#6589 = EDGE_CURVE('',#3503,#3439,#6590,.T.);
#6590 = LINE('',#6591,#6592);
#6591 = CARTESIAN_POINT('',(-7.72,-0.3,-2.5));
#6592 = VECTOR('',#6593,1.);
#6593 = DIRECTION('',(1.,-1.110223024625E-16,0.));
#6594 = ORIENTED_EDGE('',*,*,#3438,.T.);
#6595 = ORIENTED_EDGE('',*,*,#3423,.F.);
#6596 = ORIENTED_EDGE('',*,*,#3502,.F.);
#6597 = PLANE('',#6598);
#6598 = AXIS2_PLACEMENT_3D('',#6599,#6600,#6601);
#6599 = CARTESIAN_POINT('',(-7.72,-0.3,-2.5));
#6600 = DIRECTION('',(-1.110223024625E-16,-1.,0.));
#6601 = DIRECTION('',(0.,0.,1.));
#6602 = ADVANCED_FACE('',(#6603),#6614,.T.);
#6603 = FACE_BOUND('',#6604,.T.);
#6604 = EDGE_LOOP('',(#6605,#6611,#6612,#6613));
#6605 = ORIENTED_EDGE('',*,*,#6606,.T.);
#6606 = EDGE_CURVE('',#3528,#3464,#6607,.T.);
#6607 = LINE('',#6608,#6609);
#6608 = CARTESIAN_POINT('',(-7.72,-0.15,-3.1));
#6609 = VECTOR('',#6610,1.);
#6610 = DIRECTION('',(1.,-1.110223024625E-16,0.));
#6611 = ORIENTED_EDGE('',*,*,#3471,.T.);
#6612 = ORIENTED_EDGE('',*,*,#6589,.F.);
#6613 = ORIENTED_EDGE('',*,*,#3535,.F.);
#6614 = PLANE('',#6615);
#6615 = AXIS2_PLACEMENT_3D('',#6616,#6617,#6618);
#6616 = CARTESIAN_POINT('',(-7.72,-0.15,-3.1));
#6617 = DIRECTION('',(-1.077074540829E-16,-0.970142500145,
    -0.242535625036));
#6618 = DIRECTION('',(-2.692686352073E-17,-0.242535625036,0.970142500145
    ));
#6619 = ADVANCED_FACE('',(#6620),#6631,.T.);
#6620 = FACE_BOUND('',#6621,.T.);
#6621 = EDGE_LOOP('',(#6622,#6628,#6629,#6630));
#6622 = ORIENTED_EDGE('',*,*,#6623,.T.);
#6623 = EDGE_CURVE('',#3520,#3456,#6624,.T.);
#6624 = LINE('',#6625,#6626);
#6625 = CARTESIAN_POINT('',(-7.72,0.15,-3.1));
#6626 = VECTOR('',#6627,1.);
#6627 = DIRECTION('',(1.,-1.110223024625E-16,0.));
#6628 = ORIENTED_EDGE('',*,*,#3463,.T.);
#6629 = ORIENTED_EDGE('',*,*,#6606,.F.);
#6630 = ORIENTED_EDGE('',*,*,#3527,.T.);
#6631 = PLANE('',#6632);
#6632 = AXIS2_PLACEMENT_3D('',#6633,#6634,#6635);
#6633 = CARTESIAN_POINT('',(-7.72,0.15,-3.1));
#6634 = DIRECTION('',(0.,-0.,-1.));
#6635 = DIRECTION('',(-1.110223024625E-16,-1.,0.));
#6636 = ADVANCED_FACE('',(#6637),#6648,.T.);
#6637 = FACE_BOUND('',#6638,.T.);
#6638 = EDGE_LOOP('',(#6639,#6645,#6646,#6647));
#6639 = ORIENTED_EDGE('',*,*,#6640,.T.);
#6640 = EDGE_CURVE('',#3512,#3448,#6641,.T.);
#6641 = LINE('',#6642,#6643);
#6642 = CARTESIAN_POINT('',(-7.72,0.3,-2.5));
#6643 = VECTOR('',#6644,1.);
#6644 = DIRECTION('',(1.,-1.110223024625E-16,0.));
#6645 = ORIENTED_EDGE('',*,*,#3455,.T.);
#6646 = ORIENTED_EDGE('',*,*,#6623,.F.);
#6647 = ORIENTED_EDGE('',*,*,#3519,.F.);
#6648 = PLANE('',#6649);
#6649 = AXIS2_PLACEMENT_3D('',#6650,#6651,#6652);
#6650 = CARTESIAN_POINT('',(-7.72,0.3,-2.5));
#6651 = DIRECTION('',(1.077074540829E-16,0.970142500145,-0.242535625036)
  );
#6652 = DIRECTION('',(-2.692686352073E-17,-0.242535625036,
    -0.970142500145));
#6653 = ADVANCED_FACE('',(#6654),#6660,.T.);
#6654 = FACE_BOUND('',#6655,.T.);
#6655 = EDGE_LOOP('',(#6656,#6657,#6658,#6659));
#6656 = ORIENTED_EDGE('',*,*,#3485,.T.);
#6657 = ORIENTED_EDGE('',*,*,#3447,.T.);
#6658 = ORIENTED_EDGE('',*,*,#6640,.F.);
#6659 = ORIENTED_EDGE('',*,*,#3511,.F.);
#6660 = PLANE('',#6661);
#6661 = AXIS2_PLACEMENT_3D('',#6662,#6663,#6664);
#6662 = CARTESIAN_POINT('',(-7.72,0.3,0.2));
#6663 = DIRECTION('',(1.110223024625E-16,1.,0.));
#6664 = DIRECTION('',(0.,0.,-1.));
#6665 = ADVANCED_FACE('',(#6666),#6677,.T.);
#6666 = FACE_BOUND('',#6667,.T.);
#6667 = EDGE_LOOP('',(#6668,#6674,#6675,#6676));
#6668 = ORIENTED_EDGE('',*,*,#6669,.T.);
#6669 = EDGE_CURVE('',#3631,#3567,#6670,.T.);
#6670 = LINE('',#6671,#6672);
#6671 = CARTESIAN_POINT('',(-7.72,2.24,-2.5));
#6672 = VECTOR('',#6673,1.);
#6673 = DIRECTION('',(1.,-1.110223024625E-16,0.));
#6674 = ORIENTED_EDGE('',*,*,#3566,.T.);
#6675 = ORIENTED_EDGE('',*,*,#3551,.F.);
#6676 = ORIENTED_EDGE('',*,*,#3630,.F.);
#6677 = PLANE('',#6678);
#6678 = AXIS2_PLACEMENT_3D('',#6679,#6680,#6681);
#6679 = CARTESIAN_POINT('',(-7.72,2.24,-2.5));
#6680 = DIRECTION('',(-1.110223024625E-16,-1.,0.));
#6681 = DIRECTION('',(0.,0.,1.));
#6682 = ADVANCED_FACE('',(#6683),#6694,.T.);
#6683 = FACE_BOUND('',#6684,.T.);
#6684 = EDGE_LOOP('',(#6685,#6691,#6692,#6693));
#6685 = ORIENTED_EDGE('',*,*,#6686,.T.);
#6686 = EDGE_CURVE('',#3656,#3592,#6687,.T.);
#6687 = LINE('',#6688,#6689);
#6688 = CARTESIAN_POINT('',(-7.72,2.39,-3.1));
#6689 = VECTOR('',#6690,1.);
#6690 = DIRECTION('',(1.,-1.110223024625E-16,0.));
#6691 = ORIENTED_EDGE('',*,*,#3599,.T.);
#6692 = ORIENTED_EDGE('',*,*,#6669,.F.);
#6693 = ORIENTED_EDGE('',*,*,#3663,.F.);
#6694 = PLANE('',#6695);
#6695 = AXIS2_PLACEMENT_3D('',#6696,#6697,#6698);
#6696 = CARTESIAN_POINT('',(-7.72,2.39,-3.1));
#6697 = DIRECTION('',(-1.077074540829E-16,-0.970142500145,
    -0.242535625036));
#6698 = DIRECTION('',(-2.692686352073E-17,-0.242535625036,0.970142500145
    ));
#6699 = ADVANCED_FACE('',(#6700),#6711,.T.);
#6700 = FACE_BOUND('',#6701,.T.);
#6701 = EDGE_LOOP('',(#6702,#6708,#6709,#6710));
#6702 = ORIENTED_EDGE('',*,*,#6703,.T.);
#6703 = EDGE_CURVE('',#3648,#3584,#6704,.T.);
#6704 = LINE('',#6705,#6706);
#6705 = CARTESIAN_POINT('',(-7.72,2.69,-3.1));
#6706 = VECTOR('',#6707,1.);
#6707 = DIRECTION('',(1.,-1.110223024625E-16,0.));
#6708 = ORIENTED_EDGE('',*,*,#3591,.T.);
#6709 = ORIENTED_EDGE('',*,*,#6686,.F.);
#6710 = ORIENTED_EDGE('',*,*,#3655,.T.);
#6711 = PLANE('',#6712);
#6712 = AXIS2_PLACEMENT_3D('',#6713,#6714,#6715);
#6713 = CARTESIAN_POINT('',(-7.72,2.69,-3.1));
#6714 = DIRECTION('',(0.,-0.,-1.));
#6715 = DIRECTION('',(-1.110223024625E-16,-1.,0.));
#6716 = ADVANCED_FACE('',(#6717),#6728,.T.);
#6717 = FACE_BOUND('',#6718,.T.);
#6718 = EDGE_LOOP('',(#6719,#6725,#6726,#6727));
#6719 = ORIENTED_EDGE('',*,*,#6720,.T.);
#6720 = EDGE_CURVE('',#3640,#3576,#6721,.T.);
#6721 = LINE('',#6722,#6723);
#6722 = CARTESIAN_POINT('',(-7.72,2.84,-2.5));
#6723 = VECTOR('',#6724,1.);
#6724 = DIRECTION('',(1.,-1.110223024625E-16,0.));
#6725 = ORIENTED_EDGE('',*,*,#3583,.T.);
#6726 = ORIENTED_EDGE('',*,*,#6703,.F.);
#6727 = ORIENTED_EDGE('',*,*,#3647,.F.);
#6728 = PLANE('',#6729);
#6729 = AXIS2_PLACEMENT_3D('',#6730,#6731,#6732);
#6730 = CARTESIAN_POINT('',(-7.72,2.84,-2.5));
#6731 = DIRECTION('',(1.077074540829E-16,0.970142500145,-0.242535625036)
  );
#6732 = DIRECTION('',(-2.692686352073E-17,-0.242535625036,
    -0.970142500145));
#6733 = ADVANCED_FACE('',(#6734),#6740,.T.);
#6734 = FACE_BOUND('',#6735,.T.);
#6735 = EDGE_LOOP('',(#6736,#6737,#6738,#6739));
#6736 = ORIENTED_EDGE('',*,*,#3613,.T.);
#6737 = ORIENTED_EDGE('',*,*,#3575,.T.);
#6738 = ORIENTED_EDGE('',*,*,#6720,.F.);
#6739 = ORIENTED_EDGE('',*,*,#3639,.F.);
#6740 = PLANE('',#6741);
#6741 = AXIS2_PLACEMENT_3D('',#6742,#6743,#6744);
#6742 = CARTESIAN_POINT('',(-7.72,2.84,0.2));
#6743 = DIRECTION('',(1.110223024625E-16,1.,0.));
#6744 = DIRECTION('',(0.,0.,-1.));
#6745 = ADVANCED_FACE('',(#6746),#6757,.T.);
#6746 = FACE_BOUND('',#6747,.T.);
#6747 = EDGE_LOOP('',(#6748,#6754,#6755,#6756));
#6748 = ORIENTED_EDGE('',*,*,#6749,.T.);
#6749 = EDGE_CURVE('',#3759,#3695,#6750,.T.);
#6750 = LINE('',#6751,#6752);
#6751 = CARTESIAN_POINT('',(-7.72,4.78,-2.5));
#6752 = VECTOR('',#6753,1.);
#6753 = DIRECTION('',(1.,-1.110223024625E-16,0.));
#6754 = ORIENTED_EDGE('',*,*,#3694,.T.);
#6755 = ORIENTED_EDGE('',*,*,#3679,.F.);
#6756 = ORIENTED_EDGE('',*,*,#3758,.F.);
#6757 = PLANE('',#6758);
#6758 = AXIS2_PLACEMENT_3D('',#6759,#6760,#6761);
#6759 = CARTESIAN_POINT('',(-7.72,4.78,-2.5));
#6760 = DIRECTION('',(-1.110223024625E-16,-1.,0.));
#6761 = DIRECTION('',(0.,0.,1.));
#6762 = ADVANCED_FACE('',(#6763),#6774,.T.);
#6763 = FACE_BOUND('',#6764,.T.);
#6764 = EDGE_LOOP('',(#6765,#6771,#6772,#6773));
#6765 = ORIENTED_EDGE('',*,*,#6766,.T.);
#6766 = EDGE_CURVE('',#3784,#3720,#6767,.T.);
#6767 = LINE('',#6768,#6769);
#6768 = CARTESIAN_POINT('',(-7.72,4.93,-3.1));
#6769 = VECTOR('',#6770,1.);
#6770 = DIRECTION('',(1.,-1.110223024625E-16,0.));
#6771 = ORIENTED_EDGE('',*,*,#3727,.T.);
#6772 = ORIENTED_EDGE('',*,*,#6749,.F.);
#6773 = ORIENTED_EDGE('',*,*,#3791,.F.);
#6774 = PLANE('',#6775);
#6775 = AXIS2_PLACEMENT_3D('',#6776,#6777,#6778);
#6776 = CARTESIAN_POINT('',(-7.72,4.93,-3.1));
#6777 = DIRECTION('',(-1.077074540829E-16,-0.970142500145,
    -0.242535625036));
#6778 = DIRECTION('',(-2.692686352073E-17,-0.242535625036,0.970142500145
    ));
#6779 = ADVANCED_FACE('',(#6780),#6791,.T.);
#6780 = FACE_BOUND('',#6781,.T.);
#6781 = EDGE_LOOP('',(#6782,#6788,#6789,#6790));
#6782 = ORIENTED_EDGE('',*,*,#6783,.T.);
#6783 = EDGE_CURVE('',#3776,#3712,#6784,.T.);
#6784 = LINE('',#6785,#6786);
#6785 = CARTESIAN_POINT('',(-7.72,5.23,-3.1));
#6786 = VECTOR('',#6787,1.);
#6787 = DIRECTION('',(1.,-1.110223024625E-16,0.));
#6788 = ORIENTED_EDGE('',*,*,#3719,.T.);
#6789 = ORIENTED_EDGE('',*,*,#6766,.F.);
#6790 = ORIENTED_EDGE('',*,*,#3783,.T.);
#6791 = PLANE('',#6792);
#6792 = AXIS2_PLACEMENT_3D('',#6793,#6794,#6795);
#6793 = CARTESIAN_POINT('',(-7.72,5.23,-3.1));
#6794 = DIRECTION('',(0.,-0.,-1.));
#6795 = DIRECTION('',(-1.110223024625E-16,-1.,0.));
#6796 = ADVANCED_FACE('',(#6797),#6808,.T.);
#6797 = FACE_BOUND('',#6798,.T.);
#6798 = EDGE_LOOP('',(#6799,#6805,#6806,#6807));
#6799 = ORIENTED_EDGE('',*,*,#6800,.T.);
#6800 = EDGE_CURVE('',#3768,#3704,#6801,.T.);
#6801 = LINE('',#6802,#6803);
#6802 = CARTESIAN_POINT('',(-7.72,5.38,-2.5));
#6803 = VECTOR('',#6804,1.);
#6804 = DIRECTION('',(1.,-1.110223024625E-16,0.));
#6805 = ORIENTED_EDGE('',*,*,#3711,.T.);
#6806 = ORIENTED_EDGE('',*,*,#6783,.F.);
#6807 = ORIENTED_EDGE('',*,*,#3775,.F.);
#6808 = PLANE('',#6809);
#6809 = AXIS2_PLACEMENT_3D('',#6810,#6811,#6812);
#6810 = CARTESIAN_POINT('',(-7.72,5.38,-2.5));
#6811 = DIRECTION('',(1.077074540829E-16,0.970142500145,-0.242535625036)
  );
#6812 = DIRECTION('',(-2.692686352073E-17,-0.242535625036,
    -0.970142500145));
#6813 = ADVANCED_FACE('',(#6814),#6820,.T.);
#6814 = FACE_BOUND('',#6815,.T.);
#6815 = EDGE_LOOP('',(#6816,#6817,#6818,#6819));
#6816 = ORIENTED_EDGE('',*,*,#3741,.T.);
#6817 = ORIENTED_EDGE('',*,*,#3703,.T.);
#6818 = ORIENTED_EDGE('',*,*,#6800,.F.);
#6819 = ORIENTED_EDGE('',*,*,#3767,.F.);
#6820 = PLANE('',#6821);
#6821 = AXIS2_PLACEMENT_3D('',#6822,#6823,#6824);
#6822 = CARTESIAN_POINT('',(-7.72,5.38,0.2));
#6823 = DIRECTION('',(1.110223024625E-16,1.,0.));
#6824 = DIRECTION('',(0.,0.,-1.));
#6825 = ADVANCED_FACE('',(#6826),#6837,.T.);
#6826 = FACE_BOUND('',#6827,.T.);
#6827 = EDGE_LOOP('',(#6828,#6834,#6835,#6836));
#6828 = ORIENTED_EDGE('',*,*,#6829,.T.);
#6829 = EDGE_CURVE('',#3887,#3823,#6830,.T.);
#6830 = LINE('',#6831,#6832);
#6831 = CARTESIAN_POINT('',(-7.72,7.32,-2.5));
#6832 = VECTOR('',#6833,1.);
#6833 = DIRECTION('',(1.,-1.110223024625E-16,0.));
#6834 = ORIENTED_EDGE('',*,*,#3822,.T.);
#6835 = ORIENTED_EDGE('',*,*,#3807,.F.);
#6836 = ORIENTED_EDGE('',*,*,#3886,.F.);
#6837 = PLANE('',#6838);
#6838 = AXIS2_PLACEMENT_3D('',#6839,#6840,#6841);
#6839 = CARTESIAN_POINT('',(-7.72,7.32,-2.5));
#6840 = DIRECTION('',(-1.110223024625E-16,-1.,0.));
#6841 = DIRECTION('',(0.,0.,1.));
#6842 = ADVANCED_FACE('',(#6843),#6854,.T.);
#6843 = FACE_BOUND('',#6844,.T.);
#6844 = EDGE_LOOP('',(#6845,#6851,#6852,#6853));
#6845 = ORIENTED_EDGE('',*,*,#6846,.T.);
#6846 = EDGE_CURVE('',#3912,#3848,#6847,.T.);
#6847 = LINE('',#6848,#6849);
#6848 = CARTESIAN_POINT('',(-7.72,7.47,-3.1));
#6849 = VECTOR('',#6850,1.);
#6850 = DIRECTION('',(1.,-1.110223024625E-16,0.));
#6851 = ORIENTED_EDGE('',*,*,#3855,.T.);
#6852 = ORIENTED_EDGE('',*,*,#6829,.F.);
#6853 = ORIENTED_EDGE('',*,*,#3919,.F.);
#6854 = PLANE('',#6855);
#6855 = AXIS2_PLACEMENT_3D('',#6856,#6857,#6858);
#6856 = CARTESIAN_POINT('',(-7.72,7.47,-3.1));
#6857 = DIRECTION('',(-1.077074540829E-16,-0.970142500145,
    -0.242535625036));
#6858 = DIRECTION('',(-2.692686352073E-17,-0.242535625036,0.970142500145
    ));
#6859 = ADVANCED_FACE('',(#6860),#6871,.T.);
#6860 = FACE_BOUND('',#6861,.T.);
#6861 = EDGE_LOOP('',(#6862,#6868,#6869,#6870));
#6862 = ORIENTED_EDGE('',*,*,#6863,.T.);
#6863 = EDGE_CURVE('',#3904,#3840,#6864,.T.);
#6864 = LINE('',#6865,#6866);
#6865 = CARTESIAN_POINT('',(-7.72,7.77,-3.1));
#6866 = VECTOR('',#6867,1.);
#6867 = DIRECTION('',(1.,-1.110223024625E-16,0.));
#6868 = ORIENTED_EDGE('',*,*,#3847,.T.);
#6869 = ORIENTED_EDGE('',*,*,#6846,.F.);
#6870 = ORIENTED_EDGE('',*,*,#3911,.T.);
#6871 = PLANE('',#6872);
#6872 = AXIS2_PLACEMENT_3D('',#6873,#6874,#6875);
#6873 = CARTESIAN_POINT('',(-7.72,7.77,-3.1));
#6874 = DIRECTION('',(0.,-0.,-1.));
#6875 = DIRECTION('',(-1.110223024625E-16,-1.,0.));
#6876 = ADVANCED_FACE('',(#6877),#6888,.T.);
#6877 = FACE_BOUND('',#6878,.T.);
#6878 = EDGE_LOOP('',(#6879,#6885,#6886,#6887));
#6879 = ORIENTED_EDGE('',*,*,#6880,.T.);
#6880 = EDGE_CURVE('',#3896,#3832,#6881,.T.);
#6881 = LINE('',#6882,#6883);
#6882 = CARTESIAN_POINT('',(-7.72,7.92,-2.5));
#6883 = VECTOR('',#6884,1.);
#6884 = DIRECTION('',(1.,-1.110223024625E-16,0.));
#6885 = ORIENTED_EDGE('',*,*,#3839,.T.);
#6886 = ORIENTED_EDGE('',*,*,#6863,.F.);
#6887 = ORIENTED_EDGE('',*,*,#3903,.F.);
#6888 = PLANE('',#6889);
#6889 = AXIS2_PLACEMENT_3D('',#6890,#6891,#6892);
#6890 = CARTESIAN_POINT('',(-7.72,7.92,-2.5));
#6891 = DIRECTION('',(1.077074540829E-16,0.970142500145,-0.242535625036)
  );
#6892 = DIRECTION('',(-2.692686352073E-17,-0.242535625036,
    -0.970142500145));
#6893 = ADVANCED_FACE('',(#6894),#6900,.T.);
#6894 = FACE_BOUND('',#6895,.T.);
#6895 = EDGE_LOOP('',(#6896,#6897,#6898,#6899));
#6896 = ORIENTED_EDGE('',*,*,#3869,.T.);
#6897 = ORIENTED_EDGE('',*,*,#3831,.T.);
#6898 = ORIENTED_EDGE('',*,*,#6880,.F.);
#6899 = ORIENTED_EDGE('',*,*,#3895,.F.);
#6900 = PLANE('',#6901);
#6901 = AXIS2_PLACEMENT_3D('',#6902,#6903,#6904);
#6902 = CARTESIAN_POINT('',(-7.72,7.92,0.2));
#6903 = DIRECTION('',(1.110223024625E-16,1.,0.));
#6904 = DIRECTION('',(0.,0.,-1.));
#6905 = ADVANCED_FACE('',(#6906),#6917,.T.);
#6906 = FACE_BOUND('',#6907,.T.);
#6907 = EDGE_LOOP('',(#6908,#6914,#6915,#6916));
#6908 = ORIENTED_EDGE('',*,*,#6909,.T.);
#6909 = EDGE_CURVE('',#4015,#3951,#6910,.T.);
#6910 = LINE('',#6911,#6912);
#6911 = CARTESIAN_POINT('',(-7.72,9.86,-2.5));
#6912 = VECTOR('',#6913,1.);
#6913 = DIRECTION('',(1.,-1.110223024625E-16,0.));
#6914 = ORIENTED_EDGE('',*,*,#3950,.T.);
#6915 = ORIENTED_EDGE('',*,*,#3935,.F.);
#6916 = ORIENTED_EDGE('',*,*,#4014,.F.);
#6917 = PLANE('',#6918);
#6918 = AXIS2_PLACEMENT_3D('',#6919,#6920,#6921);
#6919 = CARTESIAN_POINT('',(-7.72,9.86,-2.5));
#6920 = DIRECTION('',(-1.110223024625E-16,-1.,0.));
#6921 = DIRECTION('',(0.,0.,1.));
#6922 = ADVANCED_FACE('',(#6923),#6934,.T.);
#6923 = FACE_BOUND('',#6924,.T.);
#6924 = EDGE_LOOP('',(#6925,#6931,#6932,#6933));
#6925 = ORIENTED_EDGE('',*,*,#6926,.T.);
#6926 = EDGE_CURVE('',#4040,#3976,#6927,.T.);
#6927 = LINE('',#6928,#6929);
#6928 = CARTESIAN_POINT('',(-7.72,10.01,-3.1));
#6929 = VECTOR('',#6930,1.);
#6930 = DIRECTION('',(1.,-1.110223024625E-16,0.));
#6931 = ORIENTED_EDGE('',*,*,#3983,.T.);
#6932 = ORIENTED_EDGE('',*,*,#6909,.F.);
#6933 = ORIENTED_EDGE('',*,*,#4047,.F.);
#6934 = PLANE('',#6935);
#6935 = AXIS2_PLACEMENT_3D('',#6936,#6937,#6938);
#6936 = CARTESIAN_POINT('',(-7.72,10.01,-3.1));
#6937 = DIRECTION('',(-1.077074540829E-16,-0.970142500145,
    -0.242535625036));
#6938 = DIRECTION('',(-2.692686352073E-17,-0.242535625036,0.970142500145
    ));
#6939 = ADVANCED_FACE('',(#6940),#6951,.T.);
#6940 = FACE_BOUND('',#6941,.T.);
#6941 = EDGE_LOOP('',(#6942,#6948,#6949,#6950));
#6942 = ORIENTED_EDGE('',*,*,#6943,.T.);
#6943 = EDGE_CURVE('',#4032,#3968,#6944,.T.);
#6944 = LINE('',#6945,#6946);
#6945 = CARTESIAN_POINT('',(-7.72,10.31,-3.1));
#6946 = VECTOR('',#6947,1.);
#6947 = DIRECTION('',(1.,-1.110223024625E-16,0.));
#6948 = ORIENTED_EDGE('',*,*,#3975,.T.);
#6949 = ORIENTED_EDGE('',*,*,#6926,.F.);
#6950 = ORIENTED_EDGE('',*,*,#4039,.T.);
#6951 = PLANE('',#6952);
#6952 = AXIS2_PLACEMENT_3D('',#6953,#6954,#6955);
#6953 = CARTESIAN_POINT('',(-7.72,10.31,-3.1));
#6954 = DIRECTION('',(0.,-0.,-1.));
#6955 = DIRECTION('',(-1.110223024625E-16,-1.,0.));
#6956 = ADVANCED_FACE('',(#6957),#6968,.T.);
#6957 = FACE_BOUND('',#6958,.T.);
#6958 = EDGE_LOOP('',(#6959,#6965,#6966,#6967));
#6959 = ORIENTED_EDGE('',*,*,#6960,.T.);
#6960 = EDGE_CURVE('',#4024,#3960,#6961,.T.);
#6961 = LINE('',#6962,#6963);
#6962 = CARTESIAN_POINT('',(-7.72,10.46,-2.5));
#6963 = VECTOR('',#6964,1.);
#6964 = DIRECTION('',(1.,-1.110223024625E-16,0.));
#6965 = ORIENTED_EDGE('',*,*,#3967,.T.);
#6966 = ORIENTED_EDGE('',*,*,#6943,.F.);
#6967 = ORIENTED_EDGE('',*,*,#4031,.F.);
#6968 = PLANE('',#6969);
#6969 = AXIS2_PLACEMENT_3D('',#6970,#6971,#6972);
#6970 = CARTESIAN_POINT('',(-7.72,10.46,-2.5));
#6971 = DIRECTION('',(1.077074540829E-16,0.970142500145,-0.242535625036)
  );
#6972 = DIRECTION('',(-2.692686352073E-17,-0.242535625036,
    -0.970142500145));
#6973 = ADVANCED_FACE('',(#6974),#6980,.T.);
#6974 = FACE_BOUND('',#6975,.T.);
#6975 = EDGE_LOOP('',(#6976,#6977,#6978,#6979));
#6976 = ORIENTED_EDGE('',*,*,#3997,.T.);
#6977 = ORIENTED_EDGE('',*,*,#3959,.T.);
#6978 = ORIENTED_EDGE('',*,*,#6960,.F.);
#6979 = ORIENTED_EDGE('',*,*,#4023,.F.);
#6980 = PLANE('',#6981);
#6981 = AXIS2_PLACEMENT_3D('',#6982,#6983,#6984);
#6982 = CARTESIAN_POINT('',(-7.72,10.46,0.2));
#6983 = DIRECTION('',(1.110223024625E-16,1.,0.));
#6984 = DIRECTION('',(0.,0.,-1.));
#6985 = ADVANCED_FACE('',(#6986),#6997,.T.);
#6986 = FACE_BOUND('',#6987,.T.);
#6987 = EDGE_LOOP('',(#6988,#6994,#6995,#6996));
#6988 = ORIENTED_EDGE('',*,*,#6989,.T.);
#6989 = EDGE_CURVE('',#4143,#4079,#6990,.T.);
#6990 = LINE('',#6991,#6992);
#6991 = CARTESIAN_POINT('',(-7.72,12.4,-2.5));
#6992 = VECTOR('',#6993,1.);
#6993 = DIRECTION('',(1.,-1.110223024625E-16,0.));
#6994 = ORIENTED_EDGE('',*,*,#4078,.T.);
#6995 = ORIENTED_EDGE('',*,*,#4063,.F.);
#6996 = ORIENTED_EDGE('',*,*,#4142,.F.);
#6997 = PLANE('',#6998);
#6998 = AXIS2_PLACEMENT_3D('',#6999,#7000,#7001);
#6999 = CARTESIAN_POINT('',(-7.72,12.4,-2.5));
#7000 = DIRECTION('',(-1.110223024625E-16,-1.,0.));
#7001 = DIRECTION('',(0.,0.,1.));
#7002 = ADVANCED_FACE('',(#7003),#7014,.T.);
#7003 = FACE_BOUND('',#7004,.T.);
#7004 = EDGE_LOOP('',(#7005,#7011,#7012,#7013));
#7005 = ORIENTED_EDGE('',*,*,#7006,.T.);
#7006 = EDGE_CURVE('',#4168,#4104,#7007,.T.);
#7007 = LINE('',#7008,#7009);
#7008 = CARTESIAN_POINT('',(-7.72,12.55,-3.1));
#7009 = VECTOR('',#7010,1.);
#7010 = DIRECTION('',(1.,-1.110223024625E-16,0.));
#7011 = ORIENTED_EDGE('',*,*,#4111,.T.);
#7012 = ORIENTED_EDGE('',*,*,#6989,.F.);
#7013 = ORIENTED_EDGE('',*,*,#4175,.F.);
#7014 = PLANE('',#7015);
#7015 = AXIS2_PLACEMENT_3D('',#7016,#7017,#7018);
#7016 = CARTESIAN_POINT('',(-7.72,12.55,-3.1));
#7017 = DIRECTION('',(-1.077074540829E-16,-0.970142500145,
    -0.242535625036));
#7018 = DIRECTION('',(-2.692686352073E-17,-0.242535625036,0.970142500145
    ));
#7019 = ADVANCED_FACE('',(#7020),#7031,.T.);
#7020 = FACE_BOUND('',#7021,.T.);
#7021 = EDGE_LOOP('',(#7022,#7028,#7029,#7030));
#7022 = ORIENTED_EDGE('',*,*,#7023,.T.);
#7023 = EDGE_CURVE('',#4160,#4096,#7024,.T.);
#7024 = LINE('',#7025,#7026);
#7025 = CARTESIAN_POINT('',(-7.72,12.85,-3.1));
#7026 = VECTOR('',#7027,1.);
#7027 = DIRECTION('',(1.,-1.110223024625E-16,0.));
#7028 = ORIENTED_EDGE('',*,*,#4103,.T.);
#7029 = ORIENTED_EDGE('',*,*,#7006,.F.);
#7030 = ORIENTED_EDGE('',*,*,#4167,.T.);
#7031 = PLANE('',#7032);
#7032 = AXIS2_PLACEMENT_3D('',#7033,#7034,#7035);
#7033 = CARTESIAN_POINT('',(-7.72,12.85,-3.1));
#7034 = DIRECTION('',(0.,-0.,-1.));
#7035 = DIRECTION('',(-1.110223024625E-16,-1.,0.));
#7036 = ADVANCED_FACE('',(#7037),#7048,.T.);
#7037 = FACE_BOUND('',#7038,.T.);
#7038 = EDGE_LOOP('',(#7039,#7045,#7046,#7047));
#7039 = ORIENTED_EDGE('',*,*,#7040,.T.);
#7040 = EDGE_CURVE('',#4152,#4088,#7041,.T.);
#7041 = LINE('',#7042,#7043);
#7042 = CARTESIAN_POINT('',(-7.72,13.,-2.5));
#7043 = VECTOR('',#7044,1.);
#7044 = DIRECTION('',(1.,-1.110223024625E-16,0.));
#7045 = ORIENTED_EDGE('',*,*,#4095,.T.);
#7046 = ORIENTED_EDGE('',*,*,#7023,.F.);
#7047 = ORIENTED_EDGE('',*,*,#4159,.F.);
#7048 = PLANE('',#7049);
#7049 = AXIS2_PLACEMENT_3D('',#7050,#7051,#7052);
#7050 = CARTESIAN_POINT('',(-7.72,13.,-2.5));
#7051 = DIRECTION('',(1.077074540829E-16,0.970142500145,-0.242535625036)
  );
#7052 = DIRECTION('',(-2.692686352073E-17,-0.242535625036,
    -0.970142500145));
#7053 = ADVANCED_FACE('',(#7054),#7060,.T.);
#7054 = FACE_BOUND('',#7055,.T.);
#7055 = EDGE_LOOP('',(#7056,#7057,#7058,#7059));
#7056 = ORIENTED_EDGE('',*,*,#4125,.T.);
#7057 = ORIENTED_EDGE('',*,*,#4087,.T.);
#7058 = ORIENTED_EDGE('',*,*,#7040,.F.);
#7059 = ORIENTED_EDGE('',*,*,#4151,.F.);
#7060 = PLANE('',#7061);
#7061 = AXIS2_PLACEMENT_3D('',#7062,#7063,#7064);
#7062 = CARTESIAN_POINT('',(-7.72,13.,0.2));
#7063 = DIRECTION('',(1.110223024625E-16,1.,0.));
#7064 = DIRECTION('',(0.,0.,-1.));
#7065 = ADVANCED_FACE('',(#7066),#7077,.T.);
#7066 = FACE_BOUND('',#7067,.T.);
#7067 = EDGE_LOOP('',(#7068,#7069,#7070,#7071));
#7068 = ORIENTED_EDGE('',*,*,#4334,.T.);
#7069 = ORIENTED_EDGE('',*,*,#4197,.T.);
#7070 = ORIENTED_EDGE('',*,*,#4222,.T.);
#7071 = ORIENTED_EDGE('',*,*,#7072,.T.);
#7072 = EDGE_CURVE('',#4223,#4327,#7073,.T.);
#7073 = LINE('',#7074,#7075);
#7074 = CARTESIAN_POINT('',(-7.52,-15.24,0.9));
#7075 = VECTOR('',#7076,1.);
#7076 = DIRECTION('',(-1.110223024625E-16,-1.,0.));
#7077 = PLANE('',#7078);
#7078 = AXIS2_PLACEMENT_3D('',#7079,#7080,#7081);
#7079 = CARTESIAN_POINT('',(-7.62,-15.24,0.9));
#7080 = DIRECTION('',(0.,0.,1.));
#7081 = DIRECTION('',(1.110223024625E-16,1.,-0.));
#7082 = ADVANCED_FACE('',(#7083),#7094,.T.);
#7083 = FACE_BOUND('',#7084,.T.);
#7084 = EDGE_LOOP('',(#7085,#7086,#7092,#7093));
#7085 = ORIENTED_EDGE('',*,*,#4302,.T.);
#7086 = ORIENTED_EDGE('',*,*,#7087,.F.);
#7087 = EDGE_CURVE('',#4247,#4303,#7088,.T.);
#7088 = LINE('',#7089,#7090);
#7089 = CARTESIAN_POINT('',(-7.72,-15.24,0.9));
#7090 = VECTOR('',#7091,1.);
#7091 = DIRECTION('',(-1.110223024625E-16,-1.,0.));
#7092 = ORIENTED_EDGE('',*,*,#4254,.T.);
#7093 = ORIENTED_EDGE('',*,*,#4277,.T.);
#7094 = PLANE('',#7095);
#7095 = AXIS2_PLACEMENT_3D('',#7096,#7097,#7098);
#7096 = CARTESIAN_POINT('',(-7.62,-15.24,0.9));
#7097 = DIRECTION('',(0.,0.,1.));
#7098 = DIRECTION('',(1.110223024625E-16,1.,-0.));
#7099 = ADVANCED_FACE('',(#7100),#7143,.T.);
#7100 = FACE_BOUND('',#7101,.T.);
#7101 = EDGE_LOOP('',(#7102,#7103,#7111,#7119,#7127,#7135,#7141,#7142));
#7102 = ORIENTED_EDGE('',*,*,#4310,.F.);
#7103 = ORIENTED_EDGE('',*,*,#7104,.T.);
#7104 = EDGE_CURVE('',#4311,#7105,#7107,.T.);
#7105 = VERTEX_POINT('',#7106);
#7106 = CARTESIAN_POINT('',(-7.72,-15.49,7.35));
#7107 = LINE('',#7108,#7109);
#7108 = CARTESIAN_POINT('',(-7.72,-15.54,7.4));
#7109 = VECTOR('',#7110,1.);
#7110 = DIRECTION('',(7.850462293414E-17,0.707106781187,-0.707106781187)
  );
#7111 = ORIENTED_EDGE('',*,*,#7112,.T.);
#7112 = EDGE_CURVE('',#7105,#7113,#7115,.T.);
#7113 = VERTEX_POINT('',#7114);
#7114 = CARTESIAN_POINT('',(-7.72,-15.49,1.25));
#7115 = LINE('',#7116,#7117);
#7116 = CARTESIAN_POINT('',(-7.72,-15.49,7.35));
#7117 = VECTOR('',#7118,1.);
#7118 = DIRECTION('',(0.,0.,-1.));
#7119 = ORIENTED_EDGE('',*,*,#7120,.T.);
#7120 = EDGE_CURVE('',#7113,#7121,#7123,.T.);
#7121 = VERTEX_POINT('',#7122);
#7122 = CARTESIAN_POINT('',(-7.72,-14.99,1.25));
#7123 = LINE('',#7124,#7125);
#7124 = CARTESIAN_POINT('',(-7.72,-15.49,1.25));
#7125 = VECTOR('',#7126,1.);
#7126 = DIRECTION('',(1.110223024625E-16,1.,0.));
#7127 = ORIENTED_EDGE('',*,*,#7128,.T.);
#7128 = EDGE_CURVE('',#7121,#7129,#7131,.T.);
#7129 = VERTEX_POINT('',#7130);
#7130 = CARTESIAN_POINT('',(-7.72,-14.99,7.35));
#7131 = LINE('',#7132,#7133);
#7132 = CARTESIAN_POINT('',(-7.72,-14.99,1.25));
#7133 = VECTOR('',#7134,1.);
#7134 = DIRECTION('',(0.,0.,1.));
#7135 = ORIENTED_EDGE('',*,*,#7136,.T.);
#7136 = EDGE_CURVE('',#7129,#4239,#7137,.T.);
#7137 = LINE('',#7138,#7139);
#7138 = CARTESIAN_POINT('',(-7.72,-14.99,7.35));
#7139 = VECTOR('',#7140,1.);
#7140 = DIRECTION('',(7.850462293414E-17,0.707106781187,0.707106781187)
  );
#7141 = ORIENTED_EDGE('',*,*,#4246,.F.);
#7142 = ORIENTED_EDGE('',*,*,#7087,.T.);
#7143 = PLANE('',#7144);
#7144 = AXIS2_PLACEMENT_3D('',#7145,#7146,#7147);
#7145 = CARTESIAN_POINT('',(-7.72,-15.24,3.911477598424));
#7146 = DIRECTION('',(-1.,1.110223024625E-16,0.));
#7147 = DIRECTION('',(0.,0.,1.));
#7148 = ADVANCED_FACE('',(#7149),#7167,.T.);
#7149 = FACE_BOUND('',#7150,.T.);
#7150 = EDGE_LOOP('',(#7151,#7159,#7165,#7166));
#7151 = ORIENTED_EDGE('',*,*,#7152,.T.);
#7152 = EDGE_CURVE('',#7129,#7153,#7155,.T.);
#7153 = VERTEX_POINT('',#7154);
#7154 = CARTESIAN_POINT('',(-7.52,-14.99,7.35));
#7155 = LINE('',#7156,#7157);
#7156 = CARTESIAN_POINT('',(-7.72,-14.99,7.35));
#7157 = VECTOR('',#7158,1.);
#7158 = DIRECTION('',(1.,-1.110223024625E-16,0.));
#7159 = ORIENTED_EDGE('',*,*,#7160,.T.);
#7160 = EDGE_CURVE('',#7153,#4231,#7161,.T.);
#7161 = LINE('',#7162,#7163);
#7162 = CARTESIAN_POINT('',(-7.52,-14.99,7.35));
#7163 = VECTOR('',#7164,1.);
#7164 = DIRECTION('',(7.850462293414E-17,0.707106781187,0.707106781187)
  );
#7165 = ORIENTED_EDGE('',*,*,#4238,.F.);
#7166 = ORIENTED_EDGE('',*,*,#7136,.F.);
#7167 = PLANE('',#7168);
#7168 = AXIS2_PLACEMENT_3D('',#7169,#7170,#7171);
#7169 = CARTESIAN_POINT('',(-7.72,-14.99,7.35));
#7170 = DIRECTION('',(-7.850462293414E-17,-0.707106781187,0.707106781187
    ));
#7171 = DIRECTION('',(7.850462293414E-17,0.707106781187,0.707106781187)
  );
#7172 = ADVANCED_FACE('',(#7173),#7209,.F.);
#7173 = FACE_BOUND('',#7174,.F.);
#7174 = EDGE_LOOP('',(#7175,#7176,#7184,#7192,#7200,#7206,#7207,#7208));
#7175 = ORIENTED_EDGE('',*,*,#4326,.F.);
#7176 = ORIENTED_EDGE('',*,*,#7177,.T.);
#7177 = EDGE_CURVE('',#4319,#7178,#7180,.T.);
#7178 = VERTEX_POINT('',#7179);
#7179 = CARTESIAN_POINT('',(-7.52,-15.49,7.35));
#7180 = LINE('',#7181,#7182);
#7181 = CARTESIAN_POINT('',(-7.52,-15.54,7.4));
#7182 = VECTOR('',#7183,1.);
#7183 = DIRECTION('',(7.850462293414E-17,0.707106781187,-0.707106781187)
  );
#7184 = ORIENTED_EDGE('',*,*,#7185,.T.);
#7185 = EDGE_CURVE('',#7178,#7186,#7188,.T.);
#7186 = VERTEX_POINT('',#7187);
#7187 = CARTESIAN_POINT('',(-7.52,-15.49,1.25));
#7188 = LINE('',#7189,#7190);
#7189 = CARTESIAN_POINT('',(-7.52,-15.49,7.35));
#7190 = VECTOR('',#7191,1.);
#7191 = DIRECTION('',(0.,0.,-1.));
#7192 = ORIENTED_EDGE('',*,*,#7193,.T.);
#7193 = EDGE_CURVE('',#7186,#7194,#7196,.T.);
#7194 = VERTEX_POINT('',#7195);
#7195 = CARTESIAN_POINT('',(-7.52,-14.99,1.25));
#7196 = LINE('',#7197,#7198);
#7197 = CARTESIAN_POINT('',(-7.52,-15.49,1.25));
#7198 = VECTOR('',#7199,1.);
#7199 = DIRECTION('',(1.110223024625E-16,1.,0.));
#7200 = ORIENTED_EDGE('',*,*,#7201,.T.);
#7201 = EDGE_CURVE('',#7194,#7153,#7202,.T.);
#7202 = LINE('',#7203,#7204);
#7203 = CARTESIAN_POINT('',(-7.52,-14.99,1.25));
#7204 = VECTOR('',#7205,1.);
#7205 = DIRECTION('',(0.,0.,1.));
#7206 = ORIENTED_EDGE('',*,*,#7160,.T.);
#7207 = ORIENTED_EDGE('',*,*,#4230,.F.);
#7208 = ORIENTED_EDGE('',*,*,#7072,.T.);
#7209 = PLANE('',#7210);
#7210 = AXIS2_PLACEMENT_3D('',#7211,#7212,#7213);
#7211 = CARTESIAN_POINT('',(-7.52,-15.24,3.911477598424));
#7212 = DIRECTION('',(-1.,1.110223024625E-16,0.));
#7213 = DIRECTION('',(0.,0.,1.));
#7214 = ADVANCED_FACE('',(#7215),#7226,.T.);
#7215 = FACE_BOUND('',#7216,.T.);
#7216 = EDGE_LOOP('',(#7217,#7218,#7219,#7225));
#7217 = ORIENTED_EDGE('',*,*,#4318,.T.);
#7218 = ORIENTED_EDGE('',*,*,#7177,.T.);
#7219 = ORIENTED_EDGE('',*,*,#7220,.F.);
#7220 = EDGE_CURVE('',#7105,#7178,#7221,.T.);
#7221 = LINE('',#7222,#7223);
#7222 = CARTESIAN_POINT('',(-7.72,-15.49,7.35));
#7223 = VECTOR('',#7224,1.);
#7224 = DIRECTION('',(1.,-1.110223024625E-16,0.));
#7225 = ORIENTED_EDGE('',*,*,#7104,.F.);
#7226 = PLANE('',#7227);
#7227 = AXIS2_PLACEMENT_3D('',#7228,#7229,#7230);
#7228 = CARTESIAN_POINT('',(-7.72,-15.54,7.4));
#7229 = DIRECTION('',(7.850462293414E-17,0.707106781187,0.707106781187)
  );
#7230 = DIRECTION('',(7.850462293414E-17,0.707106781187,-0.707106781187)
  );
#7231 = ADVANCED_FACE('',(#7232),#7243,.T.);
#7232 = FACE_BOUND('',#7233,.T.);
#7233 = EDGE_LOOP('',(#7234,#7235,#7236,#7237));
#7234 = ORIENTED_EDGE('',*,*,#4494,.T.);
#7235 = ORIENTED_EDGE('',*,*,#4357,.T.);
#7236 = ORIENTED_EDGE('',*,*,#4382,.T.);
#7237 = ORIENTED_EDGE('',*,*,#7238,.T.);
#7238 = EDGE_CURVE('',#4383,#4487,#7239,.T.);
#7239 = LINE('',#7240,#7241);
#7240 = CARTESIAN_POINT('',(-7.52,-12.7,0.9));
#7241 = VECTOR('',#7242,1.);
#7242 = DIRECTION('',(-1.110223024625E-16,-1.,0.));
#7243 = PLANE('',#7244);
#7244 = AXIS2_PLACEMENT_3D('',#7245,#7246,#7247);
#7245 = CARTESIAN_POINT('',(-7.62,-12.7,0.9));
#7246 = DIRECTION('',(0.,0.,1.));
#7247 = DIRECTION('',(1.110223024625E-16,1.,-0.));
#7248 = ADVANCED_FACE('',(#7249),#7260,.T.);
#7249 = FACE_BOUND('',#7250,.T.);
#7250 = EDGE_LOOP('',(#7251,#7252,#7258,#7259));
#7251 = ORIENTED_EDGE('',*,*,#4462,.T.);
#7252 = ORIENTED_EDGE('',*,*,#7253,.F.);
#7253 = EDGE_CURVE('',#4407,#4463,#7254,.T.);
#7254 = LINE('',#7255,#7256);
#7255 = CARTESIAN_POINT('',(-7.72,-12.7,0.9));
#7256 = VECTOR('',#7257,1.);
#7257 = DIRECTION('',(-1.110223024625E-16,-1.,0.));
#7258 = ORIENTED_EDGE('',*,*,#4414,.T.);
#7259 = ORIENTED_EDGE('',*,*,#4437,.T.);
#7260 = PLANE('',#7261);
#7261 = AXIS2_PLACEMENT_3D('',#7262,#7263,#7264);
#7262 = CARTESIAN_POINT('',(-7.62,-12.7,0.9));
#7263 = DIRECTION('',(0.,0.,1.));
#7264 = DIRECTION('',(1.110223024625E-16,1.,-0.));
#7265 = ADVANCED_FACE('',(#7266),#7309,.T.);
#7266 = FACE_BOUND('',#7267,.T.);
#7267 = EDGE_LOOP('',(#7268,#7269,#7277,#7285,#7293,#7301,#7307,#7308));
#7268 = ORIENTED_EDGE('',*,*,#4470,.F.);
#7269 = ORIENTED_EDGE('',*,*,#7270,.T.);
#7270 = EDGE_CURVE('',#4471,#7271,#7273,.T.);
#7271 = VERTEX_POINT('',#7272);
#7272 = CARTESIAN_POINT('',(-7.72,-12.95,7.35));
#7273 = LINE('',#7274,#7275);
#7274 = CARTESIAN_POINT('',(-7.72,-13.,7.4));
#7275 = VECTOR('',#7276,1.);
#7276 = DIRECTION('',(7.850462293414E-17,0.707106781187,-0.707106781187)
  );
#7277 = ORIENTED_EDGE('',*,*,#7278,.T.);
#7278 = EDGE_CURVE('',#7271,#7279,#7281,.T.);
#7279 = VERTEX_POINT('',#7280);
#7280 = CARTESIAN_POINT('',(-7.72,-12.95,1.25));
#7281 = LINE('',#7282,#7283);
#7282 = CARTESIAN_POINT('',(-7.72,-12.95,7.35));
#7283 = VECTOR('',#7284,1.);
#7284 = DIRECTION('',(0.,0.,-1.));
#7285 = ORIENTED_EDGE('',*,*,#7286,.T.);
#7286 = EDGE_CURVE('',#7279,#7287,#7289,.T.);
#7287 = VERTEX_POINT('',#7288);
#7288 = CARTESIAN_POINT('',(-7.72,-12.45,1.25));
#7289 = LINE('',#7290,#7291);
#7290 = CARTESIAN_POINT('',(-7.72,-12.95,1.25));
#7291 = VECTOR('',#7292,1.);
#7292 = DIRECTION('',(1.110223024625E-16,1.,0.));
#7293 = ORIENTED_EDGE('',*,*,#7294,.T.);
#7294 = EDGE_CURVE('',#7287,#7295,#7297,.T.);
#7295 = VERTEX_POINT('',#7296);
#7296 = CARTESIAN_POINT('',(-7.72,-12.45,7.35));
#7297 = LINE('',#7298,#7299);
#7298 = CARTESIAN_POINT('',(-7.72,-12.45,1.25));
#7299 = VECTOR('',#7300,1.);
#7300 = DIRECTION('',(0.,0.,1.));
#7301 = ORIENTED_EDGE('',*,*,#7302,.T.);
#7302 = EDGE_CURVE('',#7295,#4399,#7303,.T.);
#7303 = LINE('',#7304,#7305);
#7304 = CARTESIAN_POINT('',(-7.72,-12.45,7.35));
#7305 = VECTOR('',#7306,1.);
#7306 = DIRECTION('',(7.850462293414E-17,0.707106781187,0.707106781187)
  );
#7307 = ORIENTED_EDGE('',*,*,#4406,.F.);
#7308 = ORIENTED_EDGE('',*,*,#7253,.T.);
#7309 = PLANE('',#7310);
#7310 = AXIS2_PLACEMENT_3D('',#7311,#7312,#7313);
#7311 = CARTESIAN_POINT('',(-7.72,-12.7,3.911477598424));
#7312 = DIRECTION('',(-1.,1.110223024625E-16,0.));
#7313 = DIRECTION('',(0.,0.,1.));
#7314 = ADVANCED_FACE('',(#7315),#7333,.T.);
#7315 = FACE_BOUND('',#7316,.T.);
#7316 = EDGE_LOOP('',(#7317,#7325,#7331,#7332));
#7317 = ORIENTED_EDGE('',*,*,#7318,.T.);
#7318 = EDGE_CURVE('',#7295,#7319,#7321,.T.);
#7319 = VERTEX_POINT('',#7320);
#7320 = CARTESIAN_POINT('',(-7.52,-12.45,7.35));
#7321 = LINE('',#7322,#7323);
#7322 = CARTESIAN_POINT('',(-7.72,-12.45,7.35));
#7323 = VECTOR('',#7324,1.);
#7324 = DIRECTION('',(1.,-1.110223024625E-16,0.));
#7325 = ORIENTED_EDGE('',*,*,#7326,.T.);
#7326 = EDGE_CURVE('',#7319,#4391,#7327,.T.);
#7327 = LINE('',#7328,#7329);
#7328 = CARTESIAN_POINT('',(-7.52,-12.45,7.35));
#7329 = VECTOR('',#7330,1.);
#7330 = DIRECTION('',(7.850462293414E-17,0.707106781187,0.707106781187)
  );
#7331 = ORIENTED_EDGE('',*,*,#4398,.F.);
#7332 = ORIENTED_EDGE('',*,*,#7302,.F.);
#7333 = PLANE('',#7334);
#7334 = AXIS2_PLACEMENT_3D('',#7335,#7336,#7337);
#7335 = CARTESIAN_POINT('',(-7.72,-12.45,7.35));
#7336 = DIRECTION('',(-7.850462293414E-17,-0.707106781187,0.707106781187
    ));
#7337 = DIRECTION('',(7.850462293414E-17,0.707106781187,0.707106781187)
  );
#7338 = ADVANCED_FACE('',(#7339),#7375,.F.);
#7339 = FACE_BOUND('',#7340,.F.);
#7340 = EDGE_LOOP('',(#7341,#7342,#7350,#7358,#7366,#7372,#7373,#7374));
#7341 = ORIENTED_EDGE('',*,*,#4486,.F.);
#7342 = ORIENTED_EDGE('',*,*,#7343,.T.);
#7343 = EDGE_CURVE('',#4479,#7344,#7346,.T.);
#7344 = VERTEX_POINT('',#7345);
#7345 = CARTESIAN_POINT('',(-7.52,-12.95,7.35));
#7346 = LINE('',#7347,#7348);
#7347 = CARTESIAN_POINT('',(-7.52,-13.,7.4));
#7348 = VECTOR('',#7349,1.);
#7349 = DIRECTION('',(7.850462293414E-17,0.707106781187,-0.707106781187)
  );
#7350 = ORIENTED_EDGE('',*,*,#7351,.T.);
#7351 = EDGE_CURVE('',#7344,#7352,#7354,.T.);
#7352 = VERTEX_POINT('',#7353);
#7353 = CARTESIAN_POINT('',(-7.52,-12.95,1.25));
#7354 = LINE('',#7355,#7356);
#7355 = CARTESIAN_POINT('',(-7.52,-12.95,7.35));
#7356 = VECTOR('',#7357,1.);
#7357 = DIRECTION('',(0.,0.,-1.));
#7358 = ORIENTED_EDGE('',*,*,#7359,.T.);
#7359 = EDGE_CURVE('',#7352,#7360,#7362,.T.);
#7360 = VERTEX_POINT('',#7361);
#7361 = CARTESIAN_POINT('',(-7.52,-12.45,1.25));
#7362 = LINE('',#7363,#7364);
#7363 = CARTESIAN_POINT('',(-7.52,-12.95,1.25));
#7364 = VECTOR('',#7365,1.);
#7365 = DIRECTION('',(1.110223024625E-16,1.,0.));
#7366 = ORIENTED_EDGE('',*,*,#7367,.T.);
#7367 = EDGE_CURVE('',#7360,#7319,#7368,.T.);
#7368 = LINE('',#7369,#7370);
#7369 = CARTESIAN_POINT('',(-7.52,-12.45,1.25));
#7370 = VECTOR('',#7371,1.);
#7371 = DIRECTION('',(0.,0.,1.));
#7372 = ORIENTED_EDGE('',*,*,#7326,.T.);
#7373 = ORIENTED_EDGE('',*,*,#4390,.F.);
#7374 = ORIENTED_EDGE('',*,*,#7238,.T.);
#7375 = PLANE('',#7376);
#7376 = AXIS2_PLACEMENT_3D('',#7377,#7378,#7379);
#7377 = CARTESIAN_POINT('',(-7.52,-12.7,3.911477598424));
#7378 = DIRECTION('',(-1.,1.110223024625E-16,0.));
#7379 = DIRECTION('',(0.,0.,1.));
#7380 = ADVANCED_FACE('',(#7381),#7392,.T.);
#7381 = FACE_BOUND('',#7382,.T.);
#7382 = EDGE_LOOP('',(#7383,#7384,#7385,#7391));
#7383 = ORIENTED_EDGE('',*,*,#4478,.T.);
#7384 = ORIENTED_EDGE('',*,*,#7343,.T.);
#7385 = ORIENTED_EDGE('',*,*,#7386,.F.);
#7386 = EDGE_CURVE('',#7271,#7344,#7387,.T.);
#7387 = LINE('',#7388,#7389);
#7388 = CARTESIAN_POINT('',(-7.72,-12.95,7.35));
#7389 = VECTOR('',#7390,1.);
#7390 = DIRECTION('',(1.,-1.110223024625E-16,0.));
#7391 = ORIENTED_EDGE('',*,*,#7270,.F.);
#7392 = PLANE('',#7393);
#7393 = AXIS2_PLACEMENT_3D('',#7394,#7395,#7396);
#7394 = CARTESIAN_POINT('',(-7.72,-13.,7.4));
#7395 = DIRECTION('',(7.850462293414E-17,0.707106781187,0.707106781187)
  );
#7396 = DIRECTION('',(7.850462293414E-17,0.707106781187,-0.707106781187)
  );
#7397 = ADVANCED_FACE('',(#7398),#7409,.T.);
#7398 = FACE_BOUND('',#7399,.T.);
#7399 = EDGE_LOOP('',(#7400,#7401,#7402,#7403));
#7400 = ORIENTED_EDGE('',*,*,#4654,.T.);
#7401 = ORIENTED_EDGE('',*,*,#4517,.T.);
#7402 = ORIENTED_EDGE('',*,*,#4542,.T.);
#7403 = ORIENTED_EDGE('',*,*,#7404,.T.);
#7404 = EDGE_CURVE('',#4543,#4647,#7405,.T.);
#7405 = LINE('',#7406,#7407);
#7406 = CARTESIAN_POINT('',(-7.52,-10.16,0.9));
#7407 = VECTOR('',#7408,1.);
#7408 = DIRECTION('',(-1.110223024625E-16,-1.,0.));
#7409 = PLANE('',#7410);
#7410 = AXIS2_PLACEMENT_3D('',#7411,#7412,#7413);
#7411 = CARTESIAN_POINT('',(-7.62,-10.16,0.9));
#7412 = DIRECTION('',(0.,0.,1.));
#7413 = DIRECTION('',(1.110223024625E-16,1.,-0.));
#7414 = ADVANCED_FACE('',(#7415),#7426,.T.);
#7415 = FACE_BOUND('',#7416,.T.);
#7416 = EDGE_LOOP('',(#7417,#7418,#7424,#7425));
#7417 = ORIENTED_EDGE('',*,*,#4622,.T.);
#7418 = ORIENTED_EDGE('',*,*,#7419,.F.);
#7419 = EDGE_CURVE('',#4567,#4623,#7420,.T.);
#7420 = LINE('',#7421,#7422);
#7421 = CARTESIAN_POINT('',(-7.72,-10.16,0.9));
#7422 = VECTOR('',#7423,1.);
#7423 = DIRECTION('',(-1.110223024625E-16,-1.,0.));
#7424 = ORIENTED_EDGE('',*,*,#4574,.T.);
#7425 = ORIENTED_EDGE('',*,*,#4597,.T.);
#7426 = PLANE('',#7427);
#7427 = AXIS2_PLACEMENT_3D('',#7428,#7429,#7430);
#7428 = CARTESIAN_POINT('',(-7.62,-10.16,0.9));
#7429 = DIRECTION('',(0.,0.,1.));
#7430 = DIRECTION('',(1.110223024625E-16,1.,-0.));
#7431 = ADVANCED_FACE('',(#7432),#7475,.T.);
#7432 = FACE_BOUND('',#7433,.T.);
#7433 = EDGE_LOOP('',(#7434,#7435,#7443,#7451,#7459,#7467,#7473,#7474));
#7434 = ORIENTED_EDGE('',*,*,#4630,.F.);
#7435 = ORIENTED_EDGE('',*,*,#7436,.T.);
#7436 = EDGE_CURVE('',#4631,#7437,#7439,.T.);
#7437 = VERTEX_POINT('',#7438);
#7438 = CARTESIAN_POINT('',(-7.72,-10.41,7.35));
#7439 = LINE('',#7440,#7441);
#7440 = CARTESIAN_POINT('',(-7.72,-10.46,7.4));
#7441 = VECTOR('',#7442,1.);
#7442 = DIRECTION('',(7.850462293414E-17,0.707106781187,-0.707106781187)
  );
#7443 = ORIENTED_EDGE('',*,*,#7444,.T.);
#7444 = EDGE_CURVE('',#7437,#7445,#7447,.T.);
#7445 = VERTEX_POINT('',#7446);
#7446 = CARTESIAN_POINT('',(-7.72,-10.41,1.25));
#7447 = LINE('',#7448,#7449);
#7448 = CARTESIAN_POINT('',(-7.72,-10.41,7.35));
#7449 = VECTOR('',#7450,1.);
#7450 = DIRECTION('',(0.,0.,-1.));
#7451 = ORIENTED_EDGE('',*,*,#7452,.T.);
#7452 = EDGE_CURVE('',#7445,#7453,#7455,.T.);
#7453 = VERTEX_POINT('',#7454);
#7454 = CARTESIAN_POINT('',(-7.72,-9.91,1.25));
#7455 = LINE('',#7456,#7457);
#7456 = CARTESIAN_POINT('',(-7.72,-10.41,1.25));
#7457 = VECTOR('',#7458,1.);
#7458 = DIRECTION('',(1.110223024625E-16,1.,0.));
#7459 = ORIENTED_EDGE('',*,*,#7460,.T.);
#7460 = EDGE_CURVE('',#7453,#7461,#7463,.T.);
#7461 = VERTEX_POINT('',#7462);
#7462 = CARTESIAN_POINT('',(-7.72,-9.91,7.35));
#7463 = LINE('',#7464,#7465);
#7464 = CARTESIAN_POINT('',(-7.72,-9.91,1.25));
#7465 = VECTOR('',#7466,1.);
#7466 = DIRECTION('',(0.,0.,1.));
#7467 = ORIENTED_EDGE('',*,*,#7468,.T.);
#7468 = EDGE_CURVE('',#7461,#4559,#7469,.T.);
#7469 = LINE('',#7470,#7471);
#7470 = CARTESIAN_POINT('',(-7.72,-9.91,7.35));
#7471 = VECTOR('',#7472,1.);
#7472 = DIRECTION('',(7.850462293414E-17,0.707106781187,0.707106781187)
  );
#7473 = ORIENTED_EDGE('',*,*,#4566,.F.);
#7474 = ORIENTED_EDGE('',*,*,#7419,.T.);
#7475 = PLANE('',#7476);
#7476 = AXIS2_PLACEMENT_3D('',#7477,#7478,#7479);
#7477 = CARTESIAN_POINT('',(-7.72,-10.16,3.911477598424));
#7478 = DIRECTION('',(-1.,1.110223024625E-16,0.));
#7479 = DIRECTION('',(0.,0.,1.));
#7480 = ADVANCED_FACE('',(#7481),#7499,.T.);
#7481 = FACE_BOUND('',#7482,.T.);
#7482 = EDGE_LOOP('',(#7483,#7491,#7497,#7498));
#7483 = ORIENTED_EDGE('',*,*,#7484,.T.);
#7484 = EDGE_CURVE('',#7461,#7485,#7487,.T.);
#7485 = VERTEX_POINT('',#7486);
#7486 = CARTESIAN_POINT('',(-7.52,-9.91,7.35));
#7487 = LINE('',#7488,#7489);
#7488 = CARTESIAN_POINT('',(-7.72,-9.91,7.35));
#7489 = VECTOR('',#7490,1.);
#7490 = DIRECTION('',(1.,-1.110223024625E-16,0.));
#7491 = ORIENTED_EDGE('',*,*,#7492,.T.);
#7492 = EDGE_CURVE('',#7485,#4551,#7493,.T.);
#7493 = LINE('',#7494,#7495);
#7494 = CARTESIAN_POINT('',(-7.52,-9.91,7.35));
#7495 = VECTOR('',#7496,1.);
#7496 = DIRECTION('',(7.850462293414E-17,0.707106781187,0.707106781187)
  );
#7497 = ORIENTED_EDGE('',*,*,#4558,.F.);
#7498 = ORIENTED_EDGE('',*,*,#7468,.F.);
#7499 = PLANE('',#7500);
#7500 = AXIS2_PLACEMENT_3D('',#7501,#7502,#7503);
#7501 = CARTESIAN_POINT('',(-7.72,-9.91,7.35));
#7502 = DIRECTION('',(-7.850462293414E-17,-0.707106781187,0.707106781187
    ));
#7503 = DIRECTION('',(7.850462293414E-17,0.707106781187,0.707106781187)
  );
#7504 = ADVANCED_FACE('',(#7505),#7541,.F.);
#7505 = FACE_BOUND('',#7506,.F.);
#7506 = EDGE_LOOP('',(#7507,#7508,#7516,#7524,#7532,#7538,#7539,#7540));
#7507 = ORIENTED_EDGE('',*,*,#4646,.F.);
#7508 = ORIENTED_EDGE('',*,*,#7509,.T.);
#7509 = EDGE_CURVE('',#4639,#7510,#7512,.T.);
#7510 = VERTEX_POINT('',#7511);
#7511 = CARTESIAN_POINT('',(-7.52,-10.41,7.35));
#7512 = LINE('',#7513,#7514);
#7513 = CARTESIAN_POINT('',(-7.52,-10.46,7.4));
#7514 = VECTOR('',#7515,1.);
#7515 = DIRECTION('',(7.850462293414E-17,0.707106781187,-0.707106781187)
  );
#7516 = ORIENTED_EDGE('',*,*,#7517,.T.);
#7517 = EDGE_CURVE('',#7510,#7518,#7520,.T.);
#7518 = VERTEX_POINT('',#7519);
#7519 = CARTESIAN_POINT('',(-7.52,-10.41,1.25));
#7520 = LINE('',#7521,#7522);
#7521 = CARTESIAN_POINT('',(-7.52,-10.41,7.35));
#7522 = VECTOR('',#7523,1.);
#7523 = DIRECTION('',(0.,0.,-1.));
#7524 = ORIENTED_EDGE('',*,*,#7525,.T.);
#7525 = EDGE_CURVE('',#7518,#7526,#7528,.T.);
#7526 = VERTEX_POINT('',#7527);
#7527 = CARTESIAN_POINT('',(-7.52,-9.91,1.25));
#7528 = LINE('',#7529,#7530);
#7529 = CARTESIAN_POINT('',(-7.52,-10.41,1.25));
#7530 = VECTOR('',#7531,1.);
#7531 = DIRECTION('',(1.110223024625E-16,1.,0.));
#7532 = ORIENTED_EDGE('',*,*,#7533,.T.);
#7533 = EDGE_CURVE('',#7526,#7485,#7534,.T.);
#7534 = LINE('',#7535,#7536);
#7535 = CARTESIAN_POINT('',(-7.52,-9.91,1.25));
#7536 = VECTOR('',#7537,1.);
#7537 = DIRECTION('',(0.,0.,1.));
#7538 = ORIENTED_EDGE('',*,*,#7492,.T.);
#7539 = ORIENTED_EDGE('',*,*,#4550,.F.);
#7540 = ORIENTED_EDGE('',*,*,#7404,.T.);
#7541 = PLANE('',#7542);
#7542 = AXIS2_PLACEMENT_3D('',#7543,#7544,#7545);
#7543 = CARTESIAN_POINT('',(-7.52,-10.16,3.911477598424));
#7544 = DIRECTION('',(-1.,1.110223024625E-16,0.));
#7545 = DIRECTION('',(0.,0.,1.));
#7546 = ADVANCED_FACE('',(#7547),#7558,.T.);
#7547 = FACE_BOUND('',#7548,.T.);
#7548 = EDGE_LOOP('',(#7549,#7550,#7551,#7557));
#7549 = ORIENTED_EDGE('',*,*,#4638,.T.);
#7550 = ORIENTED_EDGE('',*,*,#7509,.T.);
#7551 = ORIENTED_EDGE('',*,*,#7552,.F.);
#7552 = EDGE_CURVE('',#7437,#7510,#7553,.T.);
#7553 = LINE('',#7554,#7555);
#7554 = CARTESIAN_POINT('',(-7.72,-10.41,7.35));
#7555 = VECTOR('',#7556,1.);
#7556 = DIRECTION('',(1.,-1.110223024625E-16,0.));
#7557 = ORIENTED_EDGE('',*,*,#7436,.F.);
#7558 = PLANE('',#7559);
#7559 = AXIS2_PLACEMENT_3D('',#7560,#7561,#7562);
#7560 = CARTESIAN_POINT('',(-7.72,-10.46,7.4));
#7561 = DIRECTION('',(7.850462293414E-17,0.707106781187,0.707106781187)
  );
#7562 = DIRECTION('',(7.850462293414E-17,0.707106781187,-0.707106781187)
  );
#7563 = ADVANCED_FACE('',(#7564),#7575,.T.);
#7564 = FACE_BOUND('',#7565,.T.);
#7565 = EDGE_LOOP('',(#7566,#7567,#7568,#7569));
#7566 = ORIENTED_EDGE('',*,*,#4814,.T.);
#7567 = ORIENTED_EDGE('',*,*,#4677,.T.);
#7568 = ORIENTED_EDGE('',*,*,#4702,.T.);
#7569 = ORIENTED_EDGE('',*,*,#7570,.T.);
#7570 = EDGE_CURVE('',#4703,#4807,#7571,.T.);
#7571 = LINE('',#7572,#7573);
#7572 = CARTESIAN_POINT('',(-7.52,-7.62,0.9));
#7573 = VECTOR('',#7574,1.);
#7574 = DIRECTION('',(-1.110223024625E-16,-1.,0.));
#7575 = PLANE('',#7576);
#7576 = AXIS2_PLACEMENT_3D('',#7577,#7578,#7579);
#7577 = CARTESIAN_POINT('',(-7.62,-7.62,0.9));
#7578 = DIRECTION('',(0.,0.,1.));
#7579 = DIRECTION('',(1.110223024625E-16,1.,-0.));
#7580 = ADVANCED_FACE('',(#7581),#7592,.T.);
#7581 = FACE_BOUND('',#7582,.T.);
#7582 = EDGE_LOOP('',(#7583,#7584,#7590,#7591));
#7583 = ORIENTED_EDGE('',*,*,#4782,.T.);
#7584 = ORIENTED_EDGE('',*,*,#7585,.F.);
#7585 = EDGE_CURVE('',#4727,#4783,#7586,.T.);
#7586 = LINE('',#7587,#7588);
#7587 = CARTESIAN_POINT('',(-7.72,-7.62,0.9));
#7588 = VECTOR('',#7589,1.);
#7589 = DIRECTION('',(-1.110223024625E-16,-1.,0.));
#7590 = ORIENTED_EDGE('',*,*,#4734,.T.);
#7591 = ORIENTED_EDGE('',*,*,#4757,.T.);
#7592 = PLANE('',#7593);
#7593 = AXIS2_PLACEMENT_3D('',#7594,#7595,#7596);
#7594 = CARTESIAN_POINT('',(-7.62,-7.62,0.9));
#7595 = DIRECTION('',(0.,0.,1.));
#7596 = DIRECTION('',(1.110223024625E-16,1.,-0.));
#7597 = ADVANCED_FACE('',(#7598),#7641,.T.);
#7598 = FACE_BOUND('',#7599,.T.);
#7599 = EDGE_LOOP('',(#7600,#7601,#7609,#7617,#7625,#7633,#7639,#7640));
#7600 = ORIENTED_EDGE('',*,*,#4790,.F.);
#7601 = ORIENTED_EDGE('',*,*,#7602,.T.);
#7602 = EDGE_CURVE('',#4791,#7603,#7605,.T.);
#7603 = VERTEX_POINT('',#7604);
#7604 = CARTESIAN_POINT('',(-7.72,-7.87,7.35));
#7605 = LINE('',#7606,#7607);
#7606 = CARTESIAN_POINT('',(-7.72,-7.92,7.4));
#7607 = VECTOR('',#7608,1.);
#7608 = DIRECTION('',(7.850462293414E-17,0.707106781187,-0.707106781187)
  );
#7609 = ORIENTED_EDGE('',*,*,#7610,.T.);
#7610 = EDGE_CURVE('',#7603,#7611,#7613,.T.);
#7611 = VERTEX_POINT('',#7612);
#7612 = CARTESIAN_POINT('',(-7.72,-7.87,1.25));
#7613 = LINE('',#7614,#7615);
#7614 = CARTESIAN_POINT('',(-7.72,-7.87,7.35));
#7615 = VECTOR('',#7616,1.);
#7616 = DIRECTION('',(0.,0.,-1.));
#7617 = ORIENTED_EDGE('',*,*,#7618,.T.);
#7618 = EDGE_CURVE('',#7611,#7619,#7621,.T.);
#7619 = VERTEX_POINT('',#7620);
#7620 = CARTESIAN_POINT('',(-7.72,-7.37,1.25));
#7621 = LINE('',#7622,#7623);
#7622 = CARTESIAN_POINT('',(-7.72,-7.87,1.25));
#7623 = VECTOR('',#7624,1.);
#7624 = DIRECTION('',(1.110223024625E-16,1.,0.));
#7625 = ORIENTED_EDGE('',*,*,#7626,.T.);
#7626 = EDGE_CURVE('',#7619,#7627,#7629,.T.);
#7627 = VERTEX_POINT('',#7628);
#7628 = CARTESIAN_POINT('',(-7.72,-7.37,7.35));
#7629 = LINE('',#7630,#7631);
#7630 = CARTESIAN_POINT('',(-7.72,-7.37,1.25));
#7631 = VECTOR('',#7632,1.);
#7632 = DIRECTION('',(0.,0.,1.));
#7633 = ORIENTED_EDGE('',*,*,#7634,.T.);
#7634 = EDGE_CURVE('',#7627,#4719,#7635,.T.);
#7635 = LINE('',#7636,#7637);
#7636 = CARTESIAN_POINT('',(-7.72,-7.37,7.35));
#7637 = VECTOR('',#7638,1.);
#7638 = DIRECTION('',(7.850462293414E-17,0.707106781187,0.707106781187)
  );
#7639 = ORIENTED_EDGE('',*,*,#4726,.F.);
#7640 = ORIENTED_EDGE('',*,*,#7585,.T.);
#7641 = PLANE('',#7642);
#7642 = AXIS2_PLACEMENT_3D('',#7643,#7644,#7645);
#7643 = CARTESIAN_POINT('',(-7.72,-7.62,3.911477598424));
#7644 = DIRECTION('',(-1.,1.110223024625E-16,0.));
#7645 = DIRECTION('',(0.,0.,1.));
#7646 = ADVANCED_FACE('',(#7647),#7665,.T.);
#7647 = FACE_BOUND('',#7648,.T.);
#7648 = EDGE_LOOP('',(#7649,#7657,#7663,#7664));
#7649 = ORIENTED_EDGE('',*,*,#7650,.T.);
#7650 = EDGE_CURVE('',#7627,#7651,#7653,.T.);
#7651 = VERTEX_POINT('',#7652);
#7652 = CARTESIAN_POINT('',(-7.52,-7.37,7.35));
#7653 = LINE('',#7654,#7655);
#7654 = CARTESIAN_POINT('',(-7.72,-7.37,7.35));
#7655 = VECTOR('',#7656,1.);
#7656 = DIRECTION('',(1.,-1.110223024625E-16,0.));
#7657 = ORIENTED_EDGE('',*,*,#7658,.T.);
#7658 = EDGE_CURVE('',#7651,#4711,#7659,.T.);
#7659 = LINE('',#7660,#7661);
#7660 = CARTESIAN_POINT('',(-7.52,-7.37,7.35));
#7661 = VECTOR('',#7662,1.);
#7662 = DIRECTION('',(7.850462293414E-17,0.707106781187,0.707106781187)
  );
#7663 = ORIENTED_EDGE('',*,*,#4718,.F.);
#7664 = ORIENTED_EDGE('',*,*,#7634,.F.);
#7665 = PLANE('',#7666);
#7666 = AXIS2_PLACEMENT_3D('',#7667,#7668,#7669);
#7667 = CARTESIAN_POINT('',(-7.72,-7.37,7.35));
#7668 = DIRECTION('',(-7.850462293414E-17,-0.707106781187,0.707106781187
    ));
#7669 = DIRECTION('',(7.850462293414E-17,0.707106781187,0.707106781187)
  );
#7670 = ADVANCED_FACE('',(#7671),#7707,.F.);
#7671 = FACE_BOUND('',#7672,.F.);
#7672 = EDGE_LOOP('',(#7673,#7674,#7682,#7690,#7698,#7704,#7705,#7706));
#7673 = ORIENTED_EDGE('',*,*,#4806,.F.);
#7674 = ORIENTED_EDGE('',*,*,#7675,.T.);
#7675 = EDGE_CURVE('',#4799,#7676,#7678,.T.);
#7676 = VERTEX_POINT('',#7677);
#7677 = CARTESIAN_POINT('',(-7.52,-7.87,7.35));
#7678 = LINE('',#7679,#7680);
#7679 = CARTESIAN_POINT('',(-7.52,-7.92,7.4));
#7680 = VECTOR('',#7681,1.);
#7681 = DIRECTION('',(7.850462293414E-17,0.707106781187,-0.707106781187)
  );
#7682 = ORIENTED_EDGE('',*,*,#7683,.T.);
#7683 = EDGE_CURVE('',#7676,#7684,#7686,.T.);
#7684 = VERTEX_POINT('',#7685);
#7685 = CARTESIAN_POINT('',(-7.52,-7.87,1.25));
#7686 = LINE('',#7687,#7688);
#7687 = CARTESIAN_POINT('',(-7.52,-7.87,7.35));
#7688 = VECTOR('',#7689,1.);
#7689 = DIRECTION('',(0.,0.,-1.));
#7690 = ORIENTED_EDGE('',*,*,#7691,.T.);
#7691 = EDGE_CURVE('',#7684,#7692,#7694,.T.);
#7692 = VERTEX_POINT('',#7693);
#7693 = CARTESIAN_POINT('',(-7.52,-7.37,1.25));
#7694 = LINE('',#7695,#7696);
#7695 = CARTESIAN_POINT('',(-7.52,-7.87,1.25));
#7696 = VECTOR('',#7697,1.);
#7697 = DIRECTION('',(1.110223024625E-16,1.,0.));
#7698 = ORIENTED_EDGE('',*,*,#7699,.T.);
#7699 = EDGE_CURVE('',#7692,#7651,#7700,.T.);
#7700 = LINE('',#7701,#7702);
#7701 = CARTESIAN_POINT('',(-7.52,-7.37,1.25));
#7702 = VECTOR('',#7703,1.);
#7703 = DIRECTION('',(0.,0.,1.));
#7704 = ORIENTED_EDGE('',*,*,#7658,.T.);
#7705 = ORIENTED_EDGE('',*,*,#4710,.F.);
#7706 = ORIENTED_EDGE('',*,*,#7570,.T.);
#7707 = PLANE('',#7708);
#7708 = AXIS2_PLACEMENT_3D('',#7709,#7710,#7711);
#7709 = CARTESIAN_POINT('',(-7.52,-7.62,3.911477598424));
#7710 = DIRECTION('',(-1.,1.110223024625E-16,0.));
#7711 = DIRECTION('',(0.,0.,1.));
#7712 = ADVANCED_FACE('',(#7713),#7724,.T.);
#7713 = FACE_BOUND('',#7714,.T.);
#7714 = EDGE_LOOP('',(#7715,#7716,#7717,#7723));
#7715 = ORIENTED_EDGE('',*,*,#4798,.T.);
#7716 = ORIENTED_EDGE('',*,*,#7675,.T.);
#7717 = ORIENTED_EDGE('',*,*,#7718,.F.);
#7718 = EDGE_CURVE('',#7603,#7676,#7719,.T.);
#7719 = LINE('',#7720,#7721);
#7720 = CARTESIAN_POINT('',(-7.72,-7.87,7.35));
#7721 = VECTOR('',#7722,1.);
#7722 = DIRECTION('',(1.,-1.110223024625E-16,0.));
#7723 = ORIENTED_EDGE('',*,*,#7602,.F.);
#7724 = PLANE('',#7725);
#7725 = AXIS2_PLACEMENT_3D('',#7726,#7727,#7728);
#7726 = CARTESIAN_POINT('',(-7.72,-7.92,7.4));
#7727 = DIRECTION('',(7.850462293414E-17,0.707106781187,0.707106781187)
  );
#7728 = DIRECTION('',(7.850462293414E-17,0.707106781187,-0.707106781187)
  );
#7729 = ADVANCED_FACE('',(#7730),#7741,.T.);
#7730 = FACE_BOUND('',#7731,.T.);
#7731 = EDGE_LOOP('',(#7732,#7733,#7734,#7735));
#7732 = ORIENTED_EDGE('',*,*,#4974,.T.);
#7733 = ORIENTED_EDGE('',*,*,#4837,.T.);
#7734 = ORIENTED_EDGE('',*,*,#4862,.T.);
#7735 = ORIENTED_EDGE('',*,*,#7736,.T.);
#7736 = EDGE_CURVE('',#4863,#4967,#7737,.T.);
#7737 = LINE('',#7738,#7739);
#7738 = CARTESIAN_POINT('',(-7.52,-5.08,0.9));
#7739 = VECTOR('',#7740,1.);
#7740 = DIRECTION('',(-1.110223024625E-16,-1.,0.));
#7741 = PLANE('',#7742);
#7742 = AXIS2_PLACEMENT_3D('',#7743,#7744,#7745);
#7743 = CARTESIAN_POINT('',(-7.62,-5.08,0.9));
#7744 = DIRECTION('',(0.,0.,1.));
#7745 = DIRECTION('',(1.110223024625E-16,1.,-0.));
#7746 = ADVANCED_FACE('',(#7747),#7758,.T.);
#7747 = FACE_BOUND('',#7748,.T.);
#7748 = EDGE_LOOP('',(#7749,#7750,#7756,#7757));
#7749 = ORIENTED_EDGE('',*,*,#4942,.T.);
#7750 = ORIENTED_EDGE('',*,*,#7751,.F.);
#7751 = EDGE_CURVE('',#4887,#4943,#7752,.T.);
#7752 = LINE('',#7753,#7754);
#7753 = CARTESIAN_POINT('',(-7.72,-5.08,0.9));
#7754 = VECTOR('',#7755,1.);
#7755 = DIRECTION('',(-1.110223024625E-16,-1.,0.));
#7756 = ORIENTED_EDGE('',*,*,#4894,.T.);
#7757 = ORIENTED_EDGE('',*,*,#4917,.T.);
#7758 = PLANE('',#7759);
#7759 = AXIS2_PLACEMENT_3D('',#7760,#7761,#7762);
#7760 = CARTESIAN_POINT('',(-7.62,-5.08,0.9));
#7761 = DIRECTION('',(0.,0.,1.));
#7762 = DIRECTION('',(1.110223024625E-16,1.,-0.));
#7763 = ADVANCED_FACE('',(#7764),#7807,.T.);
#7764 = FACE_BOUND('',#7765,.T.);
#7765 = EDGE_LOOP('',(#7766,#7767,#7775,#7783,#7791,#7799,#7805,#7806));
#7766 = ORIENTED_EDGE('',*,*,#4950,.F.);
#7767 = ORIENTED_EDGE('',*,*,#7768,.T.);
#7768 = EDGE_CURVE('',#4951,#7769,#7771,.T.);
#7769 = VERTEX_POINT('',#7770);
#7770 = CARTESIAN_POINT('',(-7.72,-5.33,7.35));
#7771 = LINE('',#7772,#7773);
#7772 = CARTESIAN_POINT('',(-7.72,-5.38,7.4));
#7773 = VECTOR('',#7774,1.);
#7774 = DIRECTION('',(7.850462293414E-17,0.707106781187,-0.707106781187)
  );
#7775 = ORIENTED_EDGE('',*,*,#7776,.T.);
#7776 = EDGE_CURVE('',#7769,#7777,#7779,.T.);
#7777 = VERTEX_POINT('',#7778);
#7778 = CARTESIAN_POINT('',(-7.72,-5.33,1.25));
#7779 = LINE('',#7780,#7781);
#7780 = CARTESIAN_POINT('',(-7.72,-5.33,7.35));
#7781 = VECTOR('',#7782,1.);
#7782 = DIRECTION('',(0.,0.,-1.));
#7783 = ORIENTED_EDGE('',*,*,#7784,.T.);
#7784 = EDGE_CURVE('',#7777,#7785,#7787,.T.);
#7785 = VERTEX_POINT('',#7786);
#7786 = CARTESIAN_POINT('',(-7.72,-4.83,1.25));
#7787 = LINE('',#7788,#7789);
#7788 = CARTESIAN_POINT('',(-7.72,-5.33,1.25));
#7789 = VECTOR('',#7790,1.);
#7790 = DIRECTION('',(1.110223024625E-16,1.,0.));
#7791 = ORIENTED_EDGE('',*,*,#7792,.T.);
#7792 = EDGE_CURVE('',#7785,#7793,#7795,.T.);
#7793 = VERTEX_POINT('',#7794);
#7794 = CARTESIAN_POINT('',(-7.72,-4.83,7.35));
#7795 = LINE('',#7796,#7797);
#7796 = CARTESIAN_POINT('',(-7.72,-4.83,1.25));
#7797 = VECTOR('',#7798,1.);
#7798 = DIRECTION('',(0.,0.,1.));
#7799 = ORIENTED_EDGE('',*,*,#7800,.T.);
#7800 = EDGE_CURVE('',#7793,#4879,#7801,.T.);
#7801 = LINE('',#7802,#7803);
#7802 = CARTESIAN_POINT('',(-7.72,-4.83,7.35));
#7803 = VECTOR('',#7804,1.);
#7804 = DIRECTION('',(7.850462293414E-17,0.707106781187,0.707106781187)
  );
#7805 = ORIENTED_EDGE('',*,*,#4886,.F.);
#7806 = ORIENTED_EDGE('',*,*,#7751,.T.);
#7807 = PLANE('',#7808);
#7808 = AXIS2_PLACEMENT_3D('',#7809,#7810,#7811);
#7809 = CARTESIAN_POINT('',(-7.72,-5.08,3.911477598424));
#7810 = DIRECTION('',(-1.,1.110223024625E-16,0.));
#7811 = DIRECTION('',(0.,0.,1.));
#7812 = ADVANCED_FACE('',(#7813),#7831,.T.);
#7813 = FACE_BOUND('',#7814,.T.);
#7814 = EDGE_LOOP('',(#7815,#7823,#7829,#7830));
#7815 = ORIENTED_EDGE('',*,*,#7816,.T.);
#7816 = EDGE_CURVE('',#7793,#7817,#7819,.T.);
#7817 = VERTEX_POINT('',#7818);
#7818 = CARTESIAN_POINT('',(-7.52,-4.83,7.35));
#7819 = LINE('',#7820,#7821);
#7820 = CARTESIAN_POINT('',(-7.72,-4.83,7.35));
#7821 = VECTOR('',#7822,1.);
#7822 = DIRECTION('',(1.,-1.110223024625E-16,0.));
#7823 = ORIENTED_EDGE('',*,*,#7824,.T.);
#7824 = EDGE_CURVE('',#7817,#4871,#7825,.T.);
#7825 = LINE('',#7826,#7827);
#7826 = CARTESIAN_POINT('',(-7.52,-4.83,7.35));
#7827 = VECTOR('',#7828,1.);
#7828 = DIRECTION('',(7.850462293414E-17,0.707106781187,0.707106781187)
  );
#7829 = ORIENTED_EDGE('',*,*,#4878,.F.);
#7830 = ORIENTED_EDGE('',*,*,#7800,.F.);
#7831 = PLANE('',#7832);
#7832 = AXIS2_PLACEMENT_3D('',#7833,#7834,#7835);
#7833 = CARTESIAN_POINT('',(-7.72,-4.83,7.35));
#7834 = DIRECTION('',(-7.850462293414E-17,-0.707106781187,0.707106781187
    ));
#7835 = DIRECTION('',(7.850462293414E-17,0.707106781187,0.707106781187)
  );
#7836 = ADVANCED_FACE('',(#7837),#7873,.F.);
#7837 = FACE_BOUND('',#7838,.F.);
#7838 = EDGE_LOOP('',(#7839,#7840,#7848,#7856,#7864,#7870,#7871,#7872));
#7839 = ORIENTED_EDGE('',*,*,#4966,.F.);
#7840 = ORIENTED_EDGE('',*,*,#7841,.T.);
#7841 = EDGE_CURVE('',#4959,#7842,#7844,.T.);
#7842 = VERTEX_POINT('',#7843);
#7843 = CARTESIAN_POINT('',(-7.52,-5.33,7.35));
#7844 = LINE('',#7845,#7846);
#7845 = CARTESIAN_POINT('',(-7.52,-5.38,7.4));
#7846 = VECTOR('',#7847,1.);
#7847 = DIRECTION('',(7.850462293414E-17,0.707106781187,-0.707106781187)
  );
#7848 = ORIENTED_EDGE('',*,*,#7849,.T.);
#7849 = EDGE_CURVE('',#7842,#7850,#7852,.T.);
#7850 = VERTEX_POINT('',#7851);
#7851 = CARTESIAN_POINT('',(-7.52,-5.33,1.25));
#7852 = LINE('',#7853,#7854);
#7853 = CARTESIAN_POINT('',(-7.52,-5.33,7.35));
#7854 = VECTOR('',#7855,1.);
#7855 = DIRECTION('',(0.,0.,-1.));
#7856 = ORIENTED_EDGE('',*,*,#7857,.T.);
#7857 = EDGE_CURVE('',#7850,#7858,#7860,.T.);
#7858 = VERTEX_POINT('',#7859);
#7859 = CARTESIAN_POINT('',(-7.52,-4.83,1.25));
#7860 = LINE('',#7861,#7862);
#7861 = CARTESIAN_POINT('',(-7.52,-5.33,1.25));
#7862 = VECTOR('',#7863,1.);
#7863 = DIRECTION('',(1.110223024625E-16,1.,0.));
#7864 = ORIENTED_EDGE('',*,*,#7865,.T.);
#7865 = EDGE_CURVE('',#7858,#7817,#7866,.T.);
#7866 = LINE('',#7867,#7868);
#7867 = CARTESIAN_POINT('',(-7.52,-4.83,1.25));
#7868 = VECTOR('',#7869,1.);
#7869 = DIRECTION('',(0.,0.,1.));
#7870 = ORIENTED_EDGE('',*,*,#7824,.T.);
#7871 = ORIENTED_EDGE('',*,*,#4870,.F.);
#7872 = ORIENTED_EDGE('',*,*,#7736,.T.);
#7873 = PLANE('',#7874);
#7874 = AXIS2_PLACEMENT_3D('',#7875,#7876,#7877);
#7875 = CARTESIAN_POINT('',(-7.52,-5.08,3.911477598424));
#7876 = DIRECTION('',(-1.,1.110223024625E-16,0.));
#7877 = DIRECTION('',(0.,0.,1.));
#7878 = ADVANCED_FACE('',(#7879),#7890,.T.);
#7879 = FACE_BOUND('',#7880,.T.);
#7880 = EDGE_LOOP('',(#7881,#7882,#7883,#7889));
#7881 = ORIENTED_EDGE('',*,*,#4958,.T.);
#7882 = ORIENTED_EDGE('',*,*,#7841,.T.);
#7883 = ORIENTED_EDGE('',*,*,#7884,.F.);
#7884 = EDGE_CURVE('',#7769,#7842,#7885,.T.);
#7885 = LINE('',#7886,#7887);
#7886 = CARTESIAN_POINT('',(-7.72,-5.33,7.35));
#7887 = VECTOR('',#7888,1.);
#7888 = DIRECTION('',(1.,-1.110223024625E-16,0.));
#7889 = ORIENTED_EDGE('',*,*,#7768,.F.);
#7890 = PLANE('',#7891);
#7891 = AXIS2_PLACEMENT_3D('',#7892,#7893,#7894);
#7892 = CARTESIAN_POINT('',(-7.72,-5.38,7.4));
#7893 = DIRECTION('',(7.850462293414E-17,0.707106781187,0.707106781187)
  );
#7894 = DIRECTION('',(7.850462293414E-17,0.707106781187,-0.707106781187)
  );
#7895 = ADVANCED_FACE('',(#7896),#7907,.T.);
#7896 = FACE_BOUND('',#7897,.T.);
#7897 = EDGE_LOOP('',(#7898,#7899,#7900,#7901));
#7898 = ORIENTED_EDGE('',*,*,#5134,.T.);
#7899 = ORIENTED_EDGE('',*,*,#4997,.T.);
#7900 = ORIENTED_EDGE('',*,*,#5022,.T.);
#7901 = ORIENTED_EDGE('',*,*,#7902,.T.);
#7902 = EDGE_CURVE('',#5023,#5127,#7903,.T.);
#7903 = LINE('',#7904,#7905);
#7904 = CARTESIAN_POINT('',(-7.52,-2.54,0.9));
#7905 = VECTOR('',#7906,1.);
#7906 = DIRECTION('',(-1.110223024625E-16,-1.,0.));
#7907 = PLANE('',#7908);
#7908 = AXIS2_PLACEMENT_3D('',#7909,#7910,#7911);
#7909 = CARTESIAN_POINT('',(-7.62,-2.54,0.9));
#7910 = DIRECTION('',(0.,0.,1.));
#7911 = DIRECTION('',(1.110223024625E-16,1.,-0.));
#7912 = ADVANCED_FACE('',(#7913),#7924,.T.);
#7913 = FACE_BOUND('',#7914,.T.);
#7914 = EDGE_LOOP('',(#7915,#7916,#7922,#7923));
#7915 = ORIENTED_EDGE('',*,*,#5102,.T.);
#7916 = ORIENTED_EDGE('',*,*,#7917,.F.);
#7917 = EDGE_CURVE('',#5047,#5103,#7918,.T.);
#7918 = LINE('',#7919,#7920);
#7919 = CARTESIAN_POINT('',(-7.72,-2.54,0.9));
#7920 = VECTOR('',#7921,1.);
#7921 = DIRECTION('',(-1.110223024625E-16,-1.,0.));
#7922 = ORIENTED_EDGE('',*,*,#5054,.T.);
#7923 = ORIENTED_EDGE('',*,*,#5077,.T.);
#7924 = PLANE('',#7925);
#7925 = AXIS2_PLACEMENT_3D('',#7926,#7927,#7928);
#7926 = CARTESIAN_POINT('',(-7.62,-2.54,0.9));
#7927 = DIRECTION('',(0.,0.,1.));
#7928 = DIRECTION('',(1.110223024625E-16,1.,-0.));
#7929 = ADVANCED_FACE('',(#7930),#7973,.T.);
#7930 = FACE_BOUND('',#7931,.T.);
#7931 = EDGE_LOOP('',(#7932,#7933,#7941,#7949,#7957,#7965,#7971,#7972));
#7932 = ORIENTED_EDGE('',*,*,#5110,.F.);
#7933 = ORIENTED_EDGE('',*,*,#7934,.T.);
#7934 = EDGE_CURVE('',#5111,#7935,#7937,.T.);
#7935 = VERTEX_POINT('',#7936);
#7936 = CARTESIAN_POINT('',(-7.72,-2.79,7.35));
#7937 = LINE('',#7938,#7939);
#7938 = CARTESIAN_POINT('',(-7.72,-2.84,7.4));
#7939 = VECTOR('',#7940,1.);
#7940 = DIRECTION('',(7.850462293414E-17,0.707106781187,-0.707106781187)
  );
#7941 = ORIENTED_EDGE('',*,*,#7942,.T.);
#7942 = EDGE_CURVE('',#7935,#7943,#7945,.T.);
#7943 = VERTEX_POINT('',#7944);
#7944 = CARTESIAN_POINT('',(-7.72,-2.79,1.25));
#7945 = LINE('',#7946,#7947);
#7946 = CARTESIAN_POINT('',(-7.72,-2.79,7.35));
#7947 = VECTOR('',#7948,1.);
#7948 = DIRECTION('',(0.,0.,-1.));
#7949 = ORIENTED_EDGE('',*,*,#7950,.T.);
#7950 = EDGE_CURVE('',#7943,#7951,#7953,.T.);
#7951 = VERTEX_POINT('',#7952);
#7952 = CARTESIAN_POINT('',(-7.72,-2.29,1.25));
#7953 = LINE('',#7954,#7955);
#7954 = CARTESIAN_POINT('',(-7.72,-2.79,1.25));
#7955 = VECTOR('',#7956,1.);
#7956 = DIRECTION('',(1.110223024625E-16,1.,0.));
#7957 = ORIENTED_EDGE('',*,*,#7958,.T.);
#7958 = EDGE_CURVE('',#7951,#7959,#7961,.T.);
#7959 = VERTEX_POINT('',#7960);
#7960 = CARTESIAN_POINT('',(-7.72,-2.29,7.35));
#7961 = LINE('',#7962,#7963);
#7962 = CARTESIAN_POINT('',(-7.72,-2.29,1.25));
#7963 = VECTOR('',#7964,1.);
#7964 = DIRECTION('',(0.,0.,1.));
#7965 = ORIENTED_EDGE('',*,*,#7966,.T.);
#7966 = EDGE_CURVE('',#7959,#5039,#7967,.T.);
#7967 = LINE('',#7968,#7969);
#7968 = CARTESIAN_POINT('',(-7.72,-2.29,7.35));
#7969 = VECTOR('',#7970,1.);
#7970 = DIRECTION('',(7.850462293414E-17,0.707106781187,0.707106781187)
  );
#7971 = ORIENTED_EDGE('',*,*,#5046,.F.);
#7972 = ORIENTED_EDGE('',*,*,#7917,.T.);
#7973 = PLANE('',#7974);
#7974 = AXIS2_PLACEMENT_3D('',#7975,#7976,#7977);
#7975 = CARTESIAN_POINT('',(-7.72,-2.54,3.911477598424));
#7976 = DIRECTION('',(-1.,1.110223024625E-16,0.));
#7977 = DIRECTION('',(0.,0.,1.));
#7978 = ADVANCED_FACE('',(#7979),#7997,.T.);
#7979 = FACE_BOUND('',#7980,.T.);
#7980 = EDGE_LOOP('',(#7981,#7989,#7995,#7996));
#7981 = ORIENTED_EDGE('',*,*,#7982,.T.);
#7982 = EDGE_CURVE('',#7959,#7983,#7985,.T.);
#7983 = VERTEX_POINT('',#7984);
#7984 = CARTESIAN_POINT('',(-7.52,-2.29,7.35));
#7985 = LINE('',#7986,#7987);
#7986 = CARTESIAN_POINT('',(-7.72,-2.29,7.35));
#7987 = VECTOR('',#7988,1.);
#7988 = DIRECTION('',(1.,-1.110223024625E-16,0.));
#7989 = ORIENTED_EDGE('',*,*,#7990,.T.);
#7990 = EDGE_CURVE('',#7983,#5031,#7991,.T.);
#7991 = LINE('',#7992,#7993);
#7992 = CARTESIAN_POINT('',(-7.52,-2.29,7.35));
#7993 = VECTOR('',#7994,1.);
#7994 = DIRECTION('',(7.850462293414E-17,0.707106781187,0.707106781187)
  );
#7995 = ORIENTED_EDGE('',*,*,#5038,.F.);
#7996 = ORIENTED_EDGE('',*,*,#7966,.F.);
#7997 = PLANE('',#7998);
#7998 = AXIS2_PLACEMENT_3D('',#7999,#8000,#8001);
#7999 = CARTESIAN_POINT('',(-7.72,-2.29,7.35));
#8000 = DIRECTION('',(-7.850462293414E-17,-0.707106781187,0.707106781187
    ));
#8001 = DIRECTION('',(7.850462293414E-17,0.707106781187,0.707106781187)
  );
#8002 = ADVANCED_FACE('',(#8003),#8039,.F.);
#8003 = FACE_BOUND('',#8004,.F.);
#8004 = EDGE_LOOP('',(#8005,#8006,#8014,#8022,#8030,#8036,#8037,#8038));
#8005 = ORIENTED_EDGE('',*,*,#5126,.F.);
#8006 = ORIENTED_EDGE('',*,*,#8007,.T.);
#8007 = EDGE_CURVE('',#5119,#8008,#8010,.T.);
#8008 = VERTEX_POINT('',#8009);
#8009 = CARTESIAN_POINT('',(-7.52,-2.79,7.35));
#8010 = LINE('',#8011,#8012);
#8011 = CARTESIAN_POINT('',(-7.52,-2.84,7.4));
#8012 = VECTOR('',#8013,1.);
#8013 = DIRECTION('',(7.850462293414E-17,0.707106781187,-0.707106781187)
  );
#8014 = ORIENTED_EDGE('',*,*,#8015,.T.);
#8015 = EDGE_CURVE('',#8008,#8016,#8018,.T.);
#8016 = VERTEX_POINT('',#8017);
#8017 = CARTESIAN_POINT('',(-7.52,-2.79,1.25));
#8018 = LINE('',#8019,#8020);
#8019 = CARTESIAN_POINT('',(-7.52,-2.79,7.35));
#8020 = VECTOR('',#8021,1.);
#8021 = DIRECTION('',(0.,0.,-1.));
#8022 = ORIENTED_EDGE('',*,*,#8023,.T.);
#8023 = EDGE_CURVE('',#8016,#8024,#8026,.T.);
#8024 = VERTEX_POINT('',#8025);
#8025 = CARTESIAN_POINT('',(-7.52,-2.29,1.25));
#8026 = LINE('',#8027,#8028);
#8027 = CARTESIAN_POINT('',(-7.52,-2.79,1.25));
#8028 = VECTOR('',#8029,1.);
#8029 = DIRECTION('',(1.110223024625E-16,1.,0.));
#8030 = ORIENTED_EDGE('',*,*,#8031,.T.);
#8031 = EDGE_CURVE('',#8024,#7983,#8032,.T.);
#8032 = LINE('',#8033,#8034);
#8033 = CARTESIAN_POINT('',(-7.52,-2.29,1.25));
#8034 = VECTOR('',#8035,1.);
#8035 = DIRECTION('',(0.,0.,1.));
#8036 = ORIENTED_EDGE('',*,*,#7990,.T.);
#8037 = ORIENTED_EDGE('',*,*,#5030,.F.);
#8038 = ORIENTED_EDGE('',*,*,#7902,.T.);
#8039 = PLANE('',#8040);
#8040 = AXIS2_PLACEMENT_3D('',#8041,#8042,#8043);
#8041 = CARTESIAN_POINT('',(-7.52,-2.54,3.911477598424));
#8042 = DIRECTION('',(-1.,1.110223024625E-16,0.));
#8043 = DIRECTION('',(0.,0.,1.));
#8044 = ADVANCED_FACE('',(#8045),#8056,.T.);
#8045 = FACE_BOUND('',#8046,.T.);
#8046 = EDGE_LOOP('',(#8047,#8048,#8049,#8055));
#8047 = ORIENTED_EDGE('',*,*,#5118,.T.);
#8048 = ORIENTED_EDGE('',*,*,#8007,.T.);
#8049 = ORIENTED_EDGE('',*,*,#8050,.F.);
#8050 = EDGE_CURVE('',#7935,#8008,#8051,.T.);
#8051 = LINE('',#8052,#8053);
#8052 = CARTESIAN_POINT('',(-7.72,-2.79,7.35));
#8053 = VECTOR('',#8054,1.);
#8054 = DIRECTION('',(1.,-1.110223024625E-16,0.));
#8055 = ORIENTED_EDGE('',*,*,#7934,.F.);
#8056 = PLANE('',#8057);
#8057 = AXIS2_PLACEMENT_3D('',#8058,#8059,#8060);
#8058 = CARTESIAN_POINT('',(-7.72,-2.84,7.4));
#8059 = DIRECTION('',(7.850462293414E-17,0.707106781187,0.707106781187)
  );
#8060 = DIRECTION('',(7.850462293414E-17,0.707106781187,-0.707106781187)
  );
#8061 = ADVANCED_FACE('',(#8062),#8073,.T.);
#8062 = FACE_BOUND('',#8063,.T.);
#8063 = EDGE_LOOP('',(#8064,#8065,#8066,#8067));
#8064 = ORIENTED_EDGE('',*,*,#5294,.T.);
#8065 = ORIENTED_EDGE('',*,*,#5157,.T.);
#8066 = ORIENTED_EDGE('',*,*,#5182,.T.);
#8067 = ORIENTED_EDGE('',*,*,#8068,.T.);
#8068 = EDGE_CURVE('',#5183,#5287,#8069,.T.);
#8069 = LINE('',#8070,#8071);
#8070 = CARTESIAN_POINT('',(-7.52,0.,0.9));
#8071 = VECTOR('',#8072,1.);
#8072 = DIRECTION('',(-1.110223024625E-16,-1.,0.));
#8073 = PLANE('',#8074);
#8074 = AXIS2_PLACEMENT_3D('',#8075,#8076,#8077);
#8075 = CARTESIAN_POINT('',(-7.62,0.,0.9));
#8076 = DIRECTION('',(0.,0.,1.));
#8077 = DIRECTION('',(1.110223024625E-16,1.,-0.));
#8078 = ADVANCED_FACE('',(#8079),#8090,.T.);
#8079 = FACE_BOUND('',#8080,.T.);
#8080 = EDGE_LOOP('',(#8081,#8082,#8088,#8089));
#8081 = ORIENTED_EDGE('',*,*,#5262,.T.);
#8082 = ORIENTED_EDGE('',*,*,#8083,.F.);
#8083 = EDGE_CURVE('',#5207,#5263,#8084,.T.);
#8084 = LINE('',#8085,#8086);
#8085 = CARTESIAN_POINT('',(-7.72,0.,0.9));
#8086 = VECTOR('',#8087,1.);
#8087 = DIRECTION('',(-1.110223024625E-16,-1.,0.));
#8088 = ORIENTED_EDGE('',*,*,#5214,.T.);
#8089 = ORIENTED_EDGE('',*,*,#5237,.T.);
#8090 = PLANE('',#8091);
#8091 = AXIS2_PLACEMENT_3D('',#8092,#8093,#8094);
#8092 = CARTESIAN_POINT('',(-7.62,0.,0.9));
#8093 = DIRECTION('',(0.,0.,1.));
#8094 = DIRECTION('',(1.110223024625E-16,1.,-0.));
#8095 = ADVANCED_FACE('',(#8096),#8139,.T.);
#8096 = FACE_BOUND('',#8097,.T.);
#8097 = EDGE_LOOP('',(#8098,#8099,#8107,#8115,#8123,#8131,#8137,#8138));
#8098 = ORIENTED_EDGE('',*,*,#5270,.F.);
#8099 = ORIENTED_EDGE('',*,*,#8100,.T.);
#8100 = EDGE_CURVE('',#5271,#8101,#8103,.T.);
#8101 = VERTEX_POINT('',#8102);
#8102 = CARTESIAN_POINT('',(-7.72,-0.25,7.35));
#8103 = LINE('',#8104,#8105);
#8104 = CARTESIAN_POINT('',(-7.72,-0.3,7.4));
#8105 = VECTOR('',#8106,1.);
#8106 = DIRECTION('',(7.850462293414E-17,0.707106781187,-0.707106781187)
  );
#8107 = ORIENTED_EDGE('',*,*,#8108,.T.);
#8108 = EDGE_CURVE('',#8101,#8109,#8111,.T.);
#8109 = VERTEX_POINT('',#8110);
#8110 = CARTESIAN_POINT('',(-7.72,-0.25,1.25));
#8111 = LINE('',#8112,#8113);
#8112 = CARTESIAN_POINT('',(-7.72,-0.25,7.35));
#8113 = VECTOR('',#8114,1.);
#8114 = DIRECTION('',(0.,0.,-1.));
#8115 = ORIENTED_EDGE('',*,*,#8116,.T.);
#8116 = EDGE_CURVE('',#8109,#8117,#8119,.T.);
#8117 = VERTEX_POINT('',#8118);
#8118 = CARTESIAN_POINT('',(-7.72,0.25,1.25));
#8119 = LINE('',#8120,#8121);
#8120 = CARTESIAN_POINT('',(-7.72,-0.25,1.25));
#8121 = VECTOR('',#8122,1.);
#8122 = DIRECTION('',(1.110223024625E-16,1.,0.));
#8123 = ORIENTED_EDGE('',*,*,#8124,.T.);
#8124 = EDGE_CURVE('',#8117,#8125,#8127,.T.);
#8125 = VERTEX_POINT('',#8126);
#8126 = CARTESIAN_POINT('',(-7.72,0.25,7.35));
#8127 = LINE('',#8128,#8129);
#8128 = CARTESIAN_POINT('',(-7.72,0.25,1.25));
#8129 = VECTOR('',#8130,1.);
#8130 = DIRECTION('',(0.,0.,1.));
#8131 = ORIENTED_EDGE('',*,*,#8132,.T.);
#8132 = EDGE_CURVE('',#8125,#5199,#8133,.T.);
#8133 = LINE('',#8134,#8135);
#8134 = CARTESIAN_POINT('',(-7.72,0.25,7.35));
#8135 = VECTOR('',#8136,1.);
#8136 = DIRECTION('',(7.850462293414E-17,0.707106781187,0.707106781187)
  );
#8137 = ORIENTED_EDGE('',*,*,#5206,.F.);
#8138 = ORIENTED_EDGE('',*,*,#8083,.T.);
#8139 = PLANE('',#8140);
#8140 = AXIS2_PLACEMENT_3D('',#8141,#8142,#8143);
#8141 = CARTESIAN_POINT('',(-7.72,0.,3.911477598424));
#8142 = DIRECTION('',(-1.,1.110223024625E-16,0.));
#8143 = DIRECTION('',(0.,0.,1.));
#8144 = ADVANCED_FACE('',(#8145),#8163,.T.);
#8145 = FACE_BOUND('',#8146,.T.);
#8146 = EDGE_LOOP('',(#8147,#8155,#8161,#8162));
#8147 = ORIENTED_EDGE('',*,*,#8148,.T.);
#8148 = EDGE_CURVE('',#8125,#8149,#8151,.T.);
#8149 = VERTEX_POINT('',#8150);
#8150 = CARTESIAN_POINT('',(-7.52,0.25,7.35));
#8151 = LINE('',#8152,#8153);
#8152 = CARTESIAN_POINT('',(-7.72,0.25,7.35));
#8153 = VECTOR('',#8154,1.);
#8154 = DIRECTION('',(1.,-1.110223024625E-16,0.));
#8155 = ORIENTED_EDGE('',*,*,#8156,.T.);
#8156 = EDGE_CURVE('',#8149,#5191,#8157,.T.);
#8157 = LINE('',#8158,#8159);
#8158 = CARTESIAN_POINT('',(-7.52,0.25,7.35));
#8159 = VECTOR('',#8160,1.);
#8160 = DIRECTION('',(7.850462293414E-17,0.707106781187,0.707106781187)
  );
#8161 = ORIENTED_EDGE('',*,*,#5198,.F.);
#8162 = ORIENTED_EDGE('',*,*,#8132,.F.);
#8163 = PLANE('',#8164);
#8164 = AXIS2_PLACEMENT_3D('',#8165,#8166,#8167);
#8165 = CARTESIAN_POINT('',(-7.72,0.25,7.35));
#8166 = DIRECTION('',(-7.850462293414E-17,-0.707106781187,0.707106781187
    ));
#8167 = DIRECTION('',(7.850462293414E-17,0.707106781187,0.707106781187)
  );
#8168 = ADVANCED_FACE('',(#8169),#8205,.F.);
#8169 = FACE_BOUND('',#8170,.F.);
#8170 = EDGE_LOOP('',(#8171,#8172,#8180,#8188,#8196,#8202,#8203,#8204));
#8171 = ORIENTED_EDGE('',*,*,#5286,.F.);
#8172 = ORIENTED_EDGE('',*,*,#8173,.T.);
#8173 = EDGE_CURVE('',#5279,#8174,#8176,.T.);
#8174 = VERTEX_POINT('',#8175);
#8175 = CARTESIAN_POINT('',(-7.52,-0.25,7.35));
#8176 = LINE('',#8177,#8178);
#8177 = CARTESIAN_POINT('',(-7.52,-0.3,7.4));
#8178 = VECTOR('',#8179,1.);
#8179 = DIRECTION('',(7.850462293414E-17,0.707106781187,-0.707106781187)
  );
#8180 = ORIENTED_EDGE('',*,*,#8181,.T.);
#8181 = EDGE_CURVE('',#8174,#8182,#8184,.T.);
#8182 = VERTEX_POINT('',#8183);
#8183 = CARTESIAN_POINT('',(-7.52,-0.25,1.25));
#8184 = LINE('',#8185,#8186);
#8185 = CARTESIAN_POINT('',(-7.52,-0.25,7.35));
#8186 = VECTOR('',#8187,1.);
#8187 = DIRECTION('',(0.,0.,-1.));
#8188 = ORIENTED_EDGE('',*,*,#8189,.T.);
#8189 = EDGE_CURVE('',#8182,#8190,#8192,.T.);
#8190 = VERTEX_POINT('',#8191);
#8191 = CARTESIAN_POINT('',(-7.52,0.25,1.25));
#8192 = LINE('',#8193,#8194);
#8193 = CARTESIAN_POINT('',(-7.52,-0.25,1.25));
#8194 = VECTOR('',#8195,1.);
#8195 = DIRECTION('',(1.110223024625E-16,1.,0.));
#8196 = ORIENTED_EDGE('',*,*,#8197,.T.);
#8197 = EDGE_CURVE('',#8190,#8149,#8198,.T.);
#8198 = LINE('',#8199,#8200);
#8199 = CARTESIAN_POINT('',(-7.52,0.25,1.25));
#8200 = VECTOR('',#8201,1.);
#8201 = DIRECTION('',(0.,0.,1.));
#8202 = ORIENTED_EDGE('',*,*,#8156,.T.);
#8203 = ORIENTED_EDGE('',*,*,#5190,.F.);
#8204 = ORIENTED_EDGE('',*,*,#8068,.T.);
#8205 = PLANE('',#8206);
#8206 = AXIS2_PLACEMENT_3D('',#8207,#8208,#8209);
#8207 = CARTESIAN_POINT('',(-7.52,0.,3.911477598424));
#8208 = DIRECTION('',(-1.,1.110223024625E-16,0.));
#8209 = DIRECTION('',(0.,0.,1.));
#8210 = ADVANCED_FACE('',(#8211),#8222,.T.);
#8211 = FACE_BOUND('',#8212,.T.);
#8212 = EDGE_LOOP('',(#8213,#8214,#8215,#8221));
#8213 = ORIENTED_EDGE('',*,*,#5278,.T.);
#8214 = ORIENTED_EDGE('',*,*,#8173,.T.);
#8215 = ORIENTED_EDGE('',*,*,#8216,.F.);
#8216 = EDGE_CURVE('',#8101,#8174,#8217,.T.);
#8217 = LINE('',#8218,#8219);
#8218 = CARTESIAN_POINT('',(-7.72,-0.25,7.35));
#8219 = VECTOR('',#8220,1.);
#8220 = DIRECTION('',(1.,-1.110223024625E-16,0.));
#8221 = ORIENTED_EDGE('',*,*,#8100,.F.);
#8222 = PLANE('',#8223);
#8223 = AXIS2_PLACEMENT_3D('',#8224,#8225,#8226);
#8224 = CARTESIAN_POINT('',(-7.72,-0.3,7.4));
#8225 = DIRECTION('',(7.850462293414E-17,0.707106781187,0.707106781187)
  );
#8226 = DIRECTION('',(7.850462293414E-17,0.707106781187,-0.707106781187)
  );
#8227 = ADVANCED_FACE('',(#8228),#8239,.T.);
#8228 = FACE_BOUND('',#8229,.T.);
#8229 = EDGE_LOOP('',(#8230,#8231,#8232,#8233));
#8230 = ORIENTED_EDGE('',*,*,#5454,.T.);
#8231 = ORIENTED_EDGE('',*,*,#5317,.T.);
#8232 = ORIENTED_EDGE('',*,*,#5342,.T.);
#8233 = ORIENTED_EDGE('',*,*,#8234,.T.);
#8234 = EDGE_CURVE('',#5343,#5447,#8235,.T.);
#8235 = LINE('',#8236,#8237);
#8236 = CARTESIAN_POINT('',(-7.52,2.54,0.9));
#8237 = VECTOR('',#8238,1.);
#8238 = DIRECTION('',(-1.110223024625E-16,-1.,0.));
#8239 = PLANE('',#8240);
#8240 = AXIS2_PLACEMENT_3D('',#8241,#8242,#8243);
#8241 = CARTESIAN_POINT('',(-7.62,2.54,0.9));
#8242 = DIRECTION('',(0.,0.,1.));
#8243 = DIRECTION('',(1.110223024625E-16,1.,-0.));
#8244 = ADVANCED_FACE('',(#8245),#8256,.T.);
#8245 = FACE_BOUND('',#8246,.T.);
#8246 = EDGE_LOOP('',(#8247,#8248,#8254,#8255));
#8247 = ORIENTED_EDGE('',*,*,#5422,.T.);
#8248 = ORIENTED_EDGE('',*,*,#8249,.F.);
#8249 = EDGE_CURVE('',#5367,#5423,#8250,.T.);
#8250 = LINE('',#8251,#8252);
#8251 = CARTESIAN_POINT('',(-7.72,2.54,0.9));
#8252 = VECTOR('',#8253,1.);
#8253 = DIRECTION('',(-1.110223024625E-16,-1.,0.));
#8254 = ORIENTED_EDGE('',*,*,#5374,.T.);
#8255 = ORIENTED_EDGE('',*,*,#5397,.T.);
#8256 = PLANE('',#8257);
#8257 = AXIS2_PLACEMENT_3D('',#8258,#8259,#8260);
#8258 = CARTESIAN_POINT('',(-7.62,2.54,0.9));
#8259 = DIRECTION('',(0.,0.,1.));
#8260 = DIRECTION('',(1.110223024625E-16,1.,-0.));
#8261 = ADVANCED_FACE('',(#8262),#8305,.T.);
#8262 = FACE_BOUND('',#8263,.T.);
#8263 = EDGE_LOOP('',(#8264,#8265,#8273,#8281,#8289,#8297,#8303,#8304));
#8264 = ORIENTED_EDGE('',*,*,#5430,.F.);
#8265 = ORIENTED_EDGE('',*,*,#8266,.T.);
#8266 = EDGE_CURVE('',#5431,#8267,#8269,.T.);
#8267 = VERTEX_POINT('',#8268);
#8268 = CARTESIAN_POINT('',(-7.72,2.29,7.35));
#8269 = LINE('',#8270,#8271);
#8270 = CARTESIAN_POINT('',(-7.72,2.24,7.4));
#8271 = VECTOR('',#8272,1.);
#8272 = DIRECTION('',(7.850462293414E-17,0.707106781187,-0.707106781187)
  );
#8273 = ORIENTED_EDGE('',*,*,#8274,.T.);
#8274 = EDGE_CURVE('',#8267,#8275,#8277,.T.);
#8275 = VERTEX_POINT('',#8276);
#8276 = CARTESIAN_POINT('',(-7.72,2.29,1.25));
#8277 = LINE('',#8278,#8279);
#8278 = CARTESIAN_POINT('',(-7.72,2.29,7.35));
#8279 = VECTOR('',#8280,1.);
#8280 = DIRECTION('',(0.,0.,-1.));
#8281 = ORIENTED_EDGE('',*,*,#8282,.T.);
#8282 = EDGE_CURVE('',#8275,#8283,#8285,.T.);
#8283 = VERTEX_POINT('',#8284);
#8284 = CARTESIAN_POINT('',(-7.72,2.79,1.25));
#8285 = LINE('',#8286,#8287);
#8286 = CARTESIAN_POINT('',(-7.72,2.29,1.25));
#8287 = VECTOR('',#8288,1.);
#8288 = DIRECTION('',(1.110223024625E-16,1.,0.));
#8289 = ORIENTED_EDGE('',*,*,#8290,.T.);
#8290 = EDGE_CURVE('',#8283,#8291,#8293,.T.);
#8291 = VERTEX_POINT('',#8292);
#8292 = CARTESIAN_POINT('',(-7.72,2.79,7.35));
#8293 = LINE('',#8294,#8295);
#8294 = CARTESIAN_POINT('',(-7.72,2.79,1.25));
#8295 = VECTOR('',#8296,1.);
#8296 = DIRECTION('',(0.,0.,1.));
#8297 = ORIENTED_EDGE('',*,*,#8298,.T.);
#8298 = EDGE_CURVE('',#8291,#5359,#8299,.T.);
#8299 = LINE('',#8300,#8301);
#8300 = CARTESIAN_POINT('',(-7.72,2.79,7.35));
#8301 = VECTOR('',#8302,1.);
#8302 = DIRECTION('',(7.850462293414E-17,0.707106781187,0.707106781187)
  );
#8303 = ORIENTED_EDGE('',*,*,#5366,.F.);
#8304 = ORIENTED_EDGE('',*,*,#8249,.T.);
#8305 = PLANE('',#8306);
#8306 = AXIS2_PLACEMENT_3D('',#8307,#8308,#8309);
#8307 = CARTESIAN_POINT('',(-7.72,2.54,3.911477598424));
#8308 = DIRECTION('',(-1.,1.110223024625E-16,0.));
#8309 = DIRECTION('',(0.,0.,1.));
#8310 = ADVANCED_FACE('',(#8311),#8329,.T.);
#8311 = FACE_BOUND('',#8312,.T.);
#8312 = EDGE_LOOP('',(#8313,#8321,#8327,#8328));
#8313 = ORIENTED_EDGE('',*,*,#8314,.T.);
#8314 = EDGE_CURVE('',#8291,#8315,#8317,.T.);
#8315 = VERTEX_POINT('',#8316);
#8316 = CARTESIAN_POINT('',(-7.52,2.79,7.35));
#8317 = LINE('',#8318,#8319);
#8318 = CARTESIAN_POINT('',(-7.72,2.79,7.35));
#8319 = VECTOR('',#8320,1.);
#8320 = DIRECTION('',(1.,-1.110223024625E-16,0.));
#8321 = ORIENTED_EDGE('',*,*,#8322,.T.);
#8322 = EDGE_CURVE('',#8315,#5351,#8323,.T.);
#8323 = LINE('',#8324,#8325);
#8324 = CARTESIAN_POINT('',(-7.52,2.79,7.35));
#8325 = VECTOR('',#8326,1.);
#8326 = DIRECTION('',(7.850462293414E-17,0.707106781187,0.707106781187)
  );
#8327 = ORIENTED_EDGE('',*,*,#5358,.F.);
#8328 = ORIENTED_EDGE('',*,*,#8298,.F.);
#8329 = PLANE('',#8330);
#8330 = AXIS2_PLACEMENT_3D('',#8331,#8332,#8333);
#8331 = CARTESIAN_POINT('',(-7.72,2.79,7.35));
#8332 = DIRECTION('',(-7.850462293414E-17,-0.707106781187,0.707106781187
    ));
#8333 = DIRECTION('',(7.850462293414E-17,0.707106781187,0.707106781187)
  );
#8334 = ADVANCED_FACE('',(#8335),#8371,.F.);
#8335 = FACE_BOUND('',#8336,.F.);
#8336 = EDGE_LOOP('',(#8337,#8338,#8346,#8354,#8362,#8368,#8369,#8370));
#8337 = ORIENTED_EDGE('',*,*,#5446,.F.);
#8338 = ORIENTED_EDGE('',*,*,#8339,.T.);
#8339 = EDGE_CURVE('',#5439,#8340,#8342,.T.);
#8340 = VERTEX_POINT('',#8341);
#8341 = CARTESIAN_POINT('',(-7.52,2.29,7.35));
#8342 = LINE('',#8343,#8344);
#8343 = CARTESIAN_POINT('',(-7.52,2.24,7.4));
#8344 = VECTOR('',#8345,1.);
#8345 = DIRECTION('',(7.850462293414E-17,0.707106781187,-0.707106781187)
  );
#8346 = ORIENTED_EDGE('',*,*,#8347,.T.);
#8347 = EDGE_CURVE('',#8340,#8348,#8350,.T.);
#8348 = VERTEX_POINT('',#8349);
#8349 = CARTESIAN_POINT('',(-7.52,2.29,1.25));
#8350 = LINE('',#8351,#8352);
#8351 = CARTESIAN_POINT('',(-7.52,2.29,7.35));
#8352 = VECTOR('',#8353,1.);
#8353 = DIRECTION('',(0.,0.,-1.));
#8354 = ORIENTED_EDGE('',*,*,#8355,.T.);
#8355 = EDGE_CURVE('',#8348,#8356,#8358,.T.);
#8356 = VERTEX_POINT('',#8357);
#8357 = CARTESIAN_POINT('',(-7.52,2.79,1.25));
#8358 = LINE('',#8359,#8360);
#8359 = CARTESIAN_POINT('',(-7.52,2.29,1.25));
#8360 = VECTOR('',#8361,1.);
#8361 = DIRECTION('',(1.110223024625E-16,1.,0.));
#8362 = ORIENTED_EDGE('',*,*,#8363,.T.);
#8363 = EDGE_CURVE('',#8356,#8315,#8364,.T.);
#8364 = LINE('',#8365,#8366);
#8365 = CARTESIAN_POINT('',(-7.52,2.79,1.25));
#8366 = VECTOR('',#8367,1.);
#8367 = DIRECTION('',(0.,0.,1.));
#8368 = ORIENTED_EDGE('',*,*,#8322,.T.);
#8369 = ORIENTED_EDGE('',*,*,#5350,.F.);
#8370 = ORIENTED_EDGE('',*,*,#8234,.T.);
#8371 = PLANE('',#8372);
#8372 = AXIS2_PLACEMENT_3D('',#8373,#8374,#8375);
#8373 = CARTESIAN_POINT('',(-7.52,2.54,3.911477598424));
#8374 = DIRECTION('',(-1.,1.110223024625E-16,0.));
#8375 = DIRECTION('',(0.,0.,1.));
#8376 = ADVANCED_FACE('',(#8377),#8388,.T.);
#8377 = FACE_BOUND('',#8378,.T.);
#8378 = EDGE_LOOP('',(#8379,#8380,#8381,#8387));
#8379 = ORIENTED_EDGE('',*,*,#5438,.T.);
#8380 = ORIENTED_EDGE('',*,*,#8339,.T.);
#8381 = ORIENTED_EDGE('',*,*,#8382,.F.);
#8382 = EDGE_CURVE('',#8267,#8340,#8383,.T.);
#8383 = LINE('',#8384,#8385);
#8384 = CARTESIAN_POINT('',(-7.72,2.29,7.35));
#8385 = VECTOR('',#8386,1.);
#8386 = DIRECTION('',(1.,-1.110223024625E-16,0.));
#8387 = ORIENTED_EDGE('',*,*,#8266,.F.);
#8388 = PLANE('',#8389);
#8389 = AXIS2_PLACEMENT_3D('',#8390,#8391,#8392);
#8390 = CARTESIAN_POINT('',(-7.72,2.24,7.4));
#8391 = DIRECTION('',(7.850462293414E-17,0.707106781187,0.707106781187)
  );
#8392 = DIRECTION('',(7.850462293414E-17,0.707106781187,-0.707106781187)
  );
#8393 = ADVANCED_FACE('',(#8394),#8405,.T.);
#8394 = FACE_BOUND('',#8395,.T.);
#8395 = EDGE_LOOP('',(#8396,#8397,#8398,#8399));
#8396 = ORIENTED_EDGE('',*,*,#5614,.T.);
#8397 = ORIENTED_EDGE('',*,*,#5477,.T.);
#8398 = ORIENTED_EDGE('',*,*,#5502,.T.);
#8399 = ORIENTED_EDGE('',*,*,#8400,.T.);
#8400 = EDGE_CURVE('',#5503,#5607,#8401,.T.);
#8401 = LINE('',#8402,#8403);
#8402 = CARTESIAN_POINT('',(-7.52,5.08,0.9));
#8403 = VECTOR('',#8404,1.);
#8404 = DIRECTION('',(-1.110223024625E-16,-1.,0.));
#8405 = PLANE('',#8406);
#8406 = AXIS2_PLACEMENT_3D('',#8407,#8408,#8409);
#8407 = CARTESIAN_POINT('',(-7.62,5.08,0.9));
#8408 = DIRECTION('',(0.,0.,1.));
#8409 = DIRECTION('',(1.110223024625E-16,1.,-0.));
#8410 = ADVANCED_FACE('',(#8411),#8422,.T.);
#8411 = FACE_BOUND('',#8412,.T.);
#8412 = EDGE_LOOP('',(#8413,#8414,#8420,#8421));
#8413 = ORIENTED_EDGE('',*,*,#5582,.T.);
#8414 = ORIENTED_EDGE('',*,*,#8415,.F.);
#8415 = EDGE_CURVE('',#5527,#5583,#8416,.T.);
#8416 = LINE('',#8417,#8418);
#8417 = CARTESIAN_POINT('',(-7.72,5.08,0.9));
#8418 = VECTOR('',#8419,1.);
#8419 = DIRECTION('',(-1.110223024625E-16,-1.,0.));
#8420 = ORIENTED_EDGE('',*,*,#5534,.T.);
#8421 = ORIENTED_EDGE('',*,*,#5557,.T.);
#8422 = PLANE('',#8423);
#8423 = AXIS2_PLACEMENT_3D('',#8424,#8425,#8426);
#8424 = CARTESIAN_POINT('',(-7.62,5.08,0.9));
#8425 = DIRECTION('',(0.,0.,1.));
#8426 = DIRECTION('',(1.110223024625E-16,1.,-0.));
#8427 = ADVANCED_FACE('',(#8428),#8471,.T.);
#8428 = FACE_BOUND('',#8429,.T.);
#8429 = EDGE_LOOP('',(#8430,#8431,#8439,#8447,#8455,#8463,#8469,#8470));
#8430 = ORIENTED_EDGE('',*,*,#5590,.F.);
#8431 = ORIENTED_EDGE('',*,*,#8432,.T.);
#8432 = EDGE_CURVE('',#5591,#8433,#8435,.T.);
#8433 = VERTEX_POINT('',#8434);
#8434 = CARTESIAN_POINT('',(-7.72,4.83,7.35));
#8435 = LINE('',#8436,#8437);
#8436 = CARTESIAN_POINT('',(-7.72,4.78,7.4));
#8437 = VECTOR('',#8438,1.);
#8438 = DIRECTION('',(7.850462293414E-17,0.707106781187,-0.707106781187)
  );
#8439 = ORIENTED_EDGE('',*,*,#8440,.T.);
#8440 = EDGE_CURVE('',#8433,#8441,#8443,.T.);
#8441 = VERTEX_POINT('',#8442);
#8442 = CARTESIAN_POINT('',(-7.72,4.83,1.25));
#8443 = LINE('',#8444,#8445);
#8444 = CARTESIAN_POINT('',(-7.72,4.83,7.35));
#8445 = VECTOR('',#8446,1.);
#8446 = DIRECTION('',(0.,0.,-1.));
#8447 = ORIENTED_EDGE('',*,*,#8448,.T.);
#8448 = EDGE_CURVE('',#8441,#8449,#8451,.T.);
#8449 = VERTEX_POINT('',#8450);
#8450 = CARTESIAN_POINT('',(-7.72,5.33,1.25));
#8451 = LINE('',#8452,#8453);
#8452 = CARTESIAN_POINT('',(-7.72,4.83,1.25));
#8453 = VECTOR('',#8454,1.);
#8454 = DIRECTION('',(1.110223024625E-16,1.,0.));
#8455 = ORIENTED_EDGE('',*,*,#8456,.T.);
#8456 = EDGE_CURVE('',#8449,#8457,#8459,.T.);
#8457 = VERTEX_POINT('',#8458);
#8458 = CARTESIAN_POINT('',(-7.72,5.33,7.35));
#8459 = LINE('',#8460,#8461);
#8460 = CARTESIAN_POINT('',(-7.72,5.33,1.25));
#8461 = VECTOR('',#8462,1.);
#8462 = DIRECTION('',(0.,0.,1.));
#8463 = ORIENTED_EDGE('',*,*,#8464,.T.);
#8464 = EDGE_CURVE('',#8457,#5519,#8465,.T.);
#8465 = LINE('',#8466,#8467);
#8466 = CARTESIAN_POINT('',(-7.72,5.33,7.35));
#8467 = VECTOR('',#8468,1.);
#8468 = DIRECTION('',(7.850462293414E-17,0.707106781187,0.707106781187)
  );
#8469 = ORIENTED_EDGE('',*,*,#5526,.F.);
#8470 = ORIENTED_EDGE('',*,*,#8415,.T.);
#8471 = PLANE('',#8472);
#8472 = AXIS2_PLACEMENT_3D('',#8473,#8474,#8475);
#8473 = CARTESIAN_POINT('',(-7.72,5.08,3.911477598424));
#8474 = DIRECTION('',(-1.,1.110223024625E-16,0.));
#8475 = DIRECTION('',(0.,0.,1.));
#8476 = ADVANCED_FACE('',(#8477),#8495,.T.);
#8477 = FACE_BOUND('',#8478,.T.);
#8478 = EDGE_LOOP('',(#8479,#8487,#8493,#8494));
#8479 = ORIENTED_EDGE('',*,*,#8480,.T.);
#8480 = EDGE_CURVE('',#8457,#8481,#8483,.T.);
#8481 = VERTEX_POINT('',#8482);
#8482 = CARTESIAN_POINT('',(-7.52,5.33,7.35));
#8483 = LINE('',#8484,#8485);
#8484 = CARTESIAN_POINT('',(-7.72,5.33,7.35));
#8485 = VECTOR('',#8486,1.);
#8486 = DIRECTION('',(1.,-1.110223024625E-16,0.));
#8487 = ORIENTED_EDGE('',*,*,#8488,.T.);
#8488 = EDGE_CURVE('',#8481,#5511,#8489,.T.);
#8489 = LINE('',#8490,#8491);
#8490 = CARTESIAN_POINT('',(-7.52,5.33,7.35));
#8491 = VECTOR('',#8492,1.);
#8492 = DIRECTION('',(7.850462293414E-17,0.707106781187,0.707106781187)
  );
#8493 = ORIENTED_EDGE('',*,*,#5518,.F.);
#8494 = ORIENTED_EDGE('',*,*,#8464,.F.);
#8495 = PLANE('',#8496);
#8496 = AXIS2_PLACEMENT_3D('',#8497,#8498,#8499);
#8497 = CARTESIAN_POINT('',(-7.72,5.33,7.35));
#8498 = DIRECTION('',(-7.850462293414E-17,-0.707106781187,0.707106781187
    ));
#8499 = DIRECTION('',(7.850462293414E-17,0.707106781187,0.707106781187)
  );
#8500 = ADVANCED_FACE('',(#8501),#8537,.F.);
#8501 = FACE_BOUND('',#8502,.F.);
#8502 = EDGE_LOOP('',(#8503,#8504,#8512,#8520,#8528,#8534,#8535,#8536));
#8503 = ORIENTED_EDGE('',*,*,#5606,.F.);
#8504 = ORIENTED_EDGE('',*,*,#8505,.T.);
#8505 = EDGE_CURVE('',#5599,#8506,#8508,.T.);
#8506 = VERTEX_POINT('',#8507);
#8507 = CARTESIAN_POINT('',(-7.52,4.83,7.35));
#8508 = LINE('',#8509,#8510);
#8509 = CARTESIAN_POINT('',(-7.52,4.78,7.4));
#8510 = VECTOR('',#8511,1.);
#8511 = DIRECTION('',(7.850462293414E-17,0.707106781187,-0.707106781187)
  );
#8512 = ORIENTED_EDGE('',*,*,#8513,.T.);
#8513 = EDGE_CURVE('',#8506,#8514,#8516,.T.);
#8514 = VERTEX_POINT('',#8515);
#8515 = CARTESIAN_POINT('',(-7.52,4.83,1.25));
#8516 = LINE('',#8517,#8518);
#8517 = CARTESIAN_POINT('',(-7.52,4.83,7.35));
#8518 = VECTOR('',#8519,1.);
#8519 = DIRECTION('',(0.,0.,-1.));
#8520 = ORIENTED_EDGE('',*,*,#8521,.T.);
#8521 = EDGE_CURVE('',#8514,#8522,#8524,.T.);
#8522 = VERTEX_POINT('',#8523);
#8523 = CARTESIAN_POINT('',(-7.52,5.33,1.25));
#8524 = LINE('',#8525,#8526);
#8525 = CARTESIAN_POINT('',(-7.52,4.83,1.25));
#8526 = VECTOR('',#8527,1.);
#8527 = DIRECTION('',(1.110223024625E-16,1.,0.));
#8528 = ORIENTED_EDGE('',*,*,#8529,.T.);
#8529 = EDGE_CURVE('',#8522,#8481,#8530,.T.);
#8530 = LINE('',#8531,#8532);
#8531 = CARTESIAN_POINT('',(-7.52,5.33,1.25));
#8532 = VECTOR('',#8533,1.);
#8533 = DIRECTION('',(0.,0.,1.));
#8534 = ORIENTED_EDGE('',*,*,#8488,.T.);
#8535 = ORIENTED_EDGE('',*,*,#5510,.F.);
#8536 = ORIENTED_EDGE('',*,*,#8400,.T.);
#8537 = PLANE('',#8538);
#8538 = AXIS2_PLACEMENT_3D('',#8539,#8540,#8541);
#8539 = CARTESIAN_POINT('',(-7.52,5.08,3.911477598424));
#8540 = DIRECTION('',(-1.,1.110223024625E-16,0.));
#8541 = DIRECTION('',(0.,0.,1.));
#8542 = ADVANCED_FACE('',(#8543),#8554,.T.);
#8543 = FACE_BOUND('',#8544,.T.);
#8544 = EDGE_LOOP('',(#8545,#8546,#8547,#8553));
#8545 = ORIENTED_EDGE('',*,*,#5598,.T.);
#8546 = ORIENTED_EDGE('',*,*,#8505,.T.);
#8547 = ORIENTED_EDGE('',*,*,#8548,.F.);
#8548 = EDGE_CURVE('',#8433,#8506,#8549,.T.);
#8549 = LINE('',#8550,#8551);
#8550 = CARTESIAN_POINT('',(-7.72,4.83,7.35));
#8551 = VECTOR('',#8552,1.);
#8552 = DIRECTION('',(1.,-1.110223024625E-16,0.));
#8553 = ORIENTED_EDGE('',*,*,#8432,.F.);
#8554 = PLANE('',#8555);
#8555 = AXIS2_PLACEMENT_3D('',#8556,#8557,#8558);
#8556 = CARTESIAN_POINT('',(-7.72,4.78,7.4));
#8557 = DIRECTION('',(7.850462293414E-17,0.707106781187,0.707106781187)
  );
#8558 = DIRECTION('',(7.850462293414E-17,0.707106781187,-0.707106781187)
  );
#8559 = ADVANCED_FACE('',(#8560),#8571,.T.);
#8560 = FACE_BOUND('',#8561,.T.);
#8561 = EDGE_LOOP('',(#8562,#8563,#8564,#8565));
#8562 = ORIENTED_EDGE('',*,*,#5774,.T.);
#8563 = ORIENTED_EDGE('',*,*,#5637,.T.);
#8564 = ORIENTED_EDGE('',*,*,#5662,.T.);
#8565 = ORIENTED_EDGE('',*,*,#8566,.T.);
#8566 = EDGE_CURVE('',#5663,#5767,#8567,.T.);
#8567 = LINE('',#8568,#8569);
#8568 = CARTESIAN_POINT('',(-7.52,7.62,0.9));
#8569 = VECTOR('',#8570,1.);
#8570 = DIRECTION('',(-1.110223024625E-16,-1.,0.));
#8571 = PLANE('',#8572);
#8572 = AXIS2_PLACEMENT_3D('',#8573,#8574,#8575);
#8573 = CARTESIAN_POINT('',(-7.62,7.62,0.9));
#8574 = DIRECTION('',(0.,0.,1.));
#8575 = DIRECTION('',(1.110223024625E-16,1.,-0.));
#8576 = ADVANCED_FACE('',(#8577),#8588,.T.);
#8577 = FACE_BOUND('',#8578,.T.);
#8578 = EDGE_LOOP('',(#8579,#8580,#8586,#8587));
#8579 = ORIENTED_EDGE('',*,*,#5742,.T.);
#8580 = ORIENTED_EDGE('',*,*,#8581,.F.);
#8581 = EDGE_CURVE('',#5687,#5743,#8582,.T.);
#8582 = LINE('',#8583,#8584);
#8583 = CARTESIAN_POINT('',(-7.72,7.62,0.9));
#8584 = VECTOR('',#8585,1.);
#8585 = DIRECTION('',(-1.110223024625E-16,-1.,0.));
#8586 = ORIENTED_EDGE('',*,*,#5694,.T.);
#8587 = ORIENTED_EDGE('',*,*,#5717,.T.);
#8588 = PLANE('',#8589);
#8589 = AXIS2_PLACEMENT_3D('',#8590,#8591,#8592);
#8590 = CARTESIAN_POINT('',(-7.62,7.62,0.9));
#8591 = DIRECTION('',(0.,0.,1.));
#8592 = DIRECTION('',(1.110223024625E-16,1.,-0.));
#8593 = ADVANCED_FACE('',(#8594),#8637,.T.);
#8594 = FACE_BOUND('',#8595,.T.);
#8595 = EDGE_LOOP('',(#8596,#8597,#8605,#8613,#8621,#8629,#8635,#8636));
#8596 = ORIENTED_EDGE('',*,*,#5750,.F.);
#8597 = ORIENTED_EDGE('',*,*,#8598,.T.);
#8598 = EDGE_CURVE('',#5751,#8599,#8601,.T.);
#8599 = VERTEX_POINT('',#8600);
#8600 = CARTESIAN_POINT('',(-7.72,7.37,7.35));
#8601 = LINE('',#8602,#8603);
#8602 = CARTESIAN_POINT('',(-7.72,7.32,7.4));
#8603 = VECTOR('',#8604,1.);
#8604 = DIRECTION('',(7.850462293414E-17,0.707106781187,-0.707106781187)
  );
#8605 = ORIENTED_EDGE('',*,*,#8606,.T.);
#8606 = EDGE_CURVE('',#8599,#8607,#8609,.T.);
#8607 = VERTEX_POINT('',#8608);
#8608 = CARTESIAN_POINT('',(-7.72,7.37,1.25));
#8609 = LINE('',#8610,#8611);
#8610 = CARTESIAN_POINT('',(-7.72,7.37,7.35));
#8611 = VECTOR('',#8612,1.);
#8612 = DIRECTION('',(0.,0.,-1.));
#8613 = ORIENTED_EDGE('',*,*,#8614,.T.);
#8614 = EDGE_CURVE('',#8607,#8615,#8617,.T.);
#8615 = VERTEX_POINT('',#8616);
#8616 = CARTESIAN_POINT('',(-7.72,7.87,1.25));
#8617 = LINE('',#8618,#8619);
#8618 = CARTESIAN_POINT('',(-7.72,7.37,1.25));
#8619 = VECTOR('',#8620,1.);
#8620 = DIRECTION('',(1.110223024625E-16,1.,0.));
#8621 = ORIENTED_EDGE('',*,*,#8622,.T.);
#8622 = EDGE_CURVE('',#8615,#8623,#8625,.T.);
#8623 = VERTEX_POINT('',#8624);
#8624 = CARTESIAN_POINT('',(-7.72,7.87,7.35));
#8625 = LINE('',#8626,#8627);
#8626 = CARTESIAN_POINT('',(-7.72,7.87,1.25));
#8627 = VECTOR('',#8628,1.);
#8628 = DIRECTION('',(0.,0.,1.));
#8629 = ORIENTED_EDGE('',*,*,#8630,.T.);
#8630 = EDGE_CURVE('',#8623,#5679,#8631,.T.);
#8631 = LINE('',#8632,#8633);
#8632 = CARTESIAN_POINT('',(-7.72,7.87,7.35));
#8633 = VECTOR('',#8634,1.);
#8634 = DIRECTION('',(7.850462293414E-17,0.707106781187,0.707106781187)
  );
#8635 = ORIENTED_EDGE('',*,*,#5686,.F.);
#8636 = ORIENTED_EDGE('',*,*,#8581,.T.);
#8637 = PLANE('',#8638);
#8638 = AXIS2_PLACEMENT_3D('',#8639,#8640,#8641);
#8639 = CARTESIAN_POINT('',(-7.72,7.62,3.911477598424));
#8640 = DIRECTION('',(-1.,1.110223024625E-16,0.));
#8641 = DIRECTION('',(0.,0.,1.));
#8642 = ADVANCED_FACE('',(#8643),#8661,.T.);
#8643 = FACE_BOUND('',#8644,.T.);
#8644 = EDGE_LOOP('',(#8645,#8653,#8659,#8660));
#8645 = ORIENTED_EDGE('',*,*,#8646,.T.);
#8646 = EDGE_CURVE('',#8623,#8647,#8649,.T.);
#8647 = VERTEX_POINT('',#8648);
#8648 = CARTESIAN_POINT('',(-7.52,7.87,7.35));
#8649 = LINE('',#8650,#8651);
#8650 = CARTESIAN_POINT('',(-7.72,7.87,7.35));
#8651 = VECTOR('',#8652,1.);
#8652 = DIRECTION('',(1.,-1.110223024625E-16,0.));
#8653 = ORIENTED_EDGE('',*,*,#8654,.T.);
#8654 = EDGE_CURVE('',#8647,#5671,#8655,.T.);
#8655 = LINE('',#8656,#8657);
#8656 = CARTESIAN_POINT('',(-7.52,7.87,7.35));
#8657 = VECTOR('',#8658,1.);
#8658 = DIRECTION('',(7.850462293414E-17,0.707106781187,0.707106781187)
  );
#8659 = ORIENTED_EDGE('',*,*,#5678,.F.);
#8660 = ORIENTED_EDGE('',*,*,#8630,.F.);
#8661 = PLANE('',#8662);
#8662 = AXIS2_PLACEMENT_3D('',#8663,#8664,#8665);
#8663 = CARTESIAN_POINT('',(-7.72,7.87,7.35));
#8664 = DIRECTION('',(-7.850462293414E-17,-0.707106781187,0.707106781187
    ));
#8665 = DIRECTION('',(7.850462293414E-17,0.707106781187,0.707106781187)
  );
#8666 = ADVANCED_FACE('',(#8667),#8703,.F.);
#8667 = FACE_BOUND('',#8668,.F.);
#8668 = EDGE_LOOP('',(#8669,#8670,#8678,#8686,#8694,#8700,#8701,#8702));
#8669 = ORIENTED_EDGE('',*,*,#5766,.F.);
#8670 = ORIENTED_EDGE('',*,*,#8671,.T.);
#8671 = EDGE_CURVE('',#5759,#8672,#8674,.T.);
#8672 = VERTEX_POINT('',#8673);
#8673 = CARTESIAN_POINT('',(-7.52,7.37,7.35));
#8674 = LINE('',#8675,#8676);
#8675 = CARTESIAN_POINT('',(-7.52,7.32,7.4));
#8676 = VECTOR('',#8677,1.);
#8677 = DIRECTION('',(7.850462293414E-17,0.707106781187,-0.707106781187)
  );
#8678 = ORIENTED_EDGE('',*,*,#8679,.T.);
#8679 = EDGE_CURVE('',#8672,#8680,#8682,.T.);
#8680 = VERTEX_POINT('',#8681);
#8681 = CARTESIAN_POINT('',(-7.52,7.37,1.25));
#8682 = LINE('',#8683,#8684);
#8683 = CARTESIAN_POINT('',(-7.52,7.37,7.35));
#8684 = VECTOR('',#8685,1.);
#8685 = DIRECTION('',(0.,0.,-1.));
#8686 = ORIENTED_EDGE('',*,*,#8687,.T.);
#8687 = EDGE_CURVE('',#8680,#8688,#8690,.T.);
#8688 = VERTEX_POINT('',#8689);
#8689 = CARTESIAN_POINT('',(-7.52,7.87,1.25));
#8690 = LINE('',#8691,#8692);
#8691 = CARTESIAN_POINT('',(-7.52,7.37,1.25));
#8692 = VECTOR('',#8693,1.);
#8693 = DIRECTION('',(1.110223024625E-16,1.,0.));
#8694 = ORIENTED_EDGE('',*,*,#8695,.T.);
#8695 = EDGE_CURVE('',#8688,#8647,#8696,.T.);
#8696 = LINE('',#8697,#8698);
#8697 = CARTESIAN_POINT('',(-7.52,7.87,1.25));
#8698 = VECTOR('',#8699,1.);
#8699 = DIRECTION('',(0.,0.,1.));
#8700 = ORIENTED_EDGE('',*,*,#8654,.T.);
#8701 = ORIENTED_EDGE('',*,*,#5670,.F.);
#8702 = ORIENTED_EDGE('',*,*,#8566,.T.);
#8703 = PLANE('',#8704);
#8704 = AXIS2_PLACEMENT_3D('',#8705,#8706,#8707);
#8705 = CARTESIAN_POINT('',(-7.52,7.62,3.911477598424));
#8706 = DIRECTION('',(-1.,1.110223024625E-16,0.));
#8707 = DIRECTION('',(0.,0.,1.));
#8708 = ADVANCED_FACE('',(#8709),#8720,.T.);
#8709 = FACE_BOUND('',#8710,.T.);
#8710 = EDGE_LOOP('',(#8711,#8712,#8713,#8719));
#8711 = ORIENTED_EDGE('',*,*,#5758,.T.);
#8712 = ORIENTED_EDGE('',*,*,#8671,.T.);
#8713 = ORIENTED_EDGE('',*,*,#8714,.F.);
#8714 = EDGE_CURVE('',#8599,#8672,#8715,.T.);
#8715 = LINE('',#8716,#8717);
#8716 = CARTESIAN_POINT('',(-7.72,7.37,7.35));
#8717 = VECTOR('',#8718,1.);
#8718 = DIRECTION('',(1.,-1.110223024625E-16,0.));
#8719 = ORIENTED_EDGE('',*,*,#8598,.F.);
#8720 = PLANE('',#8721);
#8721 = AXIS2_PLACEMENT_3D('',#8722,#8723,#8724);
#8722 = CARTESIAN_POINT('',(-7.72,7.32,7.4));
#8723 = DIRECTION('',(7.850462293414E-17,0.707106781187,0.707106781187)
  );
#8724 = DIRECTION('',(7.850462293414E-17,0.707106781187,-0.707106781187)
  );
#8725 = ADVANCED_FACE('',(#8726),#8737,.T.);
#8726 = FACE_BOUND('',#8727,.T.);
#8727 = EDGE_LOOP('',(#8728,#8729,#8730,#8731));
#8728 = ORIENTED_EDGE('',*,*,#5934,.T.);
#8729 = ORIENTED_EDGE('',*,*,#5797,.T.);
#8730 = ORIENTED_EDGE('',*,*,#5822,.T.);
#8731 = ORIENTED_EDGE('',*,*,#8732,.T.);
#8732 = EDGE_CURVE('',#5823,#5927,#8733,.T.);
#8733 = LINE('',#8734,#8735);
#8734 = CARTESIAN_POINT('',(-7.52,10.16,0.9));
#8735 = VECTOR('',#8736,1.);
#8736 = DIRECTION('',(-1.110223024625E-16,-1.,0.));
#8737 = PLANE('',#8738);
#8738 = AXIS2_PLACEMENT_3D('',#8739,#8740,#8741);
#8739 = CARTESIAN_POINT('',(-7.62,10.16,0.9));
#8740 = DIRECTION('',(0.,0.,1.));
#8741 = DIRECTION('',(1.110223024625E-16,1.,-0.));
#8742 = ADVANCED_FACE('',(#8743),#8754,.T.);
#8743 = FACE_BOUND('',#8744,.T.);
#8744 = EDGE_LOOP('',(#8745,#8746,#8752,#8753));
#8745 = ORIENTED_EDGE('',*,*,#5902,.T.);
#8746 = ORIENTED_EDGE('',*,*,#8747,.F.);
#8747 = EDGE_CURVE('',#5847,#5903,#8748,.T.);
#8748 = LINE('',#8749,#8750);
#8749 = CARTESIAN_POINT('',(-7.72,10.16,0.9));
#8750 = VECTOR('',#8751,1.);
#8751 = DIRECTION('',(-1.110223024625E-16,-1.,0.));
#8752 = ORIENTED_EDGE('',*,*,#5854,.T.);
#8753 = ORIENTED_EDGE('',*,*,#5877,.T.);
#8754 = PLANE('',#8755);
#8755 = AXIS2_PLACEMENT_3D('',#8756,#8757,#8758);
#8756 = CARTESIAN_POINT('',(-7.62,10.16,0.9));
#8757 = DIRECTION('',(0.,0.,1.));
#8758 = DIRECTION('',(1.110223024625E-16,1.,-0.));
#8759 = ADVANCED_FACE('',(#8760),#8803,.T.);
#8760 = FACE_BOUND('',#8761,.T.);
#8761 = EDGE_LOOP('',(#8762,#8763,#8771,#8779,#8787,#8795,#8801,#8802));
#8762 = ORIENTED_EDGE('',*,*,#5910,.F.);
#8763 = ORIENTED_EDGE('',*,*,#8764,.T.);
#8764 = EDGE_CURVE('',#5911,#8765,#8767,.T.);
#8765 = VERTEX_POINT('',#8766);
#8766 = CARTESIAN_POINT('',(-7.72,9.91,7.35));
#8767 = LINE('',#8768,#8769);
#8768 = CARTESIAN_POINT('',(-7.72,9.86,7.4));
#8769 = VECTOR('',#8770,1.);
#8770 = DIRECTION('',(7.850462293414E-17,0.707106781187,-0.707106781187)
  );
#8771 = ORIENTED_EDGE('',*,*,#8772,.T.);
#8772 = EDGE_CURVE('',#8765,#8773,#8775,.T.);
#8773 = VERTEX_POINT('',#8774);
#8774 = CARTESIAN_POINT('',(-7.72,9.91,1.25));
#8775 = LINE('',#8776,#8777);
#8776 = CARTESIAN_POINT('',(-7.72,9.91,7.35));
#8777 = VECTOR('',#8778,1.);
#8778 = DIRECTION('',(0.,0.,-1.));
#8779 = ORIENTED_EDGE('',*,*,#8780,.T.);
#8780 = EDGE_CURVE('',#8773,#8781,#8783,.T.);
#8781 = VERTEX_POINT('',#8782);
#8782 = CARTESIAN_POINT('',(-7.72,10.41,1.25));
#8783 = LINE('',#8784,#8785);
#8784 = CARTESIAN_POINT('',(-7.72,9.91,1.25));
#8785 = VECTOR('',#8786,1.);
#8786 = DIRECTION('',(1.110223024625E-16,1.,0.));
#8787 = ORIENTED_EDGE('',*,*,#8788,.T.);
#8788 = EDGE_CURVE('',#8781,#8789,#8791,.T.);
#8789 = VERTEX_POINT('',#8790);
#8790 = CARTESIAN_POINT('',(-7.72,10.41,7.35));
#8791 = LINE('',#8792,#8793);
#8792 = CARTESIAN_POINT('',(-7.72,10.41,1.25));
#8793 = VECTOR('',#8794,1.);
#8794 = DIRECTION('',(0.,0.,1.));
#8795 = ORIENTED_EDGE('',*,*,#8796,.T.);
#8796 = EDGE_CURVE('',#8789,#5839,#8797,.T.);
#8797 = LINE('',#8798,#8799);
#8798 = CARTESIAN_POINT('',(-7.72,10.41,7.35));
#8799 = VECTOR('',#8800,1.);
#8800 = DIRECTION('',(7.850462293414E-17,0.707106781187,0.707106781187)
  );
#8801 = ORIENTED_EDGE('',*,*,#5846,.F.);
#8802 = ORIENTED_EDGE('',*,*,#8747,.T.);
#8803 = PLANE('',#8804);
#8804 = AXIS2_PLACEMENT_3D('',#8805,#8806,#8807);
#8805 = CARTESIAN_POINT('',(-7.72,10.16,3.911477598424));
#8806 = DIRECTION('',(-1.,1.110223024625E-16,0.));
#8807 = DIRECTION('',(0.,0.,1.));
#8808 = ADVANCED_FACE('',(#8809),#8827,.T.);
#8809 = FACE_BOUND('',#8810,.T.);
#8810 = EDGE_LOOP('',(#8811,#8819,#8825,#8826));
#8811 = ORIENTED_EDGE('',*,*,#8812,.T.);
#8812 = EDGE_CURVE('',#8789,#8813,#8815,.T.);
#8813 = VERTEX_POINT('',#8814);
#8814 = CARTESIAN_POINT('',(-7.52,10.41,7.35));
#8815 = LINE('',#8816,#8817);
#8816 = CARTESIAN_POINT('',(-7.72,10.41,7.35));
#8817 = VECTOR('',#8818,1.);
#8818 = DIRECTION('',(1.,-1.110223024625E-16,0.));
#8819 = ORIENTED_EDGE('',*,*,#8820,.T.);
#8820 = EDGE_CURVE('',#8813,#5831,#8821,.T.);
#8821 = LINE('',#8822,#8823);
#8822 = CARTESIAN_POINT('',(-7.52,10.41,7.35));
#8823 = VECTOR('',#8824,1.);
#8824 = DIRECTION('',(7.850462293414E-17,0.707106781187,0.707106781187)
  );
#8825 = ORIENTED_EDGE('',*,*,#5838,.F.);
#8826 = ORIENTED_EDGE('',*,*,#8796,.F.);
#8827 = PLANE('',#8828);
#8828 = AXIS2_PLACEMENT_3D('',#8829,#8830,#8831);
#8829 = CARTESIAN_POINT('',(-7.72,10.41,7.35));
#8830 = DIRECTION('',(-7.850462293414E-17,-0.707106781187,0.707106781187
    ));
#8831 = DIRECTION('',(7.850462293414E-17,0.707106781187,0.707106781187)
  );
#8832 = ADVANCED_FACE('',(#8833),#8869,.F.);
#8833 = FACE_BOUND('',#8834,.F.);
#8834 = EDGE_LOOP('',(#8835,#8836,#8844,#8852,#8860,#8866,#8867,#8868));
#8835 = ORIENTED_EDGE('',*,*,#5926,.F.);
#8836 = ORIENTED_EDGE('',*,*,#8837,.T.);
#8837 = EDGE_CURVE('',#5919,#8838,#8840,.T.);
#8838 = VERTEX_POINT('',#8839);
#8839 = CARTESIAN_POINT('',(-7.52,9.91,7.35));
#8840 = LINE('',#8841,#8842);
#8841 = CARTESIAN_POINT('',(-7.52,9.86,7.4));
#8842 = VECTOR('',#8843,1.);
#8843 = DIRECTION('',(7.850462293414E-17,0.707106781187,-0.707106781187)
  );
#8844 = ORIENTED_EDGE('',*,*,#8845,.T.);
#8845 = EDGE_CURVE('',#8838,#8846,#8848,.T.);
#8846 = VERTEX_POINT('',#8847);
#8847 = CARTESIAN_POINT('',(-7.52,9.91,1.25));
#8848 = LINE('',#8849,#8850);
#8849 = CARTESIAN_POINT('',(-7.52,9.91,7.35));
#8850 = VECTOR('',#8851,1.);
#8851 = DIRECTION('',(0.,0.,-1.));
#8852 = ORIENTED_EDGE('',*,*,#8853,.T.);
#8853 = EDGE_CURVE('',#8846,#8854,#8856,.T.);
#8854 = VERTEX_POINT('',#8855);
#8855 = CARTESIAN_POINT('',(-7.52,10.41,1.25));
#8856 = LINE('',#8857,#8858);
#8857 = CARTESIAN_POINT('',(-7.52,9.91,1.25));
#8858 = VECTOR('',#8859,1.);
#8859 = DIRECTION('',(1.110223024625E-16,1.,0.));
#8860 = ORIENTED_EDGE('',*,*,#8861,.T.);
#8861 = EDGE_CURVE('',#8854,#8813,#8862,.T.);
#8862 = LINE('',#8863,#8864);
#8863 = CARTESIAN_POINT('',(-7.52,10.41,1.25));
#8864 = VECTOR('',#8865,1.);
#8865 = DIRECTION('',(0.,0.,1.));
#8866 = ORIENTED_EDGE('',*,*,#8820,.T.);
#8867 = ORIENTED_EDGE('',*,*,#5830,.F.);
#8868 = ORIENTED_EDGE('',*,*,#8732,.T.);
#8869 = PLANE('',#8870);
#8870 = AXIS2_PLACEMENT_3D('',#8871,#8872,#8873);
#8871 = CARTESIAN_POINT('',(-7.52,10.16,3.911477598424));
#8872 = DIRECTION('',(-1.,1.110223024625E-16,0.));
#8873 = DIRECTION('',(0.,0.,1.));
#8874 = ADVANCED_FACE('',(#8875),#8886,.T.);
#8875 = FACE_BOUND('',#8876,.T.);
#8876 = EDGE_LOOP('',(#8877,#8878,#8879,#8885));
#8877 = ORIENTED_EDGE('',*,*,#5918,.T.);
#8878 = ORIENTED_EDGE('',*,*,#8837,.T.);
#8879 = ORIENTED_EDGE('',*,*,#8880,.F.);
#8880 = EDGE_CURVE('',#8765,#8838,#8881,.T.);
#8881 = LINE('',#8882,#8883);
#8882 = CARTESIAN_POINT('',(-7.72,9.91,7.35));
#8883 = VECTOR('',#8884,1.);
#8884 = DIRECTION('',(1.,-1.110223024625E-16,0.));
#8885 = ORIENTED_EDGE('',*,*,#8764,.F.);
#8886 = PLANE('',#8887);
#8887 = AXIS2_PLACEMENT_3D('',#8888,#8889,#8890);
#8888 = CARTESIAN_POINT('',(-7.72,9.86,7.4));
#8889 = DIRECTION('',(7.850462293414E-17,0.707106781187,0.707106781187)
  );
#8890 = DIRECTION('',(7.850462293414E-17,0.707106781187,-0.707106781187)
  );
#8891 = ADVANCED_FACE('',(#8892),#8903,.T.);
#8892 = FACE_BOUND('',#8893,.T.);
#8893 = EDGE_LOOP('',(#8894,#8895,#8896,#8897));
#8894 = ORIENTED_EDGE('',*,*,#6094,.T.);
#8895 = ORIENTED_EDGE('',*,*,#5957,.T.);
#8896 = ORIENTED_EDGE('',*,*,#5982,.T.);
#8897 = ORIENTED_EDGE('',*,*,#8898,.T.);
#8898 = EDGE_CURVE('',#5983,#6087,#8899,.T.);
#8899 = LINE('',#8900,#8901);
#8900 = CARTESIAN_POINT('',(-7.52,12.7,0.9));
#8901 = VECTOR('',#8902,1.);
#8902 = DIRECTION('',(-1.110223024625E-16,-1.,0.));
#8903 = PLANE('',#8904);
#8904 = AXIS2_PLACEMENT_3D('',#8905,#8906,#8907);
#8905 = CARTESIAN_POINT('',(-7.62,12.7,0.9));
#8906 = DIRECTION('',(0.,0.,1.));
#8907 = DIRECTION('',(1.110223024625E-16,1.,-0.));
#8908 = ADVANCED_FACE('',(#8909),#8920,.T.);
#8909 = FACE_BOUND('',#8910,.T.);
#8910 = EDGE_LOOP('',(#8911,#8912,#8918,#8919));
#8911 = ORIENTED_EDGE('',*,*,#6062,.T.);
#8912 = ORIENTED_EDGE('',*,*,#8913,.F.);
#8913 = EDGE_CURVE('',#6007,#6063,#8914,.T.);
#8914 = LINE('',#8915,#8916);
#8915 = CARTESIAN_POINT('',(-7.72,12.7,0.9));
#8916 = VECTOR('',#8917,1.);
#8917 = DIRECTION('',(-1.110223024625E-16,-1.,0.));
#8918 = ORIENTED_EDGE('',*,*,#6014,.T.);
#8919 = ORIENTED_EDGE('',*,*,#6037,.T.);
#8920 = PLANE('',#8921);
#8921 = AXIS2_PLACEMENT_3D('',#8922,#8923,#8924);
#8922 = CARTESIAN_POINT('',(-7.62,12.7,0.9));
#8923 = DIRECTION('',(0.,0.,1.));
#8924 = DIRECTION('',(1.110223024625E-16,1.,-0.));
#8925 = ADVANCED_FACE('',(#8926),#8969,.T.);
#8926 = FACE_BOUND('',#8927,.T.);
#8927 = EDGE_LOOP('',(#8928,#8929,#8937,#8945,#8953,#8961,#8967,#8968));
#8928 = ORIENTED_EDGE('',*,*,#6070,.F.);
#8929 = ORIENTED_EDGE('',*,*,#8930,.T.);
#8930 = EDGE_CURVE('',#6071,#8931,#8933,.T.);
#8931 = VERTEX_POINT('',#8932);
#8932 = CARTESIAN_POINT('',(-7.72,12.45,7.35));
#8933 = LINE('',#8934,#8935);
#8934 = CARTESIAN_POINT('',(-7.72,12.4,7.4));
#8935 = VECTOR('',#8936,1.);
#8936 = DIRECTION('',(7.850462293414E-17,0.707106781187,-0.707106781187)
  );
#8937 = ORIENTED_EDGE('',*,*,#8938,.T.);
#8938 = EDGE_CURVE('',#8931,#8939,#8941,.T.);
#8939 = VERTEX_POINT('',#8940);
#8940 = CARTESIAN_POINT('',(-7.72,12.45,1.25));
#8941 = LINE('',#8942,#8943);
#8942 = CARTESIAN_POINT('',(-7.72,12.45,7.35));
#8943 = VECTOR('',#8944,1.);
#8944 = DIRECTION('',(0.,0.,-1.));
#8945 = ORIENTED_EDGE('',*,*,#8946,.T.);
#8946 = EDGE_CURVE('',#8939,#8947,#8949,.T.);
#8947 = VERTEX_POINT('',#8948);
#8948 = CARTESIAN_POINT('',(-7.72,12.95,1.25));
#8949 = LINE('',#8950,#8951);
#8950 = CARTESIAN_POINT('',(-7.72,12.45,1.25));
#8951 = VECTOR('',#8952,1.);
#8952 = DIRECTION('',(1.110223024625E-16,1.,0.));
#8953 = ORIENTED_EDGE('',*,*,#8954,.T.);
#8954 = EDGE_CURVE('',#8947,#8955,#8957,.T.);
#8955 = VERTEX_POINT('',#8956);
#8956 = CARTESIAN_POINT('',(-7.72,12.95,7.35));
#8957 = LINE('',#8958,#8959);
#8958 = CARTESIAN_POINT('',(-7.72,12.95,1.25));
#8959 = VECTOR('',#8960,1.);
#8960 = DIRECTION('',(0.,0.,1.));
#8961 = ORIENTED_EDGE('',*,*,#8962,.T.);
#8962 = EDGE_CURVE('',#8955,#5999,#8963,.T.);
#8963 = LINE('',#8964,#8965);
#8964 = CARTESIAN_POINT('',(-7.72,12.95,7.35));
#8965 = VECTOR('',#8966,1.);
#8966 = DIRECTION('',(7.850462293414E-17,0.707106781187,0.707106781187)
  );
#8967 = ORIENTED_EDGE('',*,*,#6006,.F.);
#8968 = ORIENTED_EDGE('',*,*,#8913,.T.);
#8969 = PLANE('',#8970);
#8970 = AXIS2_PLACEMENT_3D('',#8971,#8972,#8973);
#8971 = CARTESIAN_POINT('',(-7.72,12.7,3.911477598424));
#8972 = DIRECTION('',(-1.,1.110223024625E-16,0.));
#8973 = DIRECTION('',(0.,0.,1.));
#8974 = ADVANCED_FACE('',(#8975),#8993,.T.);
#8975 = FACE_BOUND('',#8976,.T.);
#8976 = EDGE_LOOP('',(#8977,#8985,#8991,#8992));
#8977 = ORIENTED_EDGE('',*,*,#8978,.T.);
#8978 = EDGE_CURVE('',#8955,#8979,#8981,.T.);
#8979 = VERTEX_POINT('',#8980);
#8980 = CARTESIAN_POINT('',(-7.52,12.95,7.35));
#8981 = LINE('',#8982,#8983);
#8982 = CARTESIAN_POINT('',(-7.72,12.95,7.35));
#8983 = VECTOR('',#8984,1.);
#8984 = DIRECTION('',(1.,-1.110223024625E-16,0.));
#8985 = ORIENTED_EDGE('',*,*,#8986,.T.);
#8986 = EDGE_CURVE('',#8979,#5991,#8987,.T.);
#8987 = LINE('',#8988,#8989);
#8988 = CARTESIAN_POINT('',(-7.52,12.95,7.35));
#8989 = VECTOR('',#8990,1.);
#8990 = DIRECTION('',(7.850462293414E-17,0.707106781187,0.707106781187)
  );
#8991 = ORIENTED_EDGE('',*,*,#5998,.F.);
#8992 = ORIENTED_EDGE('',*,*,#8962,.F.);
#8993 = PLANE('',#8994);
#8994 = AXIS2_PLACEMENT_3D('',#8995,#8996,#8997);
#8995 = CARTESIAN_POINT('',(-7.72,12.95,7.35));
#8996 = DIRECTION('',(-7.850462293414E-17,-0.707106781187,0.707106781187
    ));
#8997 = DIRECTION('',(7.850462293414E-17,0.707106781187,0.707106781187)
  );
#8998 = ADVANCED_FACE('',(#8999),#9035,.F.);
#8999 = FACE_BOUND('',#9000,.F.);
#9000 = EDGE_LOOP('',(#9001,#9002,#9010,#9018,#9026,#9032,#9033,#9034));
#9001 = ORIENTED_EDGE('',*,*,#6086,.F.);
#9002 = ORIENTED_EDGE('',*,*,#9003,.T.);
#9003 = EDGE_CURVE('',#6079,#9004,#9006,.T.);
#9004 = VERTEX_POINT('',#9005);
#9005 = CARTESIAN_POINT('',(-7.52,12.45,7.35));
#9006 = LINE('',#9007,#9008);
#9007 = CARTESIAN_POINT('',(-7.52,12.4,7.4));
#9008 = VECTOR('',#9009,1.);
#9009 = DIRECTION('',(7.850462293414E-17,0.707106781187,-0.707106781187)
  );
#9010 = ORIENTED_EDGE('',*,*,#9011,.T.);
#9011 = EDGE_CURVE('',#9004,#9012,#9014,.T.);
#9012 = VERTEX_POINT('',#9013);
#9013 = CARTESIAN_POINT('',(-7.52,12.45,1.25));
#9014 = LINE('',#9015,#9016);
#9015 = CARTESIAN_POINT('',(-7.52,12.45,7.35));
#9016 = VECTOR('',#9017,1.);
#9017 = DIRECTION('',(0.,0.,-1.));
#9018 = ORIENTED_EDGE('',*,*,#9019,.T.);
#9019 = EDGE_CURVE('',#9012,#9020,#9022,.T.);
#9020 = VERTEX_POINT('',#9021);
#9021 = CARTESIAN_POINT('',(-7.52,12.95,1.25));
#9022 = LINE('',#9023,#9024);
#9023 = CARTESIAN_POINT('',(-7.52,12.45,1.25));
#9024 = VECTOR('',#9025,1.);
#9025 = DIRECTION('',(1.110223024625E-16,1.,0.));
#9026 = ORIENTED_EDGE('',*,*,#9027,.T.);
#9027 = EDGE_CURVE('',#9020,#8979,#9028,.T.);
#9028 = LINE('',#9029,#9030);
#9029 = CARTESIAN_POINT('',(-7.52,12.95,1.25));
#9030 = VECTOR('',#9031,1.);
#9031 = DIRECTION('',(0.,0.,1.));
#9032 = ORIENTED_EDGE('',*,*,#8986,.T.);
#9033 = ORIENTED_EDGE('',*,*,#5990,.F.);
#9034 = ORIENTED_EDGE('',*,*,#8898,.T.);
#9035 = PLANE('',#9036);
#9036 = AXIS2_PLACEMENT_3D('',#9037,#9038,#9039);
#9037 = CARTESIAN_POINT('',(-7.52,12.7,3.911477598424));
#9038 = DIRECTION('',(-1.,1.110223024625E-16,0.));
#9039 = DIRECTION('',(0.,0.,1.));
#9040 = ADVANCED_FACE('',(#9041),#9052,.T.);
#9041 = FACE_BOUND('',#9042,.T.);
#9042 = EDGE_LOOP('',(#9043,#9044,#9045,#9051));
#9043 = ORIENTED_EDGE('',*,*,#6078,.T.);
#9044 = ORIENTED_EDGE('',*,*,#9003,.T.);
#9045 = ORIENTED_EDGE('',*,*,#9046,.F.);
#9046 = EDGE_CURVE('',#8931,#9004,#9047,.T.);
#9047 = LINE('',#9048,#9049);
#9048 = CARTESIAN_POINT('',(-7.72,12.45,7.35));
#9049 = VECTOR('',#9050,1.);
#9050 = DIRECTION('',(1.,-1.110223024625E-16,0.));
#9051 = ORIENTED_EDGE('',*,*,#8930,.F.);
#9052 = PLANE('',#9053);
#9053 = AXIS2_PLACEMENT_3D('',#9054,#9055,#9056);
#9054 = CARTESIAN_POINT('',(-7.72,12.4,7.4));
#9055 = DIRECTION('',(7.850462293414E-17,0.707106781187,0.707106781187)
  );
#9056 = DIRECTION('',(7.850462293414E-17,0.707106781187,-0.707106781187)
  );
#9057 = ADVANCED_FACE('',(#9058),#9069,.T.);
#9058 = FACE_BOUND('',#9059,.T.);
#9059 = EDGE_LOOP('',(#9060,#9066,#9067,#9068));
#9060 = ORIENTED_EDGE('',*,*,#9061,.T.);
#9061 = EDGE_CURVE('',#7121,#7194,#9062,.T.);
#9062 = LINE('',#9063,#9064);
#9063 = CARTESIAN_POINT('',(-7.72,-14.99,1.25));
#9064 = VECTOR('',#9065,1.);
#9065 = DIRECTION('',(1.,-1.110223024625E-16,0.));
#9066 = ORIENTED_EDGE('',*,*,#7201,.T.);
#9067 = ORIENTED_EDGE('',*,*,#7152,.F.);
#9068 = ORIENTED_EDGE('',*,*,#7128,.F.);
#9069 = PLANE('',#9070);
#9070 = AXIS2_PLACEMENT_3D('',#9071,#9072,#9073);
#9071 = CARTESIAN_POINT('',(-7.72,-14.99,1.25));
#9072 = DIRECTION('',(-1.110223024625E-16,-1.,0.));
#9073 = DIRECTION('',(0.,0.,1.));
#9074 = ADVANCED_FACE('',(#9075),#9086,.T.);
#9075 = FACE_BOUND('',#9076,.T.);
#9076 = EDGE_LOOP('',(#9077,#9083,#9084,#9085));
#9077 = ORIENTED_EDGE('',*,*,#9078,.T.);
#9078 = EDGE_CURVE('',#7113,#7186,#9079,.T.);
#9079 = LINE('',#9080,#9081);
#9080 = CARTESIAN_POINT('',(-7.72,-15.49,1.25));
#9081 = VECTOR('',#9082,1.);
#9082 = DIRECTION('',(1.,-1.110223024625E-16,0.));
#9083 = ORIENTED_EDGE('',*,*,#7193,.T.);
#9084 = ORIENTED_EDGE('',*,*,#9061,.F.);
#9085 = ORIENTED_EDGE('',*,*,#7120,.F.);
#9086 = PLANE('',#9087);
#9087 = AXIS2_PLACEMENT_3D('',#9088,#9089,#9090);
#9088 = CARTESIAN_POINT('',(-7.72,-15.49,1.25));
#9089 = DIRECTION('',(0.,0.,1.));
#9090 = DIRECTION('',(1.110223024625E-16,1.,-0.));
#9091 = ADVANCED_FACE('',(#9092),#9098,.T.);
#9092 = FACE_BOUND('',#9093,.T.);
#9093 = EDGE_LOOP('',(#9094,#9095,#9096,#9097));
#9094 = ORIENTED_EDGE('',*,*,#7220,.T.);
#9095 = ORIENTED_EDGE('',*,*,#7185,.T.);
#9096 = ORIENTED_EDGE('',*,*,#9078,.F.);
#9097 = ORIENTED_EDGE('',*,*,#7112,.F.);
#9098 = PLANE('',#9099);
#9099 = AXIS2_PLACEMENT_3D('',#9100,#9101,#9102);
#9100 = CARTESIAN_POINT('',(-7.72,-15.49,7.35));
#9101 = DIRECTION('',(1.110223024625E-16,1.,0.));
#9102 = DIRECTION('',(0.,0.,-1.));
#9103 = ADVANCED_FACE('',(#9104),#9115,.T.);
#9104 = FACE_BOUND('',#9105,.T.);
#9105 = EDGE_LOOP('',(#9106,#9112,#9113,#9114));
#9106 = ORIENTED_EDGE('',*,*,#9107,.T.);
#9107 = EDGE_CURVE('',#7287,#7360,#9108,.T.);
#9108 = LINE('',#9109,#9110);
#9109 = CARTESIAN_POINT('',(-7.72,-12.45,1.25));
#9110 = VECTOR('',#9111,1.);
#9111 = DIRECTION('',(1.,-1.110223024625E-16,0.));
#9112 = ORIENTED_EDGE('',*,*,#7367,.T.);
#9113 = ORIENTED_EDGE('',*,*,#7318,.F.);
#9114 = ORIENTED_EDGE('',*,*,#7294,.F.);
#9115 = PLANE('',#9116);
#9116 = AXIS2_PLACEMENT_3D('',#9117,#9118,#9119);
#9117 = CARTESIAN_POINT('',(-7.72,-12.45,1.25));
#9118 = DIRECTION('',(-1.110223024625E-16,-1.,0.));
#9119 = DIRECTION('',(0.,0.,1.));
#9120 = ADVANCED_FACE('',(#9121),#9132,.T.);
#9121 = FACE_BOUND('',#9122,.T.);
#9122 = EDGE_LOOP('',(#9123,#9129,#9130,#9131));
#9123 = ORIENTED_EDGE('',*,*,#9124,.T.);
#9124 = EDGE_CURVE('',#7279,#7352,#9125,.T.);
#9125 = LINE('',#9126,#9127);
#9126 = CARTESIAN_POINT('',(-7.72,-12.95,1.25));
#9127 = VECTOR('',#9128,1.);
#9128 = DIRECTION('',(1.,-1.110223024625E-16,0.));
#9129 = ORIENTED_EDGE('',*,*,#7359,.T.);
#9130 = ORIENTED_EDGE('',*,*,#9107,.F.);
#9131 = ORIENTED_EDGE('',*,*,#7286,.F.);
#9132 = PLANE('',#9133);
#9133 = AXIS2_PLACEMENT_3D('',#9134,#9135,#9136);
#9134 = CARTESIAN_POINT('',(-7.72,-12.95,1.25));
#9135 = DIRECTION('',(0.,0.,1.));
#9136 = DIRECTION('',(1.110223024625E-16,1.,-0.));
#9137 = ADVANCED_FACE('',(#9138),#9144,.T.);
#9138 = FACE_BOUND('',#9139,.T.);
#9139 = EDGE_LOOP('',(#9140,#9141,#9142,#9143));
#9140 = ORIENTED_EDGE('',*,*,#7386,.T.);
#9141 = ORIENTED_EDGE('',*,*,#7351,.T.);
#9142 = ORIENTED_EDGE('',*,*,#9124,.F.);
#9143 = ORIENTED_EDGE('',*,*,#7278,.F.);
#9144 = PLANE('',#9145);
#9145 = AXIS2_PLACEMENT_3D('',#9146,#9147,#9148);
#9146 = CARTESIAN_POINT('',(-7.72,-12.95,7.35));
#9147 = DIRECTION('',(1.110223024625E-16,1.,0.));
#9148 = DIRECTION('',(0.,0.,-1.));
#9149 = ADVANCED_FACE('',(#9150),#9161,.T.);
#9150 = FACE_BOUND('',#9151,.T.);
#9151 = EDGE_LOOP('',(#9152,#9158,#9159,#9160));
#9152 = ORIENTED_EDGE('',*,*,#9153,.T.);
#9153 = EDGE_CURVE('',#7453,#7526,#9154,.T.);
#9154 = LINE('',#9155,#9156);
#9155 = CARTESIAN_POINT('',(-7.72,-9.91,1.25));
#9156 = VECTOR('',#9157,1.);
#9157 = DIRECTION('',(1.,-1.110223024625E-16,0.));
#9158 = ORIENTED_EDGE('',*,*,#7533,.T.);
#9159 = ORIENTED_EDGE('',*,*,#7484,.F.);
#9160 = ORIENTED_EDGE('',*,*,#7460,.F.);
#9161 = PLANE('',#9162);
#9162 = AXIS2_PLACEMENT_3D('',#9163,#9164,#9165);
#9163 = CARTESIAN_POINT('',(-7.72,-9.91,1.25));
#9164 = DIRECTION('',(-1.110223024625E-16,-1.,0.));
#9165 = DIRECTION('',(0.,0.,1.));
#9166 = ADVANCED_FACE('',(#9167),#9178,.T.);
#9167 = FACE_BOUND('',#9168,.T.);
#9168 = EDGE_LOOP('',(#9169,#9175,#9176,#9177));
#9169 = ORIENTED_EDGE('',*,*,#9170,.T.);
#9170 = EDGE_CURVE('',#7445,#7518,#9171,.T.);
#9171 = LINE('',#9172,#9173);
#9172 = CARTESIAN_POINT('',(-7.72,-10.41,1.25));
#9173 = VECTOR('',#9174,1.);
#9174 = DIRECTION('',(1.,-1.110223024625E-16,0.));
#9175 = ORIENTED_EDGE('',*,*,#7525,.T.);
#9176 = ORIENTED_EDGE('',*,*,#9153,.F.);
#9177 = ORIENTED_EDGE('',*,*,#7452,.F.);
#9178 = PLANE('',#9179);
#9179 = AXIS2_PLACEMENT_3D('',#9180,#9181,#9182);
#9180 = CARTESIAN_POINT('',(-7.72,-10.41,1.25));
#9181 = DIRECTION('',(0.,0.,1.));
#9182 = DIRECTION('',(1.110223024625E-16,1.,-0.));
#9183 = ADVANCED_FACE('',(#9184),#9190,.T.);
#9184 = FACE_BOUND('',#9185,.T.);
#9185 = EDGE_LOOP('',(#9186,#9187,#9188,#9189));
#9186 = ORIENTED_EDGE('',*,*,#7552,.T.);
#9187 = ORIENTED_EDGE('',*,*,#7517,.T.);
#9188 = ORIENTED_EDGE('',*,*,#9170,.F.);
#9189 = ORIENTED_EDGE('',*,*,#7444,.F.);
#9190 = PLANE('',#9191);
#9191 = AXIS2_PLACEMENT_3D('',#9192,#9193,#9194);
#9192 = CARTESIAN_POINT('',(-7.72,-10.41,7.35));
#9193 = DIRECTION('',(1.110223024625E-16,1.,0.));
#9194 = DIRECTION('',(0.,0.,-1.));
#9195 = ADVANCED_FACE('',(#9196),#9207,.T.);
#9196 = FACE_BOUND('',#9197,.T.);
#9197 = EDGE_LOOP('',(#9198,#9204,#9205,#9206));
#9198 = ORIENTED_EDGE('',*,*,#9199,.T.);
#9199 = EDGE_CURVE('',#7619,#7692,#9200,.T.);
#9200 = LINE('',#9201,#9202);
#9201 = CARTESIAN_POINT('',(-7.72,-7.37,1.25));
#9202 = VECTOR('',#9203,1.);
#9203 = DIRECTION('',(1.,-1.110223024625E-16,0.));
#9204 = ORIENTED_EDGE('',*,*,#7699,.T.);
#9205 = ORIENTED_EDGE('',*,*,#7650,.F.);
#9206 = ORIENTED_EDGE('',*,*,#7626,.F.);
#9207 = PLANE('',#9208);
#9208 = AXIS2_PLACEMENT_3D('',#9209,#9210,#9211);
#9209 = CARTESIAN_POINT('',(-7.72,-7.37,1.25));
#9210 = DIRECTION('',(-1.110223024625E-16,-1.,0.));
#9211 = DIRECTION('',(0.,0.,1.));
#9212 = ADVANCED_FACE('',(#9213),#9224,.T.);
#9213 = FACE_BOUND('',#9214,.T.);
#9214 = EDGE_LOOP('',(#9215,#9221,#9222,#9223));
#9215 = ORIENTED_EDGE('',*,*,#9216,.T.);
#9216 = EDGE_CURVE('',#7611,#7684,#9217,.T.);
#9217 = LINE('',#9218,#9219);
#9218 = CARTESIAN_POINT('',(-7.72,-7.87,1.25));
#9219 = VECTOR('',#9220,1.);
#9220 = DIRECTION('',(1.,-1.110223024625E-16,0.));
#9221 = ORIENTED_EDGE('',*,*,#7691,.T.);
#9222 = ORIENTED_EDGE('',*,*,#9199,.F.);
#9223 = ORIENTED_EDGE('',*,*,#7618,.F.);
#9224 = PLANE('',#9225);
#9225 = AXIS2_PLACEMENT_3D('',#9226,#9227,#9228);
#9226 = CARTESIAN_POINT('',(-7.72,-7.87,1.25));
#9227 = DIRECTION('',(0.,0.,1.));
#9228 = DIRECTION('',(1.110223024625E-16,1.,-0.));
#9229 = ADVANCED_FACE('',(#9230),#9236,.T.);
#9230 = FACE_BOUND('',#9231,.T.);
#9231 = EDGE_LOOP('',(#9232,#9233,#9234,#9235));
#9232 = ORIENTED_EDGE('',*,*,#7718,.T.);
#9233 = ORIENTED_EDGE('',*,*,#7683,.T.);
#9234 = ORIENTED_EDGE('',*,*,#9216,.F.);
#9235 = ORIENTED_EDGE('',*,*,#7610,.F.);
#9236 = PLANE('',#9237);
#9237 = AXIS2_PLACEMENT_3D('',#9238,#9239,#9240);
#9238 = CARTESIAN_POINT('',(-7.72,-7.87,7.35));
#9239 = DIRECTION('',(1.110223024625E-16,1.,0.));
#9240 = DIRECTION('',(0.,0.,-1.));
#9241 = ADVANCED_FACE('',(#9242),#9253,.T.);
#9242 = FACE_BOUND('',#9243,.T.);
#9243 = EDGE_LOOP('',(#9244,#9250,#9251,#9252));
#9244 = ORIENTED_EDGE('',*,*,#9245,.T.);
#9245 = EDGE_CURVE('',#7785,#7858,#9246,.T.);
#9246 = LINE('',#9247,#9248);
#9247 = CARTESIAN_POINT('',(-7.72,-4.83,1.25));
#9248 = VECTOR('',#9249,1.);
#9249 = DIRECTION('',(1.,-1.110223024625E-16,0.));
#9250 = ORIENTED_EDGE('',*,*,#7865,.T.);
#9251 = ORIENTED_EDGE('',*,*,#7816,.F.);
#9252 = ORIENTED_EDGE('',*,*,#7792,.F.);
#9253 = PLANE('',#9254);
#9254 = AXIS2_PLACEMENT_3D('',#9255,#9256,#9257);
#9255 = CARTESIAN_POINT('',(-7.72,-4.83,1.25));
#9256 = DIRECTION('',(-1.110223024625E-16,-1.,0.));
#9257 = DIRECTION('',(0.,0.,1.));
#9258 = ADVANCED_FACE('',(#9259),#9270,.T.);
#9259 = FACE_BOUND('',#9260,.T.);
#9260 = EDGE_LOOP('',(#9261,#9267,#9268,#9269));
#9261 = ORIENTED_EDGE('',*,*,#9262,.T.);
#9262 = EDGE_CURVE('',#7777,#7850,#9263,.T.);
#9263 = LINE('',#9264,#9265);
#9264 = CARTESIAN_POINT('',(-7.72,-5.33,1.25));
#9265 = VECTOR('',#9266,1.);
#9266 = DIRECTION('',(1.,-1.110223024625E-16,0.));
#9267 = ORIENTED_EDGE('',*,*,#7857,.T.);
#9268 = ORIENTED_EDGE('',*,*,#9245,.F.);
#9269 = ORIENTED_EDGE('',*,*,#7784,.F.);
#9270 = PLANE('',#9271);
#9271 = AXIS2_PLACEMENT_3D('',#9272,#9273,#9274);
#9272 = CARTESIAN_POINT('',(-7.72,-5.33,1.25));
#9273 = DIRECTION('',(0.,0.,1.));
#9274 = DIRECTION('',(1.110223024625E-16,1.,-0.));
#9275 = ADVANCED_FACE('',(#9276),#9282,.T.);
#9276 = FACE_BOUND('',#9277,.T.);
#9277 = EDGE_LOOP('',(#9278,#9279,#9280,#9281));
#9278 = ORIENTED_EDGE('',*,*,#7884,.T.);
#9279 = ORIENTED_EDGE('',*,*,#7849,.T.);
#9280 = ORIENTED_EDGE('',*,*,#9262,.F.);
#9281 = ORIENTED_EDGE('',*,*,#7776,.F.);
#9282 = PLANE('',#9283);
#9283 = AXIS2_PLACEMENT_3D('',#9284,#9285,#9286);
#9284 = CARTESIAN_POINT('',(-7.72,-5.33,7.35));
#9285 = DIRECTION('',(1.110223024625E-16,1.,0.));
#9286 = DIRECTION('',(0.,0.,-1.));
#9287 = ADVANCED_FACE('',(#9288),#9299,.T.);
#9288 = FACE_BOUND('',#9289,.T.);
#9289 = EDGE_LOOP('',(#9290,#9296,#9297,#9298));
#9290 = ORIENTED_EDGE('',*,*,#9291,.T.);
#9291 = EDGE_CURVE('',#7951,#8024,#9292,.T.);
#9292 = LINE('',#9293,#9294);
#9293 = CARTESIAN_POINT('',(-7.72,-2.29,1.25));
#9294 = VECTOR('',#9295,1.);
#9295 = DIRECTION('',(1.,-1.110223024625E-16,0.));
#9296 = ORIENTED_EDGE('',*,*,#8031,.T.);
#9297 = ORIENTED_EDGE('',*,*,#7982,.F.);
#9298 = ORIENTED_EDGE('',*,*,#7958,.F.);
#9299 = PLANE('',#9300);
#9300 = AXIS2_PLACEMENT_3D('',#9301,#9302,#9303);
#9301 = CARTESIAN_POINT('',(-7.72,-2.29,1.25));
#9302 = DIRECTION('',(-1.110223024625E-16,-1.,0.));
#9303 = DIRECTION('',(0.,0.,1.));
#9304 = ADVANCED_FACE('',(#9305),#9316,.T.);
#9305 = FACE_BOUND('',#9306,.T.);
#9306 = EDGE_LOOP('',(#9307,#9313,#9314,#9315));
#9307 = ORIENTED_EDGE('',*,*,#9308,.T.);
#9308 = EDGE_CURVE('',#7943,#8016,#9309,.T.);
#9309 = LINE('',#9310,#9311);
#9310 = CARTESIAN_POINT('',(-7.72,-2.79,1.25));
#9311 = VECTOR('',#9312,1.);
#9312 = DIRECTION('',(1.,-1.110223024625E-16,0.));
#9313 = ORIENTED_EDGE('',*,*,#8023,.T.);
#9314 = ORIENTED_EDGE('',*,*,#9291,.F.);
#9315 = ORIENTED_EDGE('',*,*,#7950,.F.);
#9316 = PLANE('',#9317);
#9317 = AXIS2_PLACEMENT_3D('',#9318,#9319,#9320);
#9318 = CARTESIAN_POINT('',(-7.72,-2.79,1.25));
#9319 = DIRECTION('',(0.,0.,1.));
#9320 = DIRECTION('',(1.110223024625E-16,1.,-0.));
#9321 = ADVANCED_FACE('',(#9322),#9328,.T.);
#9322 = FACE_BOUND('',#9323,.T.);
#9323 = EDGE_LOOP('',(#9324,#9325,#9326,#9327));
#9324 = ORIENTED_EDGE('',*,*,#8050,.T.);
#9325 = ORIENTED_EDGE('',*,*,#8015,.T.);
#9326 = ORIENTED_EDGE('',*,*,#9308,.F.);
#9327 = ORIENTED_EDGE('',*,*,#7942,.F.);
#9328 = PLANE('',#9329);
#9329 = AXIS2_PLACEMENT_3D('',#9330,#9331,#9332);
#9330 = CARTESIAN_POINT('',(-7.72,-2.79,7.35));
#9331 = DIRECTION('',(1.110223024625E-16,1.,0.));
#9332 = DIRECTION('',(0.,0.,-1.));
#9333 = ADVANCED_FACE('',(#9334),#9345,.T.);
#9334 = FACE_BOUND('',#9335,.T.);
#9335 = EDGE_LOOP('',(#9336,#9342,#9343,#9344));
#9336 = ORIENTED_EDGE('',*,*,#9337,.T.);
#9337 = EDGE_CURVE('',#8117,#8190,#9338,.T.);
#9338 = LINE('',#9339,#9340);
#9339 = CARTESIAN_POINT('',(-7.72,0.25,1.25));
#9340 = VECTOR('',#9341,1.);
#9341 = DIRECTION('',(1.,-1.110223024625E-16,0.));
#9342 = ORIENTED_EDGE('',*,*,#8197,.T.);
#9343 = ORIENTED_EDGE('',*,*,#8148,.F.);
#9344 = ORIENTED_EDGE('',*,*,#8124,.F.);
#9345 = PLANE('',#9346);
#9346 = AXIS2_PLACEMENT_3D('',#9347,#9348,#9349);
#9347 = CARTESIAN_POINT('',(-7.72,0.25,1.25));
#9348 = DIRECTION('',(-1.110223024625E-16,-1.,0.));
#9349 = DIRECTION('',(0.,0.,1.));
#9350 = ADVANCED_FACE('',(#9351),#9362,.T.);
#9351 = FACE_BOUND('',#9352,.T.);
#9352 = EDGE_LOOP('',(#9353,#9359,#9360,#9361));
#9353 = ORIENTED_EDGE('',*,*,#9354,.T.);
#9354 = EDGE_CURVE('',#8109,#8182,#9355,.T.);
#9355 = LINE('',#9356,#9357);
#9356 = CARTESIAN_POINT('',(-7.72,-0.25,1.25));
#9357 = VECTOR('',#9358,1.);
#9358 = DIRECTION('',(1.,-1.110223024625E-16,0.));
#9359 = ORIENTED_EDGE('',*,*,#8189,.T.);
#9360 = ORIENTED_EDGE('',*,*,#9337,.F.);
#9361 = ORIENTED_EDGE('',*,*,#8116,.F.);
#9362 = PLANE('',#9363);
#9363 = AXIS2_PLACEMENT_3D('',#9364,#9365,#9366);
#9364 = CARTESIAN_POINT('',(-7.72,-0.25,1.25));
#9365 = DIRECTION('',(0.,0.,1.));
#9366 = DIRECTION('',(1.110223024625E-16,1.,-0.));
#9367 = ADVANCED_FACE('',(#9368),#9374,.T.);
#9368 = FACE_BOUND('',#9369,.T.);
#9369 = EDGE_LOOP('',(#9370,#9371,#9372,#9373));
#9370 = ORIENTED_EDGE('',*,*,#8216,.T.);
#9371 = ORIENTED_EDGE('',*,*,#8181,.T.);
#9372 = ORIENTED_EDGE('',*,*,#9354,.F.);
#9373 = ORIENTED_EDGE('',*,*,#8108,.F.);
#9374 = PLANE('',#9375);
#9375 = AXIS2_PLACEMENT_3D('',#9376,#9377,#9378);
#9376 = CARTESIAN_POINT('',(-7.72,-0.25,7.35));
#9377 = DIRECTION('',(1.110223024625E-16,1.,0.));
#9378 = DIRECTION('',(0.,0.,-1.));
#9379 = ADVANCED_FACE('',(#9380),#9391,.T.);
#9380 = FACE_BOUND('',#9381,.T.);
#9381 = EDGE_LOOP('',(#9382,#9388,#9389,#9390));
#9382 = ORIENTED_EDGE('',*,*,#9383,.T.);
#9383 = EDGE_CURVE('',#8283,#8356,#9384,.T.);
#9384 = LINE('',#9385,#9386);
#9385 = CARTESIAN_POINT('',(-7.72,2.79,1.25));
#9386 = VECTOR('',#9387,1.);
#9387 = DIRECTION('',(1.,-1.110223024625E-16,0.));
#9388 = ORIENTED_EDGE('',*,*,#8363,.T.);
#9389 = ORIENTED_EDGE('',*,*,#8314,.F.);
#9390 = ORIENTED_EDGE('',*,*,#8290,.F.);
#9391 = PLANE('',#9392);
#9392 = AXIS2_PLACEMENT_3D('',#9393,#9394,#9395);
#9393 = CARTESIAN_POINT('',(-7.72,2.79,1.25));
#9394 = DIRECTION('',(-1.110223024625E-16,-1.,0.));
#9395 = DIRECTION('',(0.,0.,1.));
#9396 = ADVANCED_FACE('',(#9397),#9408,.T.);
#9397 = FACE_BOUND('',#9398,.T.);
#9398 = EDGE_LOOP('',(#9399,#9405,#9406,#9407));
#9399 = ORIENTED_EDGE('',*,*,#9400,.T.);
#9400 = EDGE_CURVE('',#8275,#8348,#9401,.T.);
#9401 = LINE('',#9402,#9403);
#9402 = CARTESIAN_POINT('',(-7.72,2.29,1.25));
#9403 = VECTOR('',#9404,1.);
#9404 = DIRECTION('',(1.,-1.110223024625E-16,0.));
#9405 = ORIENTED_EDGE('',*,*,#8355,.T.);
#9406 = ORIENTED_EDGE('',*,*,#9383,.F.);
#9407 = ORIENTED_EDGE('',*,*,#8282,.F.);
#9408 = PLANE('',#9409);
#9409 = AXIS2_PLACEMENT_3D('',#9410,#9411,#9412);
#9410 = CARTESIAN_POINT('',(-7.72,2.29,1.25));
#9411 = DIRECTION('',(0.,0.,1.));
#9412 = DIRECTION('',(1.110223024625E-16,1.,-0.));
#9413 = ADVANCED_FACE('',(#9414),#9420,.T.);
#9414 = FACE_BOUND('',#9415,.T.);
#9415 = EDGE_LOOP('',(#9416,#9417,#9418,#9419));
#9416 = ORIENTED_EDGE('',*,*,#8382,.T.);
#9417 = ORIENTED_EDGE('',*,*,#8347,.T.);
#9418 = ORIENTED_EDGE('',*,*,#9400,.F.);
#9419 = ORIENTED_EDGE('',*,*,#8274,.F.);
#9420 = PLANE('',#9421);
#9421 = AXIS2_PLACEMENT_3D('',#9422,#9423,#9424);
#9422 = CARTESIAN_POINT('',(-7.72,2.29,7.35));
#9423 = DIRECTION('',(1.110223024625E-16,1.,0.));
#9424 = DIRECTION('',(0.,0.,-1.));
#9425 = ADVANCED_FACE('',(#9426),#9437,.T.);
#9426 = FACE_BOUND('',#9427,.T.);
#9427 = EDGE_LOOP('',(#9428,#9434,#9435,#9436));
#9428 = ORIENTED_EDGE('',*,*,#9429,.T.);
#9429 = EDGE_CURVE('',#8449,#8522,#9430,.T.);
#9430 = LINE('',#9431,#9432);
#9431 = CARTESIAN_POINT('',(-7.72,5.33,1.25));
#9432 = VECTOR('',#9433,1.);
#9433 = DIRECTION('',(1.,-1.110223024625E-16,0.));
#9434 = ORIENTED_EDGE('',*,*,#8529,.T.);
#9435 = ORIENTED_EDGE('',*,*,#8480,.F.);
#9436 = ORIENTED_EDGE('',*,*,#8456,.F.);
#9437 = PLANE('',#9438);
#9438 = AXIS2_PLACEMENT_3D('',#9439,#9440,#9441);
#9439 = CARTESIAN_POINT('',(-7.72,5.33,1.25));
#9440 = DIRECTION('',(-1.110223024625E-16,-1.,0.));
#9441 = DIRECTION('',(0.,0.,1.));
#9442 = ADVANCED_FACE('',(#9443),#9454,.T.);
#9443 = FACE_BOUND('',#9444,.T.);
#9444 = EDGE_LOOP('',(#9445,#9451,#9452,#9453));
#9445 = ORIENTED_EDGE('',*,*,#9446,.T.);
#9446 = EDGE_CURVE('',#8441,#8514,#9447,.T.);
#9447 = LINE('',#9448,#9449);
#9448 = CARTESIAN_POINT('',(-7.72,4.83,1.25));
#9449 = VECTOR('',#9450,1.);
#9450 = DIRECTION('',(1.,-1.110223024625E-16,0.));
#9451 = ORIENTED_EDGE('',*,*,#8521,.T.);
#9452 = ORIENTED_EDGE('',*,*,#9429,.F.);
#9453 = ORIENTED_EDGE('',*,*,#8448,.F.);
#9454 = PLANE('',#9455);
#9455 = AXIS2_PLACEMENT_3D('',#9456,#9457,#9458);
#9456 = CARTESIAN_POINT('',(-7.72,4.83,1.25));
#9457 = DIRECTION('',(0.,0.,1.));
#9458 = DIRECTION('',(1.110223024625E-16,1.,-0.));
#9459 = ADVANCED_FACE('',(#9460),#9466,.T.);
#9460 = FACE_BOUND('',#9461,.T.);
#9461 = EDGE_LOOP('',(#9462,#9463,#9464,#9465));
#9462 = ORIENTED_EDGE('',*,*,#8548,.T.);
#9463 = ORIENTED_EDGE('',*,*,#8513,.T.);
#9464 = ORIENTED_EDGE('',*,*,#9446,.F.);
#9465 = ORIENTED_EDGE('',*,*,#8440,.F.);
#9466 = PLANE('',#9467);
#9467 = AXIS2_PLACEMENT_3D('',#9468,#9469,#9470);
#9468 = CARTESIAN_POINT('',(-7.72,4.83,7.35));
#9469 = DIRECTION('',(1.110223024625E-16,1.,0.));
#9470 = DIRECTION('',(0.,0.,-1.));
#9471 = ADVANCED_FACE('',(#9472),#9483,.T.);
#9472 = FACE_BOUND('',#9473,.T.);
#9473 = EDGE_LOOP('',(#9474,#9480,#9481,#9482));
#9474 = ORIENTED_EDGE('',*,*,#9475,.T.);
#9475 = EDGE_CURVE('',#8615,#8688,#9476,.T.);
#9476 = LINE('',#9477,#9478);
#9477 = CARTESIAN_POINT('',(-7.72,7.87,1.25));
#9478 = VECTOR('',#9479,1.);
#9479 = DIRECTION('',(1.,-1.110223024625E-16,0.));
#9480 = ORIENTED_EDGE('',*,*,#8695,.T.);
#9481 = ORIENTED_EDGE('',*,*,#8646,.F.);
#9482 = ORIENTED_EDGE('',*,*,#8622,.F.);
#9483 = PLANE('',#9484);
#9484 = AXIS2_PLACEMENT_3D('',#9485,#9486,#9487);
#9485 = CARTESIAN_POINT('',(-7.72,7.87,1.25));
#9486 = DIRECTION('',(-1.110223024625E-16,-1.,0.));
#9487 = DIRECTION('',(0.,0.,1.));
#9488 = ADVANCED_FACE('',(#9489),#9500,.T.);
#9489 = FACE_BOUND('',#9490,.T.);
#9490 = EDGE_LOOP('',(#9491,#9497,#9498,#9499));
#9491 = ORIENTED_EDGE('',*,*,#9492,.T.);
#9492 = EDGE_CURVE('',#8607,#8680,#9493,.T.);
#9493 = LINE('',#9494,#9495);
#9494 = CARTESIAN_POINT('',(-7.72,7.37,1.25));
#9495 = VECTOR('',#9496,1.);
#9496 = DIRECTION('',(1.,-1.110223024625E-16,0.));
#9497 = ORIENTED_EDGE('',*,*,#8687,.T.);
#9498 = ORIENTED_EDGE('',*,*,#9475,.F.);
#9499 = ORIENTED_EDGE('',*,*,#8614,.F.);
#9500 = PLANE('',#9501);
#9501 = AXIS2_PLACEMENT_3D('',#9502,#9503,#9504);
#9502 = CARTESIAN_POINT('',(-7.72,7.37,1.25));
#9503 = DIRECTION('',(0.,0.,1.));
#9504 = DIRECTION('',(1.110223024625E-16,1.,-0.));
#9505 = ADVANCED_FACE('',(#9506),#9512,.T.);
#9506 = FACE_BOUND('',#9507,.T.);
#9507 = EDGE_LOOP('',(#9508,#9509,#9510,#9511));
#9508 = ORIENTED_EDGE('',*,*,#8714,.T.);
#9509 = ORIENTED_EDGE('',*,*,#8679,.T.);
#9510 = ORIENTED_EDGE('',*,*,#9492,.F.);
#9511 = ORIENTED_EDGE('',*,*,#8606,.F.);
#9512 = PLANE('',#9513);
#9513 = AXIS2_PLACEMENT_3D('',#9514,#9515,#9516);
#9514 = CARTESIAN_POINT('',(-7.72,7.37,7.35));
#9515 = DIRECTION('',(1.110223024625E-16,1.,0.));
#9516 = DIRECTION('',(0.,0.,-1.));
#9517 = ADVANCED_FACE('',(#9518),#9529,.T.);
#9518 = FACE_BOUND('',#9519,.T.);
#9519 = EDGE_LOOP('',(#9520,#9526,#9527,#9528));
#9520 = ORIENTED_EDGE('',*,*,#9521,.T.);
#9521 = EDGE_CURVE('',#8781,#8854,#9522,.T.);
#9522 = LINE('',#9523,#9524);
#9523 = CARTESIAN_POINT('',(-7.72,10.41,1.25));
#9524 = VECTOR('',#9525,1.);
#9525 = DIRECTION('',(1.,-1.110223024625E-16,0.));
#9526 = ORIENTED_EDGE('',*,*,#8861,.T.);
#9527 = ORIENTED_EDGE('',*,*,#8812,.F.);
#9528 = ORIENTED_EDGE('',*,*,#8788,.F.);
#9529 = PLANE('',#9530);
#9530 = AXIS2_PLACEMENT_3D('',#9531,#9532,#9533);
#9531 = CARTESIAN_POINT('',(-7.72,10.41,1.25));
#9532 = DIRECTION('',(-1.110223024625E-16,-1.,0.));
#9533 = DIRECTION('',(0.,0.,1.));
#9534 = ADVANCED_FACE('',(#9535),#9546,.T.);
#9535 = FACE_BOUND('',#9536,.T.);
#9536 = EDGE_LOOP('',(#9537,#9543,#9544,#9545));
#9537 = ORIENTED_EDGE('',*,*,#9538,.T.);
#9538 = EDGE_CURVE('',#8773,#8846,#9539,.T.);
#9539 = LINE('',#9540,#9541);
#9540 = CARTESIAN_POINT('',(-7.72,9.91,1.25));
#9541 = VECTOR('',#9542,1.);
#9542 = DIRECTION('',(1.,-1.110223024625E-16,0.));
#9543 = ORIENTED_EDGE('',*,*,#8853,.T.);
#9544 = ORIENTED_EDGE('',*,*,#9521,.F.);
#9545 = ORIENTED_EDGE('',*,*,#8780,.F.);
#9546 = PLANE('',#9547);
#9547 = AXIS2_PLACEMENT_3D('',#9548,#9549,#9550);
#9548 = CARTESIAN_POINT('',(-7.72,9.91,1.25));
#9549 = DIRECTION('',(0.,0.,1.));
#9550 = DIRECTION('',(1.110223024625E-16,1.,-0.));
#9551 = ADVANCED_FACE('',(#9552),#9558,.T.);
#9552 = FACE_BOUND('',#9553,.T.);
#9553 = EDGE_LOOP('',(#9554,#9555,#9556,#9557));
#9554 = ORIENTED_EDGE('',*,*,#8880,.T.);
#9555 = ORIENTED_EDGE('',*,*,#8845,.T.);
#9556 = ORIENTED_EDGE('',*,*,#9538,.F.);
#9557 = ORIENTED_EDGE('',*,*,#8772,.F.);
#9558 = PLANE('',#9559);
#9559 = AXIS2_PLACEMENT_3D('',#9560,#9561,#9562);
#9560 = CARTESIAN_POINT('',(-7.72,9.91,7.35));
#9561 = DIRECTION('',(1.110223024625E-16,1.,0.));
#9562 = DIRECTION('',(0.,0.,-1.));
#9563 = ADVANCED_FACE('',(#9564),#9575,.T.);
#9564 = FACE_BOUND('',#9565,.T.);
#9565 = EDGE_LOOP('',(#9566,#9572,#9573,#9574));
#9566 = ORIENTED_EDGE('',*,*,#9567,.T.);
#9567 = EDGE_CURVE('',#8947,#9020,#9568,.T.);
#9568 = LINE('',#9569,#9570);
#9569 = CARTESIAN_POINT('',(-7.72,12.95,1.25));
#9570 = VECTOR('',#9571,1.);
#9571 = DIRECTION('',(1.,-1.110223024625E-16,0.));
#9572 = ORIENTED_EDGE('',*,*,#9027,.T.);
#9573 = ORIENTED_EDGE('',*,*,#8978,.F.);
#9574 = ORIENTED_EDGE('',*,*,#8954,.F.);
#9575 = PLANE('',#9576);
#9576 = AXIS2_PLACEMENT_3D('',#9577,#9578,#9579);
#9577 = CARTESIAN_POINT('',(-7.72,12.95,1.25));
#9578 = DIRECTION('',(-1.110223024625E-16,-1.,0.));
#9579 = DIRECTION('',(0.,0.,1.));
#9580 = ADVANCED_FACE('',(#9581),#9592,.T.);
#9581 = FACE_BOUND('',#9582,.T.);
#9582 = EDGE_LOOP('',(#9583,#9589,#9590,#9591));
#9583 = ORIENTED_EDGE('',*,*,#9584,.T.);
#9584 = EDGE_CURVE('',#8939,#9012,#9585,.T.);
#9585 = LINE('',#9586,#9587);
#9586 = CARTESIAN_POINT('',(-7.72,12.45,1.25));
#9587 = VECTOR('',#9588,1.);
#9588 = DIRECTION('',(1.,-1.110223024625E-16,0.));
#9589 = ORIENTED_EDGE('',*,*,#9019,.T.);
#9590 = ORIENTED_EDGE('',*,*,#9567,.F.);
#9591 = ORIENTED_EDGE('',*,*,#8946,.F.);
#9592 = PLANE('',#9593);
#9593 = AXIS2_PLACEMENT_3D('',#9594,#9595,#9596);
#9594 = CARTESIAN_POINT('',(-7.72,12.45,1.25));
#9595 = DIRECTION('',(0.,0.,1.));
#9596 = DIRECTION('',(1.110223024625E-16,1.,-0.));
#9597 = ADVANCED_FACE('',(#9598),#9604,.T.);
#9598 = FACE_BOUND('',#9599,.T.);
#9599 = EDGE_LOOP('',(#9600,#9601,#9602,#9603));
#9600 = ORIENTED_EDGE('',*,*,#9046,.T.);
#9601 = ORIENTED_EDGE('',*,*,#9011,.T.);
#9602 = ORIENTED_EDGE('',*,*,#9584,.F.);
#9603 = ORIENTED_EDGE('',*,*,#8938,.F.);
#9604 = PLANE('',#9605);
#9605 = AXIS2_PLACEMENT_3D('',#9606,#9607,#9608);
#9606 = CARTESIAN_POINT('',(-7.72,12.45,7.35));
#9607 = DIRECTION('',(1.110223024625E-16,1.,0.));
#9608 = DIRECTION('',(0.,0.,-1.));
#9609 = MANIFOLD_SOLID_BREP('',#9610);
#9610 = CLOSED_SHELL('',(#9611,#9651,#9714,#9777,#9794,#10219,#10241,
    #10258,#11067,#11079,#11091,#11122,#11146,#11170,#11187,#11218,
    #11242,#11266,#11283,#11314,#11338,#11362,#11379,#11410,#11434,
    #11458,#11475,#11506,#11530,#11554,#11571,#11602,#11626,#11650,
    #11667,#11698,#11722,#11746,#11763,#11794,#11818,#11842,#11859,
    #11890,#11914,#11938,#11955,#11986,#12010,#12034,#12051,#12082,
    #12106,#12130,#12147,#12178,#12202,#12226,#12243,#12260,#12307,
    #12324,#12371,#12388,#12435,#12452,#12499,#12516,#12563,#12580,
    #12627,#12644,#12691,#12708,#12755,#12772,#12819,#12836,#12883,
    #12900,#12947,#12964,#13011,#13028,#13075,#13092,#13139,#13156,
    #13203,#13220,#13267,#13284,#13331,#13348,#13395,#13412,#13459,
    #13476,#13523,#13540,#13587,#13604,#13651,#13668,#13715,#13732,
    #13779,#13810,#13866,#13890,#13939,#13970,#14026,#14050,#14099,
    #14130,#14186,#14210,#14259,#14290,#14346,#14370,#14419,#14450,
    #14506,#14530,#14579,#14610,#14666,#14690,#14739,#14770,#14826,
    #14850,#14899,#14930,#14986,#15010,#15059,#15090,#15146,#15170,
    #15219,#15250,#15306,#15330,#15379,#15410,#15466,#15490,#15539,
    #15570,#15626,#15650,#15699,#15716,#15733,#15750,#15767,#15779,
    #15796,#15813,#15830,#15847,#15859,#15876,#15893,#15910,#15927,
    #15939,#15956,#15973,#15990,#16007,#16019,#16036,#16053,#16070,
    #16087,#16099,#16116,#16133,#16150,#16167,#16179,#16196,#16213,
    #16230,#16247,#16259,#16276,#16293,#16310,#16327,#16339,#16356,
    #16373,#16390,#16407,#16419,#16436,#16453,#16470,#16487,#16499,
    #16516,#16533,#16550,#16567,#16579,#16596,#16613,#16630,#16647,
    #16659,#16676,#16693,#16742,#16766,#16808,#16825,#16842,#16859,
    #16908,#16932,#16974,#16991,#17008,#17025,#17074,#17098,#17140,
    #17157,#17174,#17191,#17240,#17264,#17306,#17323,#17340,#17357,
    #17406,#17430,#17472,#17489,#17506,#17523,#17572,#17596,#17638,
    #17655,#17672,#17689,#17738,#17762,#17804,#17821,#17838,#17855,
    #17904,#17928,#17970,#17987,#18004,#18021,#18070,#18094,#18136,
    #18153,#18170,#18187,#18236,#18260,#18302,#18319,#18336,#18353,
    #18402,#18426,#18468,#18485,#18502,#18519,#18568,#18592,#18634,
    #18651,#18668,#18685,#18697,#18714,#18731,#18743,#18760,#18777,
    #18789,#18806,#18823,#18835,#18852,#18869,#18881,#18898,#18915,
    #18927,#18944,#18961,#18973,#18990,#19007,#19019,#19036,#19053,
    #19065,#19082,#19099,#19111,#19128,#19145,#19157,#19174,#19191));
#9611 = ADVANCED_FACE('',(#9612),#9646,.F.);
#9612 = FACE_BOUND('',#9613,.F.);
#9613 = EDGE_LOOP('',(#9614,#9624,#9632,#9640));
#9614 = ORIENTED_EDGE('',*,*,#9615,.T.);
#9615 = EDGE_CURVE('',#9616,#9618,#9620,.T.);
#9616 = VERTEX_POINT('',#9617);
#9617 = CARTESIAN_POINT('',(8.89,-16.51,0.));
#9618 = VERTEX_POINT('',#9619);
#9619 = CARTESIAN_POINT('',(8.89,-16.51,8.5));
#9620 = LINE('',#9621,#9622);
#9621 = CARTESIAN_POINT('',(8.89,-16.51,0.));
#9622 = VECTOR('',#9623,1.);
#9623 = DIRECTION('',(0.,0.,1.));
#9624 = ORIENTED_EDGE('',*,*,#9625,.T.);
#9625 = EDGE_CURVE('',#9618,#9626,#9628,.T.);
#9626 = VERTEX_POINT('',#9627);
#9627 = CARTESIAN_POINT('',(8.89,13.97,8.5));
#9628 = LINE('',#9629,#9630);
#9629 = CARTESIAN_POINT('',(8.89,-16.51,8.5));
#9630 = VECTOR('',#9631,1.);
#9631 = DIRECTION('',(1.110223024625E-16,1.,0.));
#9632 = ORIENTED_EDGE('',*,*,#9633,.F.);
#9633 = EDGE_CURVE('',#9634,#9626,#9636,.T.);
#9634 = VERTEX_POINT('',#9635);
#9635 = CARTESIAN_POINT('',(8.89,13.97,0.));
#9636 = LINE('',#9637,#9638);
#9637 = CARTESIAN_POINT('',(8.89,13.97,0.));
#9638 = VECTOR('',#9639,1.);
#9639 = DIRECTION('',(0.,0.,1.));
#9640 = ORIENTED_EDGE('',*,*,#9641,.F.);
#9641 = EDGE_CURVE('',#9616,#9634,#9642,.T.);
#9642 = LINE('',#9643,#9644);
#9643 = CARTESIAN_POINT('',(8.89,-16.51,0.));
#9644 = VECTOR('',#9645,1.);
#9645 = DIRECTION('',(1.110223024625E-16,1.,0.));
#9646 = PLANE('',#9647);
#9647 = AXIS2_PLACEMENT_3D('',#9648,#9649,#9650);
#9648 = CARTESIAN_POINT('',(8.89,-16.51,0.));
#9649 = DIRECTION('',(-1.,1.110223024625E-16,0.));
#9650 = DIRECTION('',(1.110223024625E-16,1.,0.));
#9651 = ADVANCED_FACE('',(#9652),#9709,.F.);
#9652 = FACE_BOUND('',#9653,.F.);
#9653 = EDGE_LOOP('',(#9654,#9664,#9672,#9678,#9679,#9687,#9695,#9703));
#9654 = ORIENTED_EDGE('',*,*,#9655,.F.);
#9655 = EDGE_CURVE('',#9656,#9658,#9660,.T.);
#9656 = VERTEX_POINT('',#9657);
#9657 = CARTESIAN_POINT('',(6.35,-16.51,0.));
#9658 = VERTEX_POINT('',#9659);
#9659 = CARTESIAN_POINT('',(6.773333333333,-16.51,0.));
#9660 = LINE('',#9661,#9662);
#9661 = CARTESIAN_POINT('',(6.35,-16.51,0.));
#9662 = VECTOR('',#9663,1.);
#9663 = DIRECTION('',(1.,-1.110223024625E-16,0.));
#9664 = ORIENTED_EDGE('',*,*,#9665,.T.);
#9665 = EDGE_CURVE('',#9656,#9666,#9668,.T.);
#9666 = VERTEX_POINT('',#9667);
#9667 = CARTESIAN_POINT('',(6.35,-16.51,8.5));
#9668 = LINE('',#9669,#9670);
#9669 = CARTESIAN_POINT('',(6.35,-16.51,0.));
#9670 = VECTOR('',#9671,1.);
#9671 = DIRECTION('',(0.,0.,1.));
#9672 = ORIENTED_EDGE('',*,*,#9673,.T.);
#9673 = EDGE_CURVE('',#9666,#9618,#9674,.T.);
#9674 = LINE('',#9675,#9676);
#9675 = CARTESIAN_POINT('',(6.35,-16.51,8.5));
#9676 = VECTOR('',#9677,1.);
#9677 = DIRECTION('',(1.,-1.110223024625E-16,0.));
#9678 = ORIENTED_EDGE('',*,*,#9615,.F.);
#9679 = ORIENTED_EDGE('',*,*,#9680,.F.);
#9680 = EDGE_CURVE('',#9681,#9616,#9683,.T.);
#9681 = VERTEX_POINT('',#9682);
#9682 = CARTESIAN_POINT('',(8.466666666667,-16.51,0.));
#9683 = LINE('',#9684,#9685);
#9684 = CARTESIAN_POINT('',(6.35,-16.51,0.));
#9685 = VECTOR('',#9686,1.);
#9686 = DIRECTION('',(1.,-1.110223024625E-16,0.));
#9687 = ORIENTED_EDGE('',*,*,#9688,.T.);
#9688 = EDGE_CURVE('',#9681,#9689,#9691,.T.);
#9689 = VERTEX_POINT('',#9690);
#9690 = CARTESIAN_POINT('',(8.466666666667,-16.51,0.2));
#9691 = LINE('',#9692,#9693);
#9692 = CARTESIAN_POINT('',(8.466666666667,-16.51,0.));
#9693 = VECTOR('',#9694,1.);
#9694 = DIRECTION('',(0.,0.,1.));
#9695 = ORIENTED_EDGE('',*,*,#9696,.F.);
#9696 = EDGE_CURVE('',#9697,#9689,#9699,.T.);
#9697 = VERTEX_POINT('',#9698);
#9698 = CARTESIAN_POINT('',(6.773333333333,-16.51,0.2));
#9699 = LINE('',#9700,#9701);
#9700 = CARTESIAN_POINT('',(6.773333333333,-16.51,0.2));
#9701 = VECTOR('',#9702,1.);
#9702 = DIRECTION('',(1.,-1.110223024625E-16,0.));
#9703 = ORIENTED_EDGE('',*,*,#9704,.F.);
#9704 = EDGE_CURVE('',#9658,#9697,#9705,.T.);
#9705 = LINE('',#9706,#9707);
#9706 = CARTESIAN_POINT('',(6.773333333333,-16.51,0.));
#9707 = VECTOR('',#9708,1.);
#9708 = DIRECTION('',(0.,0.,1.));
#9709 = PLANE('',#9710);
#9710 = AXIS2_PLACEMENT_3D('',#9711,#9712,#9713);
#9711 = CARTESIAN_POINT('',(6.35,-16.51,0.));
#9712 = DIRECTION('',(1.110223024625E-16,1.,0.));
#9713 = DIRECTION('',(1.,-1.110223024625E-16,0.));
#9714 = ADVANCED_FACE('',(#9715),#9772,.F.);
#9715 = FACE_BOUND('',#9716,.F.);
#9716 = EDGE_LOOP('',(#9717,#9725,#9726,#9734,#9742,#9750,#9758,#9766));
#9717 = ORIENTED_EDGE('',*,*,#9718,.F.);
#9718 = EDGE_CURVE('',#9634,#9719,#9721,.T.);
#9719 = VERTEX_POINT('',#9720);
#9720 = CARTESIAN_POINT('',(8.466666666667,13.97,0.));
#9721 = LINE('',#9722,#9723);
#9722 = CARTESIAN_POINT('',(8.89,13.97,0.));
#9723 = VECTOR('',#9724,1.);
#9724 = DIRECTION('',(-1.,1.110223024625E-16,0.));
#9725 = ORIENTED_EDGE('',*,*,#9633,.T.);
#9726 = ORIENTED_EDGE('',*,*,#9727,.T.);
#9727 = EDGE_CURVE('',#9626,#9728,#9730,.T.);
#9728 = VERTEX_POINT('',#9729);
#9729 = CARTESIAN_POINT('',(6.35,13.97,8.5));
#9730 = LINE('',#9731,#9732);
#9731 = CARTESIAN_POINT('',(8.89,13.97,8.5));
#9732 = VECTOR('',#9733,1.);
#9733 = DIRECTION('',(-1.,1.110223024625E-16,0.));
#9734 = ORIENTED_EDGE('',*,*,#9735,.F.);
#9735 = EDGE_CURVE('',#9736,#9728,#9738,.T.);
#9736 = VERTEX_POINT('',#9737);
#9737 = CARTESIAN_POINT('',(6.35,13.97,0.));
#9738 = LINE('',#9739,#9740);
#9739 = CARTESIAN_POINT('',(6.35,13.97,0.));
#9740 = VECTOR('',#9741,1.);
#9741 = DIRECTION('',(0.,0.,1.));
#9742 = ORIENTED_EDGE('',*,*,#9743,.F.);
#9743 = EDGE_CURVE('',#9744,#9736,#9746,.T.);
#9744 = VERTEX_POINT('',#9745);
#9745 = CARTESIAN_POINT('',(6.773333333333,13.97,0.));
#9746 = LINE('',#9747,#9748);
#9747 = CARTESIAN_POINT('',(8.89,13.97,0.));
#9748 = VECTOR('',#9749,1.);
#9749 = DIRECTION('',(-1.,1.110223024625E-16,0.));
#9750 = ORIENTED_EDGE('',*,*,#9751,.T.);
#9751 = EDGE_CURVE('',#9744,#9752,#9754,.T.);
#9752 = VERTEX_POINT('',#9753);
#9753 = CARTESIAN_POINT('',(6.773333333333,13.97,0.2));
#9754 = LINE('',#9755,#9756);
#9755 = CARTESIAN_POINT('',(6.773333333333,13.97,0.));
#9756 = VECTOR('',#9757,1.);
#9757 = DIRECTION('',(0.,0.,1.));
#9758 = ORIENTED_EDGE('',*,*,#9759,.F.);
#9759 = EDGE_CURVE('',#9760,#9752,#9762,.T.);
#9760 = VERTEX_POINT('',#9761);
#9761 = CARTESIAN_POINT('',(8.466666666667,13.97,0.2));
#9762 = LINE('',#9763,#9764);
#9763 = CARTESIAN_POINT('',(8.466666666667,13.97,0.2));
#9764 = VECTOR('',#9765,1.);
#9765 = DIRECTION('',(-1.,1.110223024625E-16,0.));
#9766 = ORIENTED_EDGE('',*,*,#9767,.F.);
#9767 = EDGE_CURVE('',#9719,#9760,#9768,.T.);
#9768 = LINE('',#9769,#9770);
#9769 = CARTESIAN_POINT('',(8.466666666667,13.97,0.));
#9770 = VECTOR('',#9771,1.);
#9771 = DIRECTION('',(0.,0.,1.));
#9772 = PLANE('',#9773);
#9773 = AXIS2_PLACEMENT_3D('',#9774,#9775,#9776);
#9774 = CARTESIAN_POINT('',(8.89,13.97,0.));
#9775 = DIRECTION('',(-1.110223024625E-16,-1.,0.));
#9776 = DIRECTION('',(-1.,1.110223024625E-16,0.));
#9777 = ADVANCED_FACE('',(#9778),#9789,.F.);
#9778 = FACE_BOUND('',#9779,.F.);
#9779 = EDGE_LOOP('',(#9780,#9781,#9782,#9783));
#9780 = ORIENTED_EDGE('',*,*,#9680,.T.);
#9781 = ORIENTED_EDGE('',*,*,#9641,.T.);
#9782 = ORIENTED_EDGE('',*,*,#9718,.T.);
#9783 = ORIENTED_EDGE('',*,*,#9784,.F.);
#9784 = EDGE_CURVE('',#9681,#9719,#9785,.T.);
#9785 = LINE('',#9786,#9787);
#9786 = CARTESIAN_POINT('',(8.466666666667,-16.51,0.));
#9787 = VECTOR('',#9788,1.);
#9788 = DIRECTION('',(1.110223024625E-16,1.,0.));
#9789 = PLANE('',#9790);
#9790 = AXIS2_PLACEMENT_3D('',#9791,#9792,#9793);
#9791 = CARTESIAN_POINT('',(7.62,-1.27,0.));
#9792 = DIRECTION('',(0.,0.,1.));
#9793 = DIRECTION('',(1.110223024625E-16,1.,-0.));
#9794 = ADVANCED_FACE('',(#9795,#9806,#9840,#9874,#9908,#9942,#9976,
    #10010,#10044,#10078,#10112,#10146,#10180),#10214,.T.);
#9795 = FACE_BOUND('',#9796,.T.);
#9796 = EDGE_LOOP('',(#9797,#9798,#9799,#9805));
#9797 = ORIENTED_EDGE('',*,*,#9625,.T.);
#9798 = ORIENTED_EDGE('',*,*,#9727,.T.);
#9799 = ORIENTED_EDGE('',*,*,#9800,.T.);
#9800 = EDGE_CURVE('',#9728,#9666,#9801,.T.);
#9801 = LINE('',#9802,#9803);
#9802 = CARTESIAN_POINT('',(6.35,13.97,8.5));
#9803 = VECTOR('',#9804,1.);
#9804 = DIRECTION('',(-1.110223024625E-16,-1.,0.));
#9805 = ORIENTED_EDGE('',*,*,#9673,.T.);
#9806 = FACE_BOUND('',#9807,.T.);
#9807 = EDGE_LOOP('',(#9808,#9818,#9826,#9834));
#9808 = ORIENTED_EDGE('',*,*,#9809,.F.);
#9809 = EDGE_CURVE('',#9810,#9812,#9814,.T.);
#9810 = VERTEX_POINT('',#9811);
#9811 = CARTESIAN_POINT('',(8.22,-15.84,8.5));
#9812 = VERTEX_POINT('',#9813);
#9813 = CARTESIAN_POINT('',(8.22,-14.64,8.5));
#9814 = LINE('',#9815,#9816);
#9815 = CARTESIAN_POINT('',(8.22,-15.84,8.5));
#9816 = VECTOR('',#9817,1.);
#9817 = DIRECTION('',(1.110223024625E-16,1.,0.));
#9818 = ORIENTED_EDGE('',*,*,#9819,.F.);
#9819 = EDGE_CURVE('',#9820,#9810,#9822,.T.);
#9820 = VERTEX_POINT('',#9821);
#9821 = CARTESIAN_POINT('',(7.02,-15.84,8.5));
#9822 = LINE('',#9823,#9824);
#9823 = CARTESIAN_POINT('',(7.02,-15.84,8.5));
#9824 = VECTOR('',#9825,1.);
#9825 = DIRECTION('',(1.,-1.110223024625E-16,0.));
#9826 = ORIENTED_EDGE('',*,*,#9827,.F.);
#9827 = EDGE_CURVE('',#9828,#9820,#9830,.T.);
#9828 = VERTEX_POINT('',#9829);
#9829 = CARTESIAN_POINT('',(7.02,-14.64,8.5));
#9830 = LINE('',#9831,#9832);
#9831 = CARTESIAN_POINT('',(7.02,-14.64,8.5));
#9832 = VECTOR('',#9833,1.);
#9833 = DIRECTION('',(-1.110223024625E-16,-1.,0.));
#9834 = ORIENTED_EDGE('',*,*,#9835,.F.);
#9835 = EDGE_CURVE('',#9812,#9828,#9836,.T.);
#9836 = LINE('',#9837,#9838);
#9837 = CARTESIAN_POINT('',(8.22,-14.64,8.5));
#9838 = VECTOR('',#9839,1.);
#9839 = DIRECTION('',(-1.,1.110223024625E-16,0.));
#9840 = FACE_BOUND('',#9841,.T.);
#9841 = EDGE_LOOP('',(#9842,#9852,#9860,#9868));
#9842 = ORIENTED_EDGE('',*,*,#9843,.F.);
#9843 = EDGE_CURVE('',#9844,#9846,#9848,.T.);
#9844 = VERTEX_POINT('',#9845);
#9845 = CARTESIAN_POINT('',(8.22,-13.3,8.5));
#9846 = VERTEX_POINT('',#9847);
#9847 = CARTESIAN_POINT('',(8.22,-12.1,8.5));
#9848 = LINE('',#9849,#9850);
#9849 = CARTESIAN_POINT('',(8.22,-13.3,8.5));
#9850 = VECTOR('',#9851,1.);
#9851 = DIRECTION('',(1.110223024625E-16,1.,0.));
#9852 = ORIENTED_EDGE('',*,*,#9853,.F.);
#9853 = EDGE_CURVE('',#9854,#9844,#9856,.T.);
#9854 = VERTEX_POINT('',#9855);
#9855 = CARTESIAN_POINT('',(7.02,-13.3,8.5));
#9856 = LINE('',#9857,#9858);
#9857 = CARTESIAN_POINT('',(7.02,-13.3,8.5));
#9858 = VECTOR('',#9859,1.);
#9859 = DIRECTION('',(1.,-1.110223024625E-16,0.));
#9860 = ORIENTED_EDGE('',*,*,#9861,.F.);
#9861 = EDGE_CURVE('',#9862,#9854,#9864,.T.);
#9862 = VERTEX_POINT('',#9863);
#9863 = CARTESIAN_POINT('',(7.02,-12.1,8.5));
#9864 = LINE('',#9865,#9866);
#9865 = CARTESIAN_POINT('',(7.02,-12.1,8.5));
#9866 = VECTOR('',#9867,1.);
#9867 = DIRECTION('',(-1.110223024625E-16,-1.,0.));
#9868 = ORIENTED_EDGE('',*,*,#9869,.F.);
#9869 = EDGE_CURVE('',#9846,#9862,#9870,.T.);
#9870 = LINE('',#9871,#9872);
#9871 = CARTESIAN_POINT('',(8.22,-12.1,8.5));
#9872 = VECTOR('',#9873,1.);
#9873 = DIRECTION('',(-1.,1.110223024625E-16,0.));
#9874 = FACE_BOUND('',#9875,.T.);
#9875 = EDGE_LOOP('',(#9876,#9886,#9894,#9902));
#9876 = ORIENTED_EDGE('',*,*,#9877,.F.);
#9877 = EDGE_CURVE('',#9878,#9880,#9882,.T.);
#9878 = VERTEX_POINT('',#9879);
#9879 = CARTESIAN_POINT('',(8.22,-10.76,8.5));
#9880 = VERTEX_POINT('',#9881);
#9881 = CARTESIAN_POINT('',(8.22,-9.56,8.5));
#9882 = LINE('',#9883,#9884);
#9883 = CARTESIAN_POINT('',(8.22,-10.76,8.5));
#9884 = VECTOR('',#9885,1.);
#9885 = DIRECTION('',(1.110223024625E-16,1.,0.));
#9886 = ORIENTED_EDGE('',*,*,#9887,.F.);
#9887 = EDGE_CURVE('',#9888,#9878,#9890,.T.);
#9888 = VERTEX_POINT('',#9889);
#9889 = CARTESIAN_POINT('',(7.02,-10.76,8.5));
#9890 = LINE('',#9891,#9892);
#9891 = CARTESIAN_POINT('',(7.02,-10.76,8.5));
#9892 = VECTOR('',#9893,1.);
#9893 = DIRECTION('',(1.,-1.110223024625E-16,0.));
#9894 = ORIENTED_EDGE('',*,*,#9895,.F.);
#9895 = EDGE_CURVE('',#9896,#9888,#9898,.T.);
#9896 = VERTEX_POINT('',#9897);
#9897 = CARTESIAN_POINT('',(7.02,-9.56,8.5));
#9898 = LINE('',#9899,#9900);
#9899 = CARTESIAN_POINT('',(7.02,-9.56,8.5));
#9900 = VECTOR('',#9901,1.);
#9901 = DIRECTION('',(-1.110223024625E-16,-1.,0.));
#9902 = ORIENTED_EDGE('',*,*,#9903,.F.);
#9903 = EDGE_CURVE('',#9880,#9896,#9904,.T.);
#9904 = LINE('',#9905,#9906);
#9905 = CARTESIAN_POINT('',(8.22,-9.56,8.5));
#9906 = VECTOR('',#9907,1.);
#9907 = DIRECTION('',(-1.,1.110223024625E-16,0.));
#9908 = FACE_BOUND('',#9909,.T.);
#9909 = EDGE_LOOP('',(#9910,#9920,#9928,#9936));
#9910 = ORIENTED_EDGE('',*,*,#9911,.F.);
#9911 = EDGE_CURVE('',#9912,#9914,#9916,.T.);
#9912 = VERTEX_POINT('',#9913);
#9913 = CARTESIAN_POINT('',(8.22,-8.22,8.5));
#9914 = VERTEX_POINT('',#9915);
#9915 = CARTESIAN_POINT('',(8.22,-7.02,8.5));
#9916 = LINE('',#9917,#9918);
#9917 = CARTESIAN_POINT('',(8.22,-8.22,8.5));
#9918 = VECTOR('',#9919,1.);
#9919 = DIRECTION('',(1.110223024625E-16,1.,0.));
#9920 = ORIENTED_EDGE('',*,*,#9921,.F.);
#9921 = EDGE_CURVE('',#9922,#9912,#9924,.T.);
#9922 = VERTEX_POINT('',#9923);
#9923 = CARTESIAN_POINT('',(7.02,-8.22,8.5));
#9924 = LINE('',#9925,#9926);
#9925 = CARTESIAN_POINT('',(7.02,-8.22,8.5));
#9926 = VECTOR('',#9927,1.);
#9927 = DIRECTION('',(1.,-1.110223024625E-16,0.));
#9928 = ORIENTED_EDGE('',*,*,#9929,.F.);
#9929 = EDGE_CURVE('',#9930,#9922,#9932,.T.);
#9930 = VERTEX_POINT('',#9931);
#9931 = CARTESIAN_POINT('',(7.02,-7.02,8.5));
#9932 = LINE('',#9933,#9934);
#9933 = CARTESIAN_POINT('',(7.02,-7.02,8.5));
#9934 = VECTOR('',#9935,1.);
#9935 = DIRECTION('',(-1.110223024625E-16,-1.,0.));
#9936 = ORIENTED_EDGE('',*,*,#9937,.F.);
#9937 = EDGE_CURVE('',#9914,#9930,#9938,.T.);
#9938 = LINE('',#9939,#9940);
#9939 = CARTESIAN_POINT('',(8.22,-7.02,8.5));
#9940 = VECTOR('',#9941,1.);
#9941 = DIRECTION('',(-1.,1.110223024625E-16,0.));
#9942 = FACE_BOUND('',#9943,.T.);
#9943 = EDGE_LOOP('',(#9944,#9954,#9962,#9970));
#9944 = ORIENTED_EDGE('',*,*,#9945,.F.);
#9945 = EDGE_CURVE('',#9946,#9948,#9950,.T.);
#9946 = VERTEX_POINT('',#9947);
#9947 = CARTESIAN_POINT('',(8.22,-5.68,8.5));
#9948 = VERTEX_POINT('',#9949);
#9949 = CARTESIAN_POINT('',(8.22,-4.48,8.5));
#9950 = LINE('',#9951,#9952);
#9951 = CARTESIAN_POINT('',(8.22,-5.68,8.5));
#9952 = VECTOR('',#9953,1.);
#9953 = DIRECTION('',(1.110223024625E-16,1.,0.));
#9954 = ORIENTED_EDGE('',*,*,#9955,.F.);
#9955 = EDGE_CURVE('',#9956,#9946,#9958,.T.);
#9956 = VERTEX_POINT('',#9957);
#9957 = CARTESIAN_POINT('',(7.02,-5.68,8.5));
#9958 = LINE('',#9959,#9960);
#9959 = CARTESIAN_POINT('',(7.02,-5.68,8.5));
#9960 = VECTOR('',#9961,1.);
#9961 = DIRECTION('',(1.,-1.110223024625E-16,0.));
#9962 = ORIENTED_EDGE('',*,*,#9963,.F.);
#9963 = EDGE_CURVE('',#9964,#9956,#9966,.T.);
#9964 = VERTEX_POINT('',#9965);
#9965 = CARTESIAN_POINT('',(7.02,-4.48,8.5));
#9966 = LINE('',#9967,#9968);
#9967 = CARTESIAN_POINT('',(7.02,-4.48,8.5));
#9968 = VECTOR('',#9969,1.);
#9969 = DIRECTION('',(-1.110223024625E-16,-1.,0.));
#9970 = ORIENTED_EDGE('',*,*,#9971,.F.);
#9971 = EDGE_CURVE('',#9948,#9964,#9972,.T.);
#9972 = LINE('',#9973,#9974);
#9973 = CARTESIAN_POINT('',(8.22,-4.48,8.5));
#9974 = VECTOR('',#9975,1.);
#9975 = DIRECTION('',(-1.,1.110223024625E-16,0.));
#9976 = FACE_BOUND('',#9977,.T.);
#9977 = EDGE_LOOP('',(#9978,#9988,#9996,#10004));
#9978 = ORIENTED_EDGE('',*,*,#9979,.F.);
#9979 = EDGE_CURVE('',#9980,#9982,#9984,.T.);
#9980 = VERTEX_POINT('',#9981);
#9981 = CARTESIAN_POINT('',(8.22,-3.14,8.5));
#9982 = VERTEX_POINT('',#9983);
#9983 = CARTESIAN_POINT('',(8.22,-1.94,8.5));
#9984 = LINE('',#9985,#9986);
#9985 = CARTESIAN_POINT('',(8.22,-3.14,8.5));
#9986 = VECTOR('',#9987,1.);
#9987 = DIRECTION('',(1.110223024625E-16,1.,0.));
#9988 = ORIENTED_EDGE('',*,*,#9989,.F.);
#9989 = EDGE_CURVE('',#9990,#9980,#9992,.T.);
#9990 = VERTEX_POINT('',#9991);
#9991 = CARTESIAN_POINT('',(7.02,-3.14,8.5));
#9992 = LINE('',#9993,#9994);
#9993 = CARTESIAN_POINT('',(7.02,-3.14,8.5));
#9994 = VECTOR('',#9995,1.);
#9995 = DIRECTION('',(1.,-1.110223024625E-16,0.));
#9996 = ORIENTED_EDGE('',*,*,#9997,.F.);
#9997 = EDGE_CURVE('',#9998,#9990,#10000,.T.);
#9998 = VERTEX_POINT('',#9999);
#9999 = CARTESIAN_POINT('',(7.02,-1.94,8.5));
#10000 = LINE('',#10001,#10002);
#10001 = CARTESIAN_POINT('',(7.02,-1.94,8.5));
#10002 = VECTOR('',#10003,1.);
#10003 = DIRECTION('',(-1.110223024625E-16,-1.,0.));
#10004 = ORIENTED_EDGE('',*,*,#10005,.F.);
#10005 = EDGE_CURVE('',#9982,#9998,#10006,.T.);
#10006 = LINE('',#10007,#10008);
#10007 = CARTESIAN_POINT('',(8.22,-1.94,8.5));
#10008 = VECTOR('',#10009,1.);
#10009 = DIRECTION('',(-1.,1.110223024625E-16,0.));
#10010 = FACE_BOUND('',#10011,.T.);
#10011 = EDGE_LOOP('',(#10012,#10022,#10030,#10038));
#10012 = ORIENTED_EDGE('',*,*,#10013,.F.);
#10013 = EDGE_CURVE('',#10014,#10016,#10018,.T.);
#10014 = VERTEX_POINT('',#10015);
#10015 = CARTESIAN_POINT('',(8.22,-0.6,8.5));
#10016 = VERTEX_POINT('',#10017);
#10017 = CARTESIAN_POINT('',(8.22,0.6,8.5));
#10018 = LINE('',#10019,#10020);
#10019 = CARTESIAN_POINT('',(8.22,-0.6,8.5));
#10020 = VECTOR('',#10021,1.);
#10021 = DIRECTION('',(1.110223024625E-16,1.,0.));
#10022 = ORIENTED_EDGE('',*,*,#10023,.F.);
#10023 = EDGE_CURVE('',#10024,#10014,#10026,.T.);
#10024 = VERTEX_POINT('',#10025);
#10025 = CARTESIAN_POINT('',(7.02,-0.6,8.5));
#10026 = LINE('',#10027,#10028);
#10027 = CARTESIAN_POINT('',(7.02,-0.6,8.5));
#10028 = VECTOR('',#10029,1.);
#10029 = DIRECTION('',(1.,-1.110223024625E-16,0.));
#10030 = ORIENTED_EDGE('',*,*,#10031,.F.);
#10031 = EDGE_CURVE('',#10032,#10024,#10034,.T.);
#10032 = VERTEX_POINT('',#10033);
#10033 = CARTESIAN_POINT('',(7.02,0.6,8.5));
#10034 = LINE('',#10035,#10036);
#10035 = CARTESIAN_POINT('',(7.02,0.6,8.5));
#10036 = VECTOR('',#10037,1.);
#10037 = DIRECTION('',(-1.110223024625E-16,-1.,0.));
#10038 = ORIENTED_EDGE('',*,*,#10039,.F.);
#10039 = EDGE_CURVE('',#10016,#10032,#10040,.T.);
#10040 = LINE('',#10041,#10042);
#10041 = CARTESIAN_POINT('',(8.22,0.6,8.5));
#10042 = VECTOR('',#10043,1.);
#10043 = DIRECTION('',(-1.,1.110223024625E-16,0.));
#10044 = FACE_BOUND('',#10045,.T.);
#10045 = EDGE_LOOP('',(#10046,#10056,#10064,#10072));
#10046 = ORIENTED_EDGE('',*,*,#10047,.F.);
#10047 = EDGE_CURVE('',#10048,#10050,#10052,.T.);
#10048 = VERTEX_POINT('',#10049);
#10049 = CARTESIAN_POINT('',(8.22,1.94,8.5));
#10050 = VERTEX_POINT('',#10051);
#10051 = CARTESIAN_POINT('',(8.22,3.14,8.5));
#10052 = LINE('',#10053,#10054);
#10053 = CARTESIAN_POINT('',(8.22,1.94,8.5));
#10054 = VECTOR('',#10055,1.);
#10055 = DIRECTION('',(1.110223024625E-16,1.,0.));
#10056 = ORIENTED_EDGE('',*,*,#10057,.F.);
#10057 = EDGE_CURVE('',#10058,#10048,#10060,.T.);
#10058 = VERTEX_POINT('',#10059);
#10059 = CARTESIAN_POINT('',(7.02,1.94,8.5));
#10060 = LINE('',#10061,#10062);
#10061 = CARTESIAN_POINT('',(7.02,1.94,8.5));
#10062 = VECTOR('',#10063,1.);
#10063 = DIRECTION('',(1.,-1.110223024625E-16,0.));
#10064 = ORIENTED_EDGE('',*,*,#10065,.F.);
#10065 = EDGE_CURVE('',#10066,#10058,#10068,.T.);
#10066 = VERTEX_POINT('',#10067);
#10067 = CARTESIAN_POINT('',(7.02,3.14,8.5));
#10068 = LINE('',#10069,#10070);
#10069 = CARTESIAN_POINT('',(7.02,3.14,8.5));
#10070 = VECTOR('',#10071,1.);
#10071 = DIRECTION('',(-1.110223024625E-16,-1.,0.));
#10072 = ORIENTED_EDGE('',*,*,#10073,.F.);
#10073 = EDGE_CURVE('',#10050,#10066,#10074,.T.);
#10074 = LINE('',#10075,#10076);
#10075 = CARTESIAN_POINT('',(8.22,3.14,8.5));
#10076 = VECTOR('',#10077,1.);
#10077 = DIRECTION('',(-1.,1.110223024625E-16,0.));
#10078 = FACE_BOUND('',#10079,.T.);
#10079 = EDGE_LOOP('',(#10080,#10090,#10098,#10106));
#10080 = ORIENTED_EDGE('',*,*,#10081,.F.);
#10081 = EDGE_CURVE('',#10082,#10084,#10086,.T.);
#10082 = VERTEX_POINT('',#10083);
#10083 = CARTESIAN_POINT('',(8.22,4.48,8.5));
#10084 = VERTEX_POINT('',#10085);
#10085 = CARTESIAN_POINT('',(8.22,5.68,8.5));
#10086 = LINE('',#10087,#10088);
#10087 = CARTESIAN_POINT('',(8.22,4.48,8.5));
#10088 = VECTOR('',#10089,1.);
#10089 = DIRECTION('',(1.110223024625E-16,1.,0.));
#10090 = ORIENTED_EDGE('',*,*,#10091,.F.);
#10091 = EDGE_CURVE('',#10092,#10082,#10094,.T.);
#10092 = VERTEX_POINT('',#10093);
#10093 = CARTESIAN_POINT('',(7.02,4.48,8.5));
#10094 = LINE('',#10095,#10096);
#10095 = CARTESIAN_POINT('',(7.02,4.48,8.5));
#10096 = VECTOR('',#10097,1.);
#10097 = DIRECTION('',(1.,-1.110223024625E-16,0.));
#10098 = ORIENTED_EDGE('',*,*,#10099,.F.);
#10099 = EDGE_CURVE('',#10100,#10092,#10102,.T.);
#10100 = VERTEX_POINT('',#10101);
#10101 = CARTESIAN_POINT('',(7.02,5.68,8.5));
#10102 = LINE('',#10103,#10104);
#10103 = CARTESIAN_POINT('',(7.02,5.68,8.5));
#10104 = VECTOR('',#10105,1.);
#10105 = DIRECTION('',(-1.110223024625E-16,-1.,0.));
#10106 = ORIENTED_EDGE('',*,*,#10107,.F.);
#10107 = EDGE_CURVE('',#10084,#10100,#10108,.T.);
#10108 = LINE('',#10109,#10110);
#10109 = CARTESIAN_POINT('',(8.22,5.68,8.5));
#10110 = VECTOR('',#10111,1.);
#10111 = DIRECTION('',(-1.,1.110223024625E-16,0.));
#10112 = FACE_BOUND('',#10113,.T.);
#10113 = EDGE_LOOP('',(#10114,#10124,#10132,#10140));
#10114 = ORIENTED_EDGE('',*,*,#10115,.F.);
#10115 = EDGE_CURVE('',#10116,#10118,#10120,.T.);
#10116 = VERTEX_POINT('',#10117);
#10117 = CARTESIAN_POINT('',(8.22,7.02,8.5));
#10118 = VERTEX_POINT('',#10119);
#10119 = CARTESIAN_POINT('',(8.22,8.22,8.5));
#10120 = LINE('',#10121,#10122);
#10121 = CARTESIAN_POINT('',(8.22,7.02,8.5));
#10122 = VECTOR('',#10123,1.);
#10123 = DIRECTION('',(1.110223024625E-16,1.,0.));
#10124 = ORIENTED_EDGE('',*,*,#10125,.F.);
#10125 = EDGE_CURVE('',#10126,#10116,#10128,.T.);
#10126 = VERTEX_POINT('',#10127);
#10127 = CARTESIAN_POINT('',(7.02,7.02,8.5));
#10128 = LINE('',#10129,#10130);
#10129 = CARTESIAN_POINT('',(7.02,7.02,8.5));
#10130 = VECTOR('',#10131,1.);
#10131 = DIRECTION('',(1.,-1.110223024625E-16,0.));
#10132 = ORIENTED_EDGE('',*,*,#10133,.F.);
#10133 = EDGE_CURVE('',#10134,#10126,#10136,.T.);
#10134 = VERTEX_POINT('',#10135);
#10135 = CARTESIAN_POINT('',(7.02,8.22,8.5));
#10136 = LINE('',#10137,#10138);
#10137 = CARTESIAN_POINT('',(7.02,8.22,8.5));
#10138 = VECTOR('',#10139,1.);
#10139 = DIRECTION('',(-1.110223024625E-16,-1.,0.));
#10140 = ORIENTED_EDGE('',*,*,#10141,.F.);
#10141 = EDGE_CURVE('',#10118,#10134,#10142,.T.);
#10142 = LINE('',#10143,#10144);
#10143 = CARTESIAN_POINT('',(8.22,8.22,8.5));
#10144 = VECTOR('',#10145,1.);
#10145 = DIRECTION('',(-1.,1.110223024625E-16,0.));
#10146 = FACE_BOUND('',#10147,.T.);
#10147 = EDGE_LOOP('',(#10148,#10158,#10166,#10174));
#10148 = ORIENTED_EDGE('',*,*,#10149,.F.);
#10149 = EDGE_CURVE('',#10150,#10152,#10154,.T.);
#10150 = VERTEX_POINT('',#10151);
#10151 = CARTESIAN_POINT('',(8.22,9.56,8.5));
#10152 = VERTEX_POINT('',#10153);
#10153 = CARTESIAN_POINT('',(8.22,10.76,8.5));
#10154 = LINE('',#10155,#10156);
#10155 = CARTESIAN_POINT('',(8.22,9.56,8.5));
#10156 = VECTOR('',#10157,1.);
#10157 = DIRECTION('',(1.110223024625E-16,1.,0.));
#10158 = ORIENTED_EDGE('',*,*,#10159,.F.);
#10159 = EDGE_CURVE('',#10160,#10150,#10162,.T.);
#10160 = VERTEX_POINT('',#10161);
#10161 = CARTESIAN_POINT('',(7.02,9.56,8.5));
#10162 = LINE('',#10163,#10164);
#10163 = CARTESIAN_POINT('',(7.02,9.56,8.5));
#10164 = VECTOR('',#10165,1.);
#10165 = DIRECTION('',(1.,-1.110223024625E-16,0.));
#10166 = ORIENTED_EDGE('',*,*,#10167,.F.);
#10167 = EDGE_CURVE('',#10168,#10160,#10170,.T.);
#10168 = VERTEX_POINT('',#10169);
#10169 = CARTESIAN_POINT('',(7.02,10.76,8.5));
#10170 = LINE('',#10171,#10172);
#10171 = CARTESIAN_POINT('',(7.02,10.76,8.5));
#10172 = VECTOR('',#10173,1.);
#10173 = DIRECTION('',(-1.110223024625E-16,-1.,0.));
#10174 = ORIENTED_EDGE('',*,*,#10175,.F.);
#10175 = EDGE_CURVE('',#10152,#10168,#10176,.T.);
#10176 = LINE('',#10177,#10178);
#10177 = CARTESIAN_POINT('',(8.22,10.76,8.5));
#10178 = VECTOR('',#10179,1.);
#10179 = DIRECTION('',(-1.,1.110223024625E-16,0.));
#10180 = FACE_BOUND('',#10181,.T.);
#10181 = EDGE_LOOP('',(#10182,#10192,#10200,#10208));
#10182 = ORIENTED_EDGE('',*,*,#10183,.F.);
#10183 = EDGE_CURVE('',#10184,#10186,#10188,.T.);
#10184 = VERTEX_POINT('',#10185);
#10185 = CARTESIAN_POINT('',(8.22,12.1,8.5));
#10186 = VERTEX_POINT('',#10187);
#10187 = CARTESIAN_POINT('',(8.22,13.3,8.5));
#10188 = LINE('',#10189,#10190);
#10189 = CARTESIAN_POINT('',(8.22,12.1,8.5));
#10190 = VECTOR('',#10191,1.);
#10191 = DIRECTION('',(1.110223024625E-16,1.,0.));
#10192 = ORIENTED_EDGE('',*,*,#10193,.F.);
#10193 = EDGE_CURVE('',#10194,#10184,#10196,.T.);
#10194 = VERTEX_POINT('',#10195);
#10195 = CARTESIAN_POINT('',(7.02,12.1,8.5));
#10196 = LINE('',#10197,#10198);
#10197 = CARTESIAN_POINT('',(7.02,12.1,8.5));
#10198 = VECTOR('',#10199,1.);
#10199 = DIRECTION('',(1.,-1.110223024625E-16,0.));
#10200 = ORIENTED_EDGE('',*,*,#10201,.F.);
#10201 = EDGE_CURVE('',#10202,#10194,#10204,.T.);
#10202 = VERTEX_POINT('',#10203);
#10203 = CARTESIAN_POINT('',(7.02,13.3,8.5));
#10204 = LINE('',#10205,#10206);
#10205 = CARTESIAN_POINT('',(7.02,13.3,8.5));
#10206 = VECTOR('',#10207,1.);
#10207 = DIRECTION('',(-1.110223024625E-16,-1.,0.));
#10208 = ORIENTED_EDGE('',*,*,#10209,.F.);
#10209 = EDGE_CURVE('',#10186,#10202,#10210,.T.);
#10210 = LINE('',#10211,#10212);
#10211 = CARTESIAN_POINT('',(8.22,13.3,8.5));
#10212 = VECTOR('',#10213,1.);
#10213 = DIRECTION('',(-1.,1.110223024625E-16,0.));
#10214 = PLANE('',#10215);
#10215 = AXIS2_PLACEMENT_3D('',#10216,#10217,#10218);
#10216 = CARTESIAN_POINT('',(7.62,-1.27,8.5));
#10217 = DIRECTION('',(0.,0.,1.));
#10218 = DIRECTION('',(1.110223024625E-16,1.,-0.));
#10219 = ADVANCED_FACE('',(#10220),#10236,.F.);
#10220 = FACE_BOUND('',#10221,.F.);
#10221 = EDGE_LOOP('',(#10222,#10223,#10229,#10230));
#10222 = ORIENTED_EDGE('',*,*,#9655,.T.);
#10223 = ORIENTED_EDGE('',*,*,#10224,.F.);
#10224 = EDGE_CURVE('',#9744,#9658,#10225,.T.);
#10225 = LINE('',#10226,#10227);
#10226 = CARTESIAN_POINT('',(6.773333333333,13.97,0.));
#10227 = VECTOR('',#10228,1.);
#10228 = DIRECTION('',(-1.110223024625E-16,-1.,0.));
#10229 = ORIENTED_EDGE('',*,*,#9743,.T.);
#10230 = ORIENTED_EDGE('',*,*,#10231,.T.);
#10231 = EDGE_CURVE('',#9736,#9656,#10232,.T.);
#10232 = LINE('',#10233,#10234);
#10233 = CARTESIAN_POINT('',(6.35,13.97,0.));
#10234 = VECTOR('',#10235,1.);
#10235 = DIRECTION('',(-1.110223024625E-16,-1.,0.));
#10236 = PLANE('',#10237);
#10237 = AXIS2_PLACEMENT_3D('',#10238,#10239,#10240);
#10238 = CARTESIAN_POINT('',(7.62,-1.27,0.));
#10239 = DIRECTION('',(0.,0.,1.));
#10240 = DIRECTION('',(1.110223024625E-16,1.,-0.));
#10241 = ADVANCED_FACE('',(#10242),#10253,.T.);
#10242 = FACE_BOUND('',#10243,.T.);
#10243 = EDGE_LOOP('',(#10244,#10245,#10251,#10252));
#10244 = ORIENTED_EDGE('',*,*,#9751,.T.);
#10245 = ORIENTED_EDGE('',*,*,#10246,.T.);
#10246 = EDGE_CURVE('',#9752,#9697,#10247,.T.);
#10247 = LINE('',#10248,#10249);
#10248 = CARTESIAN_POINT('',(6.773333333333,13.97,0.2));
#10249 = VECTOR('',#10250,1.);
#10250 = DIRECTION('',(-1.110223024625E-16,-1.,0.));
#10251 = ORIENTED_EDGE('',*,*,#9704,.F.);
#10252 = ORIENTED_EDGE('',*,*,#10224,.F.);
#10253 = PLANE('',#10254);
#10254 = AXIS2_PLACEMENT_3D('',#10255,#10256,#10257);
#10255 = CARTESIAN_POINT('',(6.773333333333,13.97,0.));
#10256 = DIRECTION('',(1.,-1.110223024625E-16,0.));
#10257 = DIRECTION('',(-1.110223024625E-16,-1.,0.));
#10258 = ADVANCED_FACE('',(#10259,#10270,#10336,#10402,#10468,#10534,
    #10600,#10666,#10732,#10798,#10864,#10930,#10996),#11062,.F.);
#10259 = FACE_BOUND('',#10260,.F.);
#10260 = EDGE_LOOP('',(#10261,#10267,#10268,#10269));
#10261 = ORIENTED_EDGE('',*,*,#10262,.T.);
#10262 = EDGE_CURVE('',#9689,#9760,#10263,.T.);
#10263 = LINE('',#10264,#10265);
#10264 = CARTESIAN_POINT('',(8.466666666667,-16.51,0.2));
#10265 = VECTOR('',#10266,1.);
#10266 = DIRECTION('',(1.110223024625E-16,1.,0.));
#10267 = ORIENTED_EDGE('',*,*,#9759,.T.);
#10268 = ORIENTED_EDGE('',*,*,#10246,.T.);
#10269 = ORIENTED_EDGE('',*,*,#9696,.T.);
#10270 = FACE_BOUND('',#10271,.F.);
#10271 = EDGE_LOOP('',(#10272,#10282,#10290,#10298,#10306,#10314,#10322,
    #10330));
#10272 = ORIENTED_EDGE('',*,*,#10273,.F.);
#10273 = EDGE_CURVE('',#10274,#10276,#10278,.T.);
#10274 = VERTEX_POINT('',#10275);
#10275 = CARTESIAN_POINT('',(7.52,-15.69,0.2));
#10276 = VERTEX_POINT('',#10277);
#10277 = CARTESIAN_POINT('',(7.72,-15.69,0.2));
#10278 = LINE('',#10279,#10280);
#10279 = CARTESIAN_POINT('',(7.52,-15.69,0.2));
#10280 = VECTOR('',#10281,1.);
#10281 = DIRECTION('',(1.,-1.110223024625E-16,0.));
#10282 = ORIENTED_EDGE('',*,*,#10283,.T.);
#10283 = EDGE_CURVE('',#10274,#10284,#10286,.T.);
#10284 = VERTEX_POINT('',#10285);
#10285 = CARTESIAN_POINT('',(7.52,-15.54,0.2));
#10286 = LINE('',#10287,#10288);
#10287 = CARTESIAN_POINT('',(7.52,-15.69,0.2));
#10288 = VECTOR('',#10289,1.);
#10289 = DIRECTION('',(1.110223024625E-16,1.,0.));
#10290 = ORIENTED_EDGE('',*,*,#10291,.F.);
#10291 = EDGE_CURVE('',#10292,#10284,#10294,.T.);
#10292 = VERTEX_POINT('',#10293);
#10293 = CARTESIAN_POINT('',(7.52,-14.94,0.2));
#10294 = LINE('',#10295,#10296);
#10295 = CARTESIAN_POINT('',(7.52,-8.255,0.2));
#10296 = VECTOR('',#10297,1.);
#10297 = DIRECTION('',(-1.110223024625E-16,-1.,0.));
#10298 = ORIENTED_EDGE('',*,*,#10299,.T.);
#10299 = EDGE_CURVE('',#10292,#10300,#10302,.T.);
#10300 = VERTEX_POINT('',#10301);
#10301 = CARTESIAN_POINT('',(7.52,-14.79,0.2));
#10302 = LINE('',#10303,#10304);
#10303 = CARTESIAN_POINT('',(7.52,-15.69,0.2));
#10304 = VECTOR('',#10305,1.);
#10305 = DIRECTION('',(1.110223024625E-16,1.,0.));
#10306 = ORIENTED_EDGE('',*,*,#10307,.T.);
#10307 = EDGE_CURVE('',#10300,#10308,#10310,.T.);
#10308 = VERTEX_POINT('',#10309);
#10309 = CARTESIAN_POINT('',(7.72,-14.79,0.2));
#10310 = LINE('',#10311,#10312);
#10311 = CARTESIAN_POINT('',(7.52,-14.79,0.2));
#10312 = VECTOR('',#10313,1.);
#10313 = DIRECTION('',(1.,-1.110223024625E-16,0.));
#10314 = ORIENTED_EDGE('',*,*,#10315,.T.);
#10315 = EDGE_CURVE('',#10308,#10316,#10318,.T.);
#10316 = VERTEX_POINT('',#10317);
#10317 = CARTESIAN_POINT('',(7.72,-14.94,0.2));
#10318 = LINE('',#10319,#10320);
#10319 = CARTESIAN_POINT('',(7.72,-14.79,0.2));
#10320 = VECTOR('',#10321,1.);
#10321 = DIRECTION('',(-1.110223024625E-16,-1.,0.));
#10322 = ORIENTED_EDGE('',*,*,#10323,.T.);
#10323 = EDGE_CURVE('',#10316,#10324,#10326,.T.);
#10324 = VERTEX_POINT('',#10325);
#10325 = CARTESIAN_POINT('',(7.72,-15.54,0.2));
#10326 = LINE('',#10327,#10328);
#10327 = CARTESIAN_POINT('',(7.72,-8.255,0.2));
#10328 = VECTOR('',#10329,1.);
#10329 = DIRECTION('',(-1.110223024625E-16,-1.,0.));
#10330 = ORIENTED_EDGE('',*,*,#10331,.T.);
#10331 = EDGE_CURVE('',#10324,#10276,#10332,.T.);
#10332 = LINE('',#10333,#10334);
#10333 = CARTESIAN_POINT('',(7.72,-14.79,0.2));
#10334 = VECTOR('',#10335,1.);
#10335 = DIRECTION('',(-1.110223024625E-16,-1.,0.));
#10336 = FACE_BOUND('',#10337,.F.);
#10337 = EDGE_LOOP('',(#10338,#10348,#10356,#10364,#10372,#10380,#10388,
    #10396));
#10338 = ORIENTED_EDGE('',*,*,#10339,.F.);
#10339 = EDGE_CURVE('',#10340,#10342,#10344,.T.);
#10340 = VERTEX_POINT('',#10341);
#10341 = CARTESIAN_POINT('',(7.52,-13.15,0.2));
#10342 = VERTEX_POINT('',#10343);
#10343 = CARTESIAN_POINT('',(7.72,-13.15,0.2));
#10344 = LINE('',#10345,#10346);
#10345 = CARTESIAN_POINT('',(7.52,-13.15,0.2));
#10346 = VECTOR('',#10347,1.);
#10347 = DIRECTION('',(1.,-1.110223024625E-16,0.));
#10348 = ORIENTED_EDGE('',*,*,#10349,.T.);
#10349 = EDGE_CURVE('',#10340,#10350,#10352,.T.);
#10350 = VERTEX_POINT('',#10351);
#10351 = CARTESIAN_POINT('',(7.52,-13.,0.2));
#10352 = LINE('',#10353,#10354);
#10353 = CARTESIAN_POINT('',(7.52,-13.15,0.2));
#10354 = VECTOR('',#10355,1.);
#10355 = DIRECTION('',(1.110223024625E-16,1.,0.));
#10356 = ORIENTED_EDGE('',*,*,#10357,.F.);
#10357 = EDGE_CURVE('',#10358,#10350,#10360,.T.);
#10358 = VERTEX_POINT('',#10359);
#10359 = CARTESIAN_POINT('',(7.52,-12.4,0.2));
#10360 = LINE('',#10361,#10362);
#10361 = CARTESIAN_POINT('',(7.52,-6.985,0.2));
#10362 = VECTOR('',#10363,1.);
#10363 = DIRECTION('',(-1.110223024625E-16,-1.,0.));
#10364 = ORIENTED_EDGE('',*,*,#10365,.T.);
#10365 = EDGE_CURVE('',#10358,#10366,#10368,.T.);
#10366 = VERTEX_POINT('',#10367);
#10367 = CARTESIAN_POINT('',(7.52,-12.25,0.2));
#10368 = LINE('',#10369,#10370);
#10369 = CARTESIAN_POINT('',(7.52,-13.15,0.2));
#10370 = VECTOR('',#10371,1.);
#10371 = DIRECTION('',(1.110223024625E-16,1.,0.));
#10372 = ORIENTED_EDGE('',*,*,#10373,.T.);
#10373 = EDGE_CURVE('',#10366,#10374,#10376,.T.);
#10374 = VERTEX_POINT('',#10375);
#10375 = CARTESIAN_POINT('',(7.72,-12.25,0.2));
#10376 = LINE('',#10377,#10378);
#10377 = CARTESIAN_POINT('',(7.52,-12.25,0.2));
#10378 = VECTOR('',#10379,1.);
#10379 = DIRECTION('',(1.,-1.110223024625E-16,0.));
#10380 = ORIENTED_EDGE('',*,*,#10381,.T.);
#10381 = EDGE_CURVE('',#10374,#10382,#10384,.T.);
#10382 = VERTEX_POINT('',#10383);
#10383 = CARTESIAN_POINT('',(7.72,-12.4,0.2));
#10384 = LINE('',#10385,#10386);
#10385 = CARTESIAN_POINT('',(7.72,-12.25,0.2));
#10386 = VECTOR('',#10387,1.);
#10387 = DIRECTION('',(-1.110223024625E-16,-1.,0.));
#10388 = ORIENTED_EDGE('',*,*,#10389,.T.);
#10389 = EDGE_CURVE('',#10382,#10390,#10392,.T.);
#10390 = VERTEX_POINT('',#10391);
#10391 = CARTESIAN_POINT('',(7.72,-13.,0.2));
#10392 = LINE('',#10393,#10394);
#10393 = CARTESIAN_POINT('',(7.72,-6.985,0.2));
#10394 = VECTOR('',#10395,1.);
#10395 = DIRECTION('',(-1.110223024625E-16,-1.,0.));
#10396 = ORIENTED_EDGE('',*,*,#10397,.T.);
#10397 = EDGE_CURVE('',#10390,#10342,#10398,.T.);
#10398 = LINE('',#10399,#10400);
#10399 = CARTESIAN_POINT('',(7.72,-12.25,0.2));
#10400 = VECTOR('',#10401,1.);
#10401 = DIRECTION('',(-1.110223024625E-16,-1.,0.));
#10402 = FACE_BOUND('',#10403,.F.);
#10403 = EDGE_LOOP('',(#10404,#10414,#10422,#10430,#10438,#10446,#10454,
    #10462));
#10404 = ORIENTED_EDGE('',*,*,#10405,.F.);
#10405 = EDGE_CURVE('',#10406,#10408,#10410,.T.);
#10406 = VERTEX_POINT('',#10407);
#10407 = CARTESIAN_POINT('',(7.52,-10.61,0.2));
#10408 = VERTEX_POINT('',#10409);
#10409 = CARTESIAN_POINT('',(7.72,-10.61,0.2));
#10410 = LINE('',#10411,#10412);
#10411 = CARTESIAN_POINT('',(7.52,-10.61,0.2));
#10412 = VECTOR('',#10413,1.);
#10413 = DIRECTION('',(1.,-1.110223024625E-16,0.));
#10414 = ORIENTED_EDGE('',*,*,#10415,.T.);
#10415 = EDGE_CURVE('',#10406,#10416,#10418,.T.);
#10416 = VERTEX_POINT('',#10417);
#10417 = CARTESIAN_POINT('',(7.52,-10.46,0.2));
#10418 = LINE('',#10419,#10420);
#10419 = CARTESIAN_POINT('',(7.52,-10.61,0.2));
#10420 = VECTOR('',#10421,1.);
#10421 = DIRECTION('',(1.110223024625E-16,1.,0.));
#10422 = ORIENTED_EDGE('',*,*,#10423,.F.);
#10423 = EDGE_CURVE('',#10424,#10416,#10426,.T.);
#10424 = VERTEX_POINT('',#10425);
#10425 = CARTESIAN_POINT('',(7.52,-9.86,0.2));
#10426 = LINE('',#10427,#10428);
#10427 = CARTESIAN_POINT('',(7.52,-5.715,0.2));
#10428 = VECTOR('',#10429,1.);
#10429 = DIRECTION('',(-1.110223024625E-16,-1.,0.));
#10430 = ORIENTED_EDGE('',*,*,#10431,.T.);
#10431 = EDGE_CURVE('',#10424,#10432,#10434,.T.);
#10432 = VERTEX_POINT('',#10433);
#10433 = CARTESIAN_POINT('',(7.52,-9.71,0.2));
#10434 = LINE('',#10435,#10436);
#10435 = CARTESIAN_POINT('',(7.52,-10.61,0.2));
#10436 = VECTOR('',#10437,1.);
#10437 = DIRECTION('',(1.110223024625E-16,1.,0.));
#10438 = ORIENTED_EDGE('',*,*,#10439,.T.);
#10439 = EDGE_CURVE('',#10432,#10440,#10442,.T.);
#10440 = VERTEX_POINT('',#10441);
#10441 = CARTESIAN_POINT('',(7.72,-9.71,0.2));
#10442 = LINE('',#10443,#10444);
#10443 = CARTESIAN_POINT('',(7.52,-9.71,0.2));
#10444 = VECTOR('',#10445,1.);
#10445 = DIRECTION('',(1.,-1.110223024625E-16,0.));
#10446 = ORIENTED_EDGE('',*,*,#10447,.T.);
#10447 = EDGE_CURVE('',#10440,#10448,#10450,.T.);
#10448 = VERTEX_POINT('',#10449);
#10449 = CARTESIAN_POINT('',(7.72,-9.86,0.2));
#10450 = LINE('',#10451,#10452);
#10451 = CARTESIAN_POINT('',(7.72,-9.71,0.2));
#10452 = VECTOR('',#10453,1.);
#10453 = DIRECTION('',(-1.110223024625E-16,-1.,0.));
#10454 = ORIENTED_EDGE('',*,*,#10455,.T.);
#10455 = EDGE_CURVE('',#10448,#10456,#10458,.T.);
#10456 = VERTEX_POINT('',#10457);
#10457 = CARTESIAN_POINT('',(7.72,-10.46,0.2));
#10458 = LINE('',#10459,#10460);
#10459 = CARTESIAN_POINT('',(7.72,-5.715,0.2));
#10460 = VECTOR('',#10461,1.);
#10461 = DIRECTION('',(-1.110223024625E-16,-1.,0.));
#10462 = ORIENTED_EDGE('',*,*,#10463,.T.);
#10463 = EDGE_CURVE('',#10456,#10408,#10464,.T.);
#10464 = LINE('',#10465,#10466);
#10465 = CARTESIAN_POINT('',(7.72,-9.71,0.2));
#10466 = VECTOR('',#10467,1.);
#10467 = DIRECTION('',(-1.110223024625E-16,-1.,0.));
#10468 = FACE_BOUND('',#10469,.F.);
#10469 = EDGE_LOOP('',(#10470,#10480,#10488,#10496,#10504,#10512,#10520,
    #10528));
#10470 = ORIENTED_EDGE('',*,*,#10471,.F.);
#10471 = EDGE_CURVE('',#10472,#10474,#10476,.T.);
#10472 = VERTEX_POINT('',#10473);
#10473 = CARTESIAN_POINT('',(7.52,-8.07,0.2));
#10474 = VERTEX_POINT('',#10475);
#10475 = CARTESIAN_POINT('',(7.72,-8.07,0.2));
#10476 = LINE('',#10477,#10478);
#10477 = CARTESIAN_POINT('',(7.52,-8.07,0.2));
#10478 = VECTOR('',#10479,1.);
#10479 = DIRECTION('',(1.,-1.110223024625E-16,0.));
#10480 = ORIENTED_EDGE('',*,*,#10481,.T.);
#10481 = EDGE_CURVE('',#10472,#10482,#10484,.T.);
#10482 = VERTEX_POINT('',#10483);
#10483 = CARTESIAN_POINT('',(7.52,-7.92,0.2));
#10484 = LINE('',#10485,#10486);
#10485 = CARTESIAN_POINT('',(7.52,-8.07,0.2));
#10486 = VECTOR('',#10487,1.);
#10487 = DIRECTION('',(1.110223024625E-16,1.,0.));
#10488 = ORIENTED_EDGE('',*,*,#10489,.F.);
#10489 = EDGE_CURVE('',#10490,#10482,#10492,.T.);
#10490 = VERTEX_POINT('',#10491);
#10491 = CARTESIAN_POINT('',(7.52,-7.32,0.2));
#10492 = LINE('',#10493,#10494);
#10493 = CARTESIAN_POINT('',(7.52,-4.445,0.2));
#10494 = VECTOR('',#10495,1.);
#10495 = DIRECTION('',(-1.110223024625E-16,-1.,0.));
#10496 = ORIENTED_EDGE('',*,*,#10497,.T.);
#10497 = EDGE_CURVE('',#10490,#10498,#10500,.T.);
#10498 = VERTEX_POINT('',#10499);
#10499 = CARTESIAN_POINT('',(7.52,-7.17,0.2));
#10500 = LINE('',#10501,#10502);
#10501 = CARTESIAN_POINT('',(7.52,-8.07,0.2));
#10502 = VECTOR('',#10503,1.);
#10503 = DIRECTION('',(1.110223024625E-16,1.,0.));
#10504 = ORIENTED_EDGE('',*,*,#10505,.T.);
#10505 = EDGE_CURVE('',#10498,#10506,#10508,.T.);
#10506 = VERTEX_POINT('',#10507);
#10507 = CARTESIAN_POINT('',(7.72,-7.17,0.2));
#10508 = LINE('',#10509,#10510);
#10509 = CARTESIAN_POINT('',(7.52,-7.17,0.2));
#10510 = VECTOR('',#10511,1.);
#10511 = DIRECTION('',(1.,-1.110223024625E-16,0.));
#10512 = ORIENTED_EDGE('',*,*,#10513,.T.);
#10513 = EDGE_CURVE('',#10506,#10514,#10516,.T.);
#10514 = VERTEX_POINT('',#10515);
#10515 = CARTESIAN_POINT('',(7.72,-7.32,0.2));
#10516 = LINE('',#10517,#10518);
#10517 = CARTESIAN_POINT('',(7.72,-7.17,0.2));
#10518 = VECTOR('',#10519,1.);
#10519 = DIRECTION('',(-1.110223024625E-16,-1.,0.));
#10520 = ORIENTED_EDGE('',*,*,#10521,.T.);
#10521 = EDGE_CURVE('',#10514,#10522,#10524,.T.);
#10522 = VERTEX_POINT('',#10523);
#10523 = CARTESIAN_POINT('',(7.72,-7.92,0.2));
#10524 = LINE('',#10525,#10526);
#10525 = CARTESIAN_POINT('',(7.72,-4.445,0.2));
#10526 = VECTOR('',#10527,1.);
#10527 = DIRECTION('',(-1.110223024625E-16,-1.,0.));
#10528 = ORIENTED_EDGE('',*,*,#10529,.T.);
#10529 = EDGE_CURVE('',#10522,#10474,#10530,.T.);
#10530 = LINE('',#10531,#10532);
#10531 = CARTESIAN_POINT('',(7.72,-7.17,0.2));
#10532 = VECTOR('',#10533,1.);
#10533 = DIRECTION('',(-1.110223024625E-16,-1.,0.));
#10534 = FACE_BOUND('',#10535,.F.);
#10535 = EDGE_LOOP('',(#10536,#10546,#10554,#10562,#10570,#10578,#10586,
    #10594));
#10536 = ORIENTED_EDGE('',*,*,#10537,.F.);
#10537 = EDGE_CURVE('',#10538,#10540,#10542,.T.);
#10538 = VERTEX_POINT('',#10539);
#10539 = CARTESIAN_POINT('',(7.52,-5.53,0.2));
#10540 = VERTEX_POINT('',#10541);
#10541 = CARTESIAN_POINT('',(7.72,-5.53,0.2));
#10542 = LINE('',#10543,#10544);
#10543 = CARTESIAN_POINT('',(7.52,-5.53,0.2));
#10544 = VECTOR('',#10545,1.);
#10545 = DIRECTION('',(1.,-1.110223024625E-16,0.));
#10546 = ORIENTED_EDGE('',*,*,#10547,.T.);
#10547 = EDGE_CURVE('',#10538,#10548,#10550,.T.);
#10548 = VERTEX_POINT('',#10549);
#10549 = CARTESIAN_POINT('',(7.52,-5.38,0.2));
#10550 = LINE('',#10551,#10552);
#10551 = CARTESIAN_POINT('',(7.52,-5.53,0.2));
#10552 = VECTOR('',#10553,1.);
#10553 = DIRECTION('',(1.110223024625E-16,1.,0.));
#10554 = ORIENTED_EDGE('',*,*,#10555,.F.);
#10555 = EDGE_CURVE('',#10556,#10548,#10558,.T.);
#10556 = VERTEX_POINT('',#10557);
#10557 = CARTESIAN_POINT('',(7.52,-4.78,0.2));
#10558 = LINE('',#10559,#10560);
#10559 = CARTESIAN_POINT('',(7.52,-3.175,0.2));
#10560 = VECTOR('',#10561,1.);
#10561 = DIRECTION('',(-1.110223024625E-16,-1.,0.));
#10562 = ORIENTED_EDGE('',*,*,#10563,.T.);
#10563 = EDGE_CURVE('',#10556,#10564,#10566,.T.);
#10564 = VERTEX_POINT('',#10565);
#10565 = CARTESIAN_POINT('',(7.52,-4.63,0.2));
#10566 = LINE('',#10567,#10568);
#10567 = CARTESIAN_POINT('',(7.52,-5.53,0.2));
#10568 = VECTOR('',#10569,1.);
#10569 = DIRECTION('',(1.110223024625E-16,1.,0.));
#10570 = ORIENTED_EDGE('',*,*,#10571,.T.);
#10571 = EDGE_CURVE('',#10564,#10572,#10574,.T.);
#10572 = VERTEX_POINT('',#10573);
#10573 = CARTESIAN_POINT('',(7.72,-4.63,0.2));
#10574 = LINE('',#10575,#10576);
#10575 = CARTESIAN_POINT('',(7.52,-4.63,0.2));
#10576 = VECTOR('',#10577,1.);
#10577 = DIRECTION('',(1.,-1.110223024625E-16,0.));
#10578 = ORIENTED_EDGE('',*,*,#10579,.T.);
#10579 = EDGE_CURVE('',#10572,#10580,#10582,.T.);
#10580 = VERTEX_POINT('',#10581);
#10581 = CARTESIAN_POINT('',(7.72,-4.78,0.2));
#10582 = LINE('',#10583,#10584);
#10583 = CARTESIAN_POINT('',(7.72,-4.63,0.2));
#10584 = VECTOR('',#10585,1.);
#10585 = DIRECTION('',(-1.110223024625E-16,-1.,0.));
#10586 = ORIENTED_EDGE('',*,*,#10587,.T.);
#10587 = EDGE_CURVE('',#10580,#10588,#10590,.T.);
#10588 = VERTEX_POINT('',#10589);
#10589 = CARTESIAN_POINT('',(7.72,-5.38,0.2));
#10590 = LINE('',#10591,#10592);
#10591 = CARTESIAN_POINT('',(7.72,-3.175,0.2));
#10592 = VECTOR('',#10593,1.);
#10593 = DIRECTION('',(-1.110223024625E-16,-1.,0.));
#10594 = ORIENTED_EDGE('',*,*,#10595,.T.);
#10595 = EDGE_CURVE('',#10588,#10540,#10596,.T.);
#10596 = LINE('',#10597,#10598);
#10597 = CARTESIAN_POINT('',(7.72,-4.63,0.2));
#10598 = VECTOR('',#10599,1.);
#10599 = DIRECTION('',(-1.110223024625E-16,-1.,0.));
#10600 = FACE_BOUND('',#10601,.F.);
#10601 = EDGE_LOOP('',(#10602,#10612,#10620,#10628,#10636,#10644,#10652,
    #10660));
#10602 = ORIENTED_EDGE('',*,*,#10603,.F.);
#10603 = EDGE_CURVE('',#10604,#10606,#10608,.T.);
#10604 = VERTEX_POINT('',#10605);
#10605 = CARTESIAN_POINT('',(7.52,-2.99,0.2));
#10606 = VERTEX_POINT('',#10607);
#10607 = CARTESIAN_POINT('',(7.72,-2.99,0.2));
#10608 = LINE('',#10609,#10610);
#10609 = CARTESIAN_POINT('',(7.52,-2.99,0.2));
#10610 = VECTOR('',#10611,1.);
#10611 = DIRECTION('',(1.,-1.110223024625E-16,0.));
#10612 = ORIENTED_EDGE('',*,*,#10613,.T.);
#10613 = EDGE_CURVE('',#10604,#10614,#10616,.T.);
#10614 = VERTEX_POINT('',#10615);
#10615 = CARTESIAN_POINT('',(7.52,-2.84,0.2));
#10616 = LINE('',#10617,#10618);
#10617 = CARTESIAN_POINT('',(7.52,-2.99,0.2));
#10618 = VECTOR('',#10619,1.);
#10619 = DIRECTION('',(1.110223024625E-16,1.,0.));
#10620 = ORIENTED_EDGE('',*,*,#10621,.F.);
#10621 = EDGE_CURVE('',#10622,#10614,#10624,.T.);
#10622 = VERTEX_POINT('',#10623);
#10623 = CARTESIAN_POINT('',(7.52,-2.24,0.2));
#10624 = LINE('',#10625,#10626);
#10625 = CARTESIAN_POINT('',(7.52,-1.905,0.2));
#10626 = VECTOR('',#10627,1.);
#10627 = DIRECTION('',(-1.110223024625E-16,-1.,0.));
#10628 = ORIENTED_EDGE('',*,*,#10629,.T.);
#10629 = EDGE_CURVE('',#10622,#10630,#10632,.T.);
#10630 = VERTEX_POINT('',#10631);
#10631 = CARTESIAN_POINT('',(7.52,-2.09,0.2));
#10632 = LINE('',#10633,#10634);
#10633 = CARTESIAN_POINT('',(7.52,-2.99,0.2));
#10634 = VECTOR('',#10635,1.);
#10635 = DIRECTION('',(1.110223024625E-16,1.,0.));
#10636 = ORIENTED_EDGE('',*,*,#10637,.T.);
#10637 = EDGE_CURVE('',#10630,#10638,#10640,.T.);
#10638 = VERTEX_POINT('',#10639);
#10639 = CARTESIAN_POINT('',(7.72,-2.09,0.2));
#10640 = LINE('',#10641,#10642);
#10641 = CARTESIAN_POINT('',(7.52,-2.09,0.2));
#10642 = VECTOR('',#10643,1.);
#10643 = DIRECTION('',(1.,-1.110223024625E-16,0.));
#10644 = ORIENTED_EDGE('',*,*,#10645,.T.);
#10645 = EDGE_CURVE('',#10638,#10646,#10648,.T.);
#10646 = VERTEX_POINT('',#10647);
#10647 = CARTESIAN_POINT('',(7.72,-2.24,0.2));
#10648 = LINE('',#10649,#10650);
#10649 = CARTESIAN_POINT('',(7.72,-2.09,0.2));
#10650 = VECTOR('',#10651,1.);
#10651 = DIRECTION('',(-1.110223024625E-16,-1.,0.));
#10652 = ORIENTED_EDGE('',*,*,#10653,.T.);
#10653 = EDGE_CURVE('',#10646,#10654,#10656,.T.);
#10654 = VERTEX_POINT('',#10655);
#10655 = CARTESIAN_POINT('',(7.72,-2.84,0.2));
#10656 = LINE('',#10657,#10658);
#10657 = CARTESIAN_POINT('',(7.72,-1.905,0.2));
#10658 = VECTOR('',#10659,1.);
#10659 = DIRECTION('',(-1.110223024625E-16,-1.,0.));
#10660 = ORIENTED_EDGE('',*,*,#10661,.T.);
#10661 = EDGE_CURVE('',#10654,#10606,#10662,.T.);
#10662 = LINE('',#10663,#10664);
#10663 = CARTESIAN_POINT('',(7.72,-2.09,0.2));
#10664 = VECTOR('',#10665,1.);
#10665 = DIRECTION('',(-1.110223024625E-16,-1.,0.));
#10666 = FACE_BOUND('',#10667,.F.);
#10667 = EDGE_LOOP('',(#10668,#10678,#10686,#10694,#10702,#10710,#10718,
    #10726));
#10668 = ORIENTED_EDGE('',*,*,#10669,.F.);
#10669 = EDGE_CURVE('',#10670,#10672,#10674,.T.);
#10670 = VERTEX_POINT('',#10671);
#10671 = CARTESIAN_POINT('',(7.52,-0.45,0.2));
#10672 = VERTEX_POINT('',#10673);
#10673 = CARTESIAN_POINT('',(7.72,-0.45,0.2));
#10674 = LINE('',#10675,#10676);
#10675 = CARTESIAN_POINT('',(7.52,-0.45,0.2));
#10676 = VECTOR('',#10677,1.);
#10677 = DIRECTION('',(1.,-1.110223024625E-16,0.));
#10678 = ORIENTED_EDGE('',*,*,#10679,.T.);
#10679 = EDGE_CURVE('',#10670,#10680,#10682,.T.);
#10680 = VERTEX_POINT('',#10681);
#10681 = CARTESIAN_POINT('',(7.52,-0.3,0.2));
#10682 = LINE('',#10683,#10684);
#10683 = CARTESIAN_POINT('',(7.52,-0.45,0.2));
#10684 = VECTOR('',#10685,1.);
#10685 = DIRECTION('',(1.110223024625E-16,1.,0.));
#10686 = ORIENTED_EDGE('',*,*,#10687,.F.);
#10687 = EDGE_CURVE('',#10688,#10680,#10690,.T.);
#10688 = VERTEX_POINT('',#10689);
#10689 = CARTESIAN_POINT('',(7.52,0.3,0.2));
#10690 = LINE('',#10691,#10692);
#10691 = CARTESIAN_POINT('',(7.52,-0.635,0.2));
#10692 = VECTOR('',#10693,1.);
#10693 = DIRECTION('',(-1.110223024625E-16,-1.,0.));
#10694 = ORIENTED_EDGE('',*,*,#10695,.T.);
#10695 = EDGE_CURVE('',#10688,#10696,#10698,.T.);
#10696 = VERTEX_POINT('',#10697);
#10697 = CARTESIAN_POINT('',(7.52,0.45,0.2));
#10698 = LINE('',#10699,#10700);
#10699 = CARTESIAN_POINT('',(7.52,-0.45,0.2));
#10700 = VECTOR('',#10701,1.);
#10701 = DIRECTION('',(1.110223024625E-16,1.,0.));
#10702 = ORIENTED_EDGE('',*,*,#10703,.T.);
#10703 = EDGE_CURVE('',#10696,#10704,#10706,.T.);
#10704 = VERTEX_POINT('',#10705);
#10705 = CARTESIAN_POINT('',(7.72,0.45,0.2));
#10706 = LINE('',#10707,#10708);
#10707 = CARTESIAN_POINT('',(7.52,0.45,0.2));
#10708 = VECTOR('',#10709,1.);
#10709 = DIRECTION('',(1.,-1.110223024625E-16,0.));
#10710 = ORIENTED_EDGE('',*,*,#10711,.T.);
#10711 = EDGE_CURVE('',#10704,#10712,#10714,.T.);
#10712 = VERTEX_POINT('',#10713);
#10713 = CARTESIAN_POINT('',(7.72,0.3,0.2));
#10714 = LINE('',#10715,#10716);
#10715 = CARTESIAN_POINT('',(7.72,0.45,0.2));
#10716 = VECTOR('',#10717,1.);
#10717 = DIRECTION('',(-1.110223024625E-16,-1.,0.));
#10718 = ORIENTED_EDGE('',*,*,#10719,.T.);
#10719 = EDGE_CURVE('',#10712,#10720,#10722,.T.);
#10720 = VERTEX_POINT('',#10721);
#10721 = CARTESIAN_POINT('',(7.72,-0.3,0.2));
#10722 = LINE('',#10723,#10724);
#10723 = CARTESIAN_POINT('',(7.72,-0.635,0.2));
#10724 = VECTOR('',#10725,1.);
#10725 = DIRECTION('',(-1.110223024625E-16,-1.,0.));
#10726 = ORIENTED_EDGE('',*,*,#10727,.T.);
#10727 = EDGE_CURVE('',#10720,#10672,#10728,.T.);
#10728 = LINE('',#10729,#10730);
#10729 = CARTESIAN_POINT('',(7.72,0.45,0.2));
#10730 = VECTOR('',#10731,1.);
#10731 = DIRECTION('',(-1.110223024625E-16,-1.,0.));
#10732 = FACE_BOUND('',#10733,.F.);
#10733 = EDGE_LOOP('',(#10734,#10744,#10752,#10760,#10768,#10776,#10784,
    #10792));
#10734 = ORIENTED_EDGE('',*,*,#10735,.F.);
#10735 = EDGE_CURVE('',#10736,#10738,#10740,.T.);
#10736 = VERTEX_POINT('',#10737);
#10737 = CARTESIAN_POINT('',(7.52,2.09,0.2));
#10738 = VERTEX_POINT('',#10739);
#10739 = CARTESIAN_POINT('',(7.72,2.09,0.2));
#10740 = LINE('',#10741,#10742);
#10741 = CARTESIAN_POINT('',(7.52,2.09,0.2));
#10742 = VECTOR('',#10743,1.);
#10743 = DIRECTION('',(1.,-1.110223024625E-16,0.));
#10744 = ORIENTED_EDGE('',*,*,#10745,.T.);
#10745 = EDGE_CURVE('',#10736,#10746,#10748,.T.);
#10746 = VERTEX_POINT('',#10747);
#10747 = CARTESIAN_POINT('',(7.52,2.24,0.2));
#10748 = LINE('',#10749,#10750);
#10749 = CARTESIAN_POINT('',(7.52,2.09,0.2));
#10750 = VECTOR('',#10751,1.);
#10751 = DIRECTION('',(1.110223024625E-16,1.,0.));
#10752 = ORIENTED_EDGE('',*,*,#10753,.F.);
#10753 = EDGE_CURVE('',#10754,#10746,#10756,.T.);
#10754 = VERTEX_POINT('',#10755);
#10755 = CARTESIAN_POINT('',(7.52,2.84,0.2));
#10756 = LINE('',#10757,#10758);
#10757 = CARTESIAN_POINT('',(7.52,0.635,0.2));
#10758 = VECTOR('',#10759,1.);
#10759 = DIRECTION('',(-1.110223024625E-16,-1.,0.));
#10760 = ORIENTED_EDGE('',*,*,#10761,.T.);
#10761 = EDGE_CURVE('',#10754,#10762,#10764,.T.);
#10762 = VERTEX_POINT('',#10763);
#10763 = CARTESIAN_POINT('',(7.52,2.99,0.2));
#10764 = LINE('',#10765,#10766);
#10765 = CARTESIAN_POINT('',(7.52,2.09,0.2));
#10766 = VECTOR('',#10767,1.);
#10767 = DIRECTION('',(1.110223024625E-16,1.,0.));
#10768 = ORIENTED_EDGE('',*,*,#10769,.T.);
#10769 = EDGE_CURVE('',#10762,#10770,#10772,.T.);
#10770 = VERTEX_POINT('',#10771);
#10771 = CARTESIAN_POINT('',(7.72,2.99,0.2));
#10772 = LINE('',#10773,#10774);
#10773 = CARTESIAN_POINT('',(7.52,2.99,0.2));
#10774 = VECTOR('',#10775,1.);
#10775 = DIRECTION('',(1.,-1.110223024625E-16,0.));
#10776 = ORIENTED_EDGE('',*,*,#10777,.T.);
#10777 = EDGE_CURVE('',#10770,#10778,#10780,.T.);
#10778 = VERTEX_POINT('',#10779);
#10779 = CARTESIAN_POINT('',(7.72,2.84,0.2));
#10780 = LINE('',#10781,#10782);
#10781 = CARTESIAN_POINT('',(7.72,2.99,0.2));
#10782 = VECTOR('',#10783,1.);
#10783 = DIRECTION('',(-1.110223024625E-16,-1.,0.));
#10784 = ORIENTED_EDGE('',*,*,#10785,.T.);
#10785 = EDGE_CURVE('',#10778,#10786,#10788,.T.);
#10786 = VERTEX_POINT('',#10787);
#10787 = CARTESIAN_POINT('',(7.72,2.24,0.2));
#10788 = LINE('',#10789,#10790);
#10789 = CARTESIAN_POINT('',(7.72,0.635,0.2));
#10790 = VECTOR('',#10791,1.);
#10791 = DIRECTION('',(-1.110223024625E-16,-1.,0.));
#10792 = ORIENTED_EDGE('',*,*,#10793,.T.);
#10793 = EDGE_CURVE('',#10786,#10738,#10794,.T.);
#10794 = LINE('',#10795,#10796);
#10795 = CARTESIAN_POINT('',(7.72,2.99,0.2));
#10796 = VECTOR('',#10797,1.);
#10797 = DIRECTION('',(-1.110223024625E-16,-1.,0.));
#10798 = FACE_BOUND('',#10799,.F.);
#10799 = EDGE_LOOP('',(#10800,#10810,#10818,#10826,#10834,#10842,#10850,
    #10858));
#10800 = ORIENTED_EDGE('',*,*,#10801,.F.);
#10801 = EDGE_CURVE('',#10802,#10804,#10806,.T.);
#10802 = VERTEX_POINT('',#10803);
#10803 = CARTESIAN_POINT('',(7.52,4.63,0.2));
#10804 = VERTEX_POINT('',#10805);
#10805 = CARTESIAN_POINT('',(7.72,4.63,0.2));
#10806 = LINE('',#10807,#10808);
#10807 = CARTESIAN_POINT('',(7.52,4.63,0.2));
#10808 = VECTOR('',#10809,1.);
#10809 = DIRECTION('',(1.,-1.110223024625E-16,0.));
#10810 = ORIENTED_EDGE('',*,*,#10811,.T.);
#10811 = EDGE_CURVE('',#10802,#10812,#10814,.T.);
#10812 = VERTEX_POINT('',#10813);
#10813 = CARTESIAN_POINT('',(7.52,4.78,0.2));
#10814 = LINE('',#10815,#10816);
#10815 = CARTESIAN_POINT('',(7.52,4.63,0.2));
#10816 = VECTOR('',#10817,1.);
#10817 = DIRECTION('',(1.110223024625E-16,1.,0.));
#10818 = ORIENTED_EDGE('',*,*,#10819,.F.);
#10819 = EDGE_CURVE('',#10820,#10812,#10822,.T.);
#10820 = VERTEX_POINT('',#10821);
#10821 = CARTESIAN_POINT('',(7.52,5.38,0.2));
#10822 = LINE('',#10823,#10824);
#10823 = CARTESIAN_POINT('',(7.52,1.905,0.2));
#10824 = VECTOR('',#10825,1.);
#10825 = DIRECTION('',(-1.110223024625E-16,-1.,0.));
#10826 = ORIENTED_EDGE('',*,*,#10827,.T.);
#10827 = EDGE_CURVE('',#10820,#10828,#10830,.T.);
#10828 = VERTEX_POINT('',#10829);
#10829 = CARTESIAN_POINT('',(7.52,5.53,0.2));
#10830 = LINE('',#10831,#10832);
#10831 = CARTESIAN_POINT('',(7.52,4.63,0.2));
#10832 = VECTOR('',#10833,1.);
#10833 = DIRECTION('',(1.110223024625E-16,1.,0.));
#10834 = ORIENTED_EDGE('',*,*,#10835,.T.);
#10835 = EDGE_CURVE('',#10828,#10836,#10838,.T.);
#10836 = VERTEX_POINT('',#10837);
#10837 = CARTESIAN_POINT('',(7.72,5.53,0.2));
#10838 = LINE('',#10839,#10840);
#10839 = CARTESIAN_POINT('',(7.52,5.53,0.2));
#10840 = VECTOR('',#10841,1.);
#10841 = DIRECTION('',(1.,-1.110223024625E-16,0.));
#10842 = ORIENTED_EDGE('',*,*,#10843,.T.);
#10843 = EDGE_CURVE('',#10836,#10844,#10846,.T.);
#10844 = VERTEX_POINT('',#10845);
#10845 = CARTESIAN_POINT('',(7.72,5.38,0.2));
#10846 = LINE('',#10847,#10848);
#10847 = CARTESIAN_POINT('',(7.72,5.53,0.2));
#10848 = VECTOR('',#10849,1.);
#10849 = DIRECTION('',(-1.110223024625E-16,-1.,0.));
#10850 = ORIENTED_EDGE('',*,*,#10851,.T.);
#10851 = EDGE_CURVE('',#10844,#10852,#10854,.T.);
#10852 = VERTEX_POINT('',#10853);
#10853 = CARTESIAN_POINT('',(7.72,4.78,0.2));
#10854 = LINE('',#10855,#10856);
#10855 = CARTESIAN_POINT('',(7.72,1.905,0.2));
#10856 = VECTOR('',#10857,1.);
#10857 = DIRECTION('',(-1.110223024625E-16,-1.,0.));
#10858 = ORIENTED_EDGE('',*,*,#10859,.T.);
#10859 = EDGE_CURVE('',#10852,#10804,#10860,.T.);
#10860 = LINE('',#10861,#10862);
#10861 = CARTESIAN_POINT('',(7.72,5.53,0.2));
#10862 = VECTOR('',#10863,1.);
#10863 = DIRECTION('',(-1.110223024625E-16,-1.,0.));
#10864 = FACE_BOUND('',#10865,.F.);
#10865 = EDGE_LOOP('',(#10866,#10876,#10884,#10892,#10900,#10908,#10916,
    #10924));
#10866 = ORIENTED_EDGE('',*,*,#10867,.F.);
#10867 = EDGE_CURVE('',#10868,#10870,#10872,.T.);
#10868 = VERTEX_POINT('',#10869);
#10869 = CARTESIAN_POINT('',(7.52,7.17,0.2));
#10870 = VERTEX_POINT('',#10871);
#10871 = CARTESIAN_POINT('',(7.72,7.17,0.2));
#10872 = LINE('',#10873,#10874);
#10873 = CARTESIAN_POINT('',(7.52,7.17,0.2));
#10874 = VECTOR('',#10875,1.);
#10875 = DIRECTION('',(1.,-1.110223024625E-16,0.));
#10876 = ORIENTED_EDGE('',*,*,#10877,.T.);
#10877 = EDGE_CURVE('',#10868,#10878,#10880,.T.);
#10878 = VERTEX_POINT('',#10879);
#10879 = CARTESIAN_POINT('',(7.52,7.32,0.2));
#10880 = LINE('',#10881,#10882);
#10881 = CARTESIAN_POINT('',(7.52,7.17,0.2));
#10882 = VECTOR('',#10883,1.);
#10883 = DIRECTION('',(1.110223024625E-16,1.,0.));
#10884 = ORIENTED_EDGE('',*,*,#10885,.F.);
#10885 = EDGE_CURVE('',#10886,#10878,#10888,.T.);
#10886 = VERTEX_POINT('',#10887);
#10887 = CARTESIAN_POINT('',(7.52,7.92,0.2));
#10888 = LINE('',#10889,#10890);
#10889 = CARTESIAN_POINT('',(7.52,3.175,0.2));
#10890 = VECTOR('',#10891,1.);
#10891 = DIRECTION('',(-1.110223024625E-16,-1.,0.));
#10892 = ORIENTED_EDGE('',*,*,#10893,.T.);
#10893 = EDGE_CURVE('',#10886,#10894,#10896,.T.);
#10894 = VERTEX_POINT('',#10895);
#10895 = CARTESIAN_POINT('',(7.52,8.07,0.2));
#10896 = LINE('',#10897,#10898);
#10897 = CARTESIAN_POINT('',(7.52,7.17,0.2));
#10898 = VECTOR('',#10899,1.);
#10899 = DIRECTION('',(1.110223024625E-16,1.,0.));
#10900 = ORIENTED_EDGE('',*,*,#10901,.T.);
#10901 = EDGE_CURVE('',#10894,#10902,#10904,.T.);
#10902 = VERTEX_POINT('',#10903);
#10903 = CARTESIAN_POINT('',(7.72,8.07,0.2));
#10904 = LINE('',#10905,#10906);
#10905 = CARTESIAN_POINT('',(7.52,8.07,0.2));
#10906 = VECTOR('',#10907,1.);
#10907 = DIRECTION('',(1.,-1.110223024625E-16,0.));
#10908 = ORIENTED_EDGE('',*,*,#10909,.T.);
#10909 = EDGE_CURVE('',#10902,#10910,#10912,.T.);
#10910 = VERTEX_POINT('',#10911);
#10911 = CARTESIAN_POINT('',(7.72,7.92,0.2));
#10912 = LINE('',#10913,#10914);
#10913 = CARTESIAN_POINT('',(7.72,8.07,0.2));
#10914 = VECTOR('',#10915,1.);
#10915 = DIRECTION('',(-1.110223024625E-16,-1.,0.));
#10916 = ORIENTED_EDGE('',*,*,#10917,.T.);
#10917 = EDGE_CURVE('',#10910,#10918,#10920,.T.);
#10918 = VERTEX_POINT('',#10919);
#10919 = CARTESIAN_POINT('',(7.72,7.32,0.2));
#10920 = LINE('',#10921,#10922);
#10921 = CARTESIAN_POINT('',(7.72,3.175,0.2));
#10922 = VECTOR('',#10923,1.);
#10923 = DIRECTION('',(-1.110223024625E-16,-1.,0.));
#10924 = ORIENTED_EDGE('',*,*,#10925,.T.);
#10925 = EDGE_CURVE('',#10918,#10870,#10926,.T.);
#10926 = LINE('',#10927,#10928);
#10927 = CARTESIAN_POINT('',(7.72,8.07,0.2));
#10928 = VECTOR('',#10929,1.);
#10929 = DIRECTION('',(-1.110223024625E-16,-1.,0.));
#10930 = FACE_BOUND('',#10931,.F.);
#10931 = EDGE_LOOP('',(#10932,#10942,#10950,#10958,#10966,#10974,#10982,
    #10990));
#10932 = ORIENTED_EDGE('',*,*,#10933,.F.);
#10933 = EDGE_CURVE('',#10934,#10936,#10938,.T.);
#10934 = VERTEX_POINT('',#10935);
#10935 = CARTESIAN_POINT('',(7.52,9.71,0.2));
#10936 = VERTEX_POINT('',#10937);
#10937 = CARTESIAN_POINT('',(7.72,9.71,0.2));
#10938 = LINE('',#10939,#10940);
#10939 = CARTESIAN_POINT('',(7.52,9.71,0.2));
#10940 = VECTOR('',#10941,1.);
#10941 = DIRECTION('',(1.,-1.110223024625E-16,0.));
#10942 = ORIENTED_EDGE('',*,*,#10943,.T.);
#10943 = EDGE_CURVE('',#10934,#10944,#10946,.T.);
#10944 = VERTEX_POINT('',#10945);
#10945 = CARTESIAN_POINT('',(7.52,9.86,0.2));
#10946 = LINE('',#10947,#10948);
#10947 = CARTESIAN_POINT('',(7.52,9.71,0.2));
#10948 = VECTOR('',#10949,1.);
#10949 = DIRECTION('',(1.110223024625E-16,1.,0.));
#10950 = ORIENTED_EDGE('',*,*,#10951,.F.);
#10951 = EDGE_CURVE('',#10952,#10944,#10954,.T.);
#10952 = VERTEX_POINT('',#10953);
#10953 = CARTESIAN_POINT('',(7.52,10.46,0.2));
#10954 = LINE('',#10955,#10956);
#10955 = CARTESIAN_POINT('',(7.52,4.445,0.2));
#10956 = VECTOR('',#10957,1.);
#10957 = DIRECTION('',(-1.110223024625E-16,-1.,0.));
#10958 = ORIENTED_EDGE('',*,*,#10959,.T.);
#10959 = EDGE_CURVE('',#10952,#10960,#10962,.T.);
#10960 = VERTEX_POINT('',#10961);
#10961 = CARTESIAN_POINT('',(7.52,10.61,0.2));
#10962 = LINE('',#10963,#10964);
#10963 = CARTESIAN_POINT('',(7.52,9.71,0.2));
#10964 = VECTOR('',#10965,1.);
#10965 = DIRECTION('',(1.110223024625E-16,1.,0.));
#10966 = ORIENTED_EDGE('',*,*,#10967,.T.);
#10967 = EDGE_CURVE('',#10960,#10968,#10970,.T.);
#10968 = VERTEX_POINT('',#10969);
#10969 = CARTESIAN_POINT('',(7.72,10.61,0.2));
#10970 = LINE('',#10971,#10972);
#10971 = CARTESIAN_POINT('',(7.52,10.61,0.2));
#10972 = VECTOR('',#10973,1.);
#10973 = DIRECTION('',(1.,-1.110223024625E-16,0.));
#10974 = ORIENTED_EDGE('',*,*,#10975,.T.);
#10975 = EDGE_CURVE('',#10968,#10976,#10978,.T.);
#10976 = VERTEX_POINT('',#10977);
#10977 = CARTESIAN_POINT('',(7.72,10.46,0.2));
#10978 = LINE('',#10979,#10980);
#10979 = CARTESIAN_POINT('',(7.72,10.61,0.2));
#10980 = VECTOR('',#10981,1.);
#10981 = DIRECTION('',(-1.110223024625E-16,-1.,0.));
#10982 = ORIENTED_EDGE('',*,*,#10983,.T.);
#10983 = EDGE_CURVE('',#10976,#10984,#10986,.T.);
#10984 = VERTEX_POINT('',#10985);
#10985 = CARTESIAN_POINT('',(7.72,9.86,0.2));
#10986 = LINE('',#10987,#10988);
#10987 = CARTESIAN_POINT('',(7.72,4.445,0.2));
#10988 = VECTOR('',#10989,1.);
#10989 = DIRECTION('',(-1.110223024625E-16,-1.,0.));
#10990 = ORIENTED_EDGE('',*,*,#10991,.T.);
#10991 = EDGE_CURVE('',#10984,#10936,#10992,.T.);
#10992 = LINE('',#10993,#10994);
#10993 = CARTESIAN_POINT('',(7.72,10.61,0.2));
#10994 = VECTOR('',#10995,1.);
#10995 = DIRECTION('',(-1.110223024625E-16,-1.,0.));
#10996 = FACE_BOUND('',#10997,.F.);
#10997 = EDGE_LOOP('',(#10998,#11008,#11016,#11024,#11032,#11040,#11048,
    #11056));
#10998 = ORIENTED_EDGE('',*,*,#10999,.F.);
#10999 = EDGE_CURVE('',#11000,#11002,#11004,.T.);
#11000 = VERTEX_POINT('',#11001);
#11001 = CARTESIAN_POINT('',(7.52,12.25,0.2));
#11002 = VERTEX_POINT('',#11003);
#11003 = CARTESIAN_POINT('',(7.72,12.25,0.2));
#11004 = LINE('',#11005,#11006);
#11005 = CARTESIAN_POINT('',(7.52,12.25,0.2));
#11006 = VECTOR('',#11007,1.);
#11007 = DIRECTION('',(1.,-1.110223024625E-16,0.));
#11008 = ORIENTED_EDGE('',*,*,#11009,.T.);
#11009 = EDGE_CURVE('',#11000,#11010,#11012,.T.);
#11010 = VERTEX_POINT('',#11011);
#11011 = CARTESIAN_POINT('',(7.52,12.4,0.2));
#11012 = LINE('',#11013,#11014);
#11013 = CARTESIAN_POINT('',(7.52,12.25,0.2));
#11014 = VECTOR('',#11015,1.);
#11015 = DIRECTION('',(1.110223024625E-16,1.,0.));
#11016 = ORIENTED_EDGE('',*,*,#11017,.F.);
#11017 = EDGE_CURVE('',#11018,#11010,#11020,.T.);
#11018 = VERTEX_POINT('',#11019);
#11019 = CARTESIAN_POINT('',(7.52,13.,0.2));
#11020 = LINE('',#11021,#11022);
#11021 = CARTESIAN_POINT('',(7.52,5.715,0.2));
#11022 = VECTOR('',#11023,1.);
#11023 = DIRECTION('',(-1.110223024625E-16,-1.,0.));
#11024 = ORIENTED_EDGE('',*,*,#11025,.T.);
#11025 = EDGE_CURVE('',#11018,#11026,#11028,.T.);
#11026 = VERTEX_POINT('',#11027);
#11027 = CARTESIAN_POINT('',(7.52,13.15,0.2));
#11028 = LINE('',#11029,#11030);
#11029 = CARTESIAN_POINT('',(7.52,12.25,0.2));
#11030 = VECTOR('',#11031,1.);
#11031 = DIRECTION('',(1.110223024625E-16,1.,0.));
#11032 = ORIENTED_EDGE('',*,*,#11033,.T.);
#11033 = EDGE_CURVE('',#11026,#11034,#11036,.T.);
#11034 = VERTEX_POINT('',#11035);
#11035 = CARTESIAN_POINT('',(7.72,13.15,0.2));
#11036 = LINE('',#11037,#11038);
#11037 = CARTESIAN_POINT('',(7.52,13.15,0.2));
#11038 = VECTOR('',#11039,1.);
#11039 = DIRECTION('',(1.,-1.110223024625E-16,0.));
#11040 = ORIENTED_EDGE('',*,*,#11041,.T.);
#11041 = EDGE_CURVE('',#11034,#11042,#11044,.T.);
#11042 = VERTEX_POINT('',#11043);
#11043 = CARTESIAN_POINT('',(7.72,13.,0.2));
#11044 = LINE('',#11045,#11046);
#11045 = CARTESIAN_POINT('',(7.72,13.15,0.2));
#11046 = VECTOR('',#11047,1.);
#11047 = DIRECTION('',(-1.110223024625E-16,-1.,0.));
#11048 = ORIENTED_EDGE('',*,*,#11049,.T.);
#11049 = EDGE_CURVE('',#11042,#11050,#11052,.T.);
#11050 = VERTEX_POINT('',#11051);
#11051 = CARTESIAN_POINT('',(7.72,12.4,0.2));
#11052 = LINE('',#11053,#11054);
#11053 = CARTESIAN_POINT('',(7.72,5.715,0.2));
#11054 = VECTOR('',#11055,1.);
#11055 = DIRECTION('',(-1.110223024625E-16,-1.,0.));
#11056 = ORIENTED_EDGE('',*,*,#11057,.T.);
#11057 = EDGE_CURVE('',#11050,#11002,#11058,.T.);
#11058 = LINE('',#11059,#11060);
#11059 = CARTESIAN_POINT('',(7.72,13.15,0.2));
#11060 = VECTOR('',#11061,1.);
#11061 = DIRECTION('',(-1.110223024625E-16,-1.,0.));
#11062 = PLANE('',#11063);
#11063 = AXIS2_PLACEMENT_3D('',#11064,#11065,#11066);
#11064 = CARTESIAN_POINT('',(7.62,-1.27,0.2));
#11065 = DIRECTION('',(0.,0.,1.));
#11066 = DIRECTION('',(1.110223024625E-16,1.,-0.));
#11067 = ADVANCED_FACE('',(#11068),#11074,.T.);
#11068 = FACE_BOUND('',#11069,.T.);
#11069 = EDGE_LOOP('',(#11070,#11071,#11072,#11073));
#11070 = ORIENTED_EDGE('',*,*,#9688,.T.);
#11071 = ORIENTED_EDGE('',*,*,#10262,.T.);
#11072 = ORIENTED_EDGE('',*,*,#9767,.F.);
#11073 = ORIENTED_EDGE('',*,*,#9784,.F.);
#11074 = PLANE('',#11075);
#11075 = AXIS2_PLACEMENT_3D('',#11076,#11077,#11078);
#11076 = CARTESIAN_POINT('',(8.466666666667,-16.51,0.));
#11077 = DIRECTION('',(-1.,1.110223024625E-16,0.));
#11078 = DIRECTION('',(1.110223024625E-16,1.,0.));
#11079 = ADVANCED_FACE('',(#11080),#11086,.F.);
#11080 = FACE_BOUND('',#11081,.F.);
#11081 = EDGE_LOOP('',(#11082,#11083,#11084,#11085));
#11082 = ORIENTED_EDGE('',*,*,#9735,.T.);
#11083 = ORIENTED_EDGE('',*,*,#9800,.T.);
#11084 = ORIENTED_EDGE('',*,*,#9665,.F.);
#11085 = ORIENTED_EDGE('',*,*,#10231,.F.);
#11086 = PLANE('',#11087);
#11087 = AXIS2_PLACEMENT_3D('',#11088,#11089,#11090);
#11088 = CARTESIAN_POINT('',(6.35,13.97,0.));
#11089 = DIRECTION('',(1.,-1.110223024625E-16,0.));
#11090 = DIRECTION('',(-1.110223024625E-16,-1.,0.));
#11091 = ADVANCED_FACE('',(#11092),#11117,.T.);
#11092 = FACE_BOUND('',#11093,.T.);
#11093 = EDGE_LOOP('',(#11094,#11102,#11103,#11111));
#11094 = ORIENTED_EDGE('',*,*,#11095,.F.);
#11095 = EDGE_CURVE('',#9810,#11096,#11098,.T.);
#11096 = VERTEX_POINT('',#11097);
#11097 = CARTESIAN_POINT('',(7.92,-15.54,8.2));
#11098 = LINE('',#11099,#11100);
#11099 = CARTESIAN_POINT('',(7.92,-15.54,8.2));
#11100 = VECTOR('',#11101,1.);
#11101 = DIRECTION('',(-0.57735026919,0.57735026919,-0.57735026919));
#11102 = ORIENTED_EDGE('',*,*,#9809,.T.);
#11103 = ORIENTED_EDGE('',*,*,#11104,.T.);
#11104 = EDGE_CURVE('',#9812,#11105,#11107,.T.);
#11105 = VERTEX_POINT('',#11106);
#11106 = CARTESIAN_POINT('',(7.92,-14.94,8.2));
#11107 = LINE('',#11108,#11109);
#11108 = CARTESIAN_POINT('',(7.92,-14.94,8.2));
#11109 = VECTOR('',#11110,1.);
#11110 = DIRECTION('',(-0.57735026919,-0.57735026919,-0.57735026919));
#11111 = ORIENTED_EDGE('',*,*,#11112,.F.);
#11112 = EDGE_CURVE('',#11096,#11105,#11113,.T.);
#11113 = LINE('',#11114,#11115);
#11114 = CARTESIAN_POINT('',(7.92,-15.84,8.2));
#11115 = VECTOR('',#11116,1.);
#11116 = DIRECTION('',(1.110223024625E-16,1.,0.));
#11117 = PLANE('',#11118);
#11118 = AXIS2_PLACEMENT_3D('',#11119,#11120,#11121);
#11119 = CARTESIAN_POINT('',(8.07,-15.84,8.35));
#11120 = DIRECTION('',(-0.707106781187,7.850462293414E-17,0.707106781187
    ));
#11121 = DIRECTION('',(1.110223024625E-16,1.,2.680278185005E-29));
#11122 = ADVANCED_FACE('',(#11123),#11141,.T.);
#11123 = FACE_BOUND('',#11124,.T.);
#11124 = EDGE_LOOP('',(#11125,#11126,#11127,#11135));
#11125 = ORIENTED_EDGE('',*,*,#11104,.F.);
#11126 = ORIENTED_EDGE('',*,*,#9835,.T.);
#11127 = ORIENTED_EDGE('',*,*,#11128,.T.);
#11128 = EDGE_CURVE('',#9828,#11129,#11131,.T.);
#11129 = VERTEX_POINT('',#11130);
#11130 = CARTESIAN_POINT('',(7.32,-14.94,8.2));
#11131 = LINE('',#11132,#11133);
#11132 = CARTESIAN_POINT('',(7.32,-14.94,8.2));
#11133 = VECTOR('',#11134,1.);
#11134 = DIRECTION('',(0.57735026919,-0.57735026919,-0.57735026919));
#11135 = ORIENTED_EDGE('',*,*,#11136,.F.);
#11136 = EDGE_CURVE('',#11105,#11129,#11137,.T.);
#11137 = LINE('',#11138,#11139);
#11138 = CARTESIAN_POINT('',(8.22,-14.94,8.2));
#11139 = VECTOR('',#11140,1.);
#11140 = DIRECTION('',(-1.,1.110223024625E-16,0.));
#11141 = PLANE('',#11142);
#11142 = AXIS2_PLACEMENT_3D('',#11143,#11144,#11145);
#11143 = CARTESIAN_POINT('',(8.22,-14.79,8.35));
#11144 = DIRECTION('',(-7.850462293414E-17,-0.707106781187,
    0.707106781187));
#11145 = DIRECTION('',(-1.,1.110223024625E-16,2.680278185005E-29));
#11146 = ADVANCED_FACE('',(#11147),#11165,.T.);
#11147 = FACE_BOUND('',#11148,.T.);
#11148 = EDGE_LOOP('',(#11149,#11150,#11151,#11159));
#11149 = ORIENTED_EDGE('',*,*,#11128,.F.);
#11150 = ORIENTED_EDGE('',*,*,#9827,.T.);
#11151 = ORIENTED_EDGE('',*,*,#11152,.T.);
#11152 = EDGE_CURVE('',#9820,#11153,#11155,.T.);
#11153 = VERTEX_POINT('',#11154);
#11154 = CARTESIAN_POINT('',(7.32,-15.54,8.2));
#11155 = LINE('',#11156,#11157);
#11156 = CARTESIAN_POINT('',(7.32,-15.54,8.2));
#11157 = VECTOR('',#11158,1.);
#11158 = DIRECTION('',(0.57735026919,0.57735026919,-0.57735026919));
#11159 = ORIENTED_EDGE('',*,*,#11160,.F.);
#11160 = EDGE_CURVE('',#11129,#11153,#11161,.T.);
#11161 = LINE('',#11162,#11163);
#11162 = CARTESIAN_POINT('',(7.32,-14.64,8.2));
#11163 = VECTOR('',#11164,1.);
#11164 = DIRECTION('',(-1.110223024625E-16,-1.,0.));
#11165 = PLANE('',#11166);
#11166 = AXIS2_PLACEMENT_3D('',#11167,#11168,#11169);
#11167 = CARTESIAN_POINT('',(7.17,-14.64,8.35));
#11168 = DIRECTION('',(0.707106781187,-7.850462293414E-17,0.707106781187
    ));
#11169 = DIRECTION('',(-1.110223024625E-16,-1.,2.680278185005E-29));
#11170 = ADVANCED_FACE('',(#11171),#11182,.T.);
#11171 = FACE_BOUND('',#11172,.T.);
#11172 = EDGE_LOOP('',(#11173,#11174,#11175,#11176));
#11173 = ORIENTED_EDGE('',*,*,#11152,.F.);
#11174 = ORIENTED_EDGE('',*,*,#9819,.T.);
#11175 = ORIENTED_EDGE('',*,*,#11095,.T.);
#11176 = ORIENTED_EDGE('',*,*,#11177,.F.);
#11177 = EDGE_CURVE('',#11153,#11096,#11178,.T.);
#11178 = LINE('',#11179,#11180);
#11179 = CARTESIAN_POINT('',(7.02,-15.54,8.2));
#11180 = VECTOR('',#11181,1.);
#11181 = DIRECTION('',(1.,-1.110223024625E-16,0.));
#11182 = PLANE('',#11183);
#11183 = AXIS2_PLACEMENT_3D('',#11184,#11185,#11186);
#11184 = CARTESIAN_POINT('',(7.02,-15.69,8.35));
#11185 = DIRECTION('',(7.850462293414E-17,0.707106781187,0.707106781187)
  );
#11186 = DIRECTION('',(1.,-1.110223024625E-16,2.680278185005E-29));
#11187 = ADVANCED_FACE('',(#11188),#11213,.T.);
#11188 = FACE_BOUND('',#11189,.T.);
#11189 = EDGE_LOOP('',(#11190,#11198,#11199,#11207));
#11190 = ORIENTED_EDGE('',*,*,#11191,.F.);
#11191 = EDGE_CURVE('',#9844,#11192,#11194,.T.);
#11192 = VERTEX_POINT('',#11193);
#11193 = CARTESIAN_POINT('',(7.92,-13.,8.2));
#11194 = LINE('',#11195,#11196);
#11195 = CARTESIAN_POINT('',(7.92,-13.,8.2));
#11196 = VECTOR('',#11197,1.);
#11197 = DIRECTION('',(-0.57735026919,0.57735026919,-0.57735026919));
#11198 = ORIENTED_EDGE('',*,*,#9843,.T.);
#11199 = ORIENTED_EDGE('',*,*,#11200,.T.);
#11200 = EDGE_CURVE('',#9846,#11201,#11203,.T.);
#11201 = VERTEX_POINT('',#11202);
#11202 = CARTESIAN_POINT('',(7.92,-12.4,8.2));
#11203 = LINE('',#11204,#11205);
#11204 = CARTESIAN_POINT('',(7.92,-12.4,8.2));
#11205 = VECTOR('',#11206,1.);
#11206 = DIRECTION('',(-0.57735026919,-0.57735026919,-0.57735026919));
#11207 = ORIENTED_EDGE('',*,*,#11208,.F.);
#11208 = EDGE_CURVE('',#11192,#11201,#11209,.T.);
#11209 = LINE('',#11210,#11211);
#11210 = CARTESIAN_POINT('',(7.92,-13.3,8.2));
#11211 = VECTOR('',#11212,1.);
#11212 = DIRECTION('',(1.110223024625E-16,1.,0.));
#11213 = PLANE('',#11214);
#11214 = AXIS2_PLACEMENT_3D('',#11215,#11216,#11217);
#11215 = CARTESIAN_POINT('',(8.07,-13.3,8.35));
#11216 = DIRECTION('',(-0.707106781187,7.850462293414E-17,0.707106781187
    ));
#11217 = DIRECTION('',(1.110223024625E-16,1.,2.680278185005E-29));
#11218 = ADVANCED_FACE('',(#11219),#11237,.T.);
#11219 = FACE_BOUND('',#11220,.T.);
#11220 = EDGE_LOOP('',(#11221,#11222,#11223,#11231));
#11221 = ORIENTED_EDGE('',*,*,#11200,.F.);
#11222 = ORIENTED_EDGE('',*,*,#9869,.T.);
#11223 = ORIENTED_EDGE('',*,*,#11224,.T.);
#11224 = EDGE_CURVE('',#9862,#11225,#11227,.T.);
#11225 = VERTEX_POINT('',#11226);
#11226 = CARTESIAN_POINT('',(7.32,-12.4,8.2));
#11227 = LINE('',#11228,#11229);
#11228 = CARTESIAN_POINT('',(7.32,-12.4,8.2));
#11229 = VECTOR('',#11230,1.);
#11230 = DIRECTION('',(0.57735026919,-0.57735026919,-0.57735026919));
#11231 = ORIENTED_EDGE('',*,*,#11232,.F.);
#11232 = EDGE_CURVE('',#11201,#11225,#11233,.T.);
#11233 = LINE('',#11234,#11235);
#11234 = CARTESIAN_POINT('',(8.22,-12.4,8.2));
#11235 = VECTOR('',#11236,1.);
#11236 = DIRECTION('',(-1.,1.110223024625E-16,0.));
#11237 = PLANE('',#11238);
#11238 = AXIS2_PLACEMENT_3D('',#11239,#11240,#11241);
#11239 = CARTESIAN_POINT('',(8.22,-12.25,8.35));
#11240 = DIRECTION('',(-7.850462293414E-17,-0.707106781187,
    0.707106781187));
#11241 = DIRECTION('',(-1.,1.110223024625E-16,2.680278185005E-29));
#11242 = ADVANCED_FACE('',(#11243),#11261,.T.);
#11243 = FACE_BOUND('',#11244,.T.);
#11244 = EDGE_LOOP('',(#11245,#11246,#11247,#11255));
#11245 = ORIENTED_EDGE('',*,*,#11224,.F.);
#11246 = ORIENTED_EDGE('',*,*,#9861,.T.);
#11247 = ORIENTED_EDGE('',*,*,#11248,.T.);
#11248 = EDGE_CURVE('',#9854,#11249,#11251,.T.);
#11249 = VERTEX_POINT('',#11250);
#11250 = CARTESIAN_POINT('',(7.32,-13.,8.2));
#11251 = LINE('',#11252,#11253);
#11252 = CARTESIAN_POINT('',(7.32,-13.,8.2));
#11253 = VECTOR('',#11254,1.);
#11254 = DIRECTION('',(0.57735026919,0.57735026919,-0.57735026919));
#11255 = ORIENTED_EDGE('',*,*,#11256,.F.);
#11256 = EDGE_CURVE('',#11225,#11249,#11257,.T.);
#11257 = LINE('',#11258,#11259);
#11258 = CARTESIAN_POINT('',(7.32,-12.1,8.2));
#11259 = VECTOR('',#11260,1.);
#11260 = DIRECTION('',(-1.110223024625E-16,-1.,0.));
#11261 = PLANE('',#11262);
#11262 = AXIS2_PLACEMENT_3D('',#11263,#11264,#11265);
#11263 = CARTESIAN_POINT('',(7.17,-12.1,8.35));
#11264 = DIRECTION('',(0.707106781187,-7.850462293414E-17,0.707106781187
    ));
#11265 = DIRECTION('',(-1.110223024625E-16,-1.,2.680278185005E-29));
#11266 = ADVANCED_FACE('',(#11267),#11278,.T.);
#11267 = FACE_BOUND('',#11268,.T.);
#11268 = EDGE_LOOP('',(#11269,#11270,#11271,#11272));
#11269 = ORIENTED_EDGE('',*,*,#11248,.F.);
#11270 = ORIENTED_EDGE('',*,*,#9853,.T.);
#11271 = ORIENTED_EDGE('',*,*,#11191,.T.);
#11272 = ORIENTED_EDGE('',*,*,#11273,.F.);
#11273 = EDGE_CURVE('',#11249,#11192,#11274,.T.);
#11274 = LINE('',#11275,#11276);
#11275 = CARTESIAN_POINT('',(7.02,-13.,8.2));
#11276 = VECTOR('',#11277,1.);
#11277 = DIRECTION('',(1.,-1.110223024625E-16,0.));
#11278 = PLANE('',#11279);
#11279 = AXIS2_PLACEMENT_3D('',#11280,#11281,#11282);
#11280 = CARTESIAN_POINT('',(7.02,-13.15,8.35));
#11281 = DIRECTION('',(7.850462293414E-17,0.707106781187,0.707106781187)
  );
#11282 = DIRECTION('',(1.,-1.110223024625E-16,2.680278185005E-29));
#11283 = ADVANCED_FACE('',(#11284),#11309,.T.);
#11284 = FACE_BOUND('',#11285,.T.);
#11285 = EDGE_LOOP('',(#11286,#11294,#11295,#11303));
#11286 = ORIENTED_EDGE('',*,*,#11287,.F.);
#11287 = EDGE_CURVE('',#9878,#11288,#11290,.T.);
#11288 = VERTEX_POINT('',#11289);
#11289 = CARTESIAN_POINT('',(7.92,-10.46,8.2));
#11290 = LINE('',#11291,#11292);
#11291 = CARTESIAN_POINT('',(7.92,-10.46,8.2));
#11292 = VECTOR('',#11293,1.);
#11293 = DIRECTION('',(-0.57735026919,0.57735026919,-0.57735026919));
#11294 = ORIENTED_EDGE('',*,*,#9877,.T.);
#11295 = ORIENTED_EDGE('',*,*,#11296,.T.);
#11296 = EDGE_CURVE('',#9880,#11297,#11299,.T.);
#11297 = VERTEX_POINT('',#11298);
#11298 = CARTESIAN_POINT('',(7.92,-9.86,8.2));
#11299 = LINE('',#11300,#11301);
#11300 = CARTESIAN_POINT('',(7.92,-9.86,8.2));
#11301 = VECTOR('',#11302,1.);
#11302 = DIRECTION('',(-0.57735026919,-0.57735026919,-0.57735026919));
#11303 = ORIENTED_EDGE('',*,*,#11304,.F.);
#11304 = EDGE_CURVE('',#11288,#11297,#11305,.T.);
#11305 = LINE('',#11306,#11307);
#11306 = CARTESIAN_POINT('',(7.92,-10.76,8.2));
#11307 = VECTOR('',#11308,1.);
#11308 = DIRECTION('',(1.110223024625E-16,1.,0.));
#11309 = PLANE('',#11310);
#11310 = AXIS2_PLACEMENT_3D('',#11311,#11312,#11313);
#11311 = CARTESIAN_POINT('',(8.07,-10.76,8.35));
#11312 = DIRECTION('',(-0.707106781187,7.850462293414E-17,0.707106781187
    ));
#11313 = DIRECTION('',(1.110223024625E-16,1.,2.680278185005E-29));
#11314 = ADVANCED_FACE('',(#11315),#11333,.T.);
#11315 = FACE_BOUND('',#11316,.T.);
#11316 = EDGE_LOOP('',(#11317,#11318,#11319,#11327));
#11317 = ORIENTED_EDGE('',*,*,#11296,.F.);
#11318 = ORIENTED_EDGE('',*,*,#9903,.T.);
#11319 = ORIENTED_EDGE('',*,*,#11320,.T.);
#11320 = EDGE_CURVE('',#9896,#11321,#11323,.T.);
#11321 = VERTEX_POINT('',#11322);
#11322 = CARTESIAN_POINT('',(7.32,-9.86,8.2));
#11323 = LINE('',#11324,#11325);
#11324 = CARTESIAN_POINT('',(7.32,-9.86,8.2));
#11325 = VECTOR('',#11326,1.);
#11326 = DIRECTION('',(0.57735026919,-0.57735026919,-0.57735026919));
#11327 = ORIENTED_EDGE('',*,*,#11328,.F.);
#11328 = EDGE_CURVE('',#11297,#11321,#11329,.T.);
#11329 = LINE('',#11330,#11331);
#11330 = CARTESIAN_POINT('',(8.22,-9.86,8.2));
#11331 = VECTOR('',#11332,1.);
#11332 = DIRECTION('',(-1.,1.110223024625E-16,0.));
#11333 = PLANE('',#11334);
#11334 = AXIS2_PLACEMENT_3D('',#11335,#11336,#11337);
#11335 = CARTESIAN_POINT('',(8.22,-9.71,8.35));
#11336 = DIRECTION('',(-7.850462293414E-17,-0.707106781187,
    0.707106781187));
#11337 = DIRECTION('',(-1.,1.110223024625E-16,2.680278185005E-29));
#11338 = ADVANCED_FACE('',(#11339),#11357,.T.);
#11339 = FACE_BOUND('',#11340,.T.);
#11340 = EDGE_LOOP('',(#11341,#11342,#11343,#11351));
#11341 = ORIENTED_EDGE('',*,*,#11320,.F.);
#11342 = ORIENTED_EDGE('',*,*,#9895,.T.);
#11343 = ORIENTED_EDGE('',*,*,#11344,.T.);
#11344 = EDGE_CURVE('',#9888,#11345,#11347,.T.);
#11345 = VERTEX_POINT('',#11346);
#11346 = CARTESIAN_POINT('',(7.32,-10.46,8.2));
#11347 = LINE('',#11348,#11349);
#11348 = CARTESIAN_POINT('',(7.32,-10.46,8.2));
#11349 = VECTOR('',#11350,1.);
#11350 = DIRECTION('',(0.57735026919,0.57735026919,-0.57735026919));
#11351 = ORIENTED_EDGE('',*,*,#11352,.F.);
#11352 = EDGE_CURVE('',#11321,#11345,#11353,.T.);
#11353 = LINE('',#11354,#11355);
#11354 = CARTESIAN_POINT('',(7.32,-9.56,8.2));
#11355 = VECTOR('',#11356,1.);
#11356 = DIRECTION('',(-1.110223024625E-16,-1.,0.));
#11357 = PLANE('',#11358);
#11358 = AXIS2_PLACEMENT_3D('',#11359,#11360,#11361);
#11359 = CARTESIAN_POINT('',(7.17,-9.56,8.35));
#11360 = DIRECTION('',(0.707106781187,-7.850462293414E-17,0.707106781187
    ));
#11361 = DIRECTION('',(-1.110223024625E-16,-1.,2.680278185005E-29));
#11362 = ADVANCED_FACE('',(#11363),#11374,.T.);
#11363 = FACE_BOUND('',#11364,.T.);
#11364 = EDGE_LOOP('',(#11365,#11366,#11367,#11368));
#11365 = ORIENTED_EDGE('',*,*,#11344,.F.);
#11366 = ORIENTED_EDGE('',*,*,#9887,.T.);
#11367 = ORIENTED_EDGE('',*,*,#11287,.T.);
#11368 = ORIENTED_EDGE('',*,*,#11369,.F.);
#11369 = EDGE_CURVE('',#11345,#11288,#11370,.T.);
#11370 = LINE('',#11371,#11372);
#11371 = CARTESIAN_POINT('',(7.02,-10.46,8.2));
#11372 = VECTOR('',#11373,1.);
#11373 = DIRECTION('',(1.,-1.110223024625E-16,0.));
#11374 = PLANE('',#11375);
#11375 = AXIS2_PLACEMENT_3D('',#11376,#11377,#11378);
#11376 = CARTESIAN_POINT('',(7.02,-10.61,8.35));
#11377 = DIRECTION('',(7.850462293414E-17,0.707106781187,0.707106781187)
  );
#11378 = DIRECTION('',(1.,-1.110223024625E-16,2.680278185005E-29));
#11379 = ADVANCED_FACE('',(#11380),#11405,.T.);
#11380 = FACE_BOUND('',#11381,.T.);
#11381 = EDGE_LOOP('',(#11382,#11390,#11391,#11399));
#11382 = ORIENTED_EDGE('',*,*,#11383,.F.);
#11383 = EDGE_CURVE('',#9912,#11384,#11386,.T.);
#11384 = VERTEX_POINT('',#11385);
#11385 = CARTESIAN_POINT('',(7.92,-7.92,8.2));
#11386 = LINE('',#11387,#11388);
#11387 = CARTESIAN_POINT('',(7.92,-7.92,8.2));
#11388 = VECTOR('',#11389,1.);
#11389 = DIRECTION('',(-0.57735026919,0.57735026919,-0.57735026919));
#11390 = ORIENTED_EDGE('',*,*,#9911,.T.);
#11391 = ORIENTED_EDGE('',*,*,#11392,.T.);
#11392 = EDGE_CURVE('',#9914,#11393,#11395,.T.);
#11393 = VERTEX_POINT('',#11394);
#11394 = CARTESIAN_POINT('',(7.92,-7.32,8.2));
#11395 = LINE('',#11396,#11397);
#11396 = CARTESIAN_POINT('',(7.92,-7.32,8.2));
#11397 = VECTOR('',#11398,1.);
#11398 = DIRECTION('',(-0.57735026919,-0.57735026919,-0.57735026919));
#11399 = ORIENTED_EDGE('',*,*,#11400,.F.);
#11400 = EDGE_CURVE('',#11384,#11393,#11401,.T.);
#11401 = LINE('',#11402,#11403);
#11402 = CARTESIAN_POINT('',(7.92,-8.22,8.2));
#11403 = VECTOR('',#11404,1.);
#11404 = DIRECTION('',(1.110223024625E-16,1.,0.));
#11405 = PLANE('',#11406);
#11406 = AXIS2_PLACEMENT_3D('',#11407,#11408,#11409);
#11407 = CARTESIAN_POINT('',(8.07,-8.22,8.35));
#11408 = DIRECTION('',(-0.707106781187,7.850462293414E-17,0.707106781187
    ));
#11409 = DIRECTION('',(1.110223024625E-16,1.,2.680278185005E-29));
#11410 = ADVANCED_FACE('',(#11411),#11429,.T.);
#11411 = FACE_BOUND('',#11412,.T.);
#11412 = EDGE_LOOP('',(#11413,#11414,#11415,#11423));
#11413 = ORIENTED_EDGE('',*,*,#11392,.F.);
#11414 = ORIENTED_EDGE('',*,*,#9937,.T.);
#11415 = ORIENTED_EDGE('',*,*,#11416,.T.);
#11416 = EDGE_CURVE('',#9930,#11417,#11419,.T.);
#11417 = VERTEX_POINT('',#11418);
#11418 = CARTESIAN_POINT('',(7.32,-7.32,8.2));
#11419 = LINE('',#11420,#11421);
#11420 = CARTESIAN_POINT('',(7.32,-7.32,8.2));
#11421 = VECTOR('',#11422,1.);
#11422 = DIRECTION('',(0.57735026919,-0.57735026919,-0.57735026919));
#11423 = ORIENTED_EDGE('',*,*,#11424,.F.);
#11424 = EDGE_CURVE('',#11393,#11417,#11425,.T.);
#11425 = LINE('',#11426,#11427);
#11426 = CARTESIAN_POINT('',(8.22,-7.32,8.2));
#11427 = VECTOR('',#11428,1.);
#11428 = DIRECTION('',(-1.,1.110223024625E-16,0.));
#11429 = PLANE('',#11430);
#11430 = AXIS2_PLACEMENT_3D('',#11431,#11432,#11433);
#11431 = CARTESIAN_POINT('',(8.22,-7.17,8.35));
#11432 = DIRECTION('',(-7.850462293414E-17,-0.707106781187,
    0.707106781187));
#11433 = DIRECTION('',(-1.,1.110223024625E-16,2.680278185005E-29));
#11434 = ADVANCED_FACE('',(#11435),#11453,.T.);
#11435 = FACE_BOUND('',#11436,.T.);
#11436 = EDGE_LOOP('',(#11437,#11438,#11439,#11447));
#11437 = ORIENTED_EDGE('',*,*,#11416,.F.);
#11438 = ORIENTED_EDGE('',*,*,#9929,.T.);
#11439 = ORIENTED_EDGE('',*,*,#11440,.T.);
#11440 = EDGE_CURVE('',#9922,#11441,#11443,.T.);
#11441 = VERTEX_POINT('',#11442);
#11442 = CARTESIAN_POINT('',(7.32,-7.92,8.2));
#11443 = LINE('',#11444,#11445);
#11444 = CARTESIAN_POINT('',(7.32,-7.92,8.2));
#11445 = VECTOR('',#11446,1.);
#11446 = DIRECTION('',(0.57735026919,0.57735026919,-0.57735026919));
#11447 = ORIENTED_EDGE('',*,*,#11448,.F.);
#11448 = EDGE_CURVE('',#11417,#11441,#11449,.T.);
#11449 = LINE('',#11450,#11451);
#11450 = CARTESIAN_POINT('',(7.32,-7.02,8.2));
#11451 = VECTOR('',#11452,1.);
#11452 = DIRECTION('',(-1.110223024625E-16,-1.,0.));
#11453 = PLANE('',#11454);
#11454 = AXIS2_PLACEMENT_3D('',#11455,#11456,#11457);
#11455 = CARTESIAN_POINT('',(7.17,-7.02,8.35));
#11456 = DIRECTION('',(0.707106781187,-7.850462293414E-17,0.707106781187
    ));
#11457 = DIRECTION('',(-1.110223024625E-16,-1.,2.680278185005E-29));
#11458 = ADVANCED_FACE('',(#11459),#11470,.T.);
#11459 = FACE_BOUND('',#11460,.T.);
#11460 = EDGE_LOOP('',(#11461,#11462,#11463,#11464));
#11461 = ORIENTED_EDGE('',*,*,#11440,.F.);
#11462 = ORIENTED_EDGE('',*,*,#9921,.T.);
#11463 = ORIENTED_EDGE('',*,*,#11383,.T.);
#11464 = ORIENTED_EDGE('',*,*,#11465,.F.);
#11465 = EDGE_CURVE('',#11441,#11384,#11466,.T.);
#11466 = LINE('',#11467,#11468);
#11467 = CARTESIAN_POINT('',(7.02,-7.92,8.2));
#11468 = VECTOR('',#11469,1.);
#11469 = DIRECTION('',(1.,-1.110223024625E-16,0.));
#11470 = PLANE('',#11471);
#11471 = AXIS2_PLACEMENT_3D('',#11472,#11473,#11474);
#11472 = CARTESIAN_POINT('',(7.02,-8.07,8.35));
#11473 = DIRECTION('',(7.850462293414E-17,0.707106781187,0.707106781187)
  );
#11474 = DIRECTION('',(1.,-1.110223024625E-16,2.680278185005E-29));
#11475 = ADVANCED_FACE('',(#11476),#11501,.T.);
#11476 = FACE_BOUND('',#11477,.T.);
#11477 = EDGE_LOOP('',(#11478,#11486,#11487,#11495));
#11478 = ORIENTED_EDGE('',*,*,#11479,.F.);
#11479 = EDGE_CURVE('',#9946,#11480,#11482,.T.);
#11480 = VERTEX_POINT('',#11481);
#11481 = CARTESIAN_POINT('',(7.92,-5.38,8.2));
#11482 = LINE('',#11483,#11484);
#11483 = CARTESIAN_POINT('',(7.92,-5.38,8.2));
#11484 = VECTOR('',#11485,1.);
#11485 = DIRECTION('',(-0.57735026919,0.57735026919,-0.57735026919));
#11486 = ORIENTED_EDGE('',*,*,#9945,.T.);
#11487 = ORIENTED_EDGE('',*,*,#11488,.T.);
#11488 = EDGE_CURVE('',#9948,#11489,#11491,.T.);
#11489 = VERTEX_POINT('',#11490);
#11490 = CARTESIAN_POINT('',(7.92,-4.78,8.2));
#11491 = LINE('',#11492,#11493);
#11492 = CARTESIAN_POINT('',(7.92,-4.78,8.2));
#11493 = VECTOR('',#11494,1.);
#11494 = DIRECTION('',(-0.57735026919,-0.57735026919,-0.57735026919));
#11495 = ORIENTED_EDGE('',*,*,#11496,.F.);
#11496 = EDGE_CURVE('',#11480,#11489,#11497,.T.);
#11497 = LINE('',#11498,#11499);
#11498 = CARTESIAN_POINT('',(7.92,-5.68,8.2));
#11499 = VECTOR('',#11500,1.);
#11500 = DIRECTION('',(1.110223024625E-16,1.,0.));
#11501 = PLANE('',#11502);
#11502 = AXIS2_PLACEMENT_3D('',#11503,#11504,#11505);
#11503 = CARTESIAN_POINT('',(8.07,-5.68,8.35));
#11504 = DIRECTION('',(-0.707106781187,7.850462293414E-17,0.707106781187
    ));
#11505 = DIRECTION('',(1.110223024625E-16,1.,2.680278185005E-29));
#11506 = ADVANCED_FACE('',(#11507),#11525,.T.);
#11507 = FACE_BOUND('',#11508,.T.);
#11508 = EDGE_LOOP('',(#11509,#11510,#11511,#11519));
#11509 = ORIENTED_EDGE('',*,*,#11488,.F.);
#11510 = ORIENTED_EDGE('',*,*,#9971,.T.);
#11511 = ORIENTED_EDGE('',*,*,#11512,.T.);
#11512 = EDGE_CURVE('',#9964,#11513,#11515,.T.);
#11513 = VERTEX_POINT('',#11514);
#11514 = CARTESIAN_POINT('',(7.32,-4.78,8.2));
#11515 = LINE('',#11516,#11517);
#11516 = CARTESIAN_POINT('',(7.32,-4.78,8.2));
#11517 = VECTOR('',#11518,1.);
#11518 = DIRECTION('',(0.57735026919,-0.57735026919,-0.57735026919));
#11519 = ORIENTED_EDGE('',*,*,#11520,.F.);
#11520 = EDGE_CURVE('',#11489,#11513,#11521,.T.);
#11521 = LINE('',#11522,#11523);
#11522 = CARTESIAN_POINT('',(8.22,-4.78,8.2));
#11523 = VECTOR('',#11524,1.);
#11524 = DIRECTION('',(-1.,1.110223024625E-16,0.));
#11525 = PLANE('',#11526);
#11526 = AXIS2_PLACEMENT_3D('',#11527,#11528,#11529);
#11527 = CARTESIAN_POINT('',(8.22,-4.63,8.35));
#11528 = DIRECTION('',(-7.850462293414E-17,-0.707106781187,
    0.707106781187));
#11529 = DIRECTION('',(-1.,1.110223024625E-16,2.680278185005E-29));
#11530 = ADVANCED_FACE('',(#11531),#11549,.T.);
#11531 = FACE_BOUND('',#11532,.T.);
#11532 = EDGE_LOOP('',(#11533,#11534,#11535,#11543));
#11533 = ORIENTED_EDGE('',*,*,#11512,.F.);
#11534 = ORIENTED_EDGE('',*,*,#9963,.T.);
#11535 = ORIENTED_EDGE('',*,*,#11536,.T.);
#11536 = EDGE_CURVE('',#9956,#11537,#11539,.T.);
#11537 = VERTEX_POINT('',#11538);
#11538 = CARTESIAN_POINT('',(7.32,-5.38,8.2));
#11539 = LINE('',#11540,#11541);
#11540 = CARTESIAN_POINT('',(7.32,-5.38,8.2));
#11541 = VECTOR('',#11542,1.);
#11542 = DIRECTION('',(0.57735026919,0.57735026919,-0.57735026919));
#11543 = ORIENTED_EDGE('',*,*,#11544,.F.);
#11544 = EDGE_CURVE('',#11513,#11537,#11545,.T.);
#11545 = LINE('',#11546,#11547);
#11546 = CARTESIAN_POINT('',(7.32,-4.48,8.2));
#11547 = VECTOR('',#11548,1.);
#11548 = DIRECTION('',(-1.110223024625E-16,-1.,0.));
#11549 = PLANE('',#11550);
#11550 = AXIS2_PLACEMENT_3D('',#11551,#11552,#11553);
#11551 = CARTESIAN_POINT('',(7.17,-4.48,8.35));
#11552 = DIRECTION('',(0.707106781187,-7.850462293414E-17,0.707106781187
    ));
#11553 = DIRECTION('',(-1.110223024625E-16,-1.,2.680278185005E-29));
#11554 = ADVANCED_FACE('',(#11555),#11566,.T.);
#11555 = FACE_BOUND('',#11556,.T.);
#11556 = EDGE_LOOP('',(#11557,#11558,#11559,#11560));
#11557 = ORIENTED_EDGE('',*,*,#11536,.F.);
#11558 = ORIENTED_EDGE('',*,*,#9955,.T.);
#11559 = ORIENTED_EDGE('',*,*,#11479,.T.);
#11560 = ORIENTED_EDGE('',*,*,#11561,.F.);
#11561 = EDGE_CURVE('',#11537,#11480,#11562,.T.);
#11562 = LINE('',#11563,#11564);
#11563 = CARTESIAN_POINT('',(7.02,-5.38,8.2));
#11564 = VECTOR('',#11565,1.);
#11565 = DIRECTION('',(1.,-1.110223024625E-16,0.));
#11566 = PLANE('',#11567);
#11567 = AXIS2_PLACEMENT_3D('',#11568,#11569,#11570);
#11568 = CARTESIAN_POINT('',(7.02,-5.53,8.35));
#11569 = DIRECTION('',(7.850462293414E-17,0.707106781187,0.707106781187)
  );
#11570 = DIRECTION('',(1.,-1.110223024625E-16,2.680278185005E-29));
#11571 = ADVANCED_FACE('',(#11572),#11597,.T.);
#11572 = FACE_BOUND('',#11573,.T.);
#11573 = EDGE_LOOP('',(#11574,#11582,#11583,#11591));
#11574 = ORIENTED_EDGE('',*,*,#11575,.F.);
#11575 = EDGE_CURVE('',#9980,#11576,#11578,.T.);
#11576 = VERTEX_POINT('',#11577);
#11577 = CARTESIAN_POINT('',(7.92,-2.84,8.2));
#11578 = LINE('',#11579,#11580);
#11579 = CARTESIAN_POINT('',(7.92,-2.84,8.2));
#11580 = VECTOR('',#11581,1.);
#11581 = DIRECTION('',(-0.57735026919,0.57735026919,-0.57735026919));
#11582 = ORIENTED_EDGE('',*,*,#9979,.T.);
#11583 = ORIENTED_EDGE('',*,*,#11584,.T.);
#11584 = EDGE_CURVE('',#9982,#11585,#11587,.T.);
#11585 = VERTEX_POINT('',#11586);
#11586 = CARTESIAN_POINT('',(7.92,-2.24,8.2));
#11587 = LINE('',#11588,#11589);
#11588 = CARTESIAN_POINT('',(7.92,-2.24,8.2));
#11589 = VECTOR('',#11590,1.);
#11590 = DIRECTION('',(-0.57735026919,-0.57735026919,-0.57735026919));
#11591 = ORIENTED_EDGE('',*,*,#11592,.F.);
#11592 = EDGE_CURVE('',#11576,#11585,#11593,.T.);
#11593 = LINE('',#11594,#11595);
#11594 = CARTESIAN_POINT('',(7.92,-3.14,8.2));
#11595 = VECTOR('',#11596,1.);
#11596 = DIRECTION('',(1.110223024625E-16,1.,0.));
#11597 = PLANE('',#11598);
#11598 = AXIS2_PLACEMENT_3D('',#11599,#11600,#11601);
#11599 = CARTESIAN_POINT('',(8.07,-3.14,8.35));
#11600 = DIRECTION('',(-0.707106781187,7.850462293414E-17,0.707106781187
    ));
#11601 = DIRECTION('',(1.110223024625E-16,1.,2.680278185005E-29));
#11602 = ADVANCED_FACE('',(#11603),#11621,.T.);
#11603 = FACE_BOUND('',#11604,.T.);
#11604 = EDGE_LOOP('',(#11605,#11606,#11607,#11615));
#11605 = ORIENTED_EDGE('',*,*,#11584,.F.);
#11606 = ORIENTED_EDGE('',*,*,#10005,.T.);
#11607 = ORIENTED_EDGE('',*,*,#11608,.T.);
#11608 = EDGE_CURVE('',#9998,#11609,#11611,.T.);
#11609 = VERTEX_POINT('',#11610);
#11610 = CARTESIAN_POINT('',(7.32,-2.24,8.2));
#11611 = LINE('',#11612,#11613);
#11612 = CARTESIAN_POINT('',(7.32,-2.24,8.2));
#11613 = VECTOR('',#11614,1.);
#11614 = DIRECTION('',(0.57735026919,-0.57735026919,-0.57735026919));
#11615 = ORIENTED_EDGE('',*,*,#11616,.F.);
#11616 = EDGE_CURVE('',#11585,#11609,#11617,.T.);
#11617 = LINE('',#11618,#11619);
#11618 = CARTESIAN_POINT('',(8.22,-2.24,8.2));
#11619 = VECTOR('',#11620,1.);
#11620 = DIRECTION('',(-1.,1.110223024625E-16,0.));
#11621 = PLANE('',#11622);
#11622 = AXIS2_PLACEMENT_3D('',#11623,#11624,#11625);
#11623 = CARTESIAN_POINT('',(8.22,-2.09,8.35));
#11624 = DIRECTION('',(-7.850462293414E-17,-0.707106781187,
    0.707106781187));
#11625 = DIRECTION('',(-1.,1.110223024625E-16,2.680278185005E-29));
#11626 = ADVANCED_FACE('',(#11627),#11645,.T.);
#11627 = FACE_BOUND('',#11628,.T.);
#11628 = EDGE_LOOP('',(#11629,#11630,#11631,#11639));
#11629 = ORIENTED_EDGE('',*,*,#11608,.F.);
#11630 = ORIENTED_EDGE('',*,*,#9997,.T.);
#11631 = ORIENTED_EDGE('',*,*,#11632,.T.);
#11632 = EDGE_CURVE('',#9990,#11633,#11635,.T.);
#11633 = VERTEX_POINT('',#11634);
#11634 = CARTESIAN_POINT('',(7.32,-2.84,8.2));
#11635 = LINE('',#11636,#11637);
#11636 = CARTESIAN_POINT('',(7.32,-2.84,8.2));
#11637 = VECTOR('',#11638,1.);
#11638 = DIRECTION('',(0.57735026919,0.57735026919,-0.57735026919));
#11639 = ORIENTED_EDGE('',*,*,#11640,.F.);
#11640 = EDGE_CURVE('',#11609,#11633,#11641,.T.);
#11641 = LINE('',#11642,#11643);
#11642 = CARTESIAN_POINT('',(7.32,-1.94,8.2));
#11643 = VECTOR('',#11644,1.);
#11644 = DIRECTION('',(-1.110223024625E-16,-1.,0.));
#11645 = PLANE('',#11646);
#11646 = AXIS2_PLACEMENT_3D('',#11647,#11648,#11649);
#11647 = CARTESIAN_POINT('',(7.17,-1.94,8.35));
#11648 = DIRECTION('',(0.707106781187,-7.850462293414E-17,0.707106781187
    ));
#11649 = DIRECTION('',(-1.110223024625E-16,-1.,2.680278185005E-29));
#11650 = ADVANCED_FACE('',(#11651),#11662,.T.);
#11651 = FACE_BOUND('',#11652,.T.);
#11652 = EDGE_LOOP('',(#11653,#11654,#11655,#11656));
#11653 = ORIENTED_EDGE('',*,*,#11632,.F.);
#11654 = ORIENTED_EDGE('',*,*,#9989,.T.);
#11655 = ORIENTED_EDGE('',*,*,#11575,.T.);
#11656 = ORIENTED_EDGE('',*,*,#11657,.F.);
#11657 = EDGE_CURVE('',#11633,#11576,#11658,.T.);
#11658 = LINE('',#11659,#11660);
#11659 = CARTESIAN_POINT('',(7.02,-2.84,8.2));
#11660 = VECTOR('',#11661,1.);
#11661 = DIRECTION('',(1.,-1.110223024625E-16,0.));
#11662 = PLANE('',#11663);
#11663 = AXIS2_PLACEMENT_3D('',#11664,#11665,#11666);
#11664 = CARTESIAN_POINT('',(7.02,-2.99,8.35));
#11665 = DIRECTION('',(7.850462293414E-17,0.707106781187,0.707106781187)
  );
#11666 = DIRECTION('',(1.,-1.110223024625E-16,2.680278185005E-29));
#11667 = ADVANCED_FACE('',(#11668),#11693,.T.);
#11668 = FACE_BOUND('',#11669,.T.);
#11669 = EDGE_LOOP('',(#11670,#11678,#11679,#11687));
#11670 = ORIENTED_EDGE('',*,*,#11671,.F.);
#11671 = EDGE_CURVE('',#10014,#11672,#11674,.T.);
#11672 = VERTEX_POINT('',#11673);
#11673 = CARTESIAN_POINT('',(7.92,-0.3,8.2));
#11674 = LINE('',#11675,#11676);
#11675 = CARTESIAN_POINT('',(7.92,-0.3,8.2));
#11676 = VECTOR('',#11677,1.);
#11677 = DIRECTION('',(-0.57735026919,0.57735026919,-0.57735026919));
#11678 = ORIENTED_EDGE('',*,*,#10013,.T.);
#11679 = ORIENTED_EDGE('',*,*,#11680,.T.);
#11680 = EDGE_CURVE('',#10016,#11681,#11683,.T.);
#11681 = VERTEX_POINT('',#11682);
#11682 = CARTESIAN_POINT('',(7.92,0.3,8.2));
#11683 = LINE('',#11684,#11685);
#11684 = CARTESIAN_POINT('',(7.92,0.3,8.2));
#11685 = VECTOR('',#11686,1.);
#11686 = DIRECTION('',(-0.57735026919,-0.57735026919,-0.57735026919));
#11687 = ORIENTED_EDGE('',*,*,#11688,.F.);
#11688 = EDGE_CURVE('',#11672,#11681,#11689,.T.);
#11689 = LINE('',#11690,#11691);
#11690 = CARTESIAN_POINT('',(7.92,-0.6,8.2));
#11691 = VECTOR('',#11692,1.);
#11692 = DIRECTION('',(1.110223024625E-16,1.,0.));
#11693 = PLANE('',#11694);
#11694 = AXIS2_PLACEMENT_3D('',#11695,#11696,#11697);
#11695 = CARTESIAN_POINT('',(8.07,-0.6,8.35));
#11696 = DIRECTION('',(-0.707106781187,7.850462293414E-17,0.707106781187
    ));
#11697 = DIRECTION('',(1.110223024625E-16,1.,2.680278185005E-29));
#11698 = ADVANCED_FACE('',(#11699),#11717,.T.);
#11699 = FACE_BOUND('',#11700,.T.);
#11700 = EDGE_LOOP('',(#11701,#11702,#11703,#11711));
#11701 = ORIENTED_EDGE('',*,*,#11680,.F.);
#11702 = ORIENTED_EDGE('',*,*,#10039,.T.);
#11703 = ORIENTED_EDGE('',*,*,#11704,.T.);
#11704 = EDGE_CURVE('',#10032,#11705,#11707,.T.);
#11705 = VERTEX_POINT('',#11706);
#11706 = CARTESIAN_POINT('',(7.32,0.3,8.2));
#11707 = LINE('',#11708,#11709);
#11708 = CARTESIAN_POINT('',(7.32,0.3,8.2));
#11709 = VECTOR('',#11710,1.);
#11710 = DIRECTION('',(0.57735026919,-0.57735026919,-0.57735026919));
#11711 = ORIENTED_EDGE('',*,*,#11712,.F.);
#11712 = EDGE_CURVE('',#11681,#11705,#11713,.T.);
#11713 = LINE('',#11714,#11715);
#11714 = CARTESIAN_POINT('',(8.22,0.3,8.2));
#11715 = VECTOR('',#11716,1.);
#11716 = DIRECTION('',(-1.,1.110223024625E-16,0.));
#11717 = PLANE('',#11718);
#11718 = AXIS2_PLACEMENT_3D('',#11719,#11720,#11721);
#11719 = CARTESIAN_POINT('',(8.22,0.45,8.35));
#11720 = DIRECTION('',(-7.850462293414E-17,-0.707106781187,
    0.707106781187));
#11721 = DIRECTION('',(-1.,1.110223024625E-16,2.680278185005E-29));
#11722 = ADVANCED_FACE('',(#11723),#11741,.T.);
#11723 = FACE_BOUND('',#11724,.T.);
#11724 = EDGE_LOOP('',(#11725,#11726,#11727,#11735));
#11725 = ORIENTED_EDGE('',*,*,#11704,.F.);
#11726 = ORIENTED_EDGE('',*,*,#10031,.T.);
#11727 = ORIENTED_EDGE('',*,*,#11728,.T.);
#11728 = EDGE_CURVE('',#10024,#11729,#11731,.T.);
#11729 = VERTEX_POINT('',#11730);
#11730 = CARTESIAN_POINT('',(7.32,-0.3,8.2));
#11731 = LINE('',#11732,#11733);
#11732 = CARTESIAN_POINT('',(7.32,-0.3,8.2));
#11733 = VECTOR('',#11734,1.);
#11734 = DIRECTION('',(0.57735026919,0.57735026919,-0.57735026919));
#11735 = ORIENTED_EDGE('',*,*,#11736,.F.);
#11736 = EDGE_CURVE('',#11705,#11729,#11737,.T.);
#11737 = LINE('',#11738,#11739);
#11738 = CARTESIAN_POINT('',(7.32,0.6,8.2));
#11739 = VECTOR('',#11740,1.);
#11740 = DIRECTION('',(-1.110223024625E-16,-1.,0.));
#11741 = PLANE('',#11742);
#11742 = AXIS2_PLACEMENT_3D('',#11743,#11744,#11745);
#11743 = CARTESIAN_POINT('',(7.17,0.6,8.35));
#11744 = DIRECTION('',(0.707106781187,-7.850462293414E-17,0.707106781187
    ));
#11745 = DIRECTION('',(-1.110223024625E-16,-1.,2.680278185005E-29));
#11746 = ADVANCED_FACE('',(#11747),#11758,.T.);
#11747 = FACE_BOUND('',#11748,.T.);
#11748 = EDGE_LOOP('',(#11749,#11750,#11751,#11752));
#11749 = ORIENTED_EDGE('',*,*,#11728,.F.);
#11750 = ORIENTED_EDGE('',*,*,#10023,.T.);
#11751 = ORIENTED_EDGE('',*,*,#11671,.T.);
#11752 = ORIENTED_EDGE('',*,*,#11753,.F.);
#11753 = EDGE_CURVE('',#11729,#11672,#11754,.T.);
#11754 = LINE('',#11755,#11756);
#11755 = CARTESIAN_POINT('',(7.02,-0.3,8.2));
#11756 = VECTOR('',#11757,1.);
#11757 = DIRECTION('',(1.,-1.110223024625E-16,0.));
#11758 = PLANE('',#11759);
#11759 = AXIS2_PLACEMENT_3D('',#11760,#11761,#11762);
#11760 = CARTESIAN_POINT('',(7.02,-0.45,8.35));
#11761 = DIRECTION('',(7.850462293414E-17,0.707106781187,0.707106781187)
  );
#11762 = DIRECTION('',(1.,-1.110223024625E-16,2.680278185005E-29));
#11763 = ADVANCED_FACE('',(#11764),#11789,.T.);
#11764 = FACE_BOUND('',#11765,.T.);
#11765 = EDGE_LOOP('',(#11766,#11774,#11775,#11783));
#11766 = ORIENTED_EDGE('',*,*,#11767,.F.);
#11767 = EDGE_CURVE('',#10048,#11768,#11770,.T.);
#11768 = VERTEX_POINT('',#11769);
#11769 = CARTESIAN_POINT('',(7.92,2.24,8.2));
#11770 = LINE('',#11771,#11772);
#11771 = CARTESIAN_POINT('',(7.92,2.24,8.2));
#11772 = VECTOR('',#11773,1.);
#11773 = DIRECTION('',(-0.57735026919,0.57735026919,-0.57735026919));
#11774 = ORIENTED_EDGE('',*,*,#10047,.T.);
#11775 = ORIENTED_EDGE('',*,*,#11776,.T.);
#11776 = EDGE_CURVE('',#10050,#11777,#11779,.T.);
#11777 = VERTEX_POINT('',#11778);
#11778 = CARTESIAN_POINT('',(7.92,2.84,8.2));
#11779 = LINE('',#11780,#11781);
#11780 = CARTESIAN_POINT('',(7.92,2.84,8.2));
#11781 = VECTOR('',#11782,1.);
#11782 = DIRECTION('',(-0.57735026919,-0.57735026919,-0.57735026919));
#11783 = ORIENTED_EDGE('',*,*,#11784,.F.);
#11784 = EDGE_CURVE('',#11768,#11777,#11785,.T.);
#11785 = LINE('',#11786,#11787);
#11786 = CARTESIAN_POINT('',(7.92,1.94,8.2));
#11787 = VECTOR('',#11788,1.);
#11788 = DIRECTION('',(1.110223024625E-16,1.,0.));
#11789 = PLANE('',#11790);
#11790 = AXIS2_PLACEMENT_3D('',#11791,#11792,#11793);
#11791 = CARTESIAN_POINT('',(8.07,1.94,8.35));
#11792 = DIRECTION('',(-0.707106781187,7.850462293414E-17,0.707106781187
    ));
#11793 = DIRECTION('',(1.110223024625E-16,1.,2.680278185005E-29));
#11794 = ADVANCED_FACE('',(#11795),#11813,.T.);
#11795 = FACE_BOUND('',#11796,.T.);
#11796 = EDGE_LOOP('',(#11797,#11798,#11799,#11807));
#11797 = ORIENTED_EDGE('',*,*,#11776,.F.);
#11798 = ORIENTED_EDGE('',*,*,#10073,.T.);
#11799 = ORIENTED_EDGE('',*,*,#11800,.T.);
#11800 = EDGE_CURVE('',#10066,#11801,#11803,.T.);
#11801 = VERTEX_POINT('',#11802);
#11802 = CARTESIAN_POINT('',(7.32,2.84,8.2));
#11803 = LINE('',#11804,#11805);
#11804 = CARTESIAN_POINT('',(7.32,2.84,8.2));
#11805 = VECTOR('',#11806,1.);
#11806 = DIRECTION('',(0.57735026919,-0.57735026919,-0.57735026919));
#11807 = ORIENTED_EDGE('',*,*,#11808,.F.);
#11808 = EDGE_CURVE('',#11777,#11801,#11809,.T.);
#11809 = LINE('',#11810,#11811);
#11810 = CARTESIAN_POINT('',(8.22,2.84,8.2));
#11811 = VECTOR('',#11812,1.);
#11812 = DIRECTION('',(-1.,1.110223024625E-16,0.));
#11813 = PLANE('',#11814);
#11814 = AXIS2_PLACEMENT_3D('',#11815,#11816,#11817);
#11815 = CARTESIAN_POINT('',(8.22,2.99,8.35));
#11816 = DIRECTION('',(-7.850462293414E-17,-0.707106781187,
    0.707106781187));
#11817 = DIRECTION('',(-1.,1.110223024625E-16,2.680278185005E-29));
#11818 = ADVANCED_FACE('',(#11819),#11837,.T.);
#11819 = FACE_BOUND('',#11820,.T.);
#11820 = EDGE_LOOP('',(#11821,#11822,#11823,#11831));
#11821 = ORIENTED_EDGE('',*,*,#11800,.F.);
#11822 = ORIENTED_EDGE('',*,*,#10065,.T.);
#11823 = ORIENTED_EDGE('',*,*,#11824,.T.);
#11824 = EDGE_CURVE('',#10058,#11825,#11827,.T.);
#11825 = VERTEX_POINT('',#11826);
#11826 = CARTESIAN_POINT('',(7.32,2.24,8.2));
#11827 = LINE('',#11828,#11829);
#11828 = CARTESIAN_POINT('',(7.32,2.24,8.2));
#11829 = VECTOR('',#11830,1.);
#11830 = DIRECTION('',(0.57735026919,0.57735026919,-0.57735026919));
#11831 = ORIENTED_EDGE('',*,*,#11832,.F.);
#11832 = EDGE_CURVE('',#11801,#11825,#11833,.T.);
#11833 = LINE('',#11834,#11835);
#11834 = CARTESIAN_POINT('',(7.32,3.14,8.2));
#11835 = VECTOR('',#11836,1.);
#11836 = DIRECTION('',(-1.110223024625E-16,-1.,0.));
#11837 = PLANE('',#11838);
#11838 = AXIS2_PLACEMENT_3D('',#11839,#11840,#11841);
#11839 = CARTESIAN_POINT('',(7.17,3.14,8.35));
#11840 = DIRECTION('',(0.707106781187,-7.850462293414E-17,0.707106781187
    ));
#11841 = DIRECTION('',(-1.110223024625E-16,-1.,2.680278185005E-29));
#11842 = ADVANCED_FACE('',(#11843),#11854,.T.);
#11843 = FACE_BOUND('',#11844,.T.);
#11844 = EDGE_LOOP('',(#11845,#11846,#11847,#11848));
#11845 = ORIENTED_EDGE('',*,*,#11824,.F.);
#11846 = ORIENTED_EDGE('',*,*,#10057,.T.);
#11847 = ORIENTED_EDGE('',*,*,#11767,.T.);
#11848 = ORIENTED_EDGE('',*,*,#11849,.F.);
#11849 = EDGE_CURVE('',#11825,#11768,#11850,.T.);
#11850 = LINE('',#11851,#11852);
#11851 = CARTESIAN_POINT('',(7.02,2.24,8.2));
#11852 = VECTOR('',#11853,1.);
#11853 = DIRECTION('',(1.,-1.110223024625E-16,0.));
#11854 = PLANE('',#11855);
#11855 = AXIS2_PLACEMENT_3D('',#11856,#11857,#11858);
#11856 = CARTESIAN_POINT('',(7.02,2.09,8.35));
#11857 = DIRECTION('',(7.850462293414E-17,0.707106781187,0.707106781187)
  );
#11858 = DIRECTION('',(1.,-1.110223024625E-16,2.680278185005E-29));
#11859 = ADVANCED_FACE('',(#11860),#11885,.T.);
#11860 = FACE_BOUND('',#11861,.T.);
#11861 = EDGE_LOOP('',(#11862,#11870,#11871,#11879));
#11862 = ORIENTED_EDGE('',*,*,#11863,.F.);
#11863 = EDGE_CURVE('',#10082,#11864,#11866,.T.);
#11864 = VERTEX_POINT('',#11865);
#11865 = CARTESIAN_POINT('',(7.92,4.78,8.2));
#11866 = LINE('',#11867,#11868);
#11867 = CARTESIAN_POINT('',(7.92,4.78,8.2));
#11868 = VECTOR('',#11869,1.);
#11869 = DIRECTION('',(-0.57735026919,0.57735026919,-0.57735026919));
#11870 = ORIENTED_EDGE('',*,*,#10081,.T.);
#11871 = ORIENTED_EDGE('',*,*,#11872,.T.);
#11872 = EDGE_CURVE('',#10084,#11873,#11875,.T.);
#11873 = VERTEX_POINT('',#11874);
#11874 = CARTESIAN_POINT('',(7.92,5.38,8.2));
#11875 = LINE('',#11876,#11877);
#11876 = CARTESIAN_POINT('',(7.92,5.38,8.2));
#11877 = VECTOR('',#11878,1.);
#11878 = DIRECTION('',(-0.57735026919,-0.57735026919,-0.57735026919));
#11879 = ORIENTED_EDGE('',*,*,#11880,.F.);
#11880 = EDGE_CURVE('',#11864,#11873,#11881,.T.);
#11881 = LINE('',#11882,#11883);
#11882 = CARTESIAN_POINT('',(7.92,4.48,8.2));
#11883 = VECTOR('',#11884,1.);
#11884 = DIRECTION('',(1.110223024625E-16,1.,0.));
#11885 = PLANE('',#11886);
#11886 = AXIS2_PLACEMENT_3D('',#11887,#11888,#11889);
#11887 = CARTESIAN_POINT('',(8.07,4.48,8.35));
#11888 = DIRECTION('',(-0.707106781187,7.850462293414E-17,0.707106781187
    ));
#11889 = DIRECTION('',(1.110223024625E-16,1.,2.680278185005E-29));
#11890 = ADVANCED_FACE('',(#11891),#11909,.T.);
#11891 = FACE_BOUND('',#11892,.T.);
#11892 = EDGE_LOOP('',(#11893,#11894,#11895,#11903));
#11893 = ORIENTED_EDGE('',*,*,#11872,.F.);
#11894 = ORIENTED_EDGE('',*,*,#10107,.T.);
#11895 = ORIENTED_EDGE('',*,*,#11896,.T.);
#11896 = EDGE_CURVE('',#10100,#11897,#11899,.T.);
#11897 = VERTEX_POINT('',#11898);
#11898 = CARTESIAN_POINT('',(7.32,5.38,8.2));
#11899 = LINE('',#11900,#11901);
#11900 = CARTESIAN_POINT('',(7.32,5.38,8.2));
#11901 = VECTOR('',#11902,1.);
#11902 = DIRECTION('',(0.57735026919,-0.57735026919,-0.57735026919));
#11903 = ORIENTED_EDGE('',*,*,#11904,.F.);
#11904 = EDGE_CURVE('',#11873,#11897,#11905,.T.);
#11905 = LINE('',#11906,#11907);
#11906 = CARTESIAN_POINT('',(8.22,5.38,8.2));
#11907 = VECTOR('',#11908,1.);
#11908 = DIRECTION('',(-1.,1.110223024625E-16,0.));
#11909 = PLANE('',#11910);
#11910 = AXIS2_PLACEMENT_3D('',#11911,#11912,#11913);
#11911 = CARTESIAN_POINT('',(8.22,5.53,8.35));
#11912 = DIRECTION('',(-7.850462293414E-17,-0.707106781187,
    0.707106781187));
#11913 = DIRECTION('',(-1.,1.110223024625E-16,2.680278185005E-29));
#11914 = ADVANCED_FACE('',(#11915),#11933,.T.);
#11915 = FACE_BOUND('',#11916,.T.);
#11916 = EDGE_LOOP('',(#11917,#11918,#11919,#11927));
#11917 = ORIENTED_EDGE('',*,*,#11896,.F.);
#11918 = ORIENTED_EDGE('',*,*,#10099,.T.);
#11919 = ORIENTED_EDGE('',*,*,#11920,.T.);
#11920 = EDGE_CURVE('',#10092,#11921,#11923,.T.);
#11921 = VERTEX_POINT('',#11922);
#11922 = CARTESIAN_POINT('',(7.32,4.78,8.2));
#11923 = LINE('',#11924,#11925);
#11924 = CARTESIAN_POINT('',(7.32,4.78,8.2));
#11925 = VECTOR('',#11926,1.);
#11926 = DIRECTION('',(0.57735026919,0.57735026919,-0.57735026919));
#11927 = ORIENTED_EDGE('',*,*,#11928,.F.);
#11928 = EDGE_CURVE('',#11897,#11921,#11929,.T.);
#11929 = LINE('',#11930,#11931);
#11930 = CARTESIAN_POINT('',(7.32,5.68,8.2));
#11931 = VECTOR('',#11932,1.);
#11932 = DIRECTION('',(-1.110223024625E-16,-1.,0.));
#11933 = PLANE('',#11934);
#11934 = AXIS2_PLACEMENT_3D('',#11935,#11936,#11937);
#11935 = CARTESIAN_POINT('',(7.17,5.68,8.35));
#11936 = DIRECTION('',(0.707106781187,-7.850462293414E-17,0.707106781187
    ));
#11937 = DIRECTION('',(-1.110223024625E-16,-1.,2.680278185005E-29));
#11938 = ADVANCED_FACE('',(#11939),#11950,.T.);
#11939 = FACE_BOUND('',#11940,.T.);
#11940 = EDGE_LOOP('',(#11941,#11942,#11943,#11944));
#11941 = ORIENTED_EDGE('',*,*,#11920,.F.);
#11942 = ORIENTED_EDGE('',*,*,#10091,.T.);
#11943 = ORIENTED_EDGE('',*,*,#11863,.T.);
#11944 = ORIENTED_EDGE('',*,*,#11945,.F.);
#11945 = EDGE_CURVE('',#11921,#11864,#11946,.T.);
#11946 = LINE('',#11947,#11948);
#11947 = CARTESIAN_POINT('',(7.02,4.78,8.2));
#11948 = VECTOR('',#11949,1.);
#11949 = DIRECTION('',(1.,-1.110223024625E-16,0.));
#11950 = PLANE('',#11951);
#11951 = AXIS2_PLACEMENT_3D('',#11952,#11953,#11954);
#11952 = CARTESIAN_POINT('',(7.02,4.63,8.35));
#11953 = DIRECTION('',(7.850462293414E-17,0.707106781187,0.707106781187)
  );
#11954 = DIRECTION('',(1.,-1.110223024625E-16,2.680278185005E-29));
#11955 = ADVANCED_FACE('',(#11956),#11981,.T.);
#11956 = FACE_BOUND('',#11957,.T.);
#11957 = EDGE_LOOP('',(#11958,#11966,#11967,#11975));
#11958 = ORIENTED_EDGE('',*,*,#11959,.F.);
#11959 = EDGE_CURVE('',#10116,#11960,#11962,.T.);
#11960 = VERTEX_POINT('',#11961);
#11961 = CARTESIAN_POINT('',(7.92,7.32,8.2));
#11962 = LINE('',#11963,#11964);
#11963 = CARTESIAN_POINT('',(7.92,7.32,8.2));
#11964 = VECTOR('',#11965,1.);
#11965 = DIRECTION('',(-0.57735026919,0.57735026919,-0.57735026919));
#11966 = ORIENTED_EDGE('',*,*,#10115,.T.);
#11967 = ORIENTED_EDGE('',*,*,#11968,.T.);
#11968 = EDGE_CURVE('',#10118,#11969,#11971,.T.);
#11969 = VERTEX_POINT('',#11970);
#11970 = CARTESIAN_POINT('',(7.92,7.92,8.2));
#11971 = LINE('',#11972,#11973);
#11972 = CARTESIAN_POINT('',(7.92,7.92,8.2));
#11973 = VECTOR('',#11974,1.);
#11974 = DIRECTION('',(-0.57735026919,-0.57735026919,-0.57735026919));
#11975 = ORIENTED_EDGE('',*,*,#11976,.F.);
#11976 = EDGE_CURVE('',#11960,#11969,#11977,.T.);
#11977 = LINE('',#11978,#11979);
#11978 = CARTESIAN_POINT('',(7.92,7.02,8.2));
#11979 = VECTOR('',#11980,1.);
#11980 = DIRECTION('',(1.110223024625E-16,1.,0.));
#11981 = PLANE('',#11982);
#11982 = AXIS2_PLACEMENT_3D('',#11983,#11984,#11985);
#11983 = CARTESIAN_POINT('',(8.07,7.02,8.35));
#11984 = DIRECTION('',(-0.707106781187,7.850462293414E-17,0.707106781187
    ));
#11985 = DIRECTION('',(1.110223024625E-16,1.,2.680278185005E-29));
#11986 = ADVANCED_FACE('',(#11987),#12005,.T.);
#11987 = FACE_BOUND('',#11988,.T.);
#11988 = EDGE_LOOP('',(#11989,#11990,#11991,#11999));
#11989 = ORIENTED_EDGE('',*,*,#11968,.F.);
#11990 = ORIENTED_EDGE('',*,*,#10141,.T.);
#11991 = ORIENTED_EDGE('',*,*,#11992,.T.);
#11992 = EDGE_CURVE('',#10134,#11993,#11995,.T.);
#11993 = VERTEX_POINT('',#11994);
#11994 = CARTESIAN_POINT('',(7.32,7.92,8.2));
#11995 = LINE('',#11996,#11997);
#11996 = CARTESIAN_POINT('',(7.32,7.92,8.2));
#11997 = VECTOR('',#11998,1.);
#11998 = DIRECTION('',(0.57735026919,-0.57735026919,-0.57735026919));
#11999 = ORIENTED_EDGE('',*,*,#12000,.F.);
#12000 = EDGE_CURVE('',#11969,#11993,#12001,.T.);
#12001 = LINE('',#12002,#12003);
#12002 = CARTESIAN_POINT('',(8.22,7.92,8.2));
#12003 = VECTOR('',#12004,1.);
#12004 = DIRECTION('',(-1.,1.110223024625E-16,0.));
#12005 = PLANE('',#12006);
#12006 = AXIS2_PLACEMENT_3D('',#12007,#12008,#12009);
#12007 = CARTESIAN_POINT('',(8.22,8.07,8.35));
#12008 = DIRECTION('',(-7.850462293414E-17,-0.707106781187,
    0.707106781187));
#12009 = DIRECTION('',(-1.,1.110223024625E-16,2.680278185005E-29));
#12010 = ADVANCED_FACE('',(#12011),#12029,.T.);
#12011 = FACE_BOUND('',#12012,.T.);
#12012 = EDGE_LOOP('',(#12013,#12014,#12015,#12023));
#12013 = ORIENTED_EDGE('',*,*,#11992,.F.);
#12014 = ORIENTED_EDGE('',*,*,#10133,.T.);
#12015 = ORIENTED_EDGE('',*,*,#12016,.T.);
#12016 = EDGE_CURVE('',#10126,#12017,#12019,.T.);
#12017 = VERTEX_POINT('',#12018);
#12018 = CARTESIAN_POINT('',(7.32,7.32,8.2));
#12019 = LINE('',#12020,#12021);
#12020 = CARTESIAN_POINT('',(7.32,7.32,8.2));
#12021 = VECTOR('',#12022,1.);
#12022 = DIRECTION('',(0.57735026919,0.57735026919,-0.57735026919));
#12023 = ORIENTED_EDGE('',*,*,#12024,.F.);
#12024 = EDGE_CURVE('',#11993,#12017,#12025,.T.);
#12025 = LINE('',#12026,#12027);
#12026 = CARTESIAN_POINT('',(7.32,8.22,8.2));
#12027 = VECTOR('',#12028,1.);
#12028 = DIRECTION('',(-1.110223024625E-16,-1.,0.));
#12029 = PLANE('',#12030);
#12030 = AXIS2_PLACEMENT_3D('',#12031,#12032,#12033);
#12031 = CARTESIAN_POINT('',(7.17,8.22,8.35));
#12032 = DIRECTION('',(0.707106781187,-7.850462293414E-17,0.707106781187
    ));
#12033 = DIRECTION('',(-1.110223024625E-16,-1.,2.680278185005E-29));
#12034 = ADVANCED_FACE('',(#12035),#12046,.T.);
#12035 = FACE_BOUND('',#12036,.T.);
#12036 = EDGE_LOOP('',(#12037,#12038,#12039,#12040));
#12037 = ORIENTED_EDGE('',*,*,#12016,.F.);
#12038 = ORIENTED_EDGE('',*,*,#10125,.T.);
#12039 = ORIENTED_EDGE('',*,*,#11959,.T.);
#12040 = ORIENTED_EDGE('',*,*,#12041,.F.);
#12041 = EDGE_CURVE('',#12017,#11960,#12042,.T.);
#12042 = LINE('',#12043,#12044);
#12043 = CARTESIAN_POINT('',(7.02,7.32,8.2));
#12044 = VECTOR('',#12045,1.);
#12045 = DIRECTION('',(1.,-1.110223024625E-16,0.));
#12046 = PLANE('',#12047);
#12047 = AXIS2_PLACEMENT_3D('',#12048,#12049,#12050);
#12048 = CARTESIAN_POINT('',(7.02,7.17,8.35));
#12049 = DIRECTION('',(7.850462293414E-17,0.707106781187,0.707106781187)
  );
#12050 = DIRECTION('',(1.,-1.110223024625E-16,2.680278185005E-29));
#12051 = ADVANCED_FACE('',(#12052),#12077,.T.);
#12052 = FACE_BOUND('',#12053,.T.);
#12053 = EDGE_LOOP('',(#12054,#12062,#12063,#12071));
#12054 = ORIENTED_EDGE('',*,*,#12055,.F.);
#12055 = EDGE_CURVE('',#10150,#12056,#12058,.T.);
#12056 = VERTEX_POINT('',#12057);
#12057 = CARTESIAN_POINT('',(7.92,9.86,8.2));
#12058 = LINE('',#12059,#12060);
#12059 = CARTESIAN_POINT('',(7.92,9.86,8.2));
#12060 = VECTOR('',#12061,1.);
#12061 = DIRECTION('',(-0.57735026919,0.57735026919,-0.57735026919));
#12062 = ORIENTED_EDGE('',*,*,#10149,.T.);
#12063 = ORIENTED_EDGE('',*,*,#12064,.T.);
#12064 = EDGE_CURVE('',#10152,#12065,#12067,.T.);
#12065 = VERTEX_POINT('',#12066);
#12066 = CARTESIAN_POINT('',(7.92,10.46,8.2));
#12067 = LINE('',#12068,#12069);
#12068 = CARTESIAN_POINT('',(7.92,10.46,8.2));
#12069 = VECTOR('',#12070,1.);
#12070 = DIRECTION('',(-0.57735026919,-0.57735026919,-0.57735026919));
#12071 = ORIENTED_EDGE('',*,*,#12072,.F.);
#12072 = EDGE_CURVE('',#12056,#12065,#12073,.T.);
#12073 = LINE('',#12074,#12075);
#12074 = CARTESIAN_POINT('',(7.92,9.56,8.2));
#12075 = VECTOR('',#12076,1.);
#12076 = DIRECTION('',(1.110223024625E-16,1.,0.));
#12077 = PLANE('',#12078);
#12078 = AXIS2_PLACEMENT_3D('',#12079,#12080,#12081);
#12079 = CARTESIAN_POINT('',(8.07,9.56,8.35));
#12080 = DIRECTION('',(-0.707106781187,7.850462293414E-17,0.707106781187
    ));
#12081 = DIRECTION('',(1.110223024625E-16,1.,2.680278185005E-29));
#12082 = ADVANCED_FACE('',(#12083),#12101,.T.);
#12083 = FACE_BOUND('',#12084,.T.);
#12084 = EDGE_LOOP('',(#12085,#12086,#12087,#12095));
#12085 = ORIENTED_EDGE('',*,*,#12064,.F.);
#12086 = ORIENTED_EDGE('',*,*,#10175,.T.);
#12087 = ORIENTED_EDGE('',*,*,#12088,.T.);
#12088 = EDGE_CURVE('',#10168,#12089,#12091,.T.);
#12089 = VERTEX_POINT('',#12090);
#12090 = CARTESIAN_POINT('',(7.32,10.46,8.2));
#12091 = LINE('',#12092,#12093);
#12092 = CARTESIAN_POINT('',(7.32,10.46,8.2));
#12093 = VECTOR('',#12094,1.);
#12094 = DIRECTION('',(0.57735026919,-0.57735026919,-0.57735026919));
#12095 = ORIENTED_EDGE('',*,*,#12096,.F.);
#12096 = EDGE_CURVE('',#12065,#12089,#12097,.T.);
#12097 = LINE('',#12098,#12099);
#12098 = CARTESIAN_POINT('',(8.22,10.46,8.2));
#12099 = VECTOR('',#12100,1.);
#12100 = DIRECTION('',(-1.,1.110223024625E-16,0.));
#12101 = PLANE('',#12102);
#12102 = AXIS2_PLACEMENT_3D('',#12103,#12104,#12105);
#12103 = CARTESIAN_POINT('',(8.22,10.61,8.35));
#12104 = DIRECTION('',(-7.850462293414E-17,-0.707106781187,
    0.707106781187));
#12105 = DIRECTION('',(-1.,1.110223024625E-16,2.680278185005E-29));
#12106 = ADVANCED_FACE('',(#12107),#12125,.T.);
#12107 = FACE_BOUND('',#12108,.T.);
#12108 = EDGE_LOOP('',(#12109,#12110,#12111,#12119));
#12109 = ORIENTED_EDGE('',*,*,#12088,.F.);
#12110 = ORIENTED_EDGE('',*,*,#10167,.T.);
#12111 = ORIENTED_EDGE('',*,*,#12112,.T.);
#12112 = EDGE_CURVE('',#10160,#12113,#12115,.T.);
#12113 = VERTEX_POINT('',#12114);
#12114 = CARTESIAN_POINT('',(7.32,9.86,8.2));
#12115 = LINE('',#12116,#12117);
#12116 = CARTESIAN_POINT('',(7.32,9.86,8.2));
#12117 = VECTOR('',#12118,1.);
#12118 = DIRECTION('',(0.57735026919,0.57735026919,-0.57735026919));
#12119 = ORIENTED_EDGE('',*,*,#12120,.F.);
#12120 = EDGE_CURVE('',#12089,#12113,#12121,.T.);
#12121 = LINE('',#12122,#12123);
#12122 = CARTESIAN_POINT('',(7.32,10.76,8.2));
#12123 = VECTOR('',#12124,1.);
#12124 = DIRECTION('',(-1.110223024625E-16,-1.,0.));
#12125 = PLANE('',#12126);
#12126 = AXIS2_PLACEMENT_3D('',#12127,#12128,#12129);
#12127 = CARTESIAN_POINT('',(7.17,10.76,8.35));
#12128 = DIRECTION('',(0.707106781187,-7.850462293414E-17,0.707106781187
    ));
#12129 = DIRECTION('',(-1.110223024625E-16,-1.,2.680278185005E-29));
#12130 = ADVANCED_FACE('',(#12131),#12142,.T.);
#12131 = FACE_BOUND('',#12132,.T.);
#12132 = EDGE_LOOP('',(#12133,#12134,#12135,#12136));
#12133 = ORIENTED_EDGE('',*,*,#12112,.F.);
#12134 = ORIENTED_EDGE('',*,*,#10159,.T.);
#12135 = ORIENTED_EDGE('',*,*,#12055,.T.);
#12136 = ORIENTED_EDGE('',*,*,#12137,.F.);
#12137 = EDGE_CURVE('',#12113,#12056,#12138,.T.);
#12138 = LINE('',#12139,#12140);
#12139 = CARTESIAN_POINT('',(7.02,9.86,8.2));
#12140 = VECTOR('',#12141,1.);
#12141 = DIRECTION('',(1.,-1.110223024625E-16,0.));
#12142 = PLANE('',#12143);
#12143 = AXIS2_PLACEMENT_3D('',#12144,#12145,#12146);
#12144 = CARTESIAN_POINT('',(7.02,9.71,8.35));
#12145 = DIRECTION('',(7.850462293414E-17,0.707106781187,0.707106781187)
  );
#12146 = DIRECTION('',(1.,-1.110223024625E-16,2.680278185005E-29));
#12147 = ADVANCED_FACE('',(#12148),#12173,.T.);
#12148 = FACE_BOUND('',#12149,.T.);
#12149 = EDGE_LOOP('',(#12150,#12158,#12159,#12167));
#12150 = ORIENTED_EDGE('',*,*,#12151,.F.);
#12151 = EDGE_CURVE('',#10184,#12152,#12154,.T.);
#12152 = VERTEX_POINT('',#12153);
#12153 = CARTESIAN_POINT('',(7.92,12.4,8.2));
#12154 = LINE('',#12155,#12156);
#12155 = CARTESIAN_POINT('',(7.92,12.4,8.2));
#12156 = VECTOR('',#12157,1.);
#12157 = DIRECTION('',(-0.57735026919,0.57735026919,-0.57735026919));
#12158 = ORIENTED_EDGE('',*,*,#10183,.T.);
#12159 = ORIENTED_EDGE('',*,*,#12160,.T.);
#12160 = EDGE_CURVE('',#10186,#12161,#12163,.T.);
#12161 = VERTEX_POINT('',#12162);
#12162 = CARTESIAN_POINT('',(7.92,13.,8.2));
#12163 = LINE('',#12164,#12165);
#12164 = CARTESIAN_POINT('',(7.92,13.,8.2));
#12165 = VECTOR('',#12166,1.);
#12166 = DIRECTION('',(-0.57735026919,-0.57735026919,-0.57735026919));
#12167 = ORIENTED_EDGE('',*,*,#12168,.F.);
#12168 = EDGE_CURVE('',#12152,#12161,#12169,.T.);
#12169 = LINE('',#12170,#12171);
#12170 = CARTESIAN_POINT('',(7.92,12.1,8.2));
#12171 = VECTOR('',#12172,1.);
#12172 = DIRECTION('',(1.110223024625E-16,1.,0.));
#12173 = PLANE('',#12174);
#12174 = AXIS2_PLACEMENT_3D('',#12175,#12176,#12177);
#12175 = CARTESIAN_POINT('',(8.07,12.1,8.35));
#12176 = DIRECTION('',(-0.707106781187,7.850462293414E-17,0.707106781187
    ));
#12177 = DIRECTION('',(1.110223024625E-16,1.,2.680278185005E-29));
#12178 = ADVANCED_FACE('',(#12179),#12197,.T.);
#12179 = FACE_BOUND('',#12180,.T.);
#12180 = EDGE_LOOP('',(#12181,#12182,#12183,#12191));
#12181 = ORIENTED_EDGE('',*,*,#12160,.F.);
#12182 = ORIENTED_EDGE('',*,*,#10209,.T.);
#12183 = ORIENTED_EDGE('',*,*,#12184,.T.);
#12184 = EDGE_CURVE('',#10202,#12185,#12187,.T.);
#12185 = VERTEX_POINT('',#12186);
#12186 = CARTESIAN_POINT('',(7.32,13.,8.2));
#12187 = LINE('',#12188,#12189);
#12188 = CARTESIAN_POINT('',(7.32,13.,8.2));
#12189 = VECTOR('',#12190,1.);
#12190 = DIRECTION('',(0.57735026919,-0.57735026919,-0.57735026919));
#12191 = ORIENTED_EDGE('',*,*,#12192,.F.);
#12192 = EDGE_CURVE('',#12161,#12185,#12193,.T.);
#12193 = LINE('',#12194,#12195);
#12194 = CARTESIAN_POINT('',(8.22,13.,8.2));
#12195 = VECTOR('',#12196,1.);
#12196 = DIRECTION('',(-1.,1.110223024625E-16,0.));
#12197 = PLANE('',#12198);
#12198 = AXIS2_PLACEMENT_3D('',#12199,#12200,#12201);
#12199 = CARTESIAN_POINT('',(8.22,13.15,8.35));
#12200 = DIRECTION('',(-7.850462293414E-17,-0.707106781187,
    0.707106781187));
#12201 = DIRECTION('',(-1.,1.110223024625E-16,2.680278185005E-29));
#12202 = ADVANCED_FACE('',(#12203),#12221,.T.);
#12203 = FACE_BOUND('',#12204,.T.);
#12204 = EDGE_LOOP('',(#12205,#12206,#12207,#12215));
#12205 = ORIENTED_EDGE('',*,*,#12184,.F.);
#12206 = ORIENTED_EDGE('',*,*,#10201,.T.);
#12207 = ORIENTED_EDGE('',*,*,#12208,.T.);
#12208 = EDGE_CURVE('',#10194,#12209,#12211,.T.);
#12209 = VERTEX_POINT('',#12210);
#12210 = CARTESIAN_POINT('',(7.32,12.4,8.2));
#12211 = LINE('',#12212,#12213);
#12212 = CARTESIAN_POINT('',(7.32,12.4,8.2));
#12213 = VECTOR('',#12214,1.);
#12214 = DIRECTION('',(0.57735026919,0.57735026919,-0.57735026919));
#12215 = ORIENTED_EDGE('',*,*,#12216,.F.);
#12216 = EDGE_CURVE('',#12185,#12209,#12217,.T.);
#12217 = LINE('',#12218,#12219);
#12218 = CARTESIAN_POINT('',(7.32,13.3,8.2));
#12219 = VECTOR('',#12220,1.);
#12220 = DIRECTION('',(-1.110223024625E-16,-1.,0.));
#12221 = PLANE('',#12222);
#12222 = AXIS2_PLACEMENT_3D('',#12223,#12224,#12225);
#12223 = CARTESIAN_POINT('',(7.17,13.3,8.35));
#12224 = DIRECTION('',(0.707106781187,-7.850462293414E-17,0.707106781187
    ));
#12225 = DIRECTION('',(-1.110223024625E-16,-1.,2.680278185005E-29));
#12226 = ADVANCED_FACE('',(#12227),#12238,.T.);
#12227 = FACE_BOUND('',#12228,.T.);
#12228 = EDGE_LOOP('',(#12229,#12230,#12231,#12232));
#12229 = ORIENTED_EDGE('',*,*,#12208,.F.);
#12230 = ORIENTED_EDGE('',*,*,#10193,.T.);
#12231 = ORIENTED_EDGE('',*,*,#12151,.T.);
#12232 = ORIENTED_EDGE('',*,*,#12233,.F.);
#12233 = EDGE_CURVE('',#12209,#12152,#12234,.T.);
#12234 = LINE('',#12235,#12236);
#12235 = CARTESIAN_POINT('',(7.02,12.4,8.2));
#12236 = VECTOR('',#12237,1.);
#12237 = DIRECTION('',(1.,-1.110223024625E-16,0.));
#12238 = PLANE('',#12239);
#12239 = AXIS2_PLACEMENT_3D('',#12240,#12241,#12242);
#12240 = CARTESIAN_POINT('',(7.02,12.25,8.35));
#12241 = DIRECTION('',(7.850462293414E-17,0.707106781187,0.707106781187)
  );
#12242 = DIRECTION('',(1.,-1.110223024625E-16,2.680278185005E-29));
#12243 = ADVANCED_FACE('',(#12244),#12255,.T.);
#12244 = FACE_BOUND('',#12245,.T.);
#12245 = EDGE_LOOP('',(#12246,#12247,#12248,#12254));
#12246 = ORIENTED_EDGE('',*,*,#10273,.F.);
#12247 = ORIENTED_EDGE('',*,*,#10283,.T.);
#12248 = ORIENTED_EDGE('',*,*,#12249,.T.);
#12249 = EDGE_CURVE('',#10284,#10324,#12250,.T.);
#12250 = LINE('',#12251,#12252);
#12251 = CARTESIAN_POINT('',(7.52,-15.54,0.2));
#12252 = VECTOR('',#12253,1.);
#12253 = DIRECTION('',(1.,-1.110223024625E-16,0.));
#12254 = ORIENTED_EDGE('',*,*,#10331,.T.);
#12255 = PLANE('',#12256);
#12256 = AXIS2_PLACEMENT_3D('',#12257,#12258,#12259);
#12257 = CARTESIAN_POINT('',(7.52,-15.54,0.2));
#12258 = DIRECTION('',(0.,-0.,-1.));
#12259 = DIRECTION('',(-1.110223024625E-16,-1.,0.));
#12260 = ADVANCED_FACE('',(#12261),#12302,.F.);
#12261 = FACE_BOUND('',#12262,.F.);
#12262 = EDGE_LOOP('',(#12263,#12271,#12272,#12280,#12288,#12296));
#12263 = ORIENTED_EDGE('',*,*,#12264,.T.);
#12264 = EDGE_CURVE('',#12265,#10324,#12267,.T.);
#12265 = VERTEX_POINT('',#12266);
#12266 = CARTESIAN_POINT('',(7.72,-15.54,-2.5));
#12267 = LINE('',#12268,#12269);
#12268 = CARTESIAN_POINT('',(7.72,-15.54,-2.5));
#12269 = VECTOR('',#12270,1.);
#12270 = DIRECTION('',(0.,0.,1.));
#12271 = ORIENTED_EDGE('',*,*,#10323,.F.);
#12272 = ORIENTED_EDGE('',*,*,#12273,.T.);
#12273 = EDGE_CURVE('',#10316,#12274,#12276,.T.);
#12274 = VERTEX_POINT('',#12275);
#12275 = CARTESIAN_POINT('',(7.72,-14.94,-2.5));
#12276 = LINE('',#12277,#12278);
#12277 = CARTESIAN_POINT('',(7.72,-14.94,0.2));
#12278 = VECTOR('',#12279,1.);
#12279 = DIRECTION('',(0.,0.,-1.));
#12280 = ORIENTED_EDGE('',*,*,#12281,.T.);
#12281 = EDGE_CURVE('',#12274,#12282,#12284,.T.);
#12282 = VERTEX_POINT('',#12283);
#12283 = CARTESIAN_POINT('',(7.72,-15.09,-3.1));
#12284 = LINE('',#12285,#12286);
#12285 = CARTESIAN_POINT('',(7.72,-14.94,-2.5));
#12286 = VECTOR('',#12287,1.);
#12287 = DIRECTION('',(-2.692686352073E-17,-0.242535625036,
    -0.970142500145));
#12288 = ORIENTED_EDGE('',*,*,#12289,.T.);
#12289 = EDGE_CURVE('',#12282,#12290,#12292,.T.);
#12290 = VERTEX_POINT('',#12291);
#12291 = CARTESIAN_POINT('',(7.72,-15.39,-3.1));
#12292 = LINE('',#12293,#12294);
#12293 = CARTESIAN_POINT('',(7.72,-15.09,-3.1));
#12294 = VECTOR('',#12295,1.);
#12295 = DIRECTION('',(-1.110223024625E-16,-1.,0.));
#12296 = ORIENTED_EDGE('',*,*,#12297,.T.);
#12297 = EDGE_CURVE('',#12290,#12265,#12298,.T.);
#12298 = LINE('',#12299,#12300);
#12299 = CARTESIAN_POINT('',(7.72,-15.39,-3.1));
#12300 = VECTOR('',#12301,1.);
#12301 = DIRECTION('',(-2.692686352073E-17,-0.242535625036,
    0.970142500145));
#12302 = PLANE('',#12303);
#12303 = AXIS2_PLACEMENT_3D('',#12304,#12305,#12306);
#12304 = CARTESIAN_POINT('',(7.72,-15.24,3.911477598424));
#12305 = DIRECTION('',(-1.,1.110223024625E-16,0.));
#12306 = DIRECTION('',(0.,0.,1.));
#12307 = ADVANCED_FACE('',(#12308),#12319,.T.);
#12308 = FACE_BOUND('',#12309,.T.);
#12309 = EDGE_LOOP('',(#12310,#12316,#12317,#12318));
#12310 = ORIENTED_EDGE('',*,*,#12311,.F.);
#12311 = EDGE_CURVE('',#10292,#10316,#12312,.T.);
#12312 = LINE('',#12313,#12314);
#12313 = CARTESIAN_POINT('',(7.52,-14.94,0.2));
#12314 = VECTOR('',#12315,1.);
#12315 = DIRECTION('',(1.,-1.110223024625E-16,0.));
#12316 = ORIENTED_EDGE('',*,*,#10299,.T.);
#12317 = ORIENTED_EDGE('',*,*,#10307,.T.);
#12318 = ORIENTED_EDGE('',*,*,#10315,.T.);
#12319 = PLANE('',#12320);
#12320 = AXIS2_PLACEMENT_3D('',#12321,#12322,#12323);
#12321 = CARTESIAN_POINT('',(7.52,-15.54,0.2));
#12322 = DIRECTION('',(0.,-0.,-1.));
#12323 = DIRECTION('',(-1.110223024625E-16,-1.,0.));
#12324 = ADVANCED_FACE('',(#12325),#12366,.T.);
#12325 = FACE_BOUND('',#12326,.T.);
#12326 = EDGE_LOOP('',(#12327,#12335,#12336,#12344,#12352,#12360));
#12327 = ORIENTED_EDGE('',*,*,#12328,.T.);
#12328 = EDGE_CURVE('',#12329,#10284,#12331,.T.);
#12329 = VERTEX_POINT('',#12330);
#12330 = CARTESIAN_POINT('',(7.52,-15.54,-2.5));
#12331 = LINE('',#12332,#12333);
#12332 = CARTESIAN_POINT('',(7.52,-15.54,-2.5));
#12333 = VECTOR('',#12334,1.);
#12334 = DIRECTION('',(0.,0.,1.));
#12335 = ORIENTED_EDGE('',*,*,#10291,.F.);
#12336 = ORIENTED_EDGE('',*,*,#12337,.T.);
#12337 = EDGE_CURVE('',#10292,#12338,#12340,.T.);
#12338 = VERTEX_POINT('',#12339);
#12339 = CARTESIAN_POINT('',(7.52,-14.94,-2.5));
#12340 = LINE('',#12341,#12342);
#12341 = CARTESIAN_POINT('',(7.52,-14.94,0.2));
#12342 = VECTOR('',#12343,1.);
#12343 = DIRECTION('',(0.,0.,-1.));
#12344 = ORIENTED_EDGE('',*,*,#12345,.T.);
#12345 = EDGE_CURVE('',#12338,#12346,#12348,.T.);
#12346 = VERTEX_POINT('',#12347);
#12347 = CARTESIAN_POINT('',(7.52,-15.09,-3.1));
#12348 = LINE('',#12349,#12350);
#12349 = CARTESIAN_POINT('',(7.52,-14.94,-2.5));
#12350 = VECTOR('',#12351,1.);
#12351 = DIRECTION('',(-2.692686352073E-17,-0.242535625036,
    -0.970142500145));
#12352 = ORIENTED_EDGE('',*,*,#12353,.F.);
#12353 = EDGE_CURVE('',#12354,#12346,#12356,.T.);
#12354 = VERTEX_POINT('',#12355);
#12355 = CARTESIAN_POINT('',(7.52,-15.39,-3.1));
#12356 = LINE('',#12357,#12358);
#12357 = CARTESIAN_POINT('',(7.52,-15.39,-3.1));
#12358 = VECTOR('',#12359,1.);
#12359 = DIRECTION('',(1.110223024625E-16,1.,0.));
#12360 = ORIENTED_EDGE('',*,*,#12361,.T.);
#12361 = EDGE_CURVE('',#12354,#12329,#12362,.T.);
#12362 = LINE('',#12363,#12364);
#12363 = CARTESIAN_POINT('',(7.52,-15.39,-3.1));
#12364 = VECTOR('',#12365,1.);
#12365 = DIRECTION('',(-2.692686352073E-17,-0.242535625036,
    0.970142500145));
#12366 = PLANE('',#12367);
#12367 = AXIS2_PLACEMENT_3D('',#12368,#12369,#12370);
#12368 = CARTESIAN_POINT('',(7.52,-15.24,3.911477598424));
#12369 = DIRECTION('',(-1.,1.110223024625E-16,0.));
#12370 = DIRECTION('',(0.,0.,1.));
#12371 = ADVANCED_FACE('',(#12372),#12383,.T.);
#12372 = FACE_BOUND('',#12373,.T.);
#12373 = EDGE_LOOP('',(#12374,#12375,#12376,#12382));
#12374 = ORIENTED_EDGE('',*,*,#10339,.F.);
#12375 = ORIENTED_EDGE('',*,*,#10349,.T.);
#12376 = ORIENTED_EDGE('',*,*,#12377,.T.);
#12377 = EDGE_CURVE('',#10350,#10390,#12378,.T.);
#12378 = LINE('',#12379,#12380);
#12379 = CARTESIAN_POINT('',(7.52,-13.,0.2));
#12380 = VECTOR('',#12381,1.);
#12381 = DIRECTION('',(1.,-1.110223024625E-16,0.));
#12382 = ORIENTED_EDGE('',*,*,#10397,.T.);
#12383 = PLANE('',#12384);
#12384 = AXIS2_PLACEMENT_3D('',#12385,#12386,#12387);
#12385 = CARTESIAN_POINT('',(7.52,-13.,0.2));
#12386 = DIRECTION('',(0.,-0.,-1.));
#12387 = DIRECTION('',(-1.110223024625E-16,-1.,0.));
#12388 = ADVANCED_FACE('',(#12389),#12430,.F.);
#12389 = FACE_BOUND('',#12390,.F.);
#12390 = EDGE_LOOP('',(#12391,#12399,#12400,#12408,#12416,#12424));
#12391 = ORIENTED_EDGE('',*,*,#12392,.T.);
#12392 = EDGE_CURVE('',#12393,#10390,#12395,.T.);
#12393 = VERTEX_POINT('',#12394);
#12394 = CARTESIAN_POINT('',(7.72,-13.,-2.5));
#12395 = LINE('',#12396,#12397);
#12396 = CARTESIAN_POINT('',(7.72,-13.,-2.5));
#12397 = VECTOR('',#12398,1.);
#12398 = DIRECTION('',(0.,0.,1.));
#12399 = ORIENTED_EDGE('',*,*,#10389,.F.);
#12400 = ORIENTED_EDGE('',*,*,#12401,.T.);
#12401 = EDGE_CURVE('',#10382,#12402,#12404,.T.);
#12402 = VERTEX_POINT('',#12403);
#12403 = CARTESIAN_POINT('',(7.72,-12.4,-2.5));
#12404 = LINE('',#12405,#12406);
#12405 = CARTESIAN_POINT('',(7.72,-12.4,0.2));
#12406 = VECTOR('',#12407,1.);
#12407 = DIRECTION('',(0.,0.,-1.));
#12408 = ORIENTED_EDGE('',*,*,#12409,.T.);
#12409 = EDGE_CURVE('',#12402,#12410,#12412,.T.);
#12410 = VERTEX_POINT('',#12411);
#12411 = CARTESIAN_POINT('',(7.72,-12.55,-3.1));
#12412 = LINE('',#12413,#12414);
#12413 = CARTESIAN_POINT('',(7.72,-12.4,-2.5));
#12414 = VECTOR('',#12415,1.);
#12415 = DIRECTION('',(-2.692686352073E-17,-0.242535625036,
    -0.970142500145));
#12416 = ORIENTED_EDGE('',*,*,#12417,.T.);
#12417 = EDGE_CURVE('',#12410,#12418,#12420,.T.);
#12418 = VERTEX_POINT('',#12419);
#12419 = CARTESIAN_POINT('',(7.72,-12.85,-3.1));
#12420 = LINE('',#12421,#12422);
#12421 = CARTESIAN_POINT('',(7.72,-12.55,-3.1));
#12422 = VECTOR('',#12423,1.);
#12423 = DIRECTION('',(-1.110223024625E-16,-1.,0.));
#12424 = ORIENTED_EDGE('',*,*,#12425,.T.);
#12425 = EDGE_CURVE('',#12418,#12393,#12426,.T.);
#12426 = LINE('',#12427,#12428);
#12427 = CARTESIAN_POINT('',(7.72,-12.85,-3.1));
#12428 = VECTOR('',#12429,1.);
#12429 = DIRECTION('',(-2.692686352073E-17,-0.242535625036,
    0.970142500145));
#12430 = PLANE('',#12431);
#12431 = AXIS2_PLACEMENT_3D('',#12432,#12433,#12434);
#12432 = CARTESIAN_POINT('',(7.72,-12.7,3.911477598424));
#12433 = DIRECTION('',(-1.,1.110223024625E-16,0.));
#12434 = DIRECTION('',(0.,0.,1.));
#12435 = ADVANCED_FACE('',(#12436),#12447,.T.);
#12436 = FACE_BOUND('',#12437,.T.);
#12437 = EDGE_LOOP('',(#12438,#12444,#12445,#12446));
#12438 = ORIENTED_EDGE('',*,*,#12439,.F.);
#12439 = EDGE_CURVE('',#10358,#10382,#12440,.T.);
#12440 = LINE('',#12441,#12442);
#12441 = CARTESIAN_POINT('',(7.52,-12.4,0.2));
#12442 = VECTOR('',#12443,1.);
#12443 = DIRECTION('',(1.,-1.110223024625E-16,0.));
#12444 = ORIENTED_EDGE('',*,*,#10365,.T.);
#12445 = ORIENTED_EDGE('',*,*,#10373,.T.);
#12446 = ORIENTED_EDGE('',*,*,#10381,.T.);
#12447 = PLANE('',#12448);
#12448 = AXIS2_PLACEMENT_3D('',#12449,#12450,#12451);
#12449 = CARTESIAN_POINT('',(7.52,-13.,0.2));
#12450 = DIRECTION('',(0.,-0.,-1.));
#12451 = DIRECTION('',(-1.110223024625E-16,-1.,0.));
#12452 = ADVANCED_FACE('',(#12453),#12494,.T.);
#12453 = FACE_BOUND('',#12454,.T.);
#12454 = EDGE_LOOP('',(#12455,#12463,#12464,#12472,#12480,#12488));
#12455 = ORIENTED_EDGE('',*,*,#12456,.T.);
#12456 = EDGE_CURVE('',#12457,#10350,#12459,.T.);
#12457 = VERTEX_POINT('',#12458);
#12458 = CARTESIAN_POINT('',(7.52,-13.,-2.5));
#12459 = LINE('',#12460,#12461);
#12460 = CARTESIAN_POINT('',(7.52,-13.,-2.5));
#12461 = VECTOR('',#12462,1.);
#12462 = DIRECTION('',(0.,0.,1.));
#12463 = ORIENTED_EDGE('',*,*,#10357,.F.);
#12464 = ORIENTED_EDGE('',*,*,#12465,.T.);
#12465 = EDGE_CURVE('',#10358,#12466,#12468,.T.);
#12466 = VERTEX_POINT('',#12467);
#12467 = CARTESIAN_POINT('',(7.52,-12.4,-2.5));
#12468 = LINE('',#12469,#12470);
#12469 = CARTESIAN_POINT('',(7.52,-12.4,0.2));
#12470 = VECTOR('',#12471,1.);
#12471 = DIRECTION('',(0.,0.,-1.));
#12472 = ORIENTED_EDGE('',*,*,#12473,.T.);
#12473 = EDGE_CURVE('',#12466,#12474,#12476,.T.);
#12474 = VERTEX_POINT('',#12475);
#12475 = CARTESIAN_POINT('',(7.52,-12.55,-3.1));
#12476 = LINE('',#12477,#12478);
#12477 = CARTESIAN_POINT('',(7.52,-12.4,-2.5));
#12478 = VECTOR('',#12479,1.);
#12479 = DIRECTION('',(-2.692686352073E-17,-0.242535625036,
    -0.970142500145));
#12480 = ORIENTED_EDGE('',*,*,#12481,.F.);
#12481 = EDGE_CURVE('',#12482,#12474,#12484,.T.);
#12482 = VERTEX_POINT('',#12483);
#12483 = CARTESIAN_POINT('',(7.52,-12.85,-3.1));
#12484 = LINE('',#12485,#12486);
#12485 = CARTESIAN_POINT('',(7.52,-12.85,-3.1));
#12486 = VECTOR('',#12487,1.);
#12487 = DIRECTION('',(1.110223024625E-16,1.,0.));
#12488 = ORIENTED_EDGE('',*,*,#12489,.T.);
#12489 = EDGE_CURVE('',#12482,#12457,#12490,.T.);
#12490 = LINE('',#12491,#12492);
#12491 = CARTESIAN_POINT('',(7.52,-12.85,-3.1));
#12492 = VECTOR('',#12493,1.);
#12493 = DIRECTION('',(-2.692686352073E-17,-0.242535625036,
    0.970142500145));
#12494 = PLANE('',#12495);
#12495 = AXIS2_PLACEMENT_3D('',#12496,#12497,#12498);
#12496 = CARTESIAN_POINT('',(7.52,-12.7,3.911477598424));
#12497 = DIRECTION('',(-1.,1.110223024625E-16,0.));
#12498 = DIRECTION('',(0.,0.,1.));
#12499 = ADVANCED_FACE('',(#12500),#12511,.T.);
#12500 = FACE_BOUND('',#12501,.T.);
#12501 = EDGE_LOOP('',(#12502,#12503,#12504,#12510));
#12502 = ORIENTED_EDGE('',*,*,#10405,.F.);
#12503 = ORIENTED_EDGE('',*,*,#10415,.T.);
#12504 = ORIENTED_EDGE('',*,*,#12505,.T.);
#12505 = EDGE_CURVE('',#10416,#10456,#12506,.T.);
#12506 = LINE('',#12507,#12508);
#12507 = CARTESIAN_POINT('',(7.52,-10.46,0.2));
#12508 = VECTOR('',#12509,1.);
#12509 = DIRECTION('',(1.,-1.110223024625E-16,0.));
#12510 = ORIENTED_EDGE('',*,*,#10463,.T.);
#12511 = PLANE('',#12512);
#12512 = AXIS2_PLACEMENT_3D('',#12513,#12514,#12515);
#12513 = CARTESIAN_POINT('',(7.52,-10.46,0.2));
#12514 = DIRECTION('',(0.,-0.,-1.));
#12515 = DIRECTION('',(-1.110223024625E-16,-1.,0.));
#12516 = ADVANCED_FACE('',(#12517),#12558,.F.);
#12517 = FACE_BOUND('',#12518,.F.);
#12518 = EDGE_LOOP('',(#12519,#12527,#12528,#12536,#12544,#12552));
#12519 = ORIENTED_EDGE('',*,*,#12520,.T.);
#12520 = EDGE_CURVE('',#12521,#10456,#12523,.T.);
#12521 = VERTEX_POINT('',#12522);
#12522 = CARTESIAN_POINT('',(7.72,-10.46,-2.5));
#12523 = LINE('',#12524,#12525);
#12524 = CARTESIAN_POINT('',(7.72,-10.46,-2.5));
#12525 = VECTOR('',#12526,1.);
#12526 = DIRECTION('',(0.,0.,1.));
#12527 = ORIENTED_EDGE('',*,*,#10455,.F.);
#12528 = ORIENTED_EDGE('',*,*,#12529,.T.);
#12529 = EDGE_CURVE('',#10448,#12530,#12532,.T.);
#12530 = VERTEX_POINT('',#12531);
#12531 = CARTESIAN_POINT('',(7.72,-9.86,-2.5));
#12532 = LINE('',#12533,#12534);
#12533 = CARTESIAN_POINT('',(7.72,-9.86,0.2));
#12534 = VECTOR('',#12535,1.);
#12535 = DIRECTION('',(0.,0.,-1.));
#12536 = ORIENTED_EDGE('',*,*,#12537,.T.);
#12537 = EDGE_CURVE('',#12530,#12538,#12540,.T.);
#12538 = VERTEX_POINT('',#12539);
#12539 = CARTESIAN_POINT('',(7.72,-10.01,-3.1));
#12540 = LINE('',#12541,#12542);
#12541 = CARTESIAN_POINT('',(7.72,-9.86,-2.5));
#12542 = VECTOR('',#12543,1.);
#12543 = DIRECTION('',(-2.692686352073E-17,-0.242535625036,
    -0.970142500145));
#12544 = ORIENTED_EDGE('',*,*,#12545,.T.);
#12545 = EDGE_CURVE('',#12538,#12546,#12548,.T.);
#12546 = VERTEX_POINT('',#12547);
#12547 = CARTESIAN_POINT('',(7.72,-10.31,-3.1));
#12548 = LINE('',#12549,#12550);
#12549 = CARTESIAN_POINT('',(7.72,-10.01,-3.1));
#12550 = VECTOR('',#12551,1.);
#12551 = DIRECTION('',(-1.110223024625E-16,-1.,0.));
#12552 = ORIENTED_EDGE('',*,*,#12553,.T.);
#12553 = EDGE_CURVE('',#12546,#12521,#12554,.T.);
#12554 = LINE('',#12555,#12556);
#12555 = CARTESIAN_POINT('',(7.72,-10.31,-3.1));
#12556 = VECTOR('',#12557,1.);
#12557 = DIRECTION('',(-2.692686352073E-17,-0.242535625036,
    0.970142500145));
#12558 = PLANE('',#12559);
#12559 = AXIS2_PLACEMENT_3D('',#12560,#12561,#12562);
#12560 = CARTESIAN_POINT('',(7.72,-10.16,3.911477598424));
#12561 = DIRECTION('',(-1.,1.110223024625E-16,0.));
#12562 = DIRECTION('',(0.,0.,1.));
#12563 = ADVANCED_FACE('',(#12564),#12575,.T.);
#12564 = FACE_BOUND('',#12565,.T.);
#12565 = EDGE_LOOP('',(#12566,#12572,#12573,#12574));
#12566 = ORIENTED_EDGE('',*,*,#12567,.F.);
#12567 = EDGE_CURVE('',#10424,#10448,#12568,.T.);
#12568 = LINE('',#12569,#12570);
#12569 = CARTESIAN_POINT('',(7.52,-9.86,0.2));
#12570 = VECTOR('',#12571,1.);
#12571 = DIRECTION('',(1.,-1.110223024625E-16,0.));
#12572 = ORIENTED_EDGE('',*,*,#10431,.T.);
#12573 = ORIENTED_EDGE('',*,*,#10439,.T.);
#12574 = ORIENTED_EDGE('',*,*,#10447,.T.);
#12575 = PLANE('',#12576);
#12576 = AXIS2_PLACEMENT_3D('',#12577,#12578,#12579);
#12577 = CARTESIAN_POINT('',(7.52,-10.46,0.2));
#12578 = DIRECTION('',(0.,-0.,-1.));
#12579 = DIRECTION('',(-1.110223024625E-16,-1.,0.));
#12580 = ADVANCED_FACE('',(#12581),#12622,.T.);
#12581 = FACE_BOUND('',#12582,.T.);
#12582 = EDGE_LOOP('',(#12583,#12591,#12592,#12600,#12608,#12616));
#12583 = ORIENTED_EDGE('',*,*,#12584,.T.);
#12584 = EDGE_CURVE('',#12585,#10416,#12587,.T.);
#12585 = VERTEX_POINT('',#12586);
#12586 = CARTESIAN_POINT('',(7.52,-10.46,-2.5));
#12587 = LINE('',#12588,#12589);
#12588 = CARTESIAN_POINT('',(7.52,-10.46,-2.5));
#12589 = VECTOR('',#12590,1.);
#12590 = DIRECTION('',(0.,0.,1.));
#12591 = ORIENTED_EDGE('',*,*,#10423,.F.);
#12592 = ORIENTED_EDGE('',*,*,#12593,.T.);
#12593 = EDGE_CURVE('',#10424,#12594,#12596,.T.);
#12594 = VERTEX_POINT('',#12595);
#12595 = CARTESIAN_POINT('',(7.52,-9.86,-2.5));
#12596 = LINE('',#12597,#12598);
#12597 = CARTESIAN_POINT('',(7.52,-9.86,0.2));
#12598 = VECTOR('',#12599,1.);
#12599 = DIRECTION('',(0.,0.,-1.));
#12600 = ORIENTED_EDGE('',*,*,#12601,.T.);
#12601 = EDGE_CURVE('',#12594,#12602,#12604,.T.);
#12602 = VERTEX_POINT('',#12603);
#12603 = CARTESIAN_POINT('',(7.52,-10.01,-3.1));
#12604 = LINE('',#12605,#12606);
#12605 = CARTESIAN_POINT('',(7.52,-9.86,-2.5));
#12606 = VECTOR('',#12607,1.);
#12607 = DIRECTION('',(-2.692686352073E-17,-0.242535625036,
    -0.970142500145));
#12608 = ORIENTED_EDGE('',*,*,#12609,.F.);
#12609 = EDGE_CURVE('',#12610,#12602,#12612,.T.);
#12610 = VERTEX_POINT('',#12611);
#12611 = CARTESIAN_POINT('',(7.52,-10.31,-3.1));
#12612 = LINE('',#12613,#12614);
#12613 = CARTESIAN_POINT('',(7.52,-10.31,-3.1));
#12614 = VECTOR('',#12615,1.);
#12615 = DIRECTION('',(1.110223024625E-16,1.,0.));
#12616 = ORIENTED_EDGE('',*,*,#12617,.T.);
#12617 = EDGE_CURVE('',#12610,#12585,#12618,.T.);
#12618 = LINE('',#12619,#12620);
#12619 = CARTESIAN_POINT('',(7.52,-10.31,-3.1));
#12620 = VECTOR('',#12621,1.);
#12621 = DIRECTION('',(-2.692686352073E-17,-0.242535625036,
    0.970142500145));
#12622 = PLANE('',#12623);
#12623 = AXIS2_PLACEMENT_3D('',#12624,#12625,#12626);
#12624 = CARTESIAN_POINT('',(7.52,-10.16,3.911477598424));
#12625 = DIRECTION('',(-1.,1.110223024625E-16,0.));
#12626 = DIRECTION('',(0.,0.,1.));
#12627 = ADVANCED_FACE('',(#12628),#12639,.T.);
#12628 = FACE_BOUND('',#12629,.T.);
#12629 = EDGE_LOOP('',(#12630,#12631,#12632,#12638));
#12630 = ORIENTED_EDGE('',*,*,#10471,.F.);
#12631 = ORIENTED_EDGE('',*,*,#10481,.T.);
#12632 = ORIENTED_EDGE('',*,*,#12633,.T.);
#12633 = EDGE_CURVE('',#10482,#10522,#12634,.T.);
#12634 = LINE('',#12635,#12636);
#12635 = CARTESIAN_POINT('',(7.52,-7.92,0.2));
#12636 = VECTOR('',#12637,1.);
#12637 = DIRECTION('',(1.,-1.110223024625E-16,0.));
#12638 = ORIENTED_EDGE('',*,*,#10529,.T.);
#12639 = PLANE('',#12640);
#12640 = AXIS2_PLACEMENT_3D('',#12641,#12642,#12643);
#12641 = CARTESIAN_POINT('',(7.52,-7.92,0.2));
#12642 = DIRECTION('',(0.,-0.,-1.));
#12643 = DIRECTION('',(-1.110223024625E-16,-1.,0.));
#12644 = ADVANCED_FACE('',(#12645),#12686,.F.);
#12645 = FACE_BOUND('',#12646,.F.);
#12646 = EDGE_LOOP('',(#12647,#12655,#12656,#12664,#12672,#12680));
#12647 = ORIENTED_EDGE('',*,*,#12648,.T.);
#12648 = EDGE_CURVE('',#12649,#10522,#12651,.T.);
#12649 = VERTEX_POINT('',#12650);
#12650 = CARTESIAN_POINT('',(7.72,-7.92,-2.5));
#12651 = LINE('',#12652,#12653);
#12652 = CARTESIAN_POINT('',(7.72,-7.92,-2.5));
#12653 = VECTOR('',#12654,1.);
#12654 = DIRECTION('',(0.,0.,1.));
#12655 = ORIENTED_EDGE('',*,*,#10521,.F.);
#12656 = ORIENTED_EDGE('',*,*,#12657,.T.);
#12657 = EDGE_CURVE('',#10514,#12658,#12660,.T.);
#12658 = VERTEX_POINT('',#12659);
#12659 = CARTESIAN_POINT('',(7.72,-7.32,-2.5));
#12660 = LINE('',#12661,#12662);
#12661 = CARTESIAN_POINT('',(7.72,-7.32,0.2));
#12662 = VECTOR('',#12663,1.);
#12663 = DIRECTION('',(0.,0.,-1.));
#12664 = ORIENTED_EDGE('',*,*,#12665,.T.);
#12665 = EDGE_CURVE('',#12658,#12666,#12668,.T.);
#12666 = VERTEX_POINT('',#12667);
#12667 = CARTESIAN_POINT('',(7.72,-7.47,-3.1));
#12668 = LINE('',#12669,#12670);
#12669 = CARTESIAN_POINT('',(7.72,-7.32,-2.5));
#12670 = VECTOR('',#12671,1.);
#12671 = DIRECTION('',(-2.692686352073E-17,-0.242535625036,
    -0.970142500145));
#12672 = ORIENTED_EDGE('',*,*,#12673,.T.);
#12673 = EDGE_CURVE('',#12666,#12674,#12676,.T.);
#12674 = VERTEX_POINT('',#12675);
#12675 = CARTESIAN_POINT('',(7.72,-7.77,-3.1));
#12676 = LINE('',#12677,#12678);
#12677 = CARTESIAN_POINT('',(7.72,-7.47,-3.1));
#12678 = VECTOR('',#12679,1.);
#12679 = DIRECTION('',(-1.110223024625E-16,-1.,0.));
#12680 = ORIENTED_EDGE('',*,*,#12681,.T.);
#12681 = EDGE_CURVE('',#12674,#12649,#12682,.T.);
#12682 = LINE('',#12683,#12684);
#12683 = CARTESIAN_POINT('',(7.72,-7.77,-3.1));
#12684 = VECTOR('',#12685,1.);
#12685 = DIRECTION('',(-2.692686352073E-17,-0.242535625036,
    0.970142500145));
#12686 = PLANE('',#12687);
#12687 = AXIS2_PLACEMENT_3D('',#12688,#12689,#12690);
#12688 = CARTESIAN_POINT('',(7.72,-7.62,3.911477598424));
#12689 = DIRECTION('',(-1.,1.110223024625E-16,0.));
#12690 = DIRECTION('',(0.,0.,1.));
#12691 = ADVANCED_FACE('',(#12692),#12703,.T.);
#12692 = FACE_BOUND('',#12693,.T.);
#12693 = EDGE_LOOP('',(#12694,#12700,#12701,#12702));
#12694 = ORIENTED_EDGE('',*,*,#12695,.F.);
#12695 = EDGE_CURVE('',#10490,#10514,#12696,.T.);
#12696 = LINE('',#12697,#12698);
#12697 = CARTESIAN_POINT('',(7.52,-7.32,0.2));
#12698 = VECTOR('',#12699,1.);
#12699 = DIRECTION('',(1.,-1.110223024625E-16,0.));
#12700 = ORIENTED_EDGE('',*,*,#10497,.T.);
#12701 = ORIENTED_EDGE('',*,*,#10505,.T.);
#12702 = ORIENTED_EDGE('',*,*,#10513,.T.);
#12703 = PLANE('',#12704);
#12704 = AXIS2_PLACEMENT_3D('',#12705,#12706,#12707);
#12705 = CARTESIAN_POINT('',(7.52,-7.92,0.2));
#12706 = DIRECTION('',(0.,-0.,-1.));
#12707 = DIRECTION('',(-1.110223024625E-16,-1.,0.));
#12708 = ADVANCED_FACE('',(#12709),#12750,.T.);
#12709 = FACE_BOUND('',#12710,.T.);
#12710 = EDGE_LOOP('',(#12711,#12719,#12720,#12728,#12736,#12744));
#12711 = ORIENTED_EDGE('',*,*,#12712,.T.);
#12712 = EDGE_CURVE('',#12713,#10482,#12715,.T.);
#12713 = VERTEX_POINT('',#12714);
#12714 = CARTESIAN_POINT('',(7.52,-7.92,-2.5));
#12715 = LINE('',#12716,#12717);
#12716 = CARTESIAN_POINT('',(7.52,-7.92,-2.5));
#12717 = VECTOR('',#12718,1.);
#12718 = DIRECTION('',(0.,0.,1.));
#12719 = ORIENTED_EDGE('',*,*,#10489,.F.);
#12720 = ORIENTED_EDGE('',*,*,#12721,.T.);
#12721 = EDGE_CURVE('',#10490,#12722,#12724,.T.);
#12722 = VERTEX_POINT('',#12723);
#12723 = CARTESIAN_POINT('',(7.52,-7.32,-2.5));
#12724 = LINE('',#12725,#12726);
#12725 = CARTESIAN_POINT('',(7.52,-7.32,0.2));
#12726 = VECTOR('',#12727,1.);
#12727 = DIRECTION('',(0.,0.,-1.));
#12728 = ORIENTED_EDGE('',*,*,#12729,.T.);
#12729 = EDGE_CURVE('',#12722,#12730,#12732,.T.);
#12730 = VERTEX_POINT('',#12731);
#12731 = CARTESIAN_POINT('',(7.52,-7.47,-3.1));
#12732 = LINE('',#12733,#12734);
#12733 = CARTESIAN_POINT('',(7.52,-7.32,-2.5));
#12734 = VECTOR('',#12735,1.);
#12735 = DIRECTION('',(-2.692686352073E-17,-0.242535625036,
    -0.970142500145));
#12736 = ORIENTED_EDGE('',*,*,#12737,.F.);
#12737 = EDGE_CURVE('',#12738,#12730,#12740,.T.);
#12738 = VERTEX_POINT('',#12739);
#12739 = CARTESIAN_POINT('',(7.52,-7.77,-3.1));
#12740 = LINE('',#12741,#12742);
#12741 = CARTESIAN_POINT('',(7.52,-7.77,-3.1));
#12742 = VECTOR('',#12743,1.);
#12743 = DIRECTION('',(1.110223024625E-16,1.,0.));
#12744 = ORIENTED_EDGE('',*,*,#12745,.T.);
#12745 = EDGE_CURVE('',#12738,#12713,#12746,.T.);
#12746 = LINE('',#12747,#12748);
#12747 = CARTESIAN_POINT('',(7.52,-7.77,-3.1));
#12748 = VECTOR('',#12749,1.);
#12749 = DIRECTION('',(-2.692686352073E-17,-0.242535625036,
    0.970142500145));
#12750 = PLANE('',#12751);
#12751 = AXIS2_PLACEMENT_3D('',#12752,#12753,#12754);
#12752 = CARTESIAN_POINT('',(7.52,-7.62,3.911477598424));
#12753 = DIRECTION('',(-1.,1.110223024625E-16,0.));
#12754 = DIRECTION('',(0.,0.,1.));
#12755 = ADVANCED_FACE('',(#12756),#12767,.T.);
#12756 = FACE_BOUND('',#12757,.T.);
#12757 = EDGE_LOOP('',(#12758,#12759,#12760,#12766));
#12758 = ORIENTED_EDGE('',*,*,#10537,.F.);
#12759 = ORIENTED_EDGE('',*,*,#10547,.T.);
#12760 = ORIENTED_EDGE('',*,*,#12761,.T.);
#12761 = EDGE_CURVE('',#10548,#10588,#12762,.T.);
#12762 = LINE('',#12763,#12764);
#12763 = CARTESIAN_POINT('',(7.52,-5.38,0.2));
#12764 = VECTOR('',#12765,1.);
#12765 = DIRECTION('',(1.,-1.110223024625E-16,0.));
#12766 = ORIENTED_EDGE('',*,*,#10595,.T.);
#12767 = PLANE('',#12768);
#12768 = AXIS2_PLACEMENT_3D('',#12769,#12770,#12771);
#12769 = CARTESIAN_POINT('',(7.52,-5.38,0.2));
#12770 = DIRECTION('',(0.,-0.,-1.));
#12771 = DIRECTION('',(-1.110223024625E-16,-1.,0.));
#12772 = ADVANCED_FACE('',(#12773),#12814,.F.);
#12773 = FACE_BOUND('',#12774,.F.);
#12774 = EDGE_LOOP('',(#12775,#12783,#12784,#12792,#12800,#12808));
#12775 = ORIENTED_EDGE('',*,*,#12776,.T.);
#12776 = EDGE_CURVE('',#12777,#10588,#12779,.T.);
#12777 = VERTEX_POINT('',#12778);
#12778 = CARTESIAN_POINT('',(7.72,-5.38,-2.5));
#12779 = LINE('',#12780,#12781);
#12780 = CARTESIAN_POINT('',(7.72,-5.38,-2.5));
#12781 = VECTOR('',#12782,1.);
#12782 = DIRECTION('',(0.,0.,1.));
#12783 = ORIENTED_EDGE('',*,*,#10587,.F.);
#12784 = ORIENTED_EDGE('',*,*,#12785,.T.);
#12785 = EDGE_CURVE('',#10580,#12786,#12788,.T.);
#12786 = VERTEX_POINT('',#12787);
#12787 = CARTESIAN_POINT('',(7.72,-4.78,-2.5));
#12788 = LINE('',#12789,#12790);
#12789 = CARTESIAN_POINT('',(7.72,-4.78,0.2));
#12790 = VECTOR('',#12791,1.);
#12791 = DIRECTION('',(0.,0.,-1.));
#12792 = ORIENTED_EDGE('',*,*,#12793,.T.);
#12793 = EDGE_CURVE('',#12786,#12794,#12796,.T.);
#12794 = VERTEX_POINT('',#12795);
#12795 = CARTESIAN_POINT('',(7.72,-4.93,-3.1));
#12796 = LINE('',#12797,#12798);
#12797 = CARTESIAN_POINT('',(7.72,-4.78,-2.5));
#12798 = VECTOR('',#12799,1.);
#12799 = DIRECTION('',(-2.692686352073E-17,-0.242535625036,
    -0.970142500145));
#12800 = ORIENTED_EDGE('',*,*,#12801,.T.);
#12801 = EDGE_CURVE('',#12794,#12802,#12804,.T.);
#12802 = VERTEX_POINT('',#12803);
#12803 = CARTESIAN_POINT('',(7.72,-5.23,-3.1));
#12804 = LINE('',#12805,#12806);
#12805 = CARTESIAN_POINT('',(7.72,-4.93,-3.1));
#12806 = VECTOR('',#12807,1.);
#12807 = DIRECTION('',(-1.110223024625E-16,-1.,0.));
#12808 = ORIENTED_EDGE('',*,*,#12809,.T.);
#12809 = EDGE_CURVE('',#12802,#12777,#12810,.T.);
#12810 = LINE('',#12811,#12812);
#12811 = CARTESIAN_POINT('',(7.72,-5.23,-3.1));
#12812 = VECTOR('',#12813,1.);
#12813 = DIRECTION('',(-2.692686352073E-17,-0.242535625036,
    0.970142500145));
#12814 = PLANE('',#12815);
#12815 = AXIS2_PLACEMENT_3D('',#12816,#12817,#12818);
#12816 = CARTESIAN_POINT('',(7.72,-5.08,3.911477598424));
#12817 = DIRECTION('',(-1.,1.110223024625E-16,0.));
#12818 = DIRECTION('',(0.,0.,1.));
#12819 = ADVANCED_FACE('',(#12820),#12831,.T.);
#12820 = FACE_BOUND('',#12821,.T.);
#12821 = EDGE_LOOP('',(#12822,#12828,#12829,#12830));
#12822 = ORIENTED_EDGE('',*,*,#12823,.F.);
#12823 = EDGE_CURVE('',#10556,#10580,#12824,.T.);
#12824 = LINE('',#12825,#12826);
#12825 = CARTESIAN_POINT('',(7.52,-4.78,0.2));
#12826 = VECTOR('',#12827,1.);
#12827 = DIRECTION('',(1.,-1.110223024625E-16,0.));
#12828 = ORIENTED_EDGE('',*,*,#10563,.T.);
#12829 = ORIENTED_EDGE('',*,*,#10571,.T.);
#12830 = ORIENTED_EDGE('',*,*,#10579,.T.);
#12831 = PLANE('',#12832);
#12832 = AXIS2_PLACEMENT_3D('',#12833,#12834,#12835);
#12833 = CARTESIAN_POINT('',(7.52,-5.38,0.2));
#12834 = DIRECTION('',(0.,-0.,-1.));
#12835 = DIRECTION('',(-1.110223024625E-16,-1.,0.));
#12836 = ADVANCED_FACE('',(#12837),#12878,.T.);
#12837 = FACE_BOUND('',#12838,.T.);
#12838 = EDGE_LOOP('',(#12839,#12847,#12848,#12856,#12864,#12872));
#12839 = ORIENTED_EDGE('',*,*,#12840,.T.);
#12840 = EDGE_CURVE('',#12841,#10548,#12843,.T.);
#12841 = VERTEX_POINT('',#12842);
#12842 = CARTESIAN_POINT('',(7.52,-5.38,-2.5));
#12843 = LINE('',#12844,#12845);
#12844 = CARTESIAN_POINT('',(7.52,-5.38,-2.5));
#12845 = VECTOR('',#12846,1.);
#12846 = DIRECTION('',(0.,0.,1.));
#12847 = ORIENTED_EDGE('',*,*,#10555,.F.);
#12848 = ORIENTED_EDGE('',*,*,#12849,.T.);
#12849 = EDGE_CURVE('',#10556,#12850,#12852,.T.);
#12850 = VERTEX_POINT('',#12851);
#12851 = CARTESIAN_POINT('',(7.52,-4.78,-2.5));
#12852 = LINE('',#12853,#12854);
#12853 = CARTESIAN_POINT('',(7.52,-4.78,0.2));
#12854 = VECTOR('',#12855,1.);
#12855 = DIRECTION('',(0.,0.,-1.));
#12856 = ORIENTED_EDGE('',*,*,#12857,.T.);
#12857 = EDGE_CURVE('',#12850,#12858,#12860,.T.);
#12858 = VERTEX_POINT('',#12859);
#12859 = CARTESIAN_POINT('',(7.52,-4.93,-3.1));
#12860 = LINE('',#12861,#12862);
#12861 = CARTESIAN_POINT('',(7.52,-4.78,-2.5));
#12862 = VECTOR('',#12863,1.);
#12863 = DIRECTION('',(-2.692686352073E-17,-0.242535625036,
    -0.970142500145));
#12864 = ORIENTED_EDGE('',*,*,#12865,.F.);
#12865 = EDGE_CURVE('',#12866,#12858,#12868,.T.);
#12866 = VERTEX_POINT('',#12867);
#12867 = CARTESIAN_POINT('',(7.52,-5.23,-3.1));
#12868 = LINE('',#12869,#12870);
#12869 = CARTESIAN_POINT('',(7.52,-5.23,-3.1));
#12870 = VECTOR('',#12871,1.);
#12871 = DIRECTION('',(1.110223024625E-16,1.,0.));
#12872 = ORIENTED_EDGE('',*,*,#12873,.T.);
#12873 = EDGE_CURVE('',#12866,#12841,#12874,.T.);
#12874 = LINE('',#12875,#12876);
#12875 = CARTESIAN_POINT('',(7.52,-5.23,-3.1));
#12876 = VECTOR('',#12877,1.);
#12877 = DIRECTION('',(-2.692686352073E-17,-0.242535625036,
    0.970142500145));
#12878 = PLANE('',#12879);
#12879 = AXIS2_PLACEMENT_3D('',#12880,#12881,#12882);
#12880 = CARTESIAN_POINT('',(7.52,-5.08,3.911477598424));
#12881 = DIRECTION('',(-1.,1.110223024625E-16,0.));
#12882 = DIRECTION('',(0.,0.,1.));
#12883 = ADVANCED_FACE('',(#12884),#12895,.T.);
#12884 = FACE_BOUND('',#12885,.T.);
#12885 = EDGE_LOOP('',(#12886,#12887,#12888,#12894));
#12886 = ORIENTED_EDGE('',*,*,#10603,.F.);
#12887 = ORIENTED_EDGE('',*,*,#10613,.T.);
#12888 = ORIENTED_EDGE('',*,*,#12889,.T.);
#12889 = EDGE_CURVE('',#10614,#10654,#12890,.T.);
#12890 = LINE('',#12891,#12892);
#12891 = CARTESIAN_POINT('',(7.52,-2.84,0.2));
#12892 = VECTOR('',#12893,1.);
#12893 = DIRECTION('',(1.,-1.110223024625E-16,0.));
#12894 = ORIENTED_EDGE('',*,*,#10661,.T.);
#12895 = PLANE('',#12896);
#12896 = AXIS2_PLACEMENT_3D('',#12897,#12898,#12899);
#12897 = CARTESIAN_POINT('',(7.52,-2.84,0.2));
#12898 = DIRECTION('',(0.,-0.,-1.));
#12899 = DIRECTION('',(-1.110223024625E-16,-1.,0.));
#12900 = ADVANCED_FACE('',(#12901),#12942,.F.);
#12901 = FACE_BOUND('',#12902,.F.);
#12902 = EDGE_LOOP('',(#12903,#12911,#12912,#12920,#12928,#12936));
#12903 = ORIENTED_EDGE('',*,*,#12904,.T.);
#12904 = EDGE_CURVE('',#12905,#10654,#12907,.T.);
#12905 = VERTEX_POINT('',#12906);
#12906 = CARTESIAN_POINT('',(7.72,-2.84,-2.5));
#12907 = LINE('',#12908,#12909);
#12908 = CARTESIAN_POINT('',(7.72,-2.84,-2.5));
#12909 = VECTOR('',#12910,1.);
#12910 = DIRECTION('',(0.,0.,1.));
#12911 = ORIENTED_EDGE('',*,*,#10653,.F.);
#12912 = ORIENTED_EDGE('',*,*,#12913,.T.);
#12913 = EDGE_CURVE('',#10646,#12914,#12916,.T.);
#12914 = VERTEX_POINT('',#12915);
#12915 = CARTESIAN_POINT('',(7.72,-2.24,-2.5));
#12916 = LINE('',#12917,#12918);
#12917 = CARTESIAN_POINT('',(7.72,-2.24,0.2));
#12918 = VECTOR('',#12919,1.);
#12919 = DIRECTION('',(0.,0.,-1.));
#12920 = ORIENTED_EDGE('',*,*,#12921,.T.);
#12921 = EDGE_CURVE('',#12914,#12922,#12924,.T.);
#12922 = VERTEX_POINT('',#12923);
#12923 = CARTESIAN_POINT('',(7.72,-2.39,-3.1));
#12924 = LINE('',#12925,#12926);
#12925 = CARTESIAN_POINT('',(7.72,-2.24,-2.5));
#12926 = VECTOR('',#12927,1.);
#12927 = DIRECTION('',(-2.692686352073E-17,-0.242535625036,
    -0.970142500145));
#12928 = ORIENTED_EDGE('',*,*,#12929,.T.);
#12929 = EDGE_CURVE('',#12922,#12930,#12932,.T.);
#12930 = VERTEX_POINT('',#12931);
#12931 = CARTESIAN_POINT('',(7.72,-2.69,-3.1));
#12932 = LINE('',#12933,#12934);
#12933 = CARTESIAN_POINT('',(7.72,-2.39,-3.1));
#12934 = VECTOR('',#12935,1.);
#12935 = DIRECTION('',(-1.110223024625E-16,-1.,0.));
#12936 = ORIENTED_EDGE('',*,*,#12937,.T.);
#12937 = EDGE_CURVE('',#12930,#12905,#12938,.T.);
#12938 = LINE('',#12939,#12940);
#12939 = CARTESIAN_POINT('',(7.72,-2.69,-3.1));
#12940 = VECTOR('',#12941,1.);
#12941 = DIRECTION('',(-2.692686352073E-17,-0.242535625036,
    0.970142500145));
#12942 = PLANE('',#12943);
#12943 = AXIS2_PLACEMENT_3D('',#12944,#12945,#12946);
#12944 = CARTESIAN_POINT('',(7.72,-2.54,3.911477598424));
#12945 = DIRECTION('',(-1.,1.110223024625E-16,0.));
#12946 = DIRECTION('',(0.,0.,1.));
#12947 = ADVANCED_FACE('',(#12948),#12959,.T.);
#12948 = FACE_BOUND('',#12949,.T.);
#12949 = EDGE_LOOP('',(#12950,#12956,#12957,#12958));
#12950 = ORIENTED_EDGE('',*,*,#12951,.F.);
#12951 = EDGE_CURVE('',#10622,#10646,#12952,.T.);
#12952 = LINE('',#12953,#12954);
#12953 = CARTESIAN_POINT('',(7.52,-2.24,0.2));
#12954 = VECTOR('',#12955,1.);
#12955 = DIRECTION('',(1.,-1.110223024625E-16,0.));
#12956 = ORIENTED_EDGE('',*,*,#10629,.T.);
#12957 = ORIENTED_EDGE('',*,*,#10637,.T.);
#12958 = ORIENTED_EDGE('',*,*,#10645,.T.);
#12959 = PLANE('',#12960);
#12960 = AXIS2_PLACEMENT_3D('',#12961,#12962,#12963);
#12961 = CARTESIAN_POINT('',(7.52,-2.84,0.2));
#12962 = DIRECTION('',(0.,-0.,-1.));
#12963 = DIRECTION('',(-1.110223024625E-16,-1.,0.));
#12964 = ADVANCED_FACE('',(#12965),#13006,.T.);
#12965 = FACE_BOUND('',#12966,.T.);
#12966 = EDGE_LOOP('',(#12967,#12975,#12976,#12984,#12992,#13000));
#12967 = ORIENTED_EDGE('',*,*,#12968,.T.);
#12968 = EDGE_CURVE('',#12969,#10614,#12971,.T.);
#12969 = VERTEX_POINT('',#12970);
#12970 = CARTESIAN_POINT('',(7.52,-2.84,-2.5));
#12971 = LINE('',#12972,#12973);
#12972 = CARTESIAN_POINT('',(7.52,-2.84,-2.5));
#12973 = VECTOR('',#12974,1.);
#12974 = DIRECTION('',(0.,0.,1.));
#12975 = ORIENTED_EDGE('',*,*,#10621,.F.);
#12976 = ORIENTED_EDGE('',*,*,#12977,.T.);
#12977 = EDGE_CURVE('',#10622,#12978,#12980,.T.);
#12978 = VERTEX_POINT('',#12979);
#12979 = CARTESIAN_POINT('',(7.52,-2.24,-2.5));
#12980 = LINE('',#12981,#12982);
#12981 = CARTESIAN_POINT('',(7.52,-2.24,0.2));
#12982 = VECTOR('',#12983,1.);
#12983 = DIRECTION('',(0.,0.,-1.));
#12984 = ORIENTED_EDGE('',*,*,#12985,.T.);
#12985 = EDGE_CURVE('',#12978,#12986,#12988,.T.);
#12986 = VERTEX_POINT('',#12987);
#12987 = CARTESIAN_POINT('',(7.52,-2.39,-3.1));
#12988 = LINE('',#12989,#12990);
#12989 = CARTESIAN_POINT('',(7.52,-2.24,-2.5));
#12990 = VECTOR('',#12991,1.);
#12991 = DIRECTION('',(-2.692686352073E-17,-0.242535625036,
    -0.970142500145));
#12992 = ORIENTED_EDGE('',*,*,#12993,.F.);
#12993 = EDGE_CURVE('',#12994,#12986,#12996,.T.);
#12994 = VERTEX_POINT('',#12995);
#12995 = CARTESIAN_POINT('',(7.52,-2.69,-3.1));
#12996 = LINE('',#12997,#12998);
#12997 = CARTESIAN_POINT('',(7.52,-2.69,-3.1));
#12998 = VECTOR('',#12999,1.);
#12999 = DIRECTION('',(1.110223024625E-16,1.,0.));
#13000 = ORIENTED_EDGE('',*,*,#13001,.T.);
#13001 = EDGE_CURVE('',#12994,#12969,#13002,.T.);
#13002 = LINE('',#13003,#13004);
#13003 = CARTESIAN_POINT('',(7.52,-2.69,-3.1));
#13004 = VECTOR('',#13005,1.);
#13005 = DIRECTION('',(-2.692686352073E-17,-0.242535625036,
    0.970142500145));
#13006 = PLANE('',#13007);
#13007 = AXIS2_PLACEMENT_3D('',#13008,#13009,#13010);
#13008 = CARTESIAN_POINT('',(7.52,-2.54,3.911477598424));
#13009 = DIRECTION('',(-1.,1.110223024625E-16,0.));
#13010 = DIRECTION('',(0.,0.,1.));
#13011 = ADVANCED_FACE('',(#13012),#13023,.T.);
#13012 = FACE_BOUND('',#13013,.T.);
#13013 = EDGE_LOOP('',(#13014,#13015,#13016,#13022));
#13014 = ORIENTED_EDGE('',*,*,#10669,.F.);
#13015 = ORIENTED_EDGE('',*,*,#10679,.T.);
#13016 = ORIENTED_EDGE('',*,*,#13017,.T.);
#13017 = EDGE_CURVE('',#10680,#10720,#13018,.T.);
#13018 = LINE('',#13019,#13020);
#13019 = CARTESIAN_POINT('',(7.52,-0.3,0.2));
#13020 = VECTOR('',#13021,1.);
#13021 = DIRECTION('',(1.,-1.110223024625E-16,0.));
#13022 = ORIENTED_EDGE('',*,*,#10727,.T.);
#13023 = PLANE('',#13024);
#13024 = AXIS2_PLACEMENT_3D('',#13025,#13026,#13027);
#13025 = CARTESIAN_POINT('',(7.52,-0.3,0.2));
#13026 = DIRECTION('',(0.,-0.,-1.));
#13027 = DIRECTION('',(-1.110223024625E-16,-1.,0.));
#13028 = ADVANCED_FACE('',(#13029),#13070,.F.);
#13029 = FACE_BOUND('',#13030,.F.);
#13030 = EDGE_LOOP('',(#13031,#13039,#13040,#13048,#13056,#13064));
#13031 = ORIENTED_EDGE('',*,*,#13032,.T.);
#13032 = EDGE_CURVE('',#13033,#10720,#13035,.T.);
#13033 = VERTEX_POINT('',#13034);
#13034 = CARTESIAN_POINT('',(7.72,-0.3,-2.5));
#13035 = LINE('',#13036,#13037);
#13036 = CARTESIAN_POINT('',(7.72,-0.3,-2.5));
#13037 = VECTOR('',#13038,1.);
#13038 = DIRECTION('',(0.,0.,1.));
#13039 = ORIENTED_EDGE('',*,*,#10719,.F.);
#13040 = ORIENTED_EDGE('',*,*,#13041,.T.);
#13041 = EDGE_CURVE('',#10712,#13042,#13044,.T.);
#13042 = VERTEX_POINT('',#13043);
#13043 = CARTESIAN_POINT('',(7.72,0.3,-2.5));
#13044 = LINE('',#13045,#13046);
#13045 = CARTESIAN_POINT('',(7.72,0.3,0.2));
#13046 = VECTOR('',#13047,1.);
#13047 = DIRECTION('',(0.,0.,-1.));
#13048 = ORIENTED_EDGE('',*,*,#13049,.T.);
#13049 = EDGE_CURVE('',#13042,#13050,#13052,.T.);
#13050 = VERTEX_POINT('',#13051);
#13051 = CARTESIAN_POINT('',(7.72,0.15,-3.1));
#13052 = LINE('',#13053,#13054);
#13053 = CARTESIAN_POINT('',(7.72,0.3,-2.5));
#13054 = VECTOR('',#13055,1.);
#13055 = DIRECTION('',(-2.692686352073E-17,-0.242535625036,
    -0.970142500145));
#13056 = ORIENTED_EDGE('',*,*,#13057,.T.);
#13057 = EDGE_CURVE('',#13050,#13058,#13060,.T.);
#13058 = VERTEX_POINT('',#13059);
#13059 = CARTESIAN_POINT('',(7.72,-0.15,-3.1));
#13060 = LINE('',#13061,#13062);
#13061 = CARTESIAN_POINT('',(7.72,0.15,-3.1));
#13062 = VECTOR('',#13063,1.);
#13063 = DIRECTION('',(-1.110223024625E-16,-1.,0.));
#13064 = ORIENTED_EDGE('',*,*,#13065,.T.);
#13065 = EDGE_CURVE('',#13058,#13033,#13066,.T.);
#13066 = LINE('',#13067,#13068);
#13067 = CARTESIAN_POINT('',(7.72,-0.15,-3.1));
#13068 = VECTOR('',#13069,1.);
#13069 = DIRECTION('',(-2.692686352073E-17,-0.242535625036,
    0.970142500145));
#13070 = PLANE('',#13071);
#13071 = AXIS2_PLACEMENT_3D('',#13072,#13073,#13074);
#13072 = CARTESIAN_POINT('',(7.72,0.,3.911477598424));
#13073 = DIRECTION('',(-1.,1.110223024625E-16,0.));
#13074 = DIRECTION('',(0.,0.,1.));
#13075 = ADVANCED_FACE('',(#13076),#13087,.T.);
#13076 = FACE_BOUND('',#13077,.T.);
#13077 = EDGE_LOOP('',(#13078,#13084,#13085,#13086));
#13078 = ORIENTED_EDGE('',*,*,#13079,.F.);
#13079 = EDGE_CURVE('',#10688,#10712,#13080,.T.);
#13080 = LINE('',#13081,#13082);
#13081 = CARTESIAN_POINT('',(7.52,0.3,0.2));
#13082 = VECTOR('',#13083,1.);
#13083 = DIRECTION('',(1.,-1.110223024625E-16,0.));
#13084 = ORIENTED_EDGE('',*,*,#10695,.T.);
#13085 = ORIENTED_EDGE('',*,*,#10703,.T.);
#13086 = ORIENTED_EDGE('',*,*,#10711,.T.);
#13087 = PLANE('',#13088);
#13088 = AXIS2_PLACEMENT_3D('',#13089,#13090,#13091);
#13089 = CARTESIAN_POINT('',(7.52,-0.3,0.2));
#13090 = DIRECTION('',(0.,-0.,-1.));
#13091 = DIRECTION('',(-1.110223024625E-16,-1.,0.));
#13092 = ADVANCED_FACE('',(#13093),#13134,.T.);
#13093 = FACE_BOUND('',#13094,.T.);
#13094 = EDGE_LOOP('',(#13095,#13103,#13104,#13112,#13120,#13128));
#13095 = ORIENTED_EDGE('',*,*,#13096,.T.);
#13096 = EDGE_CURVE('',#13097,#10680,#13099,.T.);
#13097 = VERTEX_POINT('',#13098);
#13098 = CARTESIAN_POINT('',(7.52,-0.3,-2.5));
#13099 = LINE('',#13100,#13101);
#13100 = CARTESIAN_POINT('',(7.52,-0.3,-2.5));
#13101 = VECTOR('',#13102,1.);
#13102 = DIRECTION('',(0.,0.,1.));
#13103 = ORIENTED_EDGE('',*,*,#10687,.F.);
#13104 = ORIENTED_EDGE('',*,*,#13105,.T.);
#13105 = EDGE_CURVE('',#10688,#13106,#13108,.T.);
#13106 = VERTEX_POINT('',#13107);
#13107 = CARTESIAN_POINT('',(7.52,0.3,-2.5));
#13108 = LINE('',#13109,#13110);
#13109 = CARTESIAN_POINT('',(7.52,0.3,0.2));
#13110 = VECTOR('',#13111,1.);
#13111 = DIRECTION('',(0.,0.,-1.));
#13112 = ORIENTED_EDGE('',*,*,#13113,.T.);
#13113 = EDGE_CURVE('',#13106,#13114,#13116,.T.);
#13114 = VERTEX_POINT('',#13115);
#13115 = CARTESIAN_POINT('',(7.52,0.15,-3.1));
#13116 = LINE('',#13117,#13118);
#13117 = CARTESIAN_POINT('',(7.52,0.3,-2.5));
#13118 = VECTOR('',#13119,1.);
#13119 = DIRECTION('',(-2.692686352073E-17,-0.242535625036,
    -0.970142500145));
#13120 = ORIENTED_EDGE('',*,*,#13121,.F.);
#13121 = EDGE_CURVE('',#13122,#13114,#13124,.T.);
#13122 = VERTEX_POINT('',#13123);
#13123 = CARTESIAN_POINT('',(7.52,-0.15,-3.1));
#13124 = LINE('',#13125,#13126);
#13125 = CARTESIAN_POINT('',(7.52,-0.15,-3.1));
#13126 = VECTOR('',#13127,1.);
#13127 = DIRECTION('',(1.110223024625E-16,1.,0.));
#13128 = ORIENTED_EDGE('',*,*,#13129,.T.);
#13129 = EDGE_CURVE('',#13122,#13097,#13130,.T.);
#13130 = LINE('',#13131,#13132);
#13131 = CARTESIAN_POINT('',(7.52,-0.15,-3.1));
#13132 = VECTOR('',#13133,1.);
#13133 = DIRECTION('',(-2.692686352073E-17,-0.242535625036,
    0.970142500145));
#13134 = PLANE('',#13135);
#13135 = AXIS2_PLACEMENT_3D('',#13136,#13137,#13138);
#13136 = CARTESIAN_POINT('',(7.52,0.,3.911477598424));
#13137 = DIRECTION('',(-1.,1.110223024625E-16,0.));
#13138 = DIRECTION('',(0.,0.,1.));
#13139 = ADVANCED_FACE('',(#13140),#13151,.T.);
#13140 = FACE_BOUND('',#13141,.T.);
#13141 = EDGE_LOOP('',(#13142,#13143,#13144,#13150));
#13142 = ORIENTED_EDGE('',*,*,#10735,.F.);
#13143 = ORIENTED_EDGE('',*,*,#10745,.T.);
#13144 = ORIENTED_EDGE('',*,*,#13145,.T.);
#13145 = EDGE_CURVE('',#10746,#10786,#13146,.T.);
#13146 = LINE('',#13147,#13148);
#13147 = CARTESIAN_POINT('',(7.52,2.24,0.2));
#13148 = VECTOR('',#13149,1.);
#13149 = DIRECTION('',(1.,-1.110223024625E-16,0.));
#13150 = ORIENTED_EDGE('',*,*,#10793,.T.);
#13151 = PLANE('',#13152);
#13152 = AXIS2_PLACEMENT_3D('',#13153,#13154,#13155);
#13153 = CARTESIAN_POINT('',(7.52,2.24,0.2));
#13154 = DIRECTION('',(0.,-0.,-1.));
#13155 = DIRECTION('',(-1.110223024625E-16,-1.,0.));
#13156 = ADVANCED_FACE('',(#13157),#13198,.F.);
#13157 = FACE_BOUND('',#13158,.F.);
#13158 = EDGE_LOOP('',(#13159,#13167,#13168,#13176,#13184,#13192));
#13159 = ORIENTED_EDGE('',*,*,#13160,.T.);
#13160 = EDGE_CURVE('',#13161,#10786,#13163,.T.);
#13161 = VERTEX_POINT('',#13162);
#13162 = CARTESIAN_POINT('',(7.72,2.24,-2.5));
#13163 = LINE('',#13164,#13165);
#13164 = CARTESIAN_POINT('',(7.72,2.24,-2.5));
#13165 = VECTOR('',#13166,1.);
#13166 = DIRECTION('',(0.,0.,1.));
#13167 = ORIENTED_EDGE('',*,*,#10785,.F.);
#13168 = ORIENTED_EDGE('',*,*,#13169,.T.);
#13169 = EDGE_CURVE('',#10778,#13170,#13172,.T.);
#13170 = VERTEX_POINT('',#13171);
#13171 = CARTESIAN_POINT('',(7.72,2.84,-2.5));
#13172 = LINE('',#13173,#13174);
#13173 = CARTESIAN_POINT('',(7.72,2.84,0.2));
#13174 = VECTOR('',#13175,1.);
#13175 = DIRECTION('',(0.,0.,-1.));
#13176 = ORIENTED_EDGE('',*,*,#13177,.T.);
#13177 = EDGE_CURVE('',#13170,#13178,#13180,.T.);
#13178 = VERTEX_POINT('',#13179);
#13179 = CARTESIAN_POINT('',(7.72,2.69,-3.1));
#13180 = LINE('',#13181,#13182);
#13181 = CARTESIAN_POINT('',(7.72,2.84,-2.5));
#13182 = VECTOR('',#13183,1.);
#13183 = DIRECTION('',(-2.692686352073E-17,-0.242535625036,
    -0.970142500145));
#13184 = ORIENTED_EDGE('',*,*,#13185,.T.);
#13185 = EDGE_CURVE('',#13178,#13186,#13188,.T.);
#13186 = VERTEX_POINT('',#13187);
#13187 = CARTESIAN_POINT('',(7.72,2.39,-3.1));
#13188 = LINE('',#13189,#13190);
#13189 = CARTESIAN_POINT('',(7.72,2.69,-3.1));
#13190 = VECTOR('',#13191,1.);
#13191 = DIRECTION('',(-1.110223024625E-16,-1.,0.));
#13192 = ORIENTED_EDGE('',*,*,#13193,.T.);
#13193 = EDGE_CURVE('',#13186,#13161,#13194,.T.);
#13194 = LINE('',#13195,#13196);
#13195 = CARTESIAN_POINT('',(7.72,2.39,-3.1));
#13196 = VECTOR('',#13197,1.);
#13197 = DIRECTION('',(-2.692686352073E-17,-0.242535625036,
    0.970142500145));
#13198 = PLANE('',#13199);
#13199 = AXIS2_PLACEMENT_3D('',#13200,#13201,#13202);
#13200 = CARTESIAN_POINT('',(7.72,2.54,3.911477598424));
#13201 = DIRECTION('',(-1.,1.110223024625E-16,0.));
#13202 = DIRECTION('',(0.,0.,1.));
#13203 = ADVANCED_FACE('',(#13204),#13215,.T.);
#13204 = FACE_BOUND('',#13205,.T.);
#13205 = EDGE_LOOP('',(#13206,#13212,#13213,#13214));
#13206 = ORIENTED_EDGE('',*,*,#13207,.F.);
#13207 = EDGE_CURVE('',#10754,#10778,#13208,.T.);
#13208 = LINE('',#13209,#13210);
#13209 = CARTESIAN_POINT('',(7.52,2.84,0.2));
#13210 = VECTOR('',#13211,1.);
#13211 = DIRECTION('',(1.,-1.110223024625E-16,0.));
#13212 = ORIENTED_EDGE('',*,*,#10761,.T.);
#13213 = ORIENTED_EDGE('',*,*,#10769,.T.);
#13214 = ORIENTED_EDGE('',*,*,#10777,.T.);
#13215 = PLANE('',#13216);
#13216 = AXIS2_PLACEMENT_3D('',#13217,#13218,#13219);
#13217 = CARTESIAN_POINT('',(7.52,2.24,0.2));
#13218 = DIRECTION('',(0.,-0.,-1.));
#13219 = DIRECTION('',(-1.110223024625E-16,-1.,0.));
#13220 = ADVANCED_FACE('',(#13221),#13262,.T.);
#13221 = FACE_BOUND('',#13222,.T.);
#13222 = EDGE_LOOP('',(#13223,#13231,#13232,#13240,#13248,#13256));
#13223 = ORIENTED_EDGE('',*,*,#13224,.T.);
#13224 = EDGE_CURVE('',#13225,#10746,#13227,.T.);
#13225 = VERTEX_POINT('',#13226);
#13226 = CARTESIAN_POINT('',(7.52,2.24,-2.5));
#13227 = LINE('',#13228,#13229);
#13228 = CARTESIAN_POINT('',(7.52,2.24,-2.5));
#13229 = VECTOR('',#13230,1.);
#13230 = DIRECTION('',(0.,0.,1.));
#13231 = ORIENTED_EDGE('',*,*,#10753,.F.);
#13232 = ORIENTED_EDGE('',*,*,#13233,.T.);
#13233 = EDGE_CURVE('',#10754,#13234,#13236,.T.);
#13234 = VERTEX_POINT('',#13235);
#13235 = CARTESIAN_POINT('',(7.52,2.84,-2.5));
#13236 = LINE('',#13237,#13238);
#13237 = CARTESIAN_POINT('',(7.52,2.84,0.2));
#13238 = VECTOR('',#13239,1.);
#13239 = DIRECTION('',(0.,0.,-1.));
#13240 = ORIENTED_EDGE('',*,*,#13241,.T.);
#13241 = EDGE_CURVE('',#13234,#13242,#13244,.T.);
#13242 = VERTEX_POINT('',#13243);
#13243 = CARTESIAN_POINT('',(7.52,2.69,-3.1));
#13244 = LINE('',#13245,#13246);
#13245 = CARTESIAN_POINT('',(7.52,2.84,-2.5));
#13246 = VECTOR('',#13247,1.);
#13247 = DIRECTION('',(-2.692686352073E-17,-0.242535625036,
    -0.970142500145));
#13248 = ORIENTED_EDGE('',*,*,#13249,.F.);
#13249 = EDGE_CURVE('',#13250,#13242,#13252,.T.);
#13250 = VERTEX_POINT('',#13251);
#13251 = CARTESIAN_POINT('',(7.52,2.39,-3.1));
#13252 = LINE('',#13253,#13254);
#13253 = CARTESIAN_POINT('',(7.52,2.39,-3.1));
#13254 = VECTOR('',#13255,1.);
#13255 = DIRECTION('',(1.110223024625E-16,1.,0.));
#13256 = ORIENTED_EDGE('',*,*,#13257,.T.);
#13257 = EDGE_CURVE('',#13250,#13225,#13258,.T.);
#13258 = LINE('',#13259,#13260);
#13259 = CARTESIAN_POINT('',(7.52,2.39,-3.1));
#13260 = VECTOR('',#13261,1.);
#13261 = DIRECTION('',(-2.692686352073E-17,-0.242535625036,
    0.970142500145));
#13262 = PLANE('',#13263);
#13263 = AXIS2_PLACEMENT_3D('',#13264,#13265,#13266);
#13264 = CARTESIAN_POINT('',(7.52,2.54,3.911477598424));
#13265 = DIRECTION('',(-1.,1.110223024625E-16,0.));
#13266 = DIRECTION('',(0.,0.,1.));
#13267 = ADVANCED_FACE('',(#13268),#13279,.T.);
#13268 = FACE_BOUND('',#13269,.T.);
#13269 = EDGE_LOOP('',(#13270,#13271,#13272,#13278));
#13270 = ORIENTED_EDGE('',*,*,#10801,.F.);
#13271 = ORIENTED_EDGE('',*,*,#10811,.T.);
#13272 = ORIENTED_EDGE('',*,*,#13273,.T.);
#13273 = EDGE_CURVE('',#10812,#10852,#13274,.T.);
#13274 = LINE('',#13275,#13276);
#13275 = CARTESIAN_POINT('',(7.52,4.78,0.2));
#13276 = VECTOR('',#13277,1.);
#13277 = DIRECTION('',(1.,-1.110223024625E-16,0.));
#13278 = ORIENTED_EDGE('',*,*,#10859,.T.);
#13279 = PLANE('',#13280);
#13280 = AXIS2_PLACEMENT_3D('',#13281,#13282,#13283);
#13281 = CARTESIAN_POINT('',(7.52,4.78,0.2));
#13282 = DIRECTION('',(0.,-0.,-1.));
#13283 = DIRECTION('',(-1.110223024625E-16,-1.,0.));
#13284 = ADVANCED_FACE('',(#13285),#13326,.F.);
#13285 = FACE_BOUND('',#13286,.F.);
#13286 = EDGE_LOOP('',(#13287,#13295,#13296,#13304,#13312,#13320));
#13287 = ORIENTED_EDGE('',*,*,#13288,.T.);
#13288 = EDGE_CURVE('',#13289,#10852,#13291,.T.);
#13289 = VERTEX_POINT('',#13290);
#13290 = CARTESIAN_POINT('',(7.72,4.78,-2.5));
#13291 = LINE('',#13292,#13293);
#13292 = CARTESIAN_POINT('',(7.72,4.78,-2.5));
#13293 = VECTOR('',#13294,1.);
#13294 = DIRECTION('',(0.,0.,1.));
#13295 = ORIENTED_EDGE('',*,*,#10851,.F.);
#13296 = ORIENTED_EDGE('',*,*,#13297,.T.);
#13297 = EDGE_CURVE('',#10844,#13298,#13300,.T.);
#13298 = VERTEX_POINT('',#13299);
#13299 = CARTESIAN_POINT('',(7.72,5.38,-2.5));
#13300 = LINE('',#13301,#13302);
#13301 = CARTESIAN_POINT('',(7.72,5.38,0.2));
#13302 = VECTOR('',#13303,1.);
#13303 = DIRECTION('',(0.,0.,-1.));
#13304 = ORIENTED_EDGE('',*,*,#13305,.T.);
#13305 = EDGE_CURVE('',#13298,#13306,#13308,.T.);
#13306 = VERTEX_POINT('',#13307);
#13307 = CARTESIAN_POINT('',(7.72,5.23,-3.1));
#13308 = LINE('',#13309,#13310);
#13309 = CARTESIAN_POINT('',(7.72,5.38,-2.5));
#13310 = VECTOR('',#13311,1.);
#13311 = DIRECTION('',(-2.692686352073E-17,-0.242535625036,
    -0.970142500145));
#13312 = ORIENTED_EDGE('',*,*,#13313,.T.);
#13313 = EDGE_CURVE('',#13306,#13314,#13316,.T.);
#13314 = VERTEX_POINT('',#13315);
#13315 = CARTESIAN_POINT('',(7.72,4.93,-3.1));
#13316 = LINE('',#13317,#13318);
#13317 = CARTESIAN_POINT('',(7.72,5.23,-3.1));
#13318 = VECTOR('',#13319,1.);
#13319 = DIRECTION('',(-1.110223024625E-16,-1.,0.));
#13320 = ORIENTED_EDGE('',*,*,#13321,.T.);
#13321 = EDGE_CURVE('',#13314,#13289,#13322,.T.);
#13322 = LINE('',#13323,#13324);
#13323 = CARTESIAN_POINT('',(7.72,4.93,-3.1));
#13324 = VECTOR('',#13325,1.);
#13325 = DIRECTION('',(-2.692686352073E-17,-0.242535625036,
    0.970142500145));
#13326 = PLANE('',#13327);
#13327 = AXIS2_PLACEMENT_3D('',#13328,#13329,#13330);
#13328 = CARTESIAN_POINT('',(7.72,5.08,3.911477598424));
#13329 = DIRECTION('',(-1.,1.110223024625E-16,0.));
#13330 = DIRECTION('',(0.,0.,1.));
#13331 = ADVANCED_FACE('',(#13332),#13343,.T.);
#13332 = FACE_BOUND('',#13333,.T.);
#13333 = EDGE_LOOP('',(#13334,#13340,#13341,#13342));
#13334 = ORIENTED_EDGE('',*,*,#13335,.F.);
#13335 = EDGE_CURVE('',#10820,#10844,#13336,.T.);
#13336 = LINE('',#13337,#13338);
#13337 = CARTESIAN_POINT('',(7.52,5.38,0.2));
#13338 = VECTOR('',#13339,1.);
#13339 = DIRECTION('',(1.,-1.110223024625E-16,0.));
#13340 = ORIENTED_EDGE('',*,*,#10827,.T.);
#13341 = ORIENTED_EDGE('',*,*,#10835,.T.);
#13342 = ORIENTED_EDGE('',*,*,#10843,.T.);
#13343 = PLANE('',#13344);
#13344 = AXIS2_PLACEMENT_3D('',#13345,#13346,#13347);
#13345 = CARTESIAN_POINT('',(7.52,4.78,0.2));
#13346 = DIRECTION('',(0.,-0.,-1.));
#13347 = DIRECTION('',(-1.110223024625E-16,-1.,0.));
#13348 = ADVANCED_FACE('',(#13349),#13390,.T.);
#13349 = FACE_BOUND('',#13350,.T.);
#13350 = EDGE_LOOP('',(#13351,#13359,#13360,#13368,#13376,#13384));
#13351 = ORIENTED_EDGE('',*,*,#13352,.T.);
#13352 = EDGE_CURVE('',#13353,#10812,#13355,.T.);
#13353 = VERTEX_POINT('',#13354);
#13354 = CARTESIAN_POINT('',(7.52,4.78,-2.5));
#13355 = LINE('',#13356,#13357);
#13356 = CARTESIAN_POINT('',(7.52,4.78,-2.5));
#13357 = VECTOR('',#13358,1.);
#13358 = DIRECTION('',(0.,0.,1.));
#13359 = ORIENTED_EDGE('',*,*,#10819,.F.);
#13360 = ORIENTED_EDGE('',*,*,#13361,.T.);
#13361 = EDGE_CURVE('',#10820,#13362,#13364,.T.);
#13362 = VERTEX_POINT('',#13363);
#13363 = CARTESIAN_POINT('',(7.52,5.38,-2.5));
#13364 = LINE('',#13365,#13366);
#13365 = CARTESIAN_POINT('',(7.52,5.38,0.2));
#13366 = VECTOR('',#13367,1.);
#13367 = DIRECTION('',(0.,0.,-1.));
#13368 = ORIENTED_EDGE('',*,*,#13369,.T.);
#13369 = EDGE_CURVE('',#13362,#13370,#13372,.T.);
#13370 = VERTEX_POINT('',#13371);
#13371 = CARTESIAN_POINT('',(7.52,5.23,-3.1));
#13372 = LINE('',#13373,#13374);
#13373 = CARTESIAN_POINT('',(7.52,5.38,-2.5));
#13374 = VECTOR('',#13375,1.);
#13375 = DIRECTION('',(-2.692686352073E-17,-0.242535625036,
    -0.970142500145));
#13376 = ORIENTED_EDGE('',*,*,#13377,.F.);
#13377 = EDGE_CURVE('',#13378,#13370,#13380,.T.);
#13378 = VERTEX_POINT('',#13379);
#13379 = CARTESIAN_POINT('',(7.52,4.93,-3.1));
#13380 = LINE('',#13381,#13382);
#13381 = CARTESIAN_POINT('',(7.52,4.93,-3.1));
#13382 = VECTOR('',#13383,1.);
#13383 = DIRECTION('',(1.110223024625E-16,1.,0.));
#13384 = ORIENTED_EDGE('',*,*,#13385,.T.);
#13385 = EDGE_CURVE('',#13378,#13353,#13386,.T.);
#13386 = LINE('',#13387,#13388);
#13387 = CARTESIAN_POINT('',(7.52,4.93,-3.1));
#13388 = VECTOR('',#13389,1.);
#13389 = DIRECTION('',(-2.692686352073E-17,-0.242535625036,
    0.970142500145));
#13390 = PLANE('',#13391);
#13391 = AXIS2_PLACEMENT_3D('',#13392,#13393,#13394);
#13392 = CARTESIAN_POINT('',(7.52,5.08,3.911477598424));
#13393 = DIRECTION('',(-1.,1.110223024625E-16,0.));
#13394 = DIRECTION('',(0.,0.,1.));
#13395 = ADVANCED_FACE('',(#13396),#13407,.T.);
#13396 = FACE_BOUND('',#13397,.T.);
#13397 = EDGE_LOOP('',(#13398,#13399,#13400,#13406));
#13398 = ORIENTED_EDGE('',*,*,#10867,.F.);
#13399 = ORIENTED_EDGE('',*,*,#10877,.T.);
#13400 = ORIENTED_EDGE('',*,*,#13401,.T.);
#13401 = EDGE_CURVE('',#10878,#10918,#13402,.T.);
#13402 = LINE('',#13403,#13404);
#13403 = CARTESIAN_POINT('',(7.52,7.32,0.2));
#13404 = VECTOR('',#13405,1.);
#13405 = DIRECTION('',(1.,-1.110223024625E-16,0.));
#13406 = ORIENTED_EDGE('',*,*,#10925,.T.);
#13407 = PLANE('',#13408);
#13408 = AXIS2_PLACEMENT_3D('',#13409,#13410,#13411);
#13409 = CARTESIAN_POINT('',(7.52,7.32,0.2));
#13410 = DIRECTION('',(0.,-0.,-1.));
#13411 = DIRECTION('',(-1.110223024625E-16,-1.,0.));
#13412 = ADVANCED_FACE('',(#13413),#13454,.F.);
#13413 = FACE_BOUND('',#13414,.F.);
#13414 = EDGE_LOOP('',(#13415,#13423,#13424,#13432,#13440,#13448));
#13415 = ORIENTED_EDGE('',*,*,#13416,.T.);
#13416 = EDGE_CURVE('',#13417,#10918,#13419,.T.);
#13417 = VERTEX_POINT('',#13418);
#13418 = CARTESIAN_POINT('',(7.72,7.32,-2.5));
#13419 = LINE('',#13420,#13421);
#13420 = CARTESIAN_POINT('',(7.72,7.32,-2.5));
#13421 = VECTOR('',#13422,1.);
#13422 = DIRECTION('',(0.,0.,1.));
#13423 = ORIENTED_EDGE('',*,*,#10917,.F.);
#13424 = ORIENTED_EDGE('',*,*,#13425,.T.);
#13425 = EDGE_CURVE('',#10910,#13426,#13428,.T.);
#13426 = VERTEX_POINT('',#13427);
#13427 = CARTESIAN_POINT('',(7.72,7.92,-2.5));
#13428 = LINE('',#13429,#13430);
#13429 = CARTESIAN_POINT('',(7.72,7.92,0.2));
#13430 = VECTOR('',#13431,1.);
#13431 = DIRECTION('',(0.,0.,-1.));
#13432 = ORIENTED_EDGE('',*,*,#13433,.T.);
#13433 = EDGE_CURVE('',#13426,#13434,#13436,.T.);
#13434 = VERTEX_POINT('',#13435);
#13435 = CARTESIAN_POINT('',(7.72,7.77,-3.1));
#13436 = LINE('',#13437,#13438);
#13437 = CARTESIAN_POINT('',(7.72,7.92,-2.5));
#13438 = VECTOR('',#13439,1.);
#13439 = DIRECTION('',(-2.692686352073E-17,-0.242535625036,
    -0.970142500145));
#13440 = ORIENTED_EDGE('',*,*,#13441,.T.);
#13441 = EDGE_CURVE('',#13434,#13442,#13444,.T.);
#13442 = VERTEX_POINT('',#13443);
#13443 = CARTESIAN_POINT('',(7.72,7.47,-3.1));
#13444 = LINE('',#13445,#13446);
#13445 = CARTESIAN_POINT('',(7.72,7.77,-3.1));
#13446 = VECTOR('',#13447,1.);
#13447 = DIRECTION('',(-1.110223024625E-16,-1.,0.));
#13448 = ORIENTED_EDGE('',*,*,#13449,.T.);
#13449 = EDGE_CURVE('',#13442,#13417,#13450,.T.);
#13450 = LINE('',#13451,#13452);
#13451 = CARTESIAN_POINT('',(7.72,7.47,-3.1));
#13452 = VECTOR('',#13453,1.);
#13453 = DIRECTION('',(-2.692686352073E-17,-0.242535625036,
    0.970142500145));
#13454 = PLANE('',#13455);
#13455 = AXIS2_PLACEMENT_3D('',#13456,#13457,#13458);
#13456 = CARTESIAN_POINT('',(7.72,7.62,3.911477598424));
#13457 = DIRECTION('',(-1.,1.110223024625E-16,0.));
#13458 = DIRECTION('',(0.,0.,1.));
#13459 = ADVANCED_FACE('',(#13460),#13471,.T.);
#13460 = FACE_BOUND('',#13461,.T.);
#13461 = EDGE_LOOP('',(#13462,#13468,#13469,#13470));
#13462 = ORIENTED_EDGE('',*,*,#13463,.F.);
#13463 = EDGE_CURVE('',#10886,#10910,#13464,.T.);
#13464 = LINE('',#13465,#13466);
#13465 = CARTESIAN_POINT('',(7.52,7.92,0.2));
#13466 = VECTOR('',#13467,1.);
#13467 = DIRECTION('',(1.,-1.110223024625E-16,0.));
#13468 = ORIENTED_EDGE('',*,*,#10893,.T.);
#13469 = ORIENTED_EDGE('',*,*,#10901,.T.);
#13470 = ORIENTED_EDGE('',*,*,#10909,.T.);
#13471 = PLANE('',#13472);
#13472 = AXIS2_PLACEMENT_3D('',#13473,#13474,#13475);
#13473 = CARTESIAN_POINT('',(7.52,7.32,0.2));
#13474 = DIRECTION('',(0.,-0.,-1.));
#13475 = DIRECTION('',(-1.110223024625E-16,-1.,0.));
#13476 = ADVANCED_FACE('',(#13477),#13518,.T.);
#13477 = FACE_BOUND('',#13478,.T.);
#13478 = EDGE_LOOP('',(#13479,#13487,#13488,#13496,#13504,#13512));
#13479 = ORIENTED_EDGE('',*,*,#13480,.T.);
#13480 = EDGE_CURVE('',#13481,#10878,#13483,.T.);
#13481 = VERTEX_POINT('',#13482);
#13482 = CARTESIAN_POINT('',(7.52,7.32,-2.5));
#13483 = LINE('',#13484,#13485);
#13484 = CARTESIAN_POINT('',(7.52,7.32,-2.5));
#13485 = VECTOR('',#13486,1.);
#13486 = DIRECTION('',(0.,0.,1.));
#13487 = ORIENTED_EDGE('',*,*,#10885,.F.);
#13488 = ORIENTED_EDGE('',*,*,#13489,.T.);
#13489 = EDGE_CURVE('',#10886,#13490,#13492,.T.);
#13490 = VERTEX_POINT('',#13491);
#13491 = CARTESIAN_POINT('',(7.52,7.92,-2.5));
#13492 = LINE('',#13493,#13494);
#13493 = CARTESIAN_POINT('',(7.52,7.92,0.2));
#13494 = VECTOR('',#13495,1.);
#13495 = DIRECTION('',(0.,0.,-1.));
#13496 = ORIENTED_EDGE('',*,*,#13497,.T.);
#13497 = EDGE_CURVE('',#13490,#13498,#13500,.T.);
#13498 = VERTEX_POINT('',#13499);
#13499 = CARTESIAN_POINT('',(7.52,7.77,-3.1));
#13500 = LINE('',#13501,#13502);
#13501 = CARTESIAN_POINT('',(7.52,7.92,-2.5));
#13502 = VECTOR('',#13503,1.);
#13503 = DIRECTION('',(-2.692686352073E-17,-0.242535625036,
    -0.970142500145));
#13504 = ORIENTED_EDGE('',*,*,#13505,.F.);
#13505 = EDGE_CURVE('',#13506,#13498,#13508,.T.);
#13506 = VERTEX_POINT('',#13507);
#13507 = CARTESIAN_POINT('',(7.52,7.47,-3.1));
#13508 = LINE('',#13509,#13510);
#13509 = CARTESIAN_POINT('',(7.52,7.47,-3.1));
#13510 = VECTOR('',#13511,1.);
#13511 = DIRECTION('',(1.110223024625E-16,1.,0.));
#13512 = ORIENTED_EDGE('',*,*,#13513,.T.);
#13513 = EDGE_CURVE('',#13506,#13481,#13514,.T.);
#13514 = LINE('',#13515,#13516);
#13515 = CARTESIAN_POINT('',(7.52,7.47,-3.1));
#13516 = VECTOR('',#13517,1.);
#13517 = DIRECTION('',(-2.692686352073E-17,-0.242535625036,
    0.970142500145));
#13518 = PLANE('',#13519);
#13519 = AXIS2_PLACEMENT_3D('',#13520,#13521,#13522);
#13520 = CARTESIAN_POINT('',(7.52,7.62,3.911477598424));
#13521 = DIRECTION('',(-1.,1.110223024625E-16,0.));
#13522 = DIRECTION('',(0.,0.,1.));
#13523 = ADVANCED_FACE('',(#13524),#13535,.T.);
#13524 = FACE_BOUND('',#13525,.T.);
#13525 = EDGE_LOOP('',(#13526,#13527,#13528,#13534));
#13526 = ORIENTED_EDGE('',*,*,#10933,.F.);
#13527 = ORIENTED_EDGE('',*,*,#10943,.T.);
#13528 = ORIENTED_EDGE('',*,*,#13529,.T.);
#13529 = EDGE_CURVE('',#10944,#10984,#13530,.T.);
#13530 = LINE('',#13531,#13532);
#13531 = CARTESIAN_POINT('',(7.52,9.86,0.2));
#13532 = VECTOR('',#13533,1.);
#13533 = DIRECTION('',(1.,-1.110223024625E-16,0.));
#13534 = ORIENTED_EDGE('',*,*,#10991,.T.);
#13535 = PLANE('',#13536);
#13536 = AXIS2_PLACEMENT_3D('',#13537,#13538,#13539);
#13537 = CARTESIAN_POINT('',(7.52,9.86,0.2));
#13538 = DIRECTION('',(0.,-0.,-1.));
#13539 = DIRECTION('',(-1.110223024625E-16,-1.,0.));
#13540 = ADVANCED_FACE('',(#13541),#13582,.F.);
#13541 = FACE_BOUND('',#13542,.F.);
#13542 = EDGE_LOOP('',(#13543,#13551,#13552,#13560,#13568,#13576));
#13543 = ORIENTED_EDGE('',*,*,#13544,.T.);
#13544 = EDGE_CURVE('',#13545,#10984,#13547,.T.);
#13545 = VERTEX_POINT('',#13546);
#13546 = CARTESIAN_POINT('',(7.72,9.86,-2.5));
#13547 = LINE('',#13548,#13549);
#13548 = CARTESIAN_POINT('',(7.72,9.86,-2.5));
#13549 = VECTOR('',#13550,1.);
#13550 = DIRECTION('',(0.,0.,1.));
#13551 = ORIENTED_EDGE('',*,*,#10983,.F.);
#13552 = ORIENTED_EDGE('',*,*,#13553,.T.);
#13553 = EDGE_CURVE('',#10976,#13554,#13556,.T.);
#13554 = VERTEX_POINT('',#13555);
#13555 = CARTESIAN_POINT('',(7.72,10.46,-2.5));
#13556 = LINE('',#13557,#13558);
#13557 = CARTESIAN_POINT('',(7.72,10.46,0.2));
#13558 = VECTOR('',#13559,1.);
#13559 = DIRECTION('',(0.,0.,-1.));
#13560 = ORIENTED_EDGE('',*,*,#13561,.T.);
#13561 = EDGE_CURVE('',#13554,#13562,#13564,.T.);
#13562 = VERTEX_POINT('',#13563);
#13563 = CARTESIAN_POINT('',(7.72,10.31,-3.1));
#13564 = LINE('',#13565,#13566);
#13565 = CARTESIAN_POINT('',(7.72,10.46,-2.5));
#13566 = VECTOR('',#13567,1.);
#13567 = DIRECTION('',(-2.692686352073E-17,-0.242535625036,
    -0.970142500145));
#13568 = ORIENTED_EDGE('',*,*,#13569,.T.);
#13569 = EDGE_CURVE('',#13562,#13570,#13572,.T.);
#13570 = VERTEX_POINT('',#13571);
#13571 = CARTESIAN_POINT('',(7.72,10.01,-3.1));
#13572 = LINE('',#13573,#13574);
#13573 = CARTESIAN_POINT('',(7.72,10.31,-3.1));
#13574 = VECTOR('',#13575,1.);
#13575 = DIRECTION('',(-1.110223024625E-16,-1.,0.));
#13576 = ORIENTED_EDGE('',*,*,#13577,.T.);
#13577 = EDGE_CURVE('',#13570,#13545,#13578,.T.);
#13578 = LINE('',#13579,#13580);
#13579 = CARTESIAN_POINT('',(7.72,10.01,-3.1));
#13580 = VECTOR('',#13581,1.);
#13581 = DIRECTION('',(-2.692686352073E-17,-0.242535625036,
    0.970142500145));
#13582 = PLANE('',#13583);
#13583 = AXIS2_PLACEMENT_3D('',#13584,#13585,#13586);
#13584 = CARTESIAN_POINT('',(7.72,10.16,3.911477598424));
#13585 = DIRECTION('',(-1.,1.110223024625E-16,0.));
#13586 = DIRECTION('',(0.,0.,1.));
#13587 = ADVANCED_FACE('',(#13588),#13599,.T.);
#13588 = FACE_BOUND('',#13589,.T.);
#13589 = EDGE_LOOP('',(#13590,#13596,#13597,#13598));
#13590 = ORIENTED_EDGE('',*,*,#13591,.F.);
#13591 = EDGE_CURVE('',#10952,#10976,#13592,.T.);
#13592 = LINE('',#13593,#13594);
#13593 = CARTESIAN_POINT('',(7.52,10.46,0.2));
#13594 = VECTOR('',#13595,1.);
#13595 = DIRECTION('',(1.,-1.110223024625E-16,0.));
#13596 = ORIENTED_EDGE('',*,*,#10959,.T.);
#13597 = ORIENTED_EDGE('',*,*,#10967,.T.);
#13598 = ORIENTED_EDGE('',*,*,#10975,.T.);
#13599 = PLANE('',#13600);
#13600 = AXIS2_PLACEMENT_3D('',#13601,#13602,#13603);
#13601 = CARTESIAN_POINT('',(7.52,9.86,0.2));
#13602 = DIRECTION('',(0.,-0.,-1.));
#13603 = DIRECTION('',(-1.110223024625E-16,-1.,0.));
#13604 = ADVANCED_FACE('',(#13605),#13646,.T.);
#13605 = FACE_BOUND('',#13606,.T.);
#13606 = EDGE_LOOP('',(#13607,#13615,#13616,#13624,#13632,#13640));
#13607 = ORIENTED_EDGE('',*,*,#13608,.T.);
#13608 = EDGE_CURVE('',#13609,#10944,#13611,.T.);
#13609 = VERTEX_POINT('',#13610);
#13610 = CARTESIAN_POINT('',(7.52,9.86,-2.5));
#13611 = LINE('',#13612,#13613);
#13612 = CARTESIAN_POINT('',(7.52,9.86,-2.5));
#13613 = VECTOR('',#13614,1.);
#13614 = DIRECTION('',(0.,0.,1.));
#13615 = ORIENTED_EDGE('',*,*,#10951,.F.);
#13616 = ORIENTED_EDGE('',*,*,#13617,.T.);
#13617 = EDGE_CURVE('',#10952,#13618,#13620,.T.);
#13618 = VERTEX_POINT('',#13619);
#13619 = CARTESIAN_POINT('',(7.52,10.46,-2.5));
#13620 = LINE('',#13621,#13622);
#13621 = CARTESIAN_POINT('',(7.52,10.46,0.2));
#13622 = VECTOR('',#13623,1.);
#13623 = DIRECTION('',(0.,0.,-1.));
#13624 = ORIENTED_EDGE('',*,*,#13625,.T.);
#13625 = EDGE_CURVE('',#13618,#13626,#13628,.T.);
#13626 = VERTEX_POINT('',#13627);
#13627 = CARTESIAN_POINT('',(7.52,10.31,-3.1));
#13628 = LINE('',#13629,#13630);
#13629 = CARTESIAN_POINT('',(7.52,10.46,-2.5));
#13630 = VECTOR('',#13631,1.);
#13631 = DIRECTION('',(-2.692686352073E-17,-0.242535625036,
    -0.970142500145));
#13632 = ORIENTED_EDGE('',*,*,#13633,.F.);
#13633 = EDGE_CURVE('',#13634,#13626,#13636,.T.);
#13634 = VERTEX_POINT('',#13635);
#13635 = CARTESIAN_POINT('',(7.52,10.01,-3.1));
#13636 = LINE('',#13637,#13638);
#13637 = CARTESIAN_POINT('',(7.52,10.01,-3.1));
#13638 = VECTOR('',#13639,1.);
#13639 = DIRECTION('',(1.110223024625E-16,1.,0.));
#13640 = ORIENTED_EDGE('',*,*,#13641,.T.);
#13641 = EDGE_CURVE('',#13634,#13609,#13642,.T.);
#13642 = LINE('',#13643,#13644);
#13643 = CARTESIAN_POINT('',(7.52,10.01,-3.1));
#13644 = VECTOR('',#13645,1.);
#13645 = DIRECTION('',(-2.692686352073E-17,-0.242535625036,
    0.970142500145));
#13646 = PLANE('',#13647);
#13647 = AXIS2_PLACEMENT_3D('',#13648,#13649,#13650);
#13648 = CARTESIAN_POINT('',(7.52,10.16,3.911477598424));
#13649 = DIRECTION('',(-1.,1.110223024625E-16,0.));
#13650 = DIRECTION('',(0.,0.,1.));
#13651 = ADVANCED_FACE('',(#13652),#13663,.T.);
#13652 = FACE_BOUND('',#13653,.T.);
#13653 = EDGE_LOOP('',(#13654,#13655,#13656,#13662));
#13654 = ORIENTED_EDGE('',*,*,#10999,.F.);
#13655 = ORIENTED_EDGE('',*,*,#11009,.T.);
#13656 = ORIENTED_EDGE('',*,*,#13657,.T.);
#13657 = EDGE_CURVE('',#11010,#11050,#13658,.T.);
#13658 = LINE('',#13659,#13660);
#13659 = CARTESIAN_POINT('',(7.52,12.4,0.2));
#13660 = VECTOR('',#13661,1.);
#13661 = DIRECTION('',(1.,-1.110223024625E-16,0.));
#13662 = ORIENTED_EDGE('',*,*,#11057,.T.);
#13663 = PLANE('',#13664);
#13664 = AXIS2_PLACEMENT_3D('',#13665,#13666,#13667);
#13665 = CARTESIAN_POINT('',(7.52,12.4,0.2));
#13666 = DIRECTION('',(0.,-0.,-1.));
#13667 = DIRECTION('',(-1.110223024625E-16,-1.,0.));
#13668 = ADVANCED_FACE('',(#13669),#13710,.F.);
#13669 = FACE_BOUND('',#13670,.F.);
#13670 = EDGE_LOOP('',(#13671,#13679,#13680,#13688,#13696,#13704));
#13671 = ORIENTED_EDGE('',*,*,#13672,.T.);
#13672 = EDGE_CURVE('',#13673,#11050,#13675,.T.);
#13673 = VERTEX_POINT('',#13674);
#13674 = CARTESIAN_POINT('',(7.72,12.4,-2.5));
#13675 = LINE('',#13676,#13677);
#13676 = CARTESIAN_POINT('',(7.72,12.4,-2.5));
#13677 = VECTOR('',#13678,1.);
#13678 = DIRECTION('',(0.,0.,1.));
#13679 = ORIENTED_EDGE('',*,*,#11049,.F.);
#13680 = ORIENTED_EDGE('',*,*,#13681,.T.);
#13681 = EDGE_CURVE('',#11042,#13682,#13684,.T.);
#13682 = VERTEX_POINT('',#13683);
#13683 = CARTESIAN_POINT('',(7.72,13.,-2.5));
#13684 = LINE('',#13685,#13686);
#13685 = CARTESIAN_POINT('',(7.72,13.,0.2));
#13686 = VECTOR('',#13687,1.);
#13687 = DIRECTION('',(0.,0.,-1.));
#13688 = ORIENTED_EDGE('',*,*,#13689,.T.);
#13689 = EDGE_CURVE('',#13682,#13690,#13692,.T.);
#13690 = VERTEX_POINT('',#13691);
#13691 = CARTESIAN_POINT('',(7.72,12.85,-3.1));
#13692 = LINE('',#13693,#13694);
#13693 = CARTESIAN_POINT('',(7.72,13.,-2.5));
#13694 = VECTOR('',#13695,1.);
#13695 = DIRECTION('',(-2.692686352073E-17,-0.242535625036,
    -0.970142500145));
#13696 = ORIENTED_EDGE('',*,*,#13697,.T.);
#13697 = EDGE_CURVE('',#13690,#13698,#13700,.T.);
#13698 = VERTEX_POINT('',#13699);
#13699 = CARTESIAN_POINT('',(7.72,12.55,-3.1));
#13700 = LINE('',#13701,#13702);
#13701 = CARTESIAN_POINT('',(7.72,12.85,-3.1));
#13702 = VECTOR('',#13703,1.);
#13703 = DIRECTION('',(-1.110223024625E-16,-1.,0.));
#13704 = ORIENTED_EDGE('',*,*,#13705,.T.);
#13705 = EDGE_CURVE('',#13698,#13673,#13706,.T.);
#13706 = LINE('',#13707,#13708);
#13707 = CARTESIAN_POINT('',(7.72,12.55,-3.1));
#13708 = VECTOR('',#13709,1.);
#13709 = DIRECTION('',(-2.692686352073E-17,-0.242535625036,
    0.970142500145));
#13710 = PLANE('',#13711);
#13711 = AXIS2_PLACEMENT_3D('',#13712,#13713,#13714);
#13712 = CARTESIAN_POINT('',(7.72,12.7,3.911477598424));
#13713 = DIRECTION('',(-1.,1.110223024625E-16,0.));
#13714 = DIRECTION('',(0.,0.,1.));
#13715 = ADVANCED_FACE('',(#13716),#13727,.T.);
#13716 = FACE_BOUND('',#13717,.T.);
#13717 = EDGE_LOOP('',(#13718,#13724,#13725,#13726));
#13718 = ORIENTED_EDGE('',*,*,#13719,.F.);
#13719 = EDGE_CURVE('',#11018,#11042,#13720,.T.);
#13720 = LINE('',#13721,#13722);
#13721 = CARTESIAN_POINT('',(7.52,13.,0.2));
#13722 = VECTOR('',#13723,1.);
#13723 = DIRECTION('',(1.,-1.110223024625E-16,0.));
#13724 = ORIENTED_EDGE('',*,*,#11025,.T.);
#13725 = ORIENTED_EDGE('',*,*,#11033,.T.);
#13726 = ORIENTED_EDGE('',*,*,#11041,.T.);
#13727 = PLANE('',#13728);
#13728 = AXIS2_PLACEMENT_3D('',#13729,#13730,#13731);
#13729 = CARTESIAN_POINT('',(7.52,12.4,0.2));
#13730 = DIRECTION('',(0.,-0.,-1.));
#13731 = DIRECTION('',(-1.110223024625E-16,-1.,0.));
#13732 = ADVANCED_FACE('',(#13733),#13774,.T.);
#13733 = FACE_BOUND('',#13734,.T.);
#13734 = EDGE_LOOP('',(#13735,#13743,#13744,#13752,#13760,#13768));
#13735 = ORIENTED_EDGE('',*,*,#13736,.T.);
#13736 = EDGE_CURVE('',#13737,#11010,#13739,.T.);
#13737 = VERTEX_POINT('',#13738);
#13738 = CARTESIAN_POINT('',(7.52,12.4,-2.5));
#13739 = LINE('',#13740,#13741);
#13740 = CARTESIAN_POINT('',(7.52,12.4,-2.5));
#13741 = VECTOR('',#13742,1.);
#13742 = DIRECTION('',(0.,0.,1.));
#13743 = ORIENTED_EDGE('',*,*,#11017,.F.);
#13744 = ORIENTED_EDGE('',*,*,#13745,.T.);
#13745 = EDGE_CURVE('',#11018,#13746,#13748,.T.);
#13746 = VERTEX_POINT('',#13747);
#13747 = CARTESIAN_POINT('',(7.52,13.,-2.5));
#13748 = LINE('',#13749,#13750);
#13749 = CARTESIAN_POINT('',(7.52,13.,0.2));
#13750 = VECTOR('',#13751,1.);
#13751 = DIRECTION('',(0.,0.,-1.));
#13752 = ORIENTED_EDGE('',*,*,#13753,.T.);
#13753 = EDGE_CURVE('',#13746,#13754,#13756,.T.);
#13754 = VERTEX_POINT('',#13755);
#13755 = CARTESIAN_POINT('',(7.52,12.85,-3.1));
#13756 = LINE('',#13757,#13758);
#13757 = CARTESIAN_POINT('',(7.52,13.,-2.5));
#13758 = VECTOR('',#13759,1.);
#13759 = DIRECTION('',(-2.692686352073E-17,-0.242535625036,
    -0.970142500145));
#13760 = ORIENTED_EDGE('',*,*,#13761,.F.);
#13761 = EDGE_CURVE('',#13762,#13754,#13764,.T.);
#13762 = VERTEX_POINT('',#13763);
#13763 = CARTESIAN_POINT('',(7.52,12.55,-3.1));
#13764 = LINE('',#13765,#13766);
#13765 = CARTESIAN_POINT('',(7.52,12.55,-3.1));
#13766 = VECTOR('',#13767,1.);
#13767 = DIRECTION('',(1.110223024625E-16,1.,0.));
#13768 = ORIENTED_EDGE('',*,*,#13769,.T.);
#13769 = EDGE_CURVE('',#13762,#13737,#13770,.T.);
#13770 = LINE('',#13771,#13772);
#13771 = CARTESIAN_POINT('',(7.52,12.55,-3.1));
#13772 = VECTOR('',#13773,1.);
#13773 = DIRECTION('',(-2.692686352073E-17,-0.242535625036,
    0.970142500145));
#13774 = PLANE('',#13775);
#13775 = AXIS2_PLACEMENT_3D('',#13776,#13777,#13778);
#13776 = CARTESIAN_POINT('',(7.52,12.7,3.911477598424));
#13777 = DIRECTION('',(-1.,1.110223024625E-16,0.));
#13778 = DIRECTION('',(0.,0.,1.));
#13779 = ADVANCED_FACE('',(#13780),#13805,.F.);
#13780 = FACE_BOUND('',#13781,.F.);
#13781 = EDGE_LOOP('',(#13782,#13790,#13798,#13804));
#13782 = ORIENTED_EDGE('',*,*,#13783,.T.);
#13783 = EDGE_CURVE('',#11096,#13784,#13786,.T.);
#13784 = VERTEX_POINT('',#13785);
#13785 = CARTESIAN_POINT('',(7.92,-15.54,0.9));
#13786 = LINE('',#13787,#13788);
#13787 = CARTESIAN_POINT('',(7.92,-15.54,8.2));
#13788 = VECTOR('',#13789,1.);
#13789 = DIRECTION('',(0.,-0.,-1.));
#13790 = ORIENTED_EDGE('',*,*,#13791,.T.);
#13791 = EDGE_CURVE('',#13784,#13792,#13794,.T.);
#13792 = VERTEX_POINT('',#13793);
#13793 = CARTESIAN_POINT('',(7.92,-14.94,0.9));
#13794 = LINE('',#13795,#13796);
#13795 = CARTESIAN_POINT('',(7.92,-15.54,0.9));
#13796 = VECTOR('',#13797,1.);
#13797 = DIRECTION('',(1.110223024625E-16,1.,0.));
#13798 = ORIENTED_EDGE('',*,*,#13799,.F.);
#13799 = EDGE_CURVE('',#11105,#13792,#13800,.T.);
#13800 = LINE('',#13801,#13802);
#13801 = CARTESIAN_POINT('',(7.92,-14.94,8.2));
#13802 = VECTOR('',#13803,1.);
#13803 = DIRECTION('',(0.,-0.,-1.));
#13804 = ORIENTED_EDGE('',*,*,#11112,.F.);
#13805 = PLANE('',#13806);
#13806 = AXIS2_PLACEMENT_3D('',#13807,#13808,#13809);
#13807 = CARTESIAN_POINT('',(7.92,-15.54,8.2));
#13808 = DIRECTION('',(1.,-1.110223024625E-16,0.));
#13809 = DIRECTION('',(1.110223024625E-16,1.,0.));
#13810 = ADVANCED_FACE('',(#13811),#13861,.F.);
#13811 = FACE_BOUND('',#13812,.F.);
#13812 = EDGE_LOOP('',(#13813,#13814,#13815,#13823,#13831,#13839,#13847,
    #13855));
#13813 = ORIENTED_EDGE('',*,*,#11136,.F.);
#13814 = ORIENTED_EDGE('',*,*,#13799,.T.);
#13815 = ORIENTED_EDGE('',*,*,#13816,.T.);
#13816 = EDGE_CURVE('',#13792,#13817,#13819,.T.);
#13817 = VERTEX_POINT('',#13818);
#13818 = CARTESIAN_POINT('',(7.72,-14.94,0.9));
#13819 = LINE('',#13820,#13821);
#13820 = CARTESIAN_POINT('',(7.92,-14.94,0.9));
#13821 = VECTOR('',#13822,1.);
#13822 = DIRECTION('',(-1.,1.110223024625E-16,0.));
#13823 = ORIENTED_EDGE('',*,*,#13824,.T.);
#13824 = EDGE_CURVE('',#13817,#13825,#13827,.T.);
#13825 = VERTEX_POINT('',#13826);
#13826 = CARTESIAN_POINT('',(7.72,-14.94,7.4));
#13827 = LINE('',#13828,#13829);
#13828 = CARTESIAN_POINT('',(7.72,-14.94,6.055738799212));
#13829 = VECTOR('',#13830,1.);
#13830 = DIRECTION('',(0.,-0.,1.));
#13831 = ORIENTED_EDGE('',*,*,#13832,.F.);
#13832 = EDGE_CURVE('',#13833,#13825,#13835,.T.);
#13833 = VERTEX_POINT('',#13834);
#13834 = CARTESIAN_POINT('',(7.52,-14.94,7.4));
#13835 = LINE('',#13836,#13837);
#13836 = CARTESIAN_POINT('',(7.52,-14.94,7.4));
#13837 = VECTOR('',#13838,1.);
#13838 = DIRECTION('',(1.,-1.110223024625E-16,0.));
#13839 = ORIENTED_EDGE('',*,*,#13840,.F.);
#13840 = EDGE_CURVE('',#13841,#13833,#13843,.T.);
#13841 = VERTEX_POINT('',#13842);
#13842 = CARTESIAN_POINT('',(7.52,-14.94,0.9));
#13843 = LINE('',#13844,#13845);
#13844 = CARTESIAN_POINT('',(7.52,-14.94,6.055738799212));
#13845 = VECTOR('',#13846,1.);
#13846 = DIRECTION('',(0.,-0.,1.));
#13847 = ORIENTED_EDGE('',*,*,#13848,.T.);
#13848 = EDGE_CURVE('',#13841,#13849,#13851,.T.);
#13849 = VERTEX_POINT('',#13850);
#13850 = CARTESIAN_POINT('',(7.32,-14.94,0.9));
#13851 = LINE('',#13852,#13853);
#13852 = CARTESIAN_POINT('',(7.92,-14.94,0.9));
#13853 = VECTOR('',#13854,1.);
#13854 = DIRECTION('',(-1.,1.110223024625E-16,0.));
#13855 = ORIENTED_EDGE('',*,*,#13856,.F.);
#13856 = EDGE_CURVE('',#11129,#13849,#13857,.T.);
#13857 = LINE('',#13858,#13859);
#13858 = CARTESIAN_POINT('',(7.32,-14.94,8.2));
#13859 = VECTOR('',#13860,1.);
#13860 = DIRECTION('',(0.,-0.,-1.));
#13861 = PLANE('',#13862);
#13862 = AXIS2_PLACEMENT_3D('',#13863,#13864,#13865);
#13863 = CARTESIAN_POINT('',(7.92,-14.94,8.2));
#13864 = DIRECTION('',(1.110223024625E-16,1.,0.));
#13865 = DIRECTION('',(-1.,1.110223024625E-16,0.));
#13866 = ADVANCED_FACE('',(#13867),#13885,.F.);
#13867 = FACE_BOUND('',#13868,.F.);
#13868 = EDGE_LOOP('',(#13869,#13870,#13878,#13884));
#13869 = ORIENTED_EDGE('',*,*,#13856,.T.);
#13870 = ORIENTED_EDGE('',*,*,#13871,.T.);
#13871 = EDGE_CURVE('',#13849,#13872,#13874,.T.);
#13872 = VERTEX_POINT('',#13873);
#13873 = CARTESIAN_POINT('',(7.32,-15.54,0.9));
#13874 = LINE('',#13875,#13876);
#13875 = CARTESIAN_POINT('',(7.32,-14.94,0.9));
#13876 = VECTOR('',#13877,1.);
#13877 = DIRECTION('',(-1.110223024625E-16,-1.,0.));
#13878 = ORIENTED_EDGE('',*,*,#13879,.F.);
#13879 = EDGE_CURVE('',#11153,#13872,#13880,.T.);
#13880 = LINE('',#13881,#13882);
#13881 = CARTESIAN_POINT('',(7.32,-15.54,8.2));
#13882 = VECTOR('',#13883,1.);
#13883 = DIRECTION('',(0.,-0.,-1.));
#13884 = ORIENTED_EDGE('',*,*,#11160,.F.);
#13885 = PLANE('',#13886);
#13886 = AXIS2_PLACEMENT_3D('',#13887,#13888,#13889);
#13887 = CARTESIAN_POINT('',(7.32,-14.94,8.2));
#13888 = DIRECTION('',(-1.,1.110223024625E-16,0.));
#13889 = DIRECTION('',(-1.110223024625E-16,-1.,0.));
#13890 = ADVANCED_FACE('',(#13891),#13934,.F.);
#13891 = FACE_BOUND('',#13892,.F.);
#13892 = EDGE_LOOP('',(#13893,#13894,#13895,#13903,#13911,#13919,#13927,
    #13933));
#13893 = ORIENTED_EDGE('',*,*,#11177,.F.);
#13894 = ORIENTED_EDGE('',*,*,#13879,.T.);
#13895 = ORIENTED_EDGE('',*,*,#13896,.T.);
#13896 = EDGE_CURVE('',#13872,#13897,#13899,.T.);
#13897 = VERTEX_POINT('',#13898);
#13898 = CARTESIAN_POINT('',(7.52,-15.54,0.9));
#13899 = LINE('',#13900,#13901);
#13900 = CARTESIAN_POINT('',(7.32,-15.54,0.9));
#13901 = VECTOR('',#13902,1.);
#13902 = DIRECTION('',(1.,-1.110223024625E-16,0.));
#13903 = ORIENTED_EDGE('',*,*,#13904,.F.);
#13904 = EDGE_CURVE('',#13905,#13897,#13907,.T.);
#13905 = VERTEX_POINT('',#13906);
#13906 = CARTESIAN_POINT('',(7.52,-15.54,7.4));
#13907 = LINE('',#13908,#13909);
#13908 = CARTESIAN_POINT('',(7.52,-15.54,6.055738799212));
#13909 = VECTOR('',#13910,1.);
#13910 = DIRECTION('',(-0.,0.,-1.));
#13911 = ORIENTED_EDGE('',*,*,#13912,.T.);
#13912 = EDGE_CURVE('',#13905,#13913,#13915,.T.);
#13913 = VERTEX_POINT('',#13914);
#13914 = CARTESIAN_POINT('',(7.72,-15.54,7.4));
#13915 = LINE('',#13916,#13917);
#13916 = CARTESIAN_POINT('',(7.52,-15.54,7.4));
#13917 = VECTOR('',#13918,1.);
#13918 = DIRECTION('',(1.,-1.110223024625E-16,0.));
#13919 = ORIENTED_EDGE('',*,*,#13920,.T.);
#13920 = EDGE_CURVE('',#13913,#13921,#13923,.T.);
#13921 = VERTEX_POINT('',#13922);
#13922 = CARTESIAN_POINT('',(7.72,-15.54,0.9));
#13923 = LINE('',#13924,#13925);
#13924 = CARTESIAN_POINT('',(7.72,-15.54,6.055738799212));
#13925 = VECTOR('',#13926,1.);
#13926 = DIRECTION('',(-0.,0.,-1.));
#13927 = ORIENTED_EDGE('',*,*,#13928,.T.);
#13928 = EDGE_CURVE('',#13921,#13784,#13929,.T.);
#13929 = LINE('',#13930,#13931);
#13930 = CARTESIAN_POINT('',(7.32,-15.54,0.9));
#13931 = VECTOR('',#13932,1.);
#13932 = DIRECTION('',(1.,-1.110223024625E-16,0.));
#13933 = ORIENTED_EDGE('',*,*,#13783,.F.);
#13934 = PLANE('',#13935);
#13935 = AXIS2_PLACEMENT_3D('',#13936,#13937,#13938);
#13936 = CARTESIAN_POINT('',(7.32,-15.54,8.2));
#13937 = DIRECTION('',(-1.110223024625E-16,-1.,0.));
#13938 = DIRECTION('',(1.,-1.110223024625E-16,0.));
#13939 = ADVANCED_FACE('',(#13940),#13965,.F.);
#13940 = FACE_BOUND('',#13941,.F.);
#13941 = EDGE_LOOP('',(#13942,#13950,#13958,#13964));
#13942 = ORIENTED_EDGE('',*,*,#13943,.T.);
#13943 = EDGE_CURVE('',#11192,#13944,#13946,.T.);
#13944 = VERTEX_POINT('',#13945);
#13945 = CARTESIAN_POINT('',(7.92,-13.,0.9));
#13946 = LINE('',#13947,#13948);
#13947 = CARTESIAN_POINT('',(7.92,-13.,8.2));
#13948 = VECTOR('',#13949,1.);
#13949 = DIRECTION('',(0.,-0.,-1.));
#13950 = ORIENTED_EDGE('',*,*,#13951,.T.);
#13951 = EDGE_CURVE('',#13944,#13952,#13954,.T.);
#13952 = VERTEX_POINT('',#13953);
#13953 = CARTESIAN_POINT('',(7.92,-12.4,0.9));
#13954 = LINE('',#13955,#13956);
#13955 = CARTESIAN_POINT('',(7.92,-13.,0.9));
#13956 = VECTOR('',#13957,1.);
#13957 = DIRECTION('',(1.110223024625E-16,1.,0.));
#13958 = ORIENTED_EDGE('',*,*,#13959,.F.);
#13959 = EDGE_CURVE('',#11201,#13952,#13960,.T.);
#13960 = LINE('',#13961,#13962);
#13961 = CARTESIAN_POINT('',(7.92,-12.4,8.2));
#13962 = VECTOR('',#13963,1.);
#13963 = DIRECTION('',(0.,-0.,-1.));
#13964 = ORIENTED_EDGE('',*,*,#11208,.F.);
#13965 = PLANE('',#13966);
#13966 = AXIS2_PLACEMENT_3D('',#13967,#13968,#13969);
#13967 = CARTESIAN_POINT('',(7.92,-13.,8.2));
#13968 = DIRECTION('',(1.,-1.110223024625E-16,0.));
#13969 = DIRECTION('',(1.110223024625E-16,1.,0.));
#13970 = ADVANCED_FACE('',(#13971),#14021,.F.);
#13971 = FACE_BOUND('',#13972,.F.);
#13972 = EDGE_LOOP('',(#13973,#13974,#13975,#13983,#13991,#13999,#14007,
    #14015));
#13973 = ORIENTED_EDGE('',*,*,#11232,.F.);
#13974 = ORIENTED_EDGE('',*,*,#13959,.T.);
#13975 = ORIENTED_EDGE('',*,*,#13976,.T.);
#13976 = EDGE_CURVE('',#13952,#13977,#13979,.T.);
#13977 = VERTEX_POINT('',#13978);
#13978 = CARTESIAN_POINT('',(7.72,-12.4,0.9));
#13979 = LINE('',#13980,#13981);
#13980 = CARTESIAN_POINT('',(7.92,-12.4,0.9));
#13981 = VECTOR('',#13982,1.);
#13982 = DIRECTION('',(-1.,1.110223024625E-16,0.));
#13983 = ORIENTED_EDGE('',*,*,#13984,.T.);
#13984 = EDGE_CURVE('',#13977,#13985,#13987,.T.);
#13985 = VERTEX_POINT('',#13986);
#13986 = CARTESIAN_POINT('',(7.72,-12.4,7.4));
#13987 = LINE('',#13988,#13989);
#13988 = CARTESIAN_POINT('',(7.72,-12.4,6.055738799212));
#13989 = VECTOR('',#13990,1.);
#13990 = DIRECTION('',(0.,-0.,1.));
#13991 = ORIENTED_EDGE('',*,*,#13992,.F.);
#13992 = EDGE_CURVE('',#13993,#13985,#13995,.T.);
#13993 = VERTEX_POINT('',#13994);
#13994 = CARTESIAN_POINT('',(7.52,-12.4,7.4));
#13995 = LINE('',#13996,#13997);
#13996 = CARTESIAN_POINT('',(7.52,-12.4,7.4));
#13997 = VECTOR('',#13998,1.);
#13998 = DIRECTION('',(1.,-1.110223024625E-16,0.));
#13999 = ORIENTED_EDGE('',*,*,#14000,.F.);
#14000 = EDGE_CURVE('',#14001,#13993,#14003,.T.);
#14001 = VERTEX_POINT('',#14002);
#14002 = CARTESIAN_POINT('',(7.52,-12.4,0.9));
#14003 = LINE('',#14004,#14005);
#14004 = CARTESIAN_POINT('',(7.52,-12.4,6.055738799212));
#14005 = VECTOR('',#14006,1.);
#14006 = DIRECTION('',(0.,-0.,1.));
#14007 = ORIENTED_EDGE('',*,*,#14008,.T.);
#14008 = EDGE_CURVE('',#14001,#14009,#14011,.T.);
#14009 = VERTEX_POINT('',#14010);
#14010 = CARTESIAN_POINT('',(7.32,-12.4,0.9));
#14011 = LINE('',#14012,#14013);
#14012 = CARTESIAN_POINT('',(7.92,-12.4,0.9));
#14013 = VECTOR('',#14014,1.);
#14014 = DIRECTION('',(-1.,1.110223024625E-16,0.));
#14015 = ORIENTED_EDGE('',*,*,#14016,.F.);
#14016 = EDGE_CURVE('',#11225,#14009,#14017,.T.);
#14017 = LINE('',#14018,#14019);
#14018 = CARTESIAN_POINT('',(7.32,-12.4,8.2));
#14019 = VECTOR('',#14020,1.);
#14020 = DIRECTION('',(0.,-0.,-1.));
#14021 = PLANE('',#14022);
#14022 = AXIS2_PLACEMENT_3D('',#14023,#14024,#14025);
#14023 = CARTESIAN_POINT('',(7.92,-12.4,8.2));
#14024 = DIRECTION('',(1.110223024625E-16,1.,0.));
#14025 = DIRECTION('',(-1.,1.110223024625E-16,0.));
#14026 = ADVANCED_FACE('',(#14027),#14045,.F.);
#14027 = FACE_BOUND('',#14028,.F.);
#14028 = EDGE_LOOP('',(#14029,#14030,#14038,#14044));
#14029 = ORIENTED_EDGE('',*,*,#14016,.T.);
#14030 = ORIENTED_EDGE('',*,*,#14031,.T.);
#14031 = EDGE_CURVE('',#14009,#14032,#14034,.T.);
#14032 = VERTEX_POINT('',#14033);
#14033 = CARTESIAN_POINT('',(7.32,-13.,0.9));
#14034 = LINE('',#14035,#14036);
#14035 = CARTESIAN_POINT('',(7.32,-12.4,0.9));
#14036 = VECTOR('',#14037,1.);
#14037 = DIRECTION('',(-1.110223024625E-16,-1.,0.));
#14038 = ORIENTED_EDGE('',*,*,#14039,.F.);
#14039 = EDGE_CURVE('',#11249,#14032,#14040,.T.);
#14040 = LINE('',#14041,#14042);
#14041 = CARTESIAN_POINT('',(7.32,-13.,8.2));
#14042 = VECTOR('',#14043,1.);
#14043 = DIRECTION('',(0.,-0.,-1.));
#14044 = ORIENTED_EDGE('',*,*,#11256,.F.);
#14045 = PLANE('',#14046);
#14046 = AXIS2_PLACEMENT_3D('',#14047,#14048,#14049);
#14047 = CARTESIAN_POINT('',(7.32,-12.4,8.2));
#14048 = DIRECTION('',(-1.,1.110223024625E-16,0.));
#14049 = DIRECTION('',(-1.110223024625E-16,-1.,0.));
#14050 = ADVANCED_FACE('',(#14051),#14094,.F.);
#14051 = FACE_BOUND('',#14052,.F.);
#14052 = EDGE_LOOP('',(#14053,#14054,#14055,#14063,#14071,#14079,#14087,
    #14093));
#14053 = ORIENTED_EDGE('',*,*,#11273,.F.);
#14054 = ORIENTED_EDGE('',*,*,#14039,.T.);
#14055 = ORIENTED_EDGE('',*,*,#14056,.T.);
#14056 = EDGE_CURVE('',#14032,#14057,#14059,.T.);
#14057 = VERTEX_POINT('',#14058);
#14058 = CARTESIAN_POINT('',(7.52,-13.,0.9));
#14059 = LINE('',#14060,#14061);
#14060 = CARTESIAN_POINT('',(7.32,-13.,0.9));
#14061 = VECTOR('',#14062,1.);
#14062 = DIRECTION('',(1.,-1.110223024625E-16,0.));
#14063 = ORIENTED_EDGE('',*,*,#14064,.F.);
#14064 = EDGE_CURVE('',#14065,#14057,#14067,.T.);
#14065 = VERTEX_POINT('',#14066);
#14066 = CARTESIAN_POINT('',(7.52,-13.,7.4));
#14067 = LINE('',#14068,#14069);
#14068 = CARTESIAN_POINT('',(7.52,-13.,6.055738799212));
#14069 = VECTOR('',#14070,1.);
#14070 = DIRECTION('',(-0.,0.,-1.));
#14071 = ORIENTED_EDGE('',*,*,#14072,.T.);
#14072 = EDGE_CURVE('',#14065,#14073,#14075,.T.);
#14073 = VERTEX_POINT('',#14074);
#14074 = CARTESIAN_POINT('',(7.72,-13.,7.4));
#14075 = LINE('',#14076,#14077);
#14076 = CARTESIAN_POINT('',(7.52,-13.,7.4));
#14077 = VECTOR('',#14078,1.);
#14078 = DIRECTION('',(1.,-1.110223024625E-16,0.));
#14079 = ORIENTED_EDGE('',*,*,#14080,.T.);
#14080 = EDGE_CURVE('',#14073,#14081,#14083,.T.);
#14081 = VERTEX_POINT('',#14082);
#14082 = CARTESIAN_POINT('',(7.72,-13.,0.9));
#14083 = LINE('',#14084,#14085);
#14084 = CARTESIAN_POINT('',(7.72,-13.,6.055738799212));
#14085 = VECTOR('',#14086,1.);
#14086 = DIRECTION('',(-0.,0.,-1.));
#14087 = ORIENTED_EDGE('',*,*,#14088,.T.);
#14088 = EDGE_CURVE('',#14081,#13944,#14089,.T.);
#14089 = LINE('',#14090,#14091);
#14090 = CARTESIAN_POINT('',(7.32,-13.,0.9));
#14091 = VECTOR('',#14092,1.);
#14092 = DIRECTION('',(1.,-1.110223024625E-16,0.));
#14093 = ORIENTED_EDGE('',*,*,#13943,.F.);
#14094 = PLANE('',#14095);
#14095 = AXIS2_PLACEMENT_3D('',#14096,#14097,#14098);
#14096 = CARTESIAN_POINT('',(7.32,-13.,8.2));
#14097 = DIRECTION('',(-1.110223024625E-16,-1.,0.));
#14098 = DIRECTION('',(1.,-1.110223024625E-16,0.));
#14099 = ADVANCED_FACE('',(#14100),#14125,.F.);
#14100 = FACE_BOUND('',#14101,.F.);
#14101 = EDGE_LOOP('',(#14102,#14110,#14118,#14124));
#14102 = ORIENTED_EDGE('',*,*,#14103,.T.);
#14103 = EDGE_CURVE('',#11288,#14104,#14106,.T.);
#14104 = VERTEX_POINT('',#14105);
#14105 = CARTESIAN_POINT('',(7.92,-10.46,0.9));
#14106 = LINE('',#14107,#14108);
#14107 = CARTESIAN_POINT('',(7.92,-10.46,8.2));
#14108 = VECTOR('',#14109,1.);
#14109 = DIRECTION('',(0.,-0.,-1.));
#14110 = ORIENTED_EDGE('',*,*,#14111,.T.);
#14111 = EDGE_CURVE('',#14104,#14112,#14114,.T.);
#14112 = VERTEX_POINT('',#14113);
#14113 = CARTESIAN_POINT('',(7.92,-9.86,0.9));
#14114 = LINE('',#14115,#14116);
#14115 = CARTESIAN_POINT('',(7.92,-10.46,0.9));
#14116 = VECTOR('',#14117,1.);
#14117 = DIRECTION('',(1.110223024625E-16,1.,0.));
#14118 = ORIENTED_EDGE('',*,*,#14119,.F.);
#14119 = EDGE_CURVE('',#11297,#14112,#14120,.T.);
#14120 = LINE('',#14121,#14122);
#14121 = CARTESIAN_POINT('',(7.92,-9.86,8.2));
#14122 = VECTOR('',#14123,1.);
#14123 = DIRECTION('',(0.,-0.,-1.));
#14124 = ORIENTED_EDGE('',*,*,#11304,.F.);
#14125 = PLANE('',#14126);
#14126 = AXIS2_PLACEMENT_3D('',#14127,#14128,#14129);
#14127 = CARTESIAN_POINT('',(7.92,-10.46,8.2));
#14128 = DIRECTION('',(1.,-1.110223024625E-16,0.));
#14129 = DIRECTION('',(1.110223024625E-16,1.,0.));
#14130 = ADVANCED_FACE('',(#14131),#14181,.F.);
#14131 = FACE_BOUND('',#14132,.F.);
#14132 = EDGE_LOOP('',(#14133,#14134,#14135,#14143,#14151,#14159,#14167,
    #14175));
#14133 = ORIENTED_EDGE('',*,*,#11328,.F.);
#14134 = ORIENTED_EDGE('',*,*,#14119,.T.);
#14135 = ORIENTED_EDGE('',*,*,#14136,.T.);
#14136 = EDGE_CURVE('',#14112,#14137,#14139,.T.);
#14137 = VERTEX_POINT('',#14138);
#14138 = CARTESIAN_POINT('',(7.72,-9.86,0.9));
#14139 = LINE('',#14140,#14141);
#14140 = CARTESIAN_POINT('',(7.92,-9.86,0.9));
#14141 = VECTOR('',#14142,1.);
#14142 = DIRECTION('',(-1.,1.110223024625E-16,0.));
#14143 = ORIENTED_EDGE('',*,*,#14144,.T.);
#14144 = EDGE_CURVE('',#14137,#14145,#14147,.T.);
#14145 = VERTEX_POINT('',#14146);
#14146 = CARTESIAN_POINT('',(7.72,-9.86,7.4));
#14147 = LINE('',#14148,#14149);
#14148 = CARTESIAN_POINT('',(7.72,-9.86,6.055738799212));
#14149 = VECTOR('',#14150,1.);
#14150 = DIRECTION('',(0.,-0.,1.));
#14151 = ORIENTED_EDGE('',*,*,#14152,.F.);
#14152 = EDGE_CURVE('',#14153,#14145,#14155,.T.);
#14153 = VERTEX_POINT('',#14154);
#14154 = CARTESIAN_POINT('',(7.52,-9.86,7.4));
#14155 = LINE('',#14156,#14157);
#14156 = CARTESIAN_POINT('',(7.52,-9.86,7.4));
#14157 = VECTOR('',#14158,1.);
#14158 = DIRECTION('',(1.,-1.110223024625E-16,0.));
#14159 = ORIENTED_EDGE('',*,*,#14160,.F.);
#14160 = EDGE_CURVE('',#14161,#14153,#14163,.T.);
#14161 = VERTEX_POINT('',#14162);
#14162 = CARTESIAN_POINT('',(7.52,-9.86,0.9));
#14163 = LINE('',#14164,#14165);
#14164 = CARTESIAN_POINT('',(7.52,-9.86,6.055738799212));
#14165 = VECTOR('',#14166,1.);
#14166 = DIRECTION('',(0.,-0.,1.));
#14167 = ORIENTED_EDGE('',*,*,#14168,.T.);
#14168 = EDGE_CURVE('',#14161,#14169,#14171,.T.);
#14169 = VERTEX_POINT('',#14170);
#14170 = CARTESIAN_POINT('',(7.32,-9.86,0.9));
#14171 = LINE('',#14172,#14173);
#14172 = CARTESIAN_POINT('',(7.92,-9.86,0.9));
#14173 = VECTOR('',#14174,1.);
#14174 = DIRECTION('',(-1.,1.110223024625E-16,0.));
#14175 = ORIENTED_EDGE('',*,*,#14176,.F.);
#14176 = EDGE_CURVE('',#11321,#14169,#14177,.T.);
#14177 = LINE('',#14178,#14179);
#14178 = CARTESIAN_POINT('',(7.32,-9.86,8.2));
#14179 = VECTOR('',#14180,1.);
#14180 = DIRECTION('',(0.,-0.,-1.));
#14181 = PLANE('',#14182);
#14182 = AXIS2_PLACEMENT_3D('',#14183,#14184,#14185);
#14183 = CARTESIAN_POINT('',(7.92,-9.86,8.2));
#14184 = DIRECTION('',(1.110223024625E-16,1.,0.));
#14185 = DIRECTION('',(-1.,1.110223024625E-16,0.));
#14186 = ADVANCED_FACE('',(#14187),#14205,.F.);
#14187 = FACE_BOUND('',#14188,.F.);
#14188 = EDGE_LOOP('',(#14189,#14190,#14198,#14204));
#14189 = ORIENTED_EDGE('',*,*,#14176,.T.);
#14190 = ORIENTED_EDGE('',*,*,#14191,.T.);
#14191 = EDGE_CURVE('',#14169,#14192,#14194,.T.);
#14192 = VERTEX_POINT('',#14193);
#14193 = CARTESIAN_POINT('',(7.32,-10.46,0.9));
#14194 = LINE('',#14195,#14196);
#14195 = CARTESIAN_POINT('',(7.32,-9.86,0.9));
#14196 = VECTOR('',#14197,1.);
#14197 = DIRECTION('',(-1.110223024625E-16,-1.,0.));
#14198 = ORIENTED_EDGE('',*,*,#14199,.F.);
#14199 = EDGE_CURVE('',#11345,#14192,#14200,.T.);
#14200 = LINE('',#14201,#14202);
#14201 = CARTESIAN_POINT('',(7.32,-10.46,8.2));
#14202 = VECTOR('',#14203,1.);
#14203 = DIRECTION('',(0.,-0.,-1.));
#14204 = ORIENTED_EDGE('',*,*,#11352,.F.);
#14205 = PLANE('',#14206);
#14206 = AXIS2_PLACEMENT_3D('',#14207,#14208,#14209);
#14207 = CARTESIAN_POINT('',(7.32,-9.86,8.2));
#14208 = DIRECTION('',(-1.,1.110223024625E-16,0.));
#14209 = DIRECTION('',(-1.110223024625E-16,-1.,0.));
#14210 = ADVANCED_FACE('',(#14211),#14254,.F.);
#14211 = FACE_BOUND('',#14212,.F.);
#14212 = EDGE_LOOP('',(#14213,#14214,#14215,#14223,#14231,#14239,#14247,
    #14253));
#14213 = ORIENTED_EDGE('',*,*,#11369,.F.);
#14214 = ORIENTED_EDGE('',*,*,#14199,.T.);
#14215 = ORIENTED_EDGE('',*,*,#14216,.T.);
#14216 = EDGE_CURVE('',#14192,#14217,#14219,.T.);
#14217 = VERTEX_POINT('',#14218);
#14218 = CARTESIAN_POINT('',(7.52,-10.46,0.9));
#14219 = LINE('',#14220,#14221);
#14220 = CARTESIAN_POINT('',(7.32,-10.46,0.9));
#14221 = VECTOR('',#14222,1.);
#14222 = DIRECTION('',(1.,-1.110223024625E-16,0.));
#14223 = ORIENTED_EDGE('',*,*,#14224,.F.);
#14224 = EDGE_CURVE('',#14225,#14217,#14227,.T.);
#14225 = VERTEX_POINT('',#14226);
#14226 = CARTESIAN_POINT('',(7.52,-10.46,7.4));
#14227 = LINE('',#14228,#14229);
#14228 = CARTESIAN_POINT('',(7.52,-10.46,6.055738799212));
#14229 = VECTOR('',#14230,1.);
#14230 = DIRECTION('',(-0.,0.,-1.));
#14231 = ORIENTED_EDGE('',*,*,#14232,.T.);
#14232 = EDGE_CURVE('',#14225,#14233,#14235,.T.);
#14233 = VERTEX_POINT('',#14234);
#14234 = CARTESIAN_POINT('',(7.72,-10.46,7.4));
#14235 = LINE('',#14236,#14237);
#14236 = CARTESIAN_POINT('',(7.52,-10.46,7.4));
#14237 = VECTOR('',#14238,1.);
#14238 = DIRECTION('',(1.,-1.110223024625E-16,0.));
#14239 = ORIENTED_EDGE('',*,*,#14240,.T.);
#14240 = EDGE_CURVE('',#14233,#14241,#14243,.T.);
#14241 = VERTEX_POINT('',#14242);
#14242 = CARTESIAN_POINT('',(7.72,-10.46,0.9));
#14243 = LINE('',#14244,#14245);
#14244 = CARTESIAN_POINT('',(7.72,-10.46,6.055738799212));
#14245 = VECTOR('',#14246,1.);
#14246 = DIRECTION('',(-0.,0.,-1.));
#14247 = ORIENTED_EDGE('',*,*,#14248,.T.);
#14248 = EDGE_CURVE('',#14241,#14104,#14249,.T.);
#14249 = LINE('',#14250,#14251);
#14250 = CARTESIAN_POINT('',(7.32,-10.46,0.9));
#14251 = VECTOR('',#14252,1.);
#14252 = DIRECTION('',(1.,-1.110223024625E-16,0.));
#14253 = ORIENTED_EDGE('',*,*,#14103,.F.);
#14254 = PLANE('',#14255);
#14255 = AXIS2_PLACEMENT_3D('',#14256,#14257,#14258);
#14256 = CARTESIAN_POINT('',(7.32,-10.46,8.2));
#14257 = DIRECTION('',(-1.110223024625E-16,-1.,0.));
#14258 = DIRECTION('',(1.,-1.110223024625E-16,0.));
#14259 = ADVANCED_FACE('',(#14260),#14285,.F.);
#14260 = FACE_BOUND('',#14261,.F.);
#14261 = EDGE_LOOP('',(#14262,#14270,#14278,#14284));
#14262 = ORIENTED_EDGE('',*,*,#14263,.T.);
#14263 = EDGE_CURVE('',#11384,#14264,#14266,.T.);
#14264 = VERTEX_POINT('',#14265);
#14265 = CARTESIAN_POINT('',(7.92,-7.92,0.9));
#14266 = LINE('',#14267,#14268);
#14267 = CARTESIAN_POINT('',(7.92,-7.92,8.2));
#14268 = VECTOR('',#14269,1.);
#14269 = DIRECTION('',(0.,-0.,-1.));
#14270 = ORIENTED_EDGE('',*,*,#14271,.T.);
#14271 = EDGE_CURVE('',#14264,#14272,#14274,.T.);
#14272 = VERTEX_POINT('',#14273);
#14273 = CARTESIAN_POINT('',(7.92,-7.32,0.9));
#14274 = LINE('',#14275,#14276);
#14275 = CARTESIAN_POINT('',(7.92,-7.92,0.9));
#14276 = VECTOR('',#14277,1.);
#14277 = DIRECTION('',(1.110223024625E-16,1.,0.));
#14278 = ORIENTED_EDGE('',*,*,#14279,.F.);
#14279 = EDGE_CURVE('',#11393,#14272,#14280,.T.);
#14280 = LINE('',#14281,#14282);
#14281 = CARTESIAN_POINT('',(7.92,-7.32,8.2));
#14282 = VECTOR('',#14283,1.);
#14283 = DIRECTION('',(0.,-0.,-1.));
#14284 = ORIENTED_EDGE('',*,*,#11400,.F.);
#14285 = PLANE('',#14286);
#14286 = AXIS2_PLACEMENT_3D('',#14287,#14288,#14289);
#14287 = CARTESIAN_POINT('',(7.92,-7.92,8.2));
#14288 = DIRECTION('',(1.,-1.110223024625E-16,0.));
#14289 = DIRECTION('',(1.110223024625E-16,1.,0.));
#14290 = ADVANCED_FACE('',(#14291),#14341,.F.);
#14291 = FACE_BOUND('',#14292,.F.);
#14292 = EDGE_LOOP('',(#14293,#14294,#14295,#14303,#14311,#14319,#14327,
    #14335));
#14293 = ORIENTED_EDGE('',*,*,#11424,.F.);
#14294 = ORIENTED_EDGE('',*,*,#14279,.T.);
#14295 = ORIENTED_EDGE('',*,*,#14296,.T.);
#14296 = EDGE_CURVE('',#14272,#14297,#14299,.T.);
#14297 = VERTEX_POINT('',#14298);
#14298 = CARTESIAN_POINT('',(7.72,-7.32,0.9));
#14299 = LINE('',#14300,#14301);
#14300 = CARTESIAN_POINT('',(7.92,-7.32,0.9));
#14301 = VECTOR('',#14302,1.);
#14302 = DIRECTION('',(-1.,1.110223024625E-16,0.));
#14303 = ORIENTED_EDGE('',*,*,#14304,.T.);
#14304 = EDGE_CURVE('',#14297,#14305,#14307,.T.);
#14305 = VERTEX_POINT('',#14306);
#14306 = CARTESIAN_POINT('',(7.72,-7.32,7.4));
#14307 = LINE('',#14308,#14309);
#14308 = CARTESIAN_POINT('',(7.72,-7.32,6.055738799212));
#14309 = VECTOR('',#14310,1.);
#14310 = DIRECTION('',(0.,-0.,1.));
#14311 = ORIENTED_EDGE('',*,*,#14312,.F.);
#14312 = EDGE_CURVE('',#14313,#14305,#14315,.T.);
#14313 = VERTEX_POINT('',#14314);
#14314 = CARTESIAN_POINT('',(7.52,-7.32,7.4));
#14315 = LINE('',#14316,#14317);
#14316 = CARTESIAN_POINT('',(7.52,-7.32,7.4));
#14317 = VECTOR('',#14318,1.);
#14318 = DIRECTION('',(1.,-1.110223024625E-16,0.));
#14319 = ORIENTED_EDGE('',*,*,#14320,.F.);
#14320 = EDGE_CURVE('',#14321,#14313,#14323,.T.);
#14321 = VERTEX_POINT('',#14322);
#14322 = CARTESIAN_POINT('',(7.52,-7.32,0.9));
#14323 = LINE('',#14324,#14325);
#14324 = CARTESIAN_POINT('',(7.52,-7.32,6.055738799212));
#14325 = VECTOR('',#14326,1.);
#14326 = DIRECTION('',(0.,-0.,1.));
#14327 = ORIENTED_EDGE('',*,*,#14328,.T.);
#14328 = EDGE_CURVE('',#14321,#14329,#14331,.T.);
#14329 = VERTEX_POINT('',#14330);
#14330 = CARTESIAN_POINT('',(7.32,-7.32,0.9));
#14331 = LINE('',#14332,#14333);
#14332 = CARTESIAN_POINT('',(7.92,-7.32,0.9));
#14333 = VECTOR('',#14334,1.);
#14334 = DIRECTION('',(-1.,1.110223024625E-16,0.));
#14335 = ORIENTED_EDGE('',*,*,#14336,.F.);
#14336 = EDGE_CURVE('',#11417,#14329,#14337,.T.);
#14337 = LINE('',#14338,#14339);
#14338 = CARTESIAN_POINT('',(7.32,-7.32,8.2));
#14339 = VECTOR('',#14340,1.);
#14340 = DIRECTION('',(0.,-0.,-1.));
#14341 = PLANE('',#14342);
#14342 = AXIS2_PLACEMENT_3D('',#14343,#14344,#14345);
#14343 = CARTESIAN_POINT('',(7.92,-7.32,8.2));
#14344 = DIRECTION('',(1.110223024625E-16,1.,0.));
#14345 = DIRECTION('',(-1.,1.110223024625E-16,0.));
#14346 = ADVANCED_FACE('',(#14347),#14365,.F.);
#14347 = FACE_BOUND('',#14348,.F.);
#14348 = EDGE_LOOP('',(#14349,#14350,#14358,#14364));
#14349 = ORIENTED_EDGE('',*,*,#14336,.T.);
#14350 = ORIENTED_EDGE('',*,*,#14351,.T.);
#14351 = EDGE_CURVE('',#14329,#14352,#14354,.T.);
#14352 = VERTEX_POINT('',#14353);
#14353 = CARTESIAN_POINT('',(7.32,-7.92,0.9));
#14354 = LINE('',#14355,#14356);
#14355 = CARTESIAN_POINT('',(7.32,-7.32,0.9));
#14356 = VECTOR('',#14357,1.);
#14357 = DIRECTION('',(-1.110223024625E-16,-1.,0.));
#14358 = ORIENTED_EDGE('',*,*,#14359,.F.);
#14359 = EDGE_CURVE('',#11441,#14352,#14360,.T.);
#14360 = LINE('',#14361,#14362);
#14361 = CARTESIAN_POINT('',(7.32,-7.92,8.2));
#14362 = VECTOR('',#14363,1.);
#14363 = DIRECTION('',(0.,-0.,-1.));
#14364 = ORIENTED_EDGE('',*,*,#11448,.F.);
#14365 = PLANE('',#14366);
#14366 = AXIS2_PLACEMENT_3D('',#14367,#14368,#14369);
#14367 = CARTESIAN_POINT('',(7.32,-7.32,8.2));
#14368 = DIRECTION('',(-1.,1.110223024625E-16,0.));
#14369 = DIRECTION('',(-1.110223024625E-16,-1.,0.));
#14370 = ADVANCED_FACE('',(#14371),#14414,.F.);
#14371 = FACE_BOUND('',#14372,.F.);
#14372 = EDGE_LOOP('',(#14373,#14374,#14375,#14383,#14391,#14399,#14407,
    #14413));
#14373 = ORIENTED_EDGE('',*,*,#11465,.F.);
#14374 = ORIENTED_EDGE('',*,*,#14359,.T.);
#14375 = ORIENTED_EDGE('',*,*,#14376,.T.);
#14376 = EDGE_CURVE('',#14352,#14377,#14379,.T.);
#14377 = VERTEX_POINT('',#14378);
#14378 = CARTESIAN_POINT('',(7.52,-7.92,0.9));
#14379 = LINE('',#14380,#14381);
#14380 = CARTESIAN_POINT('',(7.32,-7.92,0.9));
#14381 = VECTOR('',#14382,1.);
#14382 = DIRECTION('',(1.,-1.110223024625E-16,0.));
#14383 = ORIENTED_EDGE('',*,*,#14384,.F.);
#14384 = EDGE_CURVE('',#14385,#14377,#14387,.T.);
#14385 = VERTEX_POINT('',#14386);
#14386 = CARTESIAN_POINT('',(7.52,-7.92,7.4));
#14387 = LINE('',#14388,#14389);
#14388 = CARTESIAN_POINT('',(7.52,-7.92,6.055738799212));
#14389 = VECTOR('',#14390,1.);
#14390 = DIRECTION('',(-0.,0.,-1.));
#14391 = ORIENTED_EDGE('',*,*,#14392,.T.);
#14392 = EDGE_CURVE('',#14385,#14393,#14395,.T.);
#14393 = VERTEX_POINT('',#14394);
#14394 = CARTESIAN_POINT('',(7.72,-7.92,7.4));
#14395 = LINE('',#14396,#14397);
#14396 = CARTESIAN_POINT('',(7.52,-7.92,7.4));
#14397 = VECTOR('',#14398,1.);
#14398 = DIRECTION('',(1.,-1.110223024625E-16,0.));
#14399 = ORIENTED_EDGE('',*,*,#14400,.T.);
#14400 = EDGE_CURVE('',#14393,#14401,#14403,.T.);
#14401 = VERTEX_POINT('',#14402);
#14402 = CARTESIAN_POINT('',(7.72,-7.92,0.9));
#14403 = LINE('',#14404,#14405);
#14404 = CARTESIAN_POINT('',(7.72,-7.92,6.055738799212));
#14405 = VECTOR('',#14406,1.);
#14406 = DIRECTION('',(-0.,0.,-1.));
#14407 = ORIENTED_EDGE('',*,*,#14408,.T.);
#14408 = EDGE_CURVE('',#14401,#14264,#14409,.T.);
#14409 = LINE('',#14410,#14411);
#14410 = CARTESIAN_POINT('',(7.32,-7.92,0.9));
#14411 = VECTOR('',#14412,1.);
#14412 = DIRECTION('',(1.,-1.110223024625E-16,0.));
#14413 = ORIENTED_EDGE('',*,*,#14263,.F.);
#14414 = PLANE('',#14415);
#14415 = AXIS2_PLACEMENT_3D('',#14416,#14417,#14418);
#14416 = CARTESIAN_POINT('',(7.32,-7.92,8.2));
#14417 = DIRECTION('',(-1.110223024625E-16,-1.,0.));
#14418 = DIRECTION('',(1.,-1.110223024625E-16,0.));
#14419 = ADVANCED_FACE('',(#14420),#14445,.F.);
#14420 = FACE_BOUND('',#14421,.F.);
#14421 = EDGE_LOOP('',(#14422,#14430,#14438,#14444));
#14422 = ORIENTED_EDGE('',*,*,#14423,.T.);
#14423 = EDGE_CURVE('',#11480,#14424,#14426,.T.);
#14424 = VERTEX_POINT('',#14425);
#14425 = CARTESIAN_POINT('',(7.92,-5.38,0.9));
#14426 = LINE('',#14427,#14428);
#14427 = CARTESIAN_POINT('',(7.92,-5.38,8.2));
#14428 = VECTOR('',#14429,1.);
#14429 = DIRECTION('',(0.,-0.,-1.));
#14430 = ORIENTED_EDGE('',*,*,#14431,.T.);
#14431 = EDGE_CURVE('',#14424,#14432,#14434,.T.);
#14432 = VERTEX_POINT('',#14433);
#14433 = CARTESIAN_POINT('',(7.92,-4.78,0.9));
#14434 = LINE('',#14435,#14436);
#14435 = CARTESIAN_POINT('',(7.92,-5.38,0.9));
#14436 = VECTOR('',#14437,1.);
#14437 = DIRECTION('',(1.110223024625E-16,1.,0.));
#14438 = ORIENTED_EDGE('',*,*,#14439,.F.);
#14439 = EDGE_CURVE('',#11489,#14432,#14440,.T.);
#14440 = LINE('',#14441,#14442);
#14441 = CARTESIAN_POINT('',(7.92,-4.78,8.2));
#14442 = VECTOR('',#14443,1.);
#14443 = DIRECTION('',(0.,-0.,-1.));
#14444 = ORIENTED_EDGE('',*,*,#11496,.F.);
#14445 = PLANE('',#14446);
#14446 = AXIS2_PLACEMENT_3D('',#14447,#14448,#14449);
#14447 = CARTESIAN_POINT('',(7.92,-5.38,8.2));
#14448 = DIRECTION('',(1.,-1.110223024625E-16,0.));
#14449 = DIRECTION('',(1.110223024625E-16,1.,0.));
#14450 = ADVANCED_FACE('',(#14451),#14501,.F.);
#14451 = FACE_BOUND('',#14452,.F.);
#14452 = EDGE_LOOP('',(#14453,#14454,#14455,#14463,#14471,#14479,#14487,
    #14495));
#14453 = ORIENTED_EDGE('',*,*,#11520,.F.);
#14454 = ORIENTED_EDGE('',*,*,#14439,.T.);
#14455 = ORIENTED_EDGE('',*,*,#14456,.T.);
#14456 = EDGE_CURVE('',#14432,#14457,#14459,.T.);
#14457 = VERTEX_POINT('',#14458);
#14458 = CARTESIAN_POINT('',(7.72,-4.78,0.9));
#14459 = LINE('',#14460,#14461);
#14460 = CARTESIAN_POINT('',(7.92,-4.78,0.9));
#14461 = VECTOR('',#14462,1.);
#14462 = DIRECTION('',(-1.,1.110223024625E-16,0.));
#14463 = ORIENTED_EDGE('',*,*,#14464,.T.);
#14464 = EDGE_CURVE('',#14457,#14465,#14467,.T.);
#14465 = VERTEX_POINT('',#14466);
#14466 = CARTESIAN_POINT('',(7.72,-4.78,7.4));
#14467 = LINE('',#14468,#14469);
#14468 = CARTESIAN_POINT('',(7.72,-4.78,6.055738799212));
#14469 = VECTOR('',#14470,1.);
#14470 = DIRECTION('',(0.,-0.,1.));
#14471 = ORIENTED_EDGE('',*,*,#14472,.F.);
#14472 = EDGE_CURVE('',#14473,#14465,#14475,.T.);
#14473 = VERTEX_POINT('',#14474);
#14474 = CARTESIAN_POINT('',(7.52,-4.78,7.4));
#14475 = LINE('',#14476,#14477);
#14476 = CARTESIAN_POINT('',(7.52,-4.78,7.4));
#14477 = VECTOR('',#14478,1.);
#14478 = DIRECTION('',(1.,-1.110223024625E-16,0.));
#14479 = ORIENTED_EDGE('',*,*,#14480,.F.);
#14480 = EDGE_CURVE('',#14481,#14473,#14483,.T.);
#14481 = VERTEX_POINT('',#14482);
#14482 = CARTESIAN_POINT('',(7.52,-4.78,0.9));
#14483 = LINE('',#14484,#14485);
#14484 = CARTESIAN_POINT('',(7.52,-4.78,6.055738799212));
#14485 = VECTOR('',#14486,1.);
#14486 = DIRECTION('',(0.,-0.,1.));
#14487 = ORIENTED_EDGE('',*,*,#14488,.T.);
#14488 = EDGE_CURVE('',#14481,#14489,#14491,.T.);
#14489 = VERTEX_POINT('',#14490);
#14490 = CARTESIAN_POINT('',(7.32,-4.78,0.9));
#14491 = LINE('',#14492,#14493);
#14492 = CARTESIAN_POINT('',(7.92,-4.78,0.9));
#14493 = VECTOR('',#14494,1.);
#14494 = DIRECTION('',(-1.,1.110223024625E-16,0.));
#14495 = ORIENTED_EDGE('',*,*,#14496,.F.);
#14496 = EDGE_CURVE('',#11513,#14489,#14497,.T.);
#14497 = LINE('',#14498,#14499);
#14498 = CARTESIAN_POINT('',(7.32,-4.78,8.2));
#14499 = VECTOR('',#14500,1.);
#14500 = DIRECTION('',(0.,-0.,-1.));
#14501 = PLANE('',#14502);
#14502 = AXIS2_PLACEMENT_3D('',#14503,#14504,#14505);
#14503 = CARTESIAN_POINT('',(7.92,-4.78,8.2));
#14504 = DIRECTION('',(1.110223024625E-16,1.,0.));
#14505 = DIRECTION('',(-1.,1.110223024625E-16,0.));
#14506 = ADVANCED_FACE('',(#14507),#14525,.F.);
#14507 = FACE_BOUND('',#14508,.F.);
#14508 = EDGE_LOOP('',(#14509,#14510,#14518,#14524));
#14509 = ORIENTED_EDGE('',*,*,#14496,.T.);
#14510 = ORIENTED_EDGE('',*,*,#14511,.T.);
#14511 = EDGE_CURVE('',#14489,#14512,#14514,.T.);
#14512 = VERTEX_POINT('',#14513);
#14513 = CARTESIAN_POINT('',(7.32,-5.38,0.9));
#14514 = LINE('',#14515,#14516);
#14515 = CARTESIAN_POINT('',(7.32,-4.78,0.9));
#14516 = VECTOR('',#14517,1.);
#14517 = DIRECTION('',(-1.110223024625E-16,-1.,0.));
#14518 = ORIENTED_EDGE('',*,*,#14519,.F.);
#14519 = EDGE_CURVE('',#11537,#14512,#14520,.T.);
#14520 = LINE('',#14521,#14522);
#14521 = CARTESIAN_POINT('',(7.32,-5.38,8.2));
#14522 = VECTOR('',#14523,1.);
#14523 = DIRECTION('',(0.,-0.,-1.));
#14524 = ORIENTED_EDGE('',*,*,#11544,.F.);
#14525 = PLANE('',#14526);
#14526 = AXIS2_PLACEMENT_3D('',#14527,#14528,#14529);
#14527 = CARTESIAN_POINT('',(7.32,-4.78,8.2));
#14528 = DIRECTION('',(-1.,1.110223024625E-16,0.));
#14529 = DIRECTION('',(-1.110223024625E-16,-1.,0.));
#14530 = ADVANCED_FACE('',(#14531),#14574,.F.);
#14531 = FACE_BOUND('',#14532,.F.);
#14532 = EDGE_LOOP('',(#14533,#14534,#14535,#14543,#14551,#14559,#14567,
    #14573));
#14533 = ORIENTED_EDGE('',*,*,#11561,.F.);
#14534 = ORIENTED_EDGE('',*,*,#14519,.T.);
#14535 = ORIENTED_EDGE('',*,*,#14536,.T.);
#14536 = EDGE_CURVE('',#14512,#14537,#14539,.T.);
#14537 = VERTEX_POINT('',#14538);
#14538 = CARTESIAN_POINT('',(7.52,-5.38,0.9));
#14539 = LINE('',#14540,#14541);
#14540 = CARTESIAN_POINT('',(7.32,-5.38,0.9));
#14541 = VECTOR('',#14542,1.);
#14542 = DIRECTION('',(1.,-1.110223024625E-16,0.));
#14543 = ORIENTED_EDGE('',*,*,#14544,.F.);
#14544 = EDGE_CURVE('',#14545,#14537,#14547,.T.);
#14545 = VERTEX_POINT('',#14546);
#14546 = CARTESIAN_POINT('',(7.52,-5.38,7.4));
#14547 = LINE('',#14548,#14549);
#14548 = CARTESIAN_POINT('',(7.52,-5.38,6.055738799212));
#14549 = VECTOR('',#14550,1.);
#14550 = DIRECTION('',(-0.,0.,-1.));
#14551 = ORIENTED_EDGE('',*,*,#14552,.T.);
#14552 = EDGE_CURVE('',#14545,#14553,#14555,.T.);
#14553 = VERTEX_POINT('',#14554);
#14554 = CARTESIAN_POINT('',(7.72,-5.38,7.4));
#14555 = LINE('',#14556,#14557);
#14556 = CARTESIAN_POINT('',(7.52,-5.38,7.4));
#14557 = VECTOR('',#14558,1.);
#14558 = DIRECTION('',(1.,-1.110223024625E-16,0.));
#14559 = ORIENTED_EDGE('',*,*,#14560,.T.);
#14560 = EDGE_CURVE('',#14553,#14561,#14563,.T.);
#14561 = VERTEX_POINT('',#14562);
#14562 = CARTESIAN_POINT('',(7.72,-5.38,0.9));
#14563 = LINE('',#14564,#14565);
#14564 = CARTESIAN_POINT('',(7.72,-5.38,6.055738799212));
#14565 = VECTOR('',#14566,1.);
#14566 = DIRECTION('',(-0.,0.,-1.));
#14567 = ORIENTED_EDGE('',*,*,#14568,.T.);
#14568 = EDGE_CURVE('',#14561,#14424,#14569,.T.);
#14569 = LINE('',#14570,#14571);
#14570 = CARTESIAN_POINT('',(7.32,-5.38,0.9));
#14571 = VECTOR('',#14572,1.);
#14572 = DIRECTION('',(1.,-1.110223024625E-16,0.));
#14573 = ORIENTED_EDGE('',*,*,#14423,.F.);
#14574 = PLANE('',#14575);
#14575 = AXIS2_PLACEMENT_3D('',#14576,#14577,#14578);
#14576 = CARTESIAN_POINT('',(7.32,-5.38,8.2));
#14577 = DIRECTION('',(-1.110223024625E-16,-1.,0.));
#14578 = DIRECTION('',(1.,-1.110223024625E-16,0.));
#14579 = ADVANCED_FACE('',(#14580),#14605,.F.);
#14580 = FACE_BOUND('',#14581,.F.);
#14581 = EDGE_LOOP('',(#14582,#14590,#14598,#14604));
#14582 = ORIENTED_EDGE('',*,*,#14583,.T.);
#14583 = EDGE_CURVE('',#11576,#14584,#14586,.T.);
#14584 = VERTEX_POINT('',#14585);
#14585 = CARTESIAN_POINT('',(7.92,-2.84,0.9));
#14586 = LINE('',#14587,#14588);
#14587 = CARTESIAN_POINT('',(7.92,-2.84,8.2));
#14588 = VECTOR('',#14589,1.);
#14589 = DIRECTION('',(0.,-0.,-1.));
#14590 = ORIENTED_EDGE('',*,*,#14591,.T.);
#14591 = EDGE_CURVE('',#14584,#14592,#14594,.T.);
#14592 = VERTEX_POINT('',#14593);
#14593 = CARTESIAN_POINT('',(7.92,-2.24,0.9));
#14594 = LINE('',#14595,#14596);
#14595 = CARTESIAN_POINT('',(7.92,-2.84,0.9));
#14596 = VECTOR('',#14597,1.);
#14597 = DIRECTION('',(1.110223024625E-16,1.,0.));
#14598 = ORIENTED_EDGE('',*,*,#14599,.F.);
#14599 = EDGE_CURVE('',#11585,#14592,#14600,.T.);
#14600 = LINE('',#14601,#14602);
#14601 = CARTESIAN_POINT('',(7.92,-2.24,8.2));
#14602 = VECTOR('',#14603,1.);
#14603 = DIRECTION('',(0.,-0.,-1.));
#14604 = ORIENTED_EDGE('',*,*,#11592,.F.);
#14605 = PLANE('',#14606);
#14606 = AXIS2_PLACEMENT_3D('',#14607,#14608,#14609);
#14607 = CARTESIAN_POINT('',(7.92,-2.84,8.2));
#14608 = DIRECTION('',(1.,-1.110223024625E-16,0.));
#14609 = DIRECTION('',(1.110223024625E-16,1.,0.));
#14610 = ADVANCED_FACE('',(#14611),#14661,.F.);
#14611 = FACE_BOUND('',#14612,.F.);
#14612 = EDGE_LOOP('',(#14613,#14614,#14615,#14623,#14631,#14639,#14647,
    #14655));
#14613 = ORIENTED_EDGE('',*,*,#11616,.F.);
#14614 = ORIENTED_EDGE('',*,*,#14599,.T.);
#14615 = ORIENTED_EDGE('',*,*,#14616,.T.);
#14616 = EDGE_CURVE('',#14592,#14617,#14619,.T.);
#14617 = VERTEX_POINT('',#14618);
#14618 = CARTESIAN_POINT('',(7.72,-2.24,0.9));
#14619 = LINE('',#14620,#14621);
#14620 = CARTESIAN_POINT('',(7.92,-2.24,0.9));
#14621 = VECTOR('',#14622,1.);
#14622 = DIRECTION('',(-1.,1.110223024625E-16,0.));
#14623 = ORIENTED_EDGE('',*,*,#14624,.T.);
#14624 = EDGE_CURVE('',#14617,#14625,#14627,.T.);
#14625 = VERTEX_POINT('',#14626);
#14626 = CARTESIAN_POINT('',(7.72,-2.24,7.4));
#14627 = LINE('',#14628,#14629);
#14628 = CARTESIAN_POINT('',(7.72,-2.24,6.055738799212));
#14629 = VECTOR('',#14630,1.);
#14630 = DIRECTION('',(0.,-0.,1.));
#14631 = ORIENTED_EDGE('',*,*,#14632,.F.);
#14632 = EDGE_CURVE('',#14633,#14625,#14635,.T.);
#14633 = VERTEX_POINT('',#14634);
#14634 = CARTESIAN_POINT('',(7.52,-2.24,7.4));
#14635 = LINE('',#14636,#14637);
#14636 = CARTESIAN_POINT('',(7.52,-2.24,7.4));
#14637 = VECTOR('',#14638,1.);
#14638 = DIRECTION('',(1.,-1.110223024625E-16,0.));
#14639 = ORIENTED_EDGE('',*,*,#14640,.F.);
#14640 = EDGE_CURVE('',#14641,#14633,#14643,.T.);
#14641 = VERTEX_POINT('',#14642);
#14642 = CARTESIAN_POINT('',(7.52,-2.24,0.9));
#14643 = LINE('',#14644,#14645);
#14644 = CARTESIAN_POINT('',(7.52,-2.24,6.055738799212));
#14645 = VECTOR('',#14646,1.);
#14646 = DIRECTION('',(0.,-0.,1.));
#14647 = ORIENTED_EDGE('',*,*,#14648,.T.);
#14648 = EDGE_CURVE('',#14641,#14649,#14651,.T.);
#14649 = VERTEX_POINT('',#14650);
#14650 = CARTESIAN_POINT('',(7.32,-2.24,0.9));
#14651 = LINE('',#14652,#14653);
#14652 = CARTESIAN_POINT('',(7.92,-2.24,0.9));
#14653 = VECTOR('',#14654,1.);
#14654 = DIRECTION('',(-1.,1.110223024625E-16,0.));
#14655 = ORIENTED_EDGE('',*,*,#14656,.F.);
#14656 = EDGE_CURVE('',#11609,#14649,#14657,.T.);
#14657 = LINE('',#14658,#14659);
#14658 = CARTESIAN_POINT('',(7.32,-2.24,8.2));
#14659 = VECTOR('',#14660,1.);
#14660 = DIRECTION('',(0.,-0.,-1.));
#14661 = PLANE('',#14662);
#14662 = AXIS2_PLACEMENT_3D('',#14663,#14664,#14665);
#14663 = CARTESIAN_POINT('',(7.92,-2.24,8.2));
#14664 = DIRECTION('',(1.110223024625E-16,1.,0.));
#14665 = DIRECTION('',(-1.,1.110223024625E-16,0.));
#14666 = ADVANCED_FACE('',(#14667),#14685,.F.);
#14667 = FACE_BOUND('',#14668,.F.);
#14668 = EDGE_LOOP('',(#14669,#14670,#14678,#14684));
#14669 = ORIENTED_EDGE('',*,*,#14656,.T.);
#14670 = ORIENTED_EDGE('',*,*,#14671,.T.);
#14671 = EDGE_CURVE('',#14649,#14672,#14674,.T.);
#14672 = VERTEX_POINT('',#14673);
#14673 = CARTESIAN_POINT('',(7.32,-2.84,0.9));
#14674 = LINE('',#14675,#14676);
#14675 = CARTESIAN_POINT('',(7.32,-2.24,0.9));
#14676 = VECTOR('',#14677,1.);
#14677 = DIRECTION('',(-1.110223024625E-16,-1.,0.));
#14678 = ORIENTED_EDGE('',*,*,#14679,.F.);
#14679 = EDGE_CURVE('',#11633,#14672,#14680,.T.);
#14680 = LINE('',#14681,#14682);
#14681 = CARTESIAN_POINT('',(7.32,-2.84,8.2));
#14682 = VECTOR('',#14683,1.);
#14683 = DIRECTION('',(0.,-0.,-1.));
#14684 = ORIENTED_EDGE('',*,*,#11640,.F.);
#14685 = PLANE('',#14686);
#14686 = AXIS2_PLACEMENT_3D('',#14687,#14688,#14689);
#14687 = CARTESIAN_POINT('',(7.32,-2.24,8.2));
#14688 = DIRECTION('',(-1.,1.110223024625E-16,0.));
#14689 = DIRECTION('',(-1.110223024625E-16,-1.,0.));
#14690 = ADVANCED_FACE('',(#14691),#14734,.F.);
#14691 = FACE_BOUND('',#14692,.F.);
#14692 = EDGE_LOOP('',(#14693,#14694,#14695,#14703,#14711,#14719,#14727,
    #14733));
#14693 = ORIENTED_EDGE('',*,*,#11657,.F.);
#14694 = ORIENTED_EDGE('',*,*,#14679,.T.);
#14695 = ORIENTED_EDGE('',*,*,#14696,.T.);
#14696 = EDGE_CURVE('',#14672,#14697,#14699,.T.);
#14697 = VERTEX_POINT('',#14698);
#14698 = CARTESIAN_POINT('',(7.52,-2.84,0.9));
#14699 = LINE('',#14700,#14701);
#14700 = CARTESIAN_POINT('',(7.32,-2.84,0.9));
#14701 = VECTOR('',#14702,1.);
#14702 = DIRECTION('',(1.,-1.110223024625E-16,0.));
#14703 = ORIENTED_EDGE('',*,*,#14704,.F.);
#14704 = EDGE_CURVE('',#14705,#14697,#14707,.T.);
#14705 = VERTEX_POINT('',#14706);
#14706 = CARTESIAN_POINT('',(7.52,-2.84,7.4));
#14707 = LINE('',#14708,#14709);
#14708 = CARTESIAN_POINT('',(7.52,-2.84,6.055738799212));
#14709 = VECTOR('',#14710,1.);
#14710 = DIRECTION('',(-0.,0.,-1.));
#14711 = ORIENTED_EDGE('',*,*,#14712,.T.);
#14712 = EDGE_CURVE('',#14705,#14713,#14715,.T.);
#14713 = VERTEX_POINT('',#14714);
#14714 = CARTESIAN_POINT('',(7.72,-2.84,7.4));
#14715 = LINE('',#14716,#14717);
#14716 = CARTESIAN_POINT('',(7.52,-2.84,7.4));
#14717 = VECTOR('',#14718,1.);
#14718 = DIRECTION('',(1.,-1.110223024625E-16,0.));
#14719 = ORIENTED_EDGE('',*,*,#14720,.T.);
#14720 = EDGE_CURVE('',#14713,#14721,#14723,.T.);
#14721 = VERTEX_POINT('',#14722);
#14722 = CARTESIAN_POINT('',(7.72,-2.84,0.9));
#14723 = LINE('',#14724,#14725);
#14724 = CARTESIAN_POINT('',(7.72,-2.84,6.055738799212));
#14725 = VECTOR('',#14726,1.);
#14726 = DIRECTION('',(-0.,0.,-1.));
#14727 = ORIENTED_EDGE('',*,*,#14728,.T.);
#14728 = EDGE_CURVE('',#14721,#14584,#14729,.T.);
#14729 = LINE('',#14730,#14731);
#14730 = CARTESIAN_POINT('',(7.32,-2.84,0.9));
#14731 = VECTOR('',#14732,1.);
#14732 = DIRECTION('',(1.,-1.110223024625E-16,0.));
#14733 = ORIENTED_EDGE('',*,*,#14583,.F.);
#14734 = PLANE('',#14735);
#14735 = AXIS2_PLACEMENT_3D('',#14736,#14737,#14738);
#14736 = CARTESIAN_POINT('',(7.32,-2.84,8.2));
#14737 = DIRECTION('',(-1.110223024625E-16,-1.,0.));
#14738 = DIRECTION('',(1.,-1.110223024625E-16,0.));
#14739 = ADVANCED_FACE('',(#14740),#14765,.F.);
#14740 = FACE_BOUND('',#14741,.F.);
#14741 = EDGE_LOOP('',(#14742,#14750,#14758,#14764));
#14742 = ORIENTED_EDGE('',*,*,#14743,.T.);
#14743 = EDGE_CURVE('',#11672,#14744,#14746,.T.);
#14744 = VERTEX_POINT('',#14745);
#14745 = CARTESIAN_POINT('',(7.92,-0.3,0.9));
#14746 = LINE('',#14747,#14748);
#14747 = CARTESIAN_POINT('',(7.92,-0.3,8.2));
#14748 = VECTOR('',#14749,1.);
#14749 = DIRECTION('',(0.,-0.,-1.));
#14750 = ORIENTED_EDGE('',*,*,#14751,.T.);
#14751 = EDGE_CURVE('',#14744,#14752,#14754,.T.);
#14752 = VERTEX_POINT('',#14753);
#14753 = CARTESIAN_POINT('',(7.92,0.3,0.9));
#14754 = LINE('',#14755,#14756);
#14755 = CARTESIAN_POINT('',(7.92,-0.3,0.9));
#14756 = VECTOR('',#14757,1.);
#14757 = DIRECTION('',(1.110223024625E-16,1.,0.));
#14758 = ORIENTED_EDGE('',*,*,#14759,.F.);
#14759 = EDGE_CURVE('',#11681,#14752,#14760,.T.);
#14760 = LINE('',#14761,#14762);
#14761 = CARTESIAN_POINT('',(7.92,0.3,8.2));
#14762 = VECTOR('',#14763,1.);
#14763 = DIRECTION('',(0.,-0.,-1.));
#14764 = ORIENTED_EDGE('',*,*,#11688,.F.);
#14765 = PLANE('',#14766);
#14766 = AXIS2_PLACEMENT_3D('',#14767,#14768,#14769);
#14767 = CARTESIAN_POINT('',(7.92,-0.3,8.2));
#14768 = DIRECTION('',(1.,-1.110223024625E-16,0.));
#14769 = DIRECTION('',(1.110223024625E-16,1.,0.));
#14770 = ADVANCED_FACE('',(#14771),#14821,.F.);
#14771 = FACE_BOUND('',#14772,.F.);
#14772 = EDGE_LOOP('',(#14773,#14774,#14775,#14783,#14791,#14799,#14807,
    #14815));
#14773 = ORIENTED_EDGE('',*,*,#11712,.F.);
#14774 = ORIENTED_EDGE('',*,*,#14759,.T.);
#14775 = ORIENTED_EDGE('',*,*,#14776,.T.);
#14776 = EDGE_CURVE('',#14752,#14777,#14779,.T.);
#14777 = VERTEX_POINT('',#14778);
#14778 = CARTESIAN_POINT('',(7.72,0.3,0.9));
#14779 = LINE('',#14780,#14781);
#14780 = CARTESIAN_POINT('',(7.92,0.3,0.9));
#14781 = VECTOR('',#14782,1.);
#14782 = DIRECTION('',(-1.,1.110223024625E-16,0.));
#14783 = ORIENTED_EDGE('',*,*,#14784,.T.);
#14784 = EDGE_CURVE('',#14777,#14785,#14787,.T.);
#14785 = VERTEX_POINT('',#14786);
#14786 = CARTESIAN_POINT('',(7.72,0.3,7.4));
#14787 = LINE('',#14788,#14789);
#14788 = CARTESIAN_POINT('',(7.72,0.3,6.055738799212));
#14789 = VECTOR('',#14790,1.);
#14790 = DIRECTION('',(0.,-0.,1.));
#14791 = ORIENTED_EDGE('',*,*,#14792,.F.);
#14792 = EDGE_CURVE('',#14793,#14785,#14795,.T.);
#14793 = VERTEX_POINT('',#14794);
#14794 = CARTESIAN_POINT('',(7.52,0.3,7.4));
#14795 = LINE('',#14796,#14797);
#14796 = CARTESIAN_POINT('',(7.52,0.3,7.4));
#14797 = VECTOR('',#14798,1.);
#14798 = DIRECTION('',(1.,-1.110223024625E-16,0.));
#14799 = ORIENTED_EDGE('',*,*,#14800,.F.);
#14800 = EDGE_CURVE('',#14801,#14793,#14803,.T.);
#14801 = VERTEX_POINT('',#14802);
#14802 = CARTESIAN_POINT('',(7.52,0.3,0.9));
#14803 = LINE('',#14804,#14805);
#14804 = CARTESIAN_POINT('',(7.52,0.3,6.055738799212));
#14805 = VECTOR('',#14806,1.);
#14806 = DIRECTION('',(0.,-0.,1.));
#14807 = ORIENTED_EDGE('',*,*,#14808,.T.);
#14808 = EDGE_CURVE('',#14801,#14809,#14811,.T.);
#14809 = VERTEX_POINT('',#14810);
#14810 = CARTESIAN_POINT('',(7.32,0.3,0.9));
#14811 = LINE('',#14812,#14813);
#14812 = CARTESIAN_POINT('',(7.92,0.3,0.9));
#14813 = VECTOR('',#14814,1.);
#14814 = DIRECTION('',(-1.,1.110223024625E-16,0.));
#14815 = ORIENTED_EDGE('',*,*,#14816,.F.);
#14816 = EDGE_CURVE('',#11705,#14809,#14817,.T.);
#14817 = LINE('',#14818,#14819);
#14818 = CARTESIAN_POINT('',(7.32,0.3,8.2));
#14819 = VECTOR('',#14820,1.);
#14820 = DIRECTION('',(0.,-0.,-1.));
#14821 = PLANE('',#14822);
#14822 = AXIS2_PLACEMENT_3D('',#14823,#14824,#14825);
#14823 = CARTESIAN_POINT('',(7.92,0.3,8.2));
#14824 = DIRECTION('',(1.110223024625E-16,1.,0.));
#14825 = DIRECTION('',(-1.,1.110223024625E-16,0.));
#14826 = ADVANCED_FACE('',(#14827),#14845,.F.);
#14827 = FACE_BOUND('',#14828,.F.);
#14828 = EDGE_LOOP('',(#14829,#14830,#14838,#14844));
#14829 = ORIENTED_EDGE('',*,*,#14816,.T.);
#14830 = ORIENTED_EDGE('',*,*,#14831,.T.);
#14831 = EDGE_CURVE('',#14809,#14832,#14834,.T.);
#14832 = VERTEX_POINT('',#14833);
#14833 = CARTESIAN_POINT('',(7.32,-0.3,0.9));
#14834 = LINE('',#14835,#14836);
#14835 = CARTESIAN_POINT('',(7.32,0.3,0.9));
#14836 = VECTOR('',#14837,1.);
#14837 = DIRECTION('',(-1.110223024625E-16,-1.,0.));
#14838 = ORIENTED_EDGE('',*,*,#14839,.F.);
#14839 = EDGE_CURVE('',#11729,#14832,#14840,.T.);
#14840 = LINE('',#14841,#14842);
#14841 = CARTESIAN_POINT('',(7.32,-0.3,8.2));
#14842 = VECTOR('',#14843,1.);
#14843 = DIRECTION('',(0.,-0.,-1.));
#14844 = ORIENTED_EDGE('',*,*,#11736,.F.);
#14845 = PLANE('',#14846);
#14846 = AXIS2_PLACEMENT_3D('',#14847,#14848,#14849);
#14847 = CARTESIAN_POINT('',(7.32,0.3,8.2));
#14848 = DIRECTION('',(-1.,1.110223024625E-16,0.));
#14849 = DIRECTION('',(-1.110223024625E-16,-1.,0.));
#14850 = ADVANCED_FACE('',(#14851),#14894,.F.);
#14851 = FACE_BOUND('',#14852,.F.);
#14852 = EDGE_LOOP('',(#14853,#14854,#14855,#14863,#14871,#14879,#14887,
    #14893));
#14853 = ORIENTED_EDGE('',*,*,#11753,.F.);
#14854 = ORIENTED_EDGE('',*,*,#14839,.T.);
#14855 = ORIENTED_EDGE('',*,*,#14856,.T.);
#14856 = EDGE_CURVE('',#14832,#14857,#14859,.T.);
#14857 = VERTEX_POINT('',#14858);
#14858 = CARTESIAN_POINT('',(7.52,-0.3,0.9));
#14859 = LINE('',#14860,#14861);
#14860 = CARTESIAN_POINT('',(7.32,-0.3,0.9));
#14861 = VECTOR('',#14862,1.);
#14862 = DIRECTION('',(1.,-1.110223024625E-16,0.));
#14863 = ORIENTED_EDGE('',*,*,#14864,.F.);
#14864 = EDGE_CURVE('',#14865,#14857,#14867,.T.);
#14865 = VERTEX_POINT('',#14866);
#14866 = CARTESIAN_POINT('',(7.52,-0.3,7.4));
#14867 = LINE('',#14868,#14869);
#14868 = CARTESIAN_POINT('',(7.52,-0.3,6.055738799212));
#14869 = VECTOR('',#14870,1.);
#14870 = DIRECTION('',(-0.,0.,-1.));
#14871 = ORIENTED_EDGE('',*,*,#14872,.T.);
#14872 = EDGE_CURVE('',#14865,#14873,#14875,.T.);
#14873 = VERTEX_POINT('',#14874);
#14874 = CARTESIAN_POINT('',(7.72,-0.3,7.4));
#14875 = LINE('',#14876,#14877);
#14876 = CARTESIAN_POINT('',(7.52,-0.3,7.4));
#14877 = VECTOR('',#14878,1.);
#14878 = DIRECTION('',(1.,-1.110223024625E-16,0.));
#14879 = ORIENTED_EDGE('',*,*,#14880,.T.);
#14880 = EDGE_CURVE('',#14873,#14881,#14883,.T.);
#14881 = VERTEX_POINT('',#14882);
#14882 = CARTESIAN_POINT('',(7.72,-0.3,0.9));
#14883 = LINE('',#14884,#14885);
#14884 = CARTESIAN_POINT('',(7.72,-0.3,6.055738799212));
#14885 = VECTOR('',#14886,1.);
#14886 = DIRECTION('',(-0.,0.,-1.));
#14887 = ORIENTED_EDGE('',*,*,#14888,.T.);
#14888 = EDGE_CURVE('',#14881,#14744,#14889,.T.);
#14889 = LINE('',#14890,#14891);
#14890 = CARTESIAN_POINT('',(7.32,-0.3,0.9));
#14891 = VECTOR('',#14892,1.);
#14892 = DIRECTION('',(1.,-1.110223024625E-16,0.));
#14893 = ORIENTED_EDGE('',*,*,#14743,.F.);
#14894 = PLANE('',#14895);
#14895 = AXIS2_PLACEMENT_3D('',#14896,#14897,#14898);
#14896 = CARTESIAN_POINT('',(7.32,-0.3,8.2));
#14897 = DIRECTION('',(-1.110223024625E-16,-1.,0.));
#14898 = DIRECTION('',(1.,-1.110223024625E-16,0.));
#14899 = ADVANCED_FACE('',(#14900),#14925,.F.);
#14900 = FACE_BOUND('',#14901,.F.);
#14901 = EDGE_LOOP('',(#14902,#14910,#14918,#14924));
#14902 = ORIENTED_EDGE('',*,*,#14903,.T.);
#14903 = EDGE_CURVE('',#11768,#14904,#14906,.T.);
#14904 = VERTEX_POINT('',#14905);
#14905 = CARTESIAN_POINT('',(7.92,2.24,0.9));
#14906 = LINE('',#14907,#14908);
#14907 = CARTESIAN_POINT('',(7.92,2.24,8.2));
#14908 = VECTOR('',#14909,1.);
#14909 = DIRECTION('',(0.,-0.,-1.));
#14910 = ORIENTED_EDGE('',*,*,#14911,.T.);
#14911 = EDGE_CURVE('',#14904,#14912,#14914,.T.);
#14912 = VERTEX_POINT('',#14913);
#14913 = CARTESIAN_POINT('',(7.92,2.84,0.9));
#14914 = LINE('',#14915,#14916);
#14915 = CARTESIAN_POINT('',(7.92,2.24,0.9));
#14916 = VECTOR('',#14917,1.);
#14917 = DIRECTION('',(1.110223024625E-16,1.,0.));
#14918 = ORIENTED_EDGE('',*,*,#14919,.F.);
#14919 = EDGE_CURVE('',#11777,#14912,#14920,.T.);
#14920 = LINE('',#14921,#14922);
#14921 = CARTESIAN_POINT('',(7.92,2.84,8.2));
#14922 = VECTOR('',#14923,1.);
#14923 = DIRECTION('',(0.,-0.,-1.));
#14924 = ORIENTED_EDGE('',*,*,#11784,.F.);
#14925 = PLANE('',#14926);
#14926 = AXIS2_PLACEMENT_3D('',#14927,#14928,#14929);
#14927 = CARTESIAN_POINT('',(7.92,2.24,8.2));
#14928 = DIRECTION('',(1.,-1.110223024625E-16,0.));
#14929 = DIRECTION('',(1.110223024625E-16,1.,0.));
#14930 = ADVANCED_FACE('',(#14931),#14981,.F.);
#14931 = FACE_BOUND('',#14932,.F.);
#14932 = EDGE_LOOP('',(#14933,#14934,#14935,#14943,#14951,#14959,#14967,
    #14975));
#14933 = ORIENTED_EDGE('',*,*,#11808,.F.);
#14934 = ORIENTED_EDGE('',*,*,#14919,.T.);
#14935 = ORIENTED_EDGE('',*,*,#14936,.T.);
#14936 = EDGE_CURVE('',#14912,#14937,#14939,.T.);
#14937 = VERTEX_POINT('',#14938);
#14938 = CARTESIAN_POINT('',(7.72,2.84,0.9));
#14939 = LINE('',#14940,#14941);
#14940 = CARTESIAN_POINT('',(7.92,2.84,0.9));
#14941 = VECTOR('',#14942,1.);
#14942 = DIRECTION('',(-1.,1.110223024625E-16,0.));
#14943 = ORIENTED_EDGE('',*,*,#14944,.T.);
#14944 = EDGE_CURVE('',#14937,#14945,#14947,.T.);
#14945 = VERTEX_POINT('',#14946);
#14946 = CARTESIAN_POINT('',(7.72,2.84,7.4));
#14947 = LINE('',#14948,#14949);
#14948 = CARTESIAN_POINT('',(7.72,2.84,6.055738799212));
#14949 = VECTOR('',#14950,1.);
#14950 = DIRECTION('',(0.,-0.,1.));
#14951 = ORIENTED_EDGE('',*,*,#14952,.F.);
#14952 = EDGE_CURVE('',#14953,#14945,#14955,.T.);
#14953 = VERTEX_POINT('',#14954);
#14954 = CARTESIAN_POINT('',(7.52,2.84,7.4));
#14955 = LINE('',#14956,#14957);
#14956 = CARTESIAN_POINT('',(7.52,2.84,7.4));
#14957 = VECTOR('',#14958,1.);
#14958 = DIRECTION('',(1.,-1.110223024625E-16,0.));
#14959 = ORIENTED_EDGE('',*,*,#14960,.F.);
#14960 = EDGE_CURVE('',#14961,#14953,#14963,.T.);
#14961 = VERTEX_POINT('',#14962);
#14962 = CARTESIAN_POINT('',(7.52,2.84,0.9));
#14963 = LINE('',#14964,#14965);
#14964 = CARTESIAN_POINT('',(7.52,2.84,6.055738799212));
#14965 = VECTOR('',#14966,1.);
#14966 = DIRECTION('',(0.,-0.,1.));
#14967 = ORIENTED_EDGE('',*,*,#14968,.T.);
#14968 = EDGE_CURVE('',#14961,#14969,#14971,.T.);
#14969 = VERTEX_POINT('',#14970);
#14970 = CARTESIAN_POINT('',(7.32,2.84,0.9));
#14971 = LINE('',#14972,#14973);
#14972 = CARTESIAN_POINT('',(7.92,2.84,0.9));
#14973 = VECTOR('',#14974,1.);
#14974 = DIRECTION('',(-1.,1.110223024625E-16,0.));
#14975 = ORIENTED_EDGE('',*,*,#14976,.F.);
#14976 = EDGE_CURVE('',#11801,#14969,#14977,.T.);
#14977 = LINE('',#14978,#14979);
#14978 = CARTESIAN_POINT('',(7.32,2.84,8.2));
#14979 = VECTOR('',#14980,1.);
#14980 = DIRECTION('',(0.,-0.,-1.));
#14981 = PLANE('',#14982);
#14982 = AXIS2_PLACEMENT_3D('',#14983,#14984,#14985);
#14983 = CARTESIAN_POINT('',(7.92,2.84,8.2));
#14984 = DIRECTION('',(1.110223024625E-16,1.,0.));
#14985 = DIRECTION('',(-1.,1.110223024625E-16,0.));
#14986 = ADVANCED_FACE('',(#14987),#15005,.F.);
#14987 = FACE_BOUND('',#14988,.F.);
#14988 = EDGE_LOOP('',(#14989,#14990,#14998,#15004));
#14989 = ORIENTED_EDGE('',*,*,#14976,.T.);
#14990 = ORIENTED_EDGE('',*,*,#14991,.T.);
#14991 = EDGE_CURVE('',#14969,#14992,#14994,.T.);
#14992 = VERTEX_POINT('',#14993);
#14993 = CARTESIAN_POINT('',(7.32,2.24,0.9));
#14994 = LINE('',#14995,#14996);
#14995 = CARTESIAN_POINT('',(7.32,2.84,0.9));
#14996 = VECTOR('',#14997,1.);
#14997 = DIRECTION('',(-1.110223024625E-16,-1.,0.));
#14998 = ORIENTED_EDGE('',*,*,#14999,.F.);
#14999 = EDGE_CURVE('',#11825,#14992,#15000,.T.);
#15000 = LINE('',#15001,#15002);
#15001 = CARTESIAN_POINT('',(7.32,2.24,8.2));
#15002 = VECTOR('',#15003,1.);
#15003 = DIRECTION('',(0.,-0.,-1.));
#15004 = ORIENTED_EDGE('',*,*,#11832,.F.);
#15005 = PLANE('',#15006);
#15006 = AXIS2_PLACEMENT_3D('',#15007,#15008,#15009);
#15007 = CARTESIAN_POINT('',(7.32,2.84,8.2));
#15008 = DIRECTION('',(-1.,1.110223024625E-16,0.));
#15009 = DIRECTION('',(-1.110223024625E-16,-1.,0.));
#15010 = ADVANCED_FACE('',(#15011),#15054,.F.);
#15011 = FACE_BOUND('',#15012,.F.);
#15012 = EDGE_LOOP('',(#15013,#15014,#15015,#15023,#15031,#15039,#15047,
    #15053));
#15013 = ORIENTED_EDGE('',*,*,#11849,.F.);
#15014 = ORIENTED_EDGE('',*,*,#14999,.T.);
#15015 = ORIENTED_EDGE('',*,*,#15016,.T.);
#15016 = EDGE_CURVE('',#14992,#15017,#15019,.T.);
#15017 = VERTEX_POINT('',#15018);
#15018 = CARTESIAN_POINT('',(7.52,2.24,0.9));
#15019 = LINE('',#15020,#15021);
#15020 = CARTESIAN_POINT('',(7.32,2.24,0.9));
#15021 = VECTOR('',#15022,1.);
#15022 = DIRECTION('',(1.,-1.110223024625E-16,0.));
#15023 = ORIENTED_EDGE('',*,*,#15024,.F.);
#15024 = EDGE_CURVE('',#15025,#15017,#15027,.T.);
#15025 = VERTEX_POINT('',#15026);
#15026 = CARTESIAN_POINT('',(7.52,2.24,7.4));
#15027 = LINE('',#15028,#15029);
#15028 = CARTESIAN_POINT('',(7.52,2.24,6.055738799212));
#15029 = VECTOR('',#15030,1.);
#15030 = DIRECTION('',(-0.,0.,-1.));
#15031 = ORIENTED_EDGE('',*,*,#15032,.T.);
#15032 = EDGE_CURVE('',#15025,#15033,#15035,.T.);
#15033 = VERTEX_POINT('',#15034);
#15034 = CARTESIAN_POINT('',(7.72,2.24,7.4));
#15035 = LINE('',#15036,#15037);
#15036 = CARTESIAN_POINT('',(7.52,2.24,7.4));
#15037 = VECTOR('',#15038,1.);
#15038 = DIRECTION('',(1.,-1.110223024625E-16,0.));
#15039 = ORIENTED_EDGE('',*,*,#15040,.T.);
#15040 = EDGE_CURVE('',#15033,#15041,#15043,.T.);
#15041 = VERTEX_POINT('',#15042);
#15042 = CARTESIAN_POINT('',(7.72,2.24,0.9));
#15043 = LINE('',#15044,#15045);
#15044 = CARTESIAN_POINT('',(7.72,2.24,6.055738799212));
#15045 = VECTOR('',#15046,1.);
#15046 = DIRECTION('',(-0.,0.,-1.));
#15047 = ORIENTED_EDGE('',*,*,#15048,.T.);
#15048 = EDGE_CURVE('',#15041,#14904,#15049,.T.);
#15049 = LINE('',#15050,#15051);
#15050 = CARTESIAN_POINT('',(7.32,2.24,0.9));
#15051 = VECTOR('',#15052,1.);
#15052 = DIRECTION('',(1.,-1.110223024625E-16,0.));
#15053 = ORIENTED_EDGE('',*,*,#14903,.F.);
#15054 = PLANE('',#15055);
#15055 = AXIS2_PLACEMENT_3D('',#15056,#15057,#15058);
#15056 = CARTESIAN_POINT('',(7.32,2.24,8.2));
#15057 = DIRECTION('',(-1.110223024625E-16,-1.,0.));
#15058 = DIRECTION('',(1.,-1.110223024625E-16,0.));
#15059 = ADVANCED_FACE('',(#15060),#15085,.F.);
#15060 = FACE_BOUND('',#15061,.F.);
#15061 = EDGE_LOOP('',(#15062,#15070,#15078,#15084));
#15062 = ORIENTED_EDGE('',*,*,#15063,.T.);
#15063 = EDGE_CURVE('',#11864,#15064,#15066,.T.);
#15064 = VERTEX_POINT('',#15065);
#15065 = CARTESIAN_POINT('',(7.92,4.78,0.9));
#15066 = LINE('',#15067,#15068);
#15067 = CARTESIAN_POINT('',(7.92,4.78,8.2));
#15068 = VECTOR('',#15069,1.);
#15069 = DIRECTION('',(0.,-0.,-1.));
#15070 = ORIENTED_EDGE('',*,*,#15071,.T.);
#15071 = EDGE_CURVE('',#15064,#15072,#15074,.T.);
#15072 = VERTEX_POINT('',#15073);
#15073 = CARTESIAN_POINT('',(7.92,5.38,0.9));
#15074 = LINE('',#15075,#15076);
#15075 = CARTESIAN_POINT('',(7.92,4.78,0.9));
#15076 = VECTOR('',#15077,1.);
#15077 = DIRECTION('',(1.110223024625E-16,1.,0.));
#15078 = ORIENTED_EDGE('',*,*,#15079,.F.);
#15079 = EDGE_CURVE('',#11873,#15072,#15080,.T.);
#15080 = LINE('',#15081,#15082);
#15081 = CARTESIAN_POINT('',(7.92,5.38,8.2));
#15082 = VECTOR('',#15083,1.);
#15083 = DIRECTION('',(0.,-0.,-1.));
#15084 = ORIENTED_EDGE('',*,*,#11880,.F.);
#15085 = PLANE('',#15086);
#15086 = AXIS2_PLACEMENT_3D('',#15087,#15088,#15089);
#15087 = CARTESIAN_POINT('',(7.92,4.78,8.2));
#15088 = DIRECTION('',(1.,-1.110223024625E-16,0.));
#15089 = DIRECTION('',(1.110223024625E-16,1.,0.));
#15090 = ADVANCED_FACE('',(#15091),#15141,.F.);
#15091 = FACE_BOUND('',#15092,.F.);
#15092 = EDGE_LOOP('',(#15093,#15094,#15095,#15103,#15111,#15119,#15127,
    #15135));
#15093 = ORIENTED_EDGE('',*,*,#11904,.F.);
#15094 = ORIENTED_EDGE('',*,*,#15079,.T.);
#15095 = ORIENTED_EDGE('',*,*,#15096,.T.);
#15096 = EDGE_CURVE('',#15072,#15097,#15099,.T.);
#15097 = VERTEX_POINT('',#15098);
#15098 = CARTESIAN_POINT('',(7.72,5.38,0.9));
#15099 = LINE('',#15100,#15101);
#15100 = CARTESIAN_POINT('',(7.92,5.38,0.9));
#15101 = VECTOR('',#15102,1.);
#15102 = DIRECTION('',(-1.,1.110223024625E-16,0.));
#15103 = ORIENTED_EDGE('',*,*,#15104,.T.);
#15104 = EDGE_CURVE('',#15097,#15105,#15107,.T.);
#15105 = VERTEX_POINT('',#15106);
#15106 = CARTESIAN_POINT('',(7.72,5.38,7.4));
#15107 = LINE('',#15108,#15109);
#15108 = CARTESIAN_POINT('',(7.72,5.38,6.055738799212));
#15109 = VECTOR('',#15110,1.);
#15110 = DIRECTION('',(0.,-0.,1.));
#15111 = ORIENTED_EDGE('',*,*,#15112,.F.);
#15112 = EDGE_CURVE('',#15113,#15105,#15115,.T.);
#15113 = VERTEX_POINT('',#15114);
#15114 = CARTESIAN_POINT('',(7.52,5.38,7.4));
#15115 = LINE('',#15116,#15117);
#15116 = CARTESIAN_POINT('',(7.52,5.38,7.4));
#15117 = VECTOR('',#15118,1.);
#15118 = DIRECTION('',(1.,-1.110223024625E-16,0.));
#15119 = ORIENTED_EDGE('',*,*,#15120,.F.);
#15120 = EDGE_CURVE('',#15121,#15113,#15123,.T.);
#15121 = VERTEX_POINT('',#15122);
#15122 = CARTESIAN_POINT('',(7.52,5.38,0.9));
#15123 = LINE('',#15124,#15125);
#15124 = CARTESIAN_POINT('',(7.52,5.38,6.055738799212));
#15125 = VECTOR('',#15126,1.);
#15126 = DIRECTION('',(0.,-0.,1.));
#15127 = ORIENTED_EDGE('',*,*,#15128,.T.);
#15128 = EDGE_CURVE('',#15121,#15129,#15131,.T.);
#15129 = VERTEX_POINT('',#15130);
#15130 = CARTESIAN_POINT('',(7.32,5.38,0.9));
#15131 = LINE('',#15132,#15133);
#15132 = CARTESIAN_POINT('',(7.92,5.38,0.9));
#15133 = VECTOR('',#15134,1.);
#15134 = DIRECTION('',(-1.,1.110223024625E-16,0.));
#15135 = ORIENTED_EDGE('',*,*,#15136,.F.);
#15136 = EDGE_CURVE('',#11897,#15129,#15137,.T.);
#15137 = LINE('',#15138,#15139);
#15138 = CARTESIAN_POINT('',(7.32,5.38,8.2));
#15139 = VECTOR('',#15140,1.);
#15140 = DIRECTION('',(0.,-0.,-1.));
#15141 = PLANE('',#15142);
#15142 = AXIS2_PLACEMENT_3D('',#15143,#15144,#15145);
#15143 = CARTESIAN_POINT('',(7.92,5.38,8.2));
#15144 = DIRECTION('',(1.110223024625E-16,1.,0.));
#15145 = DIRECTION('',(-1.,1.110223024625E-16,0.));
#15146 = ADVANCED_FACE('',(#15147),#15165,.F.);
#15147 = FACE_BOUND('',#15148,.F.);
#15148 = EDGE_LOOP('',(#15149,#15150,#15158,#15164));
#15149 = ORIENTED_EDGE('',*,*,#15136,.T.);
#15150 = ORIENTED_EDGE('',*,*,#15151,.T.);
#15151 = EDGE_CURVE('',#15129,#15152,#15154,.T.);
#15152 = VERTEX_POINT('',#15153);
#15153 = CARTESIAN_POINT('',(7.32,4.78,0.9));
#15154 = LINE('',#15155,#15156);
#15155 = CARTESIAN_POINT('',(7.32,5.38,0.9));
#15156 = VECTOR('',#15157,1.);
#15157 = DIRECTION('',(-1.110223024625E-16,-1.,0.));
#15158 = ORIENTED_EDGE('',*,*,#15159,.F.);
#15159 = EDGE_CURVE('',#11921,#15152,#15160,.T.);
#15160 = LINE('',#15161,#15162);
#15161 = CARTESIAN_POINT('',(7.32,4.78,8.2));
#15162 = VECTOR('',#15163,1.);
#15163 = DIRECTION('',(0.,-0.,-1.));
#15164 = ORIENTED_EDGE('',*,*,#11928,.F.);
#15165 = PLANE('',#15166);
#15166 = AXIS2_PLACEMENT_3D('',#15167,#15168,#15169);
#15167 = CARTESIAN_POINT('',(7.32,5.38,8.2));
#15168 = DIRECTION('',(-1.,1.110223024625E-16,0.));
#15169 = DIRECTION('',(-1.110223024625E-16,-1.,0.));
#15170 = ADVANCED_FACE('',(#15171),#15214,.F.);
#15171 = FACE_BOUND('',#15172,.F.);
#15172 = EDGE_LOOP('',(#15173,#15174,#15175,#15183,#15191,#15199,#15207,
    #15213));
#15173 = ORIENTED_EDGE('',*,*,#11945,.F.);
#15174 = ORIENTED_EDGE('',*,*,#15159,.T.);
#15175 = ORIENTED_EDGE('',*,*,#15176,.T.);
#15176 = EDGE_CURVE('',#15152,#15177,#15179,.T.);
#15177 = VERTEX_POINT('',#15178);
#15178 = CARTESIAN_POINT('',(7.52,4.78,0.9));
#15179 = LINE('',#15180,#15181);
#15180 = CARTESIAN_POINT('',(7.32,4.78,0.9));
#15181 = VECTOR('',#15182,1.);
#15182 = DIRECTION('',(1.,-1.110223024625E-16,0.));
#15183 = ORIENTED_EDGE('',*,*,#15184,.F.);
#15184 = EDGE_CURVE('',#15185,#15177,#15187,.T.);
#15185 = VERTEX_POINT('',#15186);
#15186 = CARTESIAN_POINT('',(7.52,4.78,7.4));
#15187 = LINE('',#15188,#15189);
#15188 = CARTESIAN_POINT('',(7.52,4.78,6.055738799212));
#15189 = VECTOR('',#15190,1.);
#15190 = DIRECTION('',(-0.,0.,-1.));
#15191 = ORIENTED_EDGE('',*,*,#15192,.T.);
#15192 = EDGE_CURVE('',#15185,#15193,#15195,.T.);
#15193 = VERTEX_POINT('',#15194);
#15194 = CARTESIAN_POINT('',(7.72,4.78,7.4));
#15195 = LINE('',#15196,#15197);
#15196 = CARTESIAN_POINT('',(7.52,4.78,7.4));
#15197 = VECTOR('',#15198,1.);
#15198 = DIRECTION('',(1.,-1.110223024625E-16,0.));
#15199 = ORIENTED_EDGE('',*,*,#15200,.T.);
#15200 = EDGE_CURVE('',#15193,#15201,#15203,.T.);
#15201 = VERTEX_POINT('',#15202);
#15202 = CARTESIAN_POINT('',(7.72,4.78,0.9));
#15203 = LINE('',#15204,#15205);
#15204 = CARTESIAN_POINT('',(7.72,4.78,6.055738799212));
#15205 = VECTOR('',#15206,1.);
#15206 = DIRECTION('',(-0.,0.,-1.));
#15207 = ORIENTED_EDGE('',*,*,#15208,.T.);
#15208 = EDGE_CURVE('',#15201,#15064,#15209,.T.);
#15209 = LINE('',#15210,#15211);
#15210 = CARTESIAN_POINT('',(7.32,4.78,0.9));
#15211 = VECTOR('',#15212,1.);
#15212 = DIRECTION('',(1.,-1.110223024625E-16,0.));
#15213 = ORIENTED_EDGE('',*,*,#15063,.F.);
#15214 = PLANE('',#15215);
#15215 = AXIS2_PLACEMENT_3D('',#15216,#15217,#15218);
#15216 = CARTESIAN_POINT('',(7.32,4.78,8.2));
#15217 = DIRECTION('',(-1.110223024625E-16,-1.,0.));
#15218 = DIRECTION('',(1.,-1.110223024625E-16,0.));
#15219 = ADVANCED_FACE('',(#15220),#15245,.F.);
#15220 = FACE_BOUND('',#15221,.F.);
#15221 = EDGE_LOOP('',(#15222,#15230,#15238,#15244));
#15222 = ORIENTED_EDGE('',*,*,#15223,.T.);
#15223 = EDGE_CURVE('',#11960,#15224,#15226,.T.);
#15224 = VERTEX_POINT('',#15225);
#15225 = CARTESIAN_POINT('',(7.92,7.32,0.9));
#15226 = LINE('',#15227,#15228);
#15227 = CARTESIAN_POINT('',(7.92,7.32,8.2));
#15228 = VECTOR('',#15229,1.);
#15229 = DIRECTION('',(0.,-0.,-1.));
#15230 = ORIENTED_EDGE('',*,*,#15231,.T.);
#15231 = EDGE_CURVE('',#15224,#15232,#15234,.T.);
#15232 = VERTEX_POINT('',#15233);
#15233 = CARTESIAN_POINT('',(7.92,7.92,0.9));
#15234 = LINE('',#15235,#15236);
#15235 = CARTESIAN_POINT('',(7.92,7.32,0.9));
#15236 = VECTOR('',#15237,1.);
#15237 = DIRECTION('',(1.110223024625E-16,1.,0.));
#15238 = ORIENTED_EDGE('',*,*,#15239,.F.);
#15239 = EDGE_CURVE('',#11969,#15232,#15240,.T.);
#15240 = LINE('',#15241,#15242);
#15241 = CARTESIAN_POINT('',(7.92,7.92,8.2));
#15242 = VECTOR('',#15243,1.);
#15243 = DIRECTION('',(0.,-0.,-1.));
#15244 = ORIENTED_EDGE('',*,*,#11976,.F.);
#15245 = PLANE('',#15246);
#15246 = AXIS2_PLACEMENT_3D('',#15247,#15248,#15249);
#15247 = CARTESIAN_POINT('',(7.92,7.32,8.2));
#15248 = DIRECTION('',(1.,-1.110223024625E-16,0.));
#15249 = DIRECTION('',(1.110223024625E-16,1.,0.));
#15250 = ADVANCED_FACE('',(#15251),#15301,.F.);
#15251 = FACE_BOUND('',#15252,.F.);
#15252 = EDGE_LOOP('',(#15253,#15254,#15255,#15263,#15271,#15279,#15287,
    #15295));
#15253 = ORIENTED_EDGE('',*,*,#12000,.F.);
#15254 = ORIENTED_EDGE('',*,*,#15239,.T.);
#15255 = ORIENTED_EDGE('',*,*,#15256,.T.);
#15256 = EDGE_CURVE('',#15232,#15257,#15259,.T.);
#15257 = VERTEX_POINT('',#15258);
#15258 = CARTESIAN_POINT('',(7.72,7.92,0.9));
#15259 = LINE('',#15260,#15261);
#15260 = CARTESIAN_POINT('',(7.92,7.92,0.9));
#15261 = VECTOR('',#15262,1.);
#15262 = DIRECTION('',(-1.,1.110223024625E-16,0.));
#15263 = ORIENTED_EDGE('',*,*,#15264,.T.);
#15264 = EDGE_CURVE('',#15257,#15265,#15267,.T.);
#15265 = VERTEX_POINT('',#15266);
#15266 = CARTESIAN_POINT('',(7.72,7.92,7.4));
#15267 = LINE('',#15268,#15269);
#15268 = CARTESIAN_POINT('',(7.72,7.92,6.055738799212));
#15269 = VECTOR('',#15270,1.);
#15270 = DIRECTION('',(0.,-0.,1.));
#15271 = ORIENTED_EDGE('',*,*,#15272,.F.);
#15272 = EDGE_CURVE('',#15273,#15265,#15275,.T.);
#15273 = VERTEX_POINT('',#15274);
#15274 = CARTESIAN_POINT('',(7.52,7.92,7.4));
#15275 = LINE('',#15276,#15277);
#15276 = CARTESIAN_POINT('',(7.52,7.92,7.4));
#15277 = VECTOR('',#15278,1.);
#15278 = DIRECTION('',(1.,-1.110223024625E-16,0.));
#15279 = ORIENTED_EDGE('',*,*,#15280,.F.);
#15280 = EDGE_CURVE('',#15281,#15273,#15283,.T.);
#15281 = VERTEX_POINT('',#15282);
#15282 = CARTESIAN_POINT('',(7.52,7.92,0.9));
#15283 = LINE('',#15284,#15285);
#15284 = CARTESIAN_POINT('',(7.52,7.92,6.055738799212));
#15285 = VECTOR('',#15286,1.);
#15286 = DIRECTION('',(0.,-0.,1.));
#15287 = ORIENTED_EDGE('',*,*,#15288,.T.);
#15288 = EDGE_CURVE('',#15281,#15289,#15291,.T.);
#15289 = VERTEX_POINT('',#15290);
#15290 = CARTESIAN_POINT('',(7.32,7.92,0.9));
#15291 = LINE('',#15292,#15293);
#15292 = CARTESIAN_POINT('',(7.92,7.92,0.9));
#15293 = VECTOR('',#15294,1.);
#15294 = DIRECTION('',(-1.,1.110223024625E-16,0.));
#15295 = ORIENTED_EDGE('',*,*,#15296,.F.);
#15296 = EDGE_CURVE('',#11993,#15289,#15297,.T.);
#15297 = LINE('',#15298,#15299);
#15298 = CARTESIAN_POINT('',(7.32,7.92,8.2));
#15299 = VECTOR('',#15300,1.);
#15300 = DIRECTION('',(0.,-0.,-1.));
#15301 = PLANE('',#15302);
#15302 = AXIS2_PLACEMENT_3D('',#15303,#15304,#15305);
#15303 = CARTESIAN_POINT('',(7.92,7.92,8.2));
#15304 = DIRECTION('',(1.110223024625E-16,1.,0.));
#15305 = DIRECTION('',(-1.,1.110223024625E-16,0.));
#15306 = ADVANCED_FACE('',(#15307),#15325,.F.);
#15307 = FACE_BOUND('',#15308,.F.);
#15308 = EDGE_LOOP('',(#15309,#15310,#15318,#15324));
#15309 = ORIENTED_EDGE('',*,*,#15296,.T.);
#15310 = ORIENTED_EDGE('',*,*,#15311,.T.);
#15311 = EDGE_CURVE('',#15289,#15312,#15314,.T.);
#15312 = VERTEX_POINT('',#15313);
#15313 = CARTESIAN_POINT('',(7.32,7.32,0.9));
#15314 = LINE('',#15315,#15316);
#15315 = CARTESIAN_POINT('',(7.32,7.92,0.9));
#15316 = VECTOR('',#15317,1.);
#15317 = DIRECTION('',(-1.110223024625E-16,-1.,0.));
#15318 = ORIENTED_EDGE('',*,*,#15319,.F.);
#15319 = EDGE_CURVE('',#12017,#15312,#15320,.T.);
#15320 = LINE('',#15321,#15322);
#15321 = CARTESIAN_POINT('',(7.32,7.32,8.2));
#15322 = VECTOR('',#15323,1.);
#15323 = DIRECTION('',(0.,-0.,-1.));
#15324 = ORIENTED_EDGE('',*,*,#12024,.F.);
#15325 = PLANE('',#15326);
#15326 = AXIS2_PLACEMENT_3D('',#15327,#15328,#15329);
#15327 = CARTESIAN_POINT('',(7.32,7.92,8.2));
#15328 = DIRECTION('',(-1.,1.110223024625E-16,0.));
#15329 = DIRECTION('',(-1.110223024625E-16,-1.,0.));
#15330 = ADVANCED_FACE('',(#15331),#15374,.F.);
#15331 = FACE_BOUND('',#15332,.F.);
#15332 = EDGE_LOOP('',(#15333,#15334,#15335,#15343,#15351,#15359,#15367,
    #15373));
#15333 = ORIENTED_EDGE('',*,*,#12041,.F.);
#15334 = ORIENTED_EDGE('',*,*,#15319,.T.);
#15335 = ORIENTED_EDGE('',*,*,#15336,.T.);
#15336 = EDGE_CURVE('',#15312,#15337,#15339,.T.);
#15337 = VERTEX_POINT('',#15338);
#15338 = CARTESIAN_POINT('',(7.52,7.32,0.9));
#15339 = LINE('',#15340,#15341);
#15340 = CARTESIAN_POINT('',(7.32,7.32,0.9));
#15341 = VECTOR('',#15342,1.);
#15342 = DIRECTION('',(1.,-1.110223024625E-16,0.));
#15343 = ORIENTED_EDGE('',*,*,#15344,.F.);
#15344 = EDGE_CURVE('',#15345,#15337,#15347,.T.);
#15345 = VERTEX_POINT('',#15346);
#15346 = CARTESIAN_POINT('',(7.52,7.32,7.4));
#15347 = LINE('',#15348,#15349);
#15348 = CARTESIAN_POINT('',(7.52,7.32,6.055738799212));
#15349 = VECTOR('',#15350,1.);
#15350 = DIRECTION('',(-0.,0.,-1.));
#15351 = ORIENTED_EDGE('',*,*,#15352,.T.);
#15352 = EDGE_CURVE('',#15345,#15353,#15355,.T.);
#15353 = VERTEX_POINT('',#15354);
#15354 = CARTESIAN_POINT('',(7.72,7.32,7.4));
#15355 = LINE('',#15356,#15357);
#15356 = CARTESIAN_POINT('',(7.52,7.32,7.4));
#15357 = VECTOR('',#15358,1.);
#15358 = DIRECTION('',(1.,-1.110223024625E-16,0.));
#15359 = ORIENTED_EDGE('',*,*,#15360,.T.);
#15360 = EDGE_CURVE('',#15353,#15361,#15363,.T.);
#15361 = VERTEX_POINT('',#15362);
#15362 = CARTESIAN_POINT('',(7.72,7.32,0.9));
#15363 = LINE('',#15364,#15365);
#15364 = CARTESIAN_POINT('',(7.72,7.32,6.055738799212));
#15365 = VECTOR('',#15366,1.);
#15366 = DIRECTION('',(-0.,0.,-1.));
#15367 = ORIENTED_EDGE('',*,*,#15368,.T.);
#15368 = EDGE_CURVE('',#15361,#15224,#15369,.T.);
#15369 = LINE('',#15370,#15371);
#15370 = CARTESIAN_POINT('',(7.32,7.32,0.9));
#15371 = VECTOR('',#15372,1.);
#15372 = DIRECTION('',(1.,-1.110223024625E-16,0.));
#15373 = ORIENTED_EDGE('',*,*,#15223,.F.);
#15374 = PLANE('',#15375);
#15375 = AXIS2_PLACEMENT_3D('',#15376,#15377,#15378);
#15376 = CARTESIAN_POINT('',(7.32,7.32,8.2));
#15377 = DIRECTION('',(-1.110223024625E-16,-1.,0.));
#15378 = DIRECTION('',(1.,-1.110223024625E-16,0.));
#15379 = ADVANCED_FACE('',(#15380),#15405,.F.);
#15380 = FACE_BOUND('',#15381,.F.);
#15381 = EDGE_LOOP('',(#15382,#15390,#15398,#15404));
#15382 = ORIENTED_EDGE('',*,*,#15383,.T.);
#15383 = EDGE_CURVE('',#12056,#15384,#15386,.T.);
#15384 = VERTEX_POINT('',#15385);
#15385 = CARTESIAN_POINT('',(7.92,9.86,0.9));
#15386 = LINE('',#15387,#15388);
#15387 = CARTESIAN_POINT('',(7.92,9.86,8.2));
#15388 = VECTOR('',#15389,1.);
#15389 = DIRECTION('',(0.,-0.,-1.));
#15390 = ORIENTED_EDGE('',*,*,#15391,.T.);
#15391 = EDGE_CURVE('',#15384,#15392,#15394,.T.);
#15392 = VERTEX_POINT('',#15393);
#15393 = CARTESIAN_POINT('',(7.92,10.46,0.9));
#15394 = LINE('',#15395,#15396);
#15395 = CARTESIAN_POINT('',(7.92,9.86,0.9));
#15396 = VECTOR('',#15397,1.);
#15397 = DIRECTION('',(1.110223024625E-16,1.,0.));
#15398 = ORIENTED_EDGE('',*,*,#15399,.F.);
#15399 = EDGE_CURVE('',#12065,#15392,#15400,.T.);
#15400 = LINE('',#15401,#15402);
#15401 = CARTESIAN_POINT('',(7.92,10.46,8.2));
#15402 = VECTOR('',#15403,1.);
#15403 = DIRECTION('',(0.,-0.,-1.));
#15404 = ORIENTED_EDGE('',*,*,#12072,.F.);
#15405 = PLANE('',#15406);
#15406 = AXIS2_PLACEMENT_3D('',#15407,#15408,#15409);
#15407 = CARTESIAN_POINT('',(7.92,9.86,8.2));
#15408 = DIRECTION('',(1.,-1.110223024625E-16,0.));
#15409 = DIRECTION('',(1.110223024625E-16,1.,0.));
#15410 = ADVANCED_FACE('',(#15411),#15461,.F.);
#15411 = FACE_BOUND('',#15412,.F.);
#15412 = EDGE_LOOP('',(#15413,#15414,#15415,#15423,#15431,#15439,#15447,
    #15455));
#15413 = ORIENTED_EDGE('',*,*,#12096,.F.);
#15414 = ORIENTED_EDGE('',*,*,#15399,.T.);
#15415 = ORIENTED_EDGE('',*,*,#15416,.T.);
#15416 = EDGE_CURVE('',#15392,#15417,#15419,.T.);
#15417 = VERTEX_POINT('',#15418);
#15418 = CARTESIAN_POINT('',(7.72,10.46,0.9));
#15419 = LINE('',#15420,#15421);
#15420 = CARTESIAN_POINT('',(7.92,10.46,0.9));
#15421 = VECTOR('',#15422,1.);
#15422 = DIRECTION('',(-1.,1.110223024625E-16,0.));
#15423 = ORIENTED_EDGE('',*,*,#15424,.T.);
#15424 = EDGE_CURVE('',#15417,#15425,#15427,.T.);
#15425 = VERTEX_POINT('',#15426);
#15426 = CARTESIAN_POINT('',(7.72,10.46,7.4));
#15427 = LINE('',#15428,#15429);
#15428 = CARTESIAN_POINT('',(7.72,10.46,6.055738799212));
#15429 = VECTOR('',#15430,1.);
#15430 = DIRECTION('',(0.,-0.,1.));
#15431 = ORIENTED_EDGE('',*,*,#15432,.F.);
#15432 = EDGE_CURVE('',#15433,#15425,#15435,.T.);
#15433 = VERTEX_POINT('',#15434);
#15434 = CARTESIAN_POINT('',(7.52,10.46,7.4));
#15435 = LINE('',#15436,#15437);
#15436 = CARTESIAN_POINT('',(7.52,10.46,7.4));
#15437 = VECTOR('',#15438,1.);
#15438 = DIRECTION('',(1.,-1.110223024625E-16,0.));
#15439 = ORIENTED_EDGE('',*,*,#15440,.F.);
#15440 = EDGE_CURVE('',#15441,#15433,#15443,.T.);
#15441 = VERTEX_POINT('',#15442);
#15442 = CARTESIAN_POINT('',(7.52,10.46,0.9));
#15443 = LINE('',#15444,#15445);
#15444 = CARTESIAN_POINT('',(7.52,10.46,6.055738799212));
#15445 = VECTOR('',#15446,1.);
#15446 = DIRECTION('',(0.,-0.,1.));
#15447 = ORIENTED_EDGE('',*,*,#15448,.T.);
#15448 = EDGE_CURVE('',#15441,#15449,#15451,.T.);
#15449 = VERTEX_POINT('',#15450);
#15450 = CARTESIAN_POINT('',(7.32,10.46,0.9));
#15451 = LINE('',#15452,#15453);
#15452 = CARTESIAN_POINT('',(7.92,10.46,0.9));
#15453 = VECTOR('',#15454,1.);
#15454 = DIRECTION('',(-1.,1.110223024625E-16,0.));
#15455 = ORIENTED_EDGE('',*,*,#15456,.F.);
#15456 = EDGE_CURVE('',#12089,#15449,#15457,.T.);
#15457 = LINE('',#15458,#15459);
#15458 = CARTESIAN_POINT('',(7.32,10.46,8.2));
#15459 = VECTOR('',#15460,1.);
#15460 = DIRECTION('',(0.,-0.,-1.));
#15461 = PLANE('',#15462);
#15462 = AXIS2_PLACEMENT_3D('',#15463,#15464,#15465);
#15463 = CARTESIAN_POINT('',(7.92,10.46,8.2));
#15464 = DIRECTION('',(1.110223024625E-16,1.,0.));
#15465 = DIRECTION('',(-1.,1.110223024625E-16,0.));
#15466 = ADVANCED_FACE('',(#15467),#15485,.F.);
#15467 = FACE_BOUND('',#15468,.F.);
#15468 = EDGE_LOOP('',(#15469,#15470,#15478,#15484));
#15469 = ORIENTED_EDGE('',*,*,#15456,.T.);
#15470 = ORIENTED_EDGE('',*,*,#15471,.T.);
#15471 = EDGE_CURVE('',#15449,#15472,#15474,.T.);
#15472 = VERTEX_POINT('',#15473);
#15473 = CARTESIAN_POINT('',(7.32,9.86,0.9));
#15474 = LINE('',#15475,#15476);
#15475 = CARTESIAN_POINT('',(7.32,10.46,0.9));
#15476 = VECTOR('',#15477,1.);
#15477 = DIRECTION('',(-1.110223024625E-16,-1.,0.));
#15478 = ORIENTED_EDGE('',*,*,#15479,.F.);
#15479 = EDGE_CURVE('',#12113,#15472,#15480,.T.);
#15480 = LINE('',#15481,#15482);
#15481 = CARTESIAN_POINT('',(7.32,9.86,8.2));
#15482 = VECTOR('',#15483,1.);
#15483 = DIRECTION('',(0.,-0.,-1.));
#15484 = ORIENTED_EDGE('',*,*,#12120,.F.);
#15485 = PLANE('',#15486);
#15486 = AXIS2_PLACEMENT_3D('',#15487,#15488,#15489);
#15487 = CARTESIAN_POINT('',(7.32,10.46,8.2));
#15488 = DIRECTION('',(-1.,1.110223024625E-16,0.));
#15489 = DIRECTION('',(-1.110223024625E-16,-1.,0.));
#15490 = ADVANCED_FACE('',(#15491),#15534,.F.);
#15491 = FACE_BOUND('',#15492,.F.);
#15492 = EDGE_LOOP('',(#15493,#15494,#15495,#15503,#15511,#15519,#15527,
    #15533));
#15493 = ORIENTED_EDGE('',*,*,#12137,.F.);
#15494 = ORIENTED_EDGE('',*,*,#15479,.T.);
#15495 = ORIENTED_EDGE('',*,*,#15496,.T.);
#15496 = EDGE_CURVE('',#15472,#15497,#15499,.T.);
#15497 = VERTEX_POINT('',#15498);
#15498 = CARTESIAN_POINT('',(7.52,9.86,0.9));
#15499 = LINE('',#15500,#15501);
#15500 = CARTESIAN_POINT('',(7.32,9.86,0.9));
#15501 = VECTOR('',#15502,1.);
#15502 = DIRECTION('',(1.,-1.110223024625E-16,0.));
#15503 = ORIENTED_EDGE('',*,*,#15504,.F.);
#15504 = EDGE_CURVE('',#15505,#15497,#15507,.T.);
#15505 = VERTEX_POINT('',#15506);
#15506 = CARTESIAN_POINT('',(7.52,9.86,7.4));
#15507 = LINE('',#15508,#15509);
#15508 = CARTESIAN_POINT('',(7.52,9.86,6.055738799212));
#15509 = VECTOR('',#15510,1.);
#15510 = DIRECTION('',(-0.,0.,-1.));
#15511 = ORIENTED_EDGE('',*,*,#15512,.T.);
#15512 = EDGE_CURVE('',#15505,#15513,#15515,.T.);
#15513 = VERTEX_POINT('',#15514);
#15514 = CARTESIAN_POINT('',(7.72,9.86,7.4));
#15515 = LINE('',#15516,#15517);
#15516 = CARTESIAN_POINT('',(7.52,9.86,7.4));
#15517 = VECTOR('',#15518,1.);
#15518 = DIRECTION('',(1.,-1.110223024625E-16,0.));
#15519 = ORIENTED_EDGE('',*,*,#15520,.T.);
#15520 = EDGE_CURVE('',#15513,#15521,#15523,.T.);
#15521 = VERTEX_POINT('',#15522);
#15522 = CARTESIAN_POINT('',(7.72,9.86,0.9));
#15523 = LINE('',#15524,#15525);
#15524 = CARTESIAN_POINT('',(7.72,9.86,6.055738799212));
#15525 = VECTOR('',#15526,1.);
#15526 = DIRECTION('',(-0.,0.,-1.));
#15527 = ORIENTED_EDGE('',*,*,#15528,.T.);
#15528 = EDGE_CURVE('',#15521,#15384,#15529,.T.);
#15529 = LINE('',#15530,#15531);
#15530 = CARTESIAN_POINT('',(7.32,9.86,0.9));
#15531 = VECTOR('',#15532,1.);
#15532 = DIRECTION('',(1.,-1.110223024625E-16,0.));
#15533 = ORIENTED_EDGE('',*,*,#15383,.F.);
#15534 = PLANE('',#15535);
#15535 = AXIS2_PLACEMENT_3D('',#15536,#15537,#15538);
#15536 = CARTESIAN_POINT('',(7.32,9.86,8.2));
#15537 = DIRECTION('',(-1.110223024625E-16,-1.,0.));
#15538 = DIRECTION('',(1.,-1.110223024625E-16,0.));
#15539 = ADVANCED_FACE('',(#15540),#15565,.F.);
#15540 = FACE_BOUND('',#15541,.F.);
#15541 = EDGE_LOOP('',(#15542,#15550,#15558,#15564));
#15542 = ORIENTED_EDGE('',*,*,#15543,.T.);
#15543 = EDGE_CURVE('',#12152,#15544,#15546,.T.);
#15544 = VERTEX_POINT('',#15545);
#15545 = CARTESIAN_POINT('',(7.92,12.4,0.9));
#15546 = LINE('',#15547,#15548);
#15547 = CARTESIAN_POINT('',(7.92,12.4,8.2));
#15548 = VECTOR('',#15549,1.);
#15549 = DIRECTION('',(0.,-0.,-1.));
#15550 = ORIENTED_EDGE('',*,*,#15551,.T.);
#15551 = EDGE_CURVE('',#15544,#15552,#15554,.T.);
#15552 = VERTEX_POINT('',#15553);
#15553 = CARTESIAN_POINT('',(7.92,13.,0.9));
#15554 = LINE('',#15555,#15556);
#15555 = CARTESIAN_POINT('',(7.92,12.4,0.9));
#15556 = VECTOR('',#15557,1.);
#15557 = DIRECTION('',(1.110223024625E-16,1.,0.));
#15558 = ORIENTED_EDGE('',*,*,#15559,.F.);
#15559 = EDGE_CURVE('',#12161,#15552,#15560,.T.);
#15560 = LINE('',#15561,#15562);
#15561 = CARTESIAN_POINT('',(7.92,13.,8.2));
#15562 = VECTOR('',#15563,1.);
#15563 = DIRECTION('',(0.,-0.,-1.));
#15564 = ORIENTED_EDGE('',*,*,#12168,.F.);
#15565 = PLANE('',#15566);
#15566 = AXIS2_PLACEMENT_3D('',#15567,#15568,#15569);
#15567 = CARTESIAN_POINT('',(7.92,12.4,8.2));
#15568 = DIRECTION('',(1.,-1.110223024625E-16,0.));
#15569 = DIRECTION('',(1.110223024625E-16,1.,0.));
#15570 = ADVANCED_FACE('',(#15571),#15621,.F.);
#15571 = FACE_BOUND('',#15572,.F.);
#15572 = EDGE_LOOP('',(#15573,#15574,#15575,#15583,#15591,#15599,#15607,
    #15615));
#15573 = ORIENTED_EDGE('',*,*,#12192,.F.);
#15574 = ORIENTED_EDGE('',*,*,#15559,.T.);
#15575 = ORIENTED_EDGE('',*,*,#15576,.T.);
#15576 = EDGE_CURVE('',#15552,#15577,#15579,.T.);
#15577 = VERTEX_POINT('',#15578);
#15578 = CARTESIAN_POINT('',(7.72,13.,0.9));
#15579 = LINE('',#15580,#15581);
#15580 = CARTESIAN_POINT('',(7.92,13.,0.9));
#15581 = VECTOR('',#15582,1.);
#15582 = DIRECTION('',(-1.,1.110223024625E-16,0.));
#15583 = ORIENTED_EDGE('',*,*,#15584,.T.);
#15584 = EDGE_CURVE('',#15577,#15585,#15587,.T.);
#15585 = VERTEX_POINT('',#15586);
#15586 = CARTESIAN_POINT('',(7.72,13.,7.4));
#15587 = LINE('',#15588,#15589);
#15588 = CARTESIAN_POINT('',(7.72,13.,6.055738799212));
#15589 = VECTOR('',#15590,1.);
#15590 = DIRECTION('',(0.,-0.,1.));
#15591 = ORIENTED_EDGE('',*,*,#15592,.F.);
#15592 = EDGE_CURVE('',#15593,#15585,#15595,.T.);
#15593 = VERTEX_POINT('',#15594);
#15594 = CARTESIAN_POINT('',(7.52,13.,7.4));
#15595 = LINE('',#15596,#15597);
#15596 = CARTESIAN_POINT('',(7.52,13.,7.4));
#15597 = VECTOR('',#15598,1.);
#15598 = DIRECTION('',(1.,-1.110223024625E-16,0.));
#15599 = ORIENTED_EDGE('',*,*,#15600,.F.);
#15600 = EDGE_CURVE('',#15601,#15593,#15603,.T.);
#15601 = VERTEX_POINT('',#15602);
#15602 = CARTESIAN_POINT('',(7.52,13.,0.9));
#15603 = LINE('',#15604,#15605);
#15604 = CARTESIAN_POINT('',(7.52,13.,6.055738799212));
#15605 = VECTOR('',#15606,1.);
#15606 = DIRECTION('',(0.,-0.,1.));
#15607 = ORIENTED_EDGE('',*,*,#15608,.T.);
#15608 = EDGE_CURVE('',#15601,#15609,#15611,.T.);
#15609 = VERTEX_POINT('',#15610);
#15610 = CARTESIAN_POINT('',(7.32,13.,0.9));
#15611 = LINE('',#15612,#15613);
#15612 = CARTESIAN_POINT('',(7.92,13.,0.9));
#15613 = VECTOR('',#15614,1.);
#15614 = DIRECTION('',(-1.,1.110223024625E-16,0.));
#15615 = ORIENTED_EDGE('',*,*,#15616,.F.);
#15616 = EDGE_CURVE('',#12185,#15609,#15617,.T.);
#15617 = LINE('',#15618,#15619);
#15618 = CARTESIAN_POINT('',(7.32,13.,8.2));
#15619 = VECTOR('',#15620,1.);
#15620 = DIRECTION('',(0.,-0.,-1.));
#15621 = PLANE('',#15622);
#15622 = AXIS2_PLACEMENT_3D('',#15623,#15624,#15625);
#15623 = CARTESIAN_POINT('',(7.92,13.,8.2));
#15624 = DIRECTION('',(1.110223024625E-16,1.,0.));
#15625 = DIRECTION('',(-1.,1.110223024625E-16,0.));
#15626 = ADVANCED_FACE('',(#15627),#15645,.F.);
#15627 = FACE_BOUND('',#15628,.F.);
#15628 = EDGE_LOOP('',(#15629,#15630,#15638,#15644));
#15629 = ORIENTED_EDGE('',*,*,#15616,.T.);
#15630 = ORIENTED_EDGE('',*,*,#15631,.T.);
#15631 = EDGE_CURVE('',#15609,#15632,#15634,.T.);
#15632 = VERTEX_POINT('',#15633);
#15633 = CARTESIAN_POINT('',(7.32,12.4,0.9));
#15634 = LINE('',#15635,#15636);
#15635 = CARTESIAN_POINT('',(7.32,13.,0.9));
#15636 = VECTOR('',#15637,1.);
#15637 = DIRECTION('',(-1.110223024625E-16,-1.,0.));
#15638 = ORIENTED_EDGE('',*,*,#15639,.F.);
#15639 = EDGE_CURVE('',#12209,#15632,#15640,.T.);
#15640 = LINE('',#15641,#15642);
#15641 = CARTESIAN_POINT('',(7.32,12.4,8.2));
#15642 = VECTOR('',#15643,1.);
#15643 = DIRECTION('',(0.,-0.,-1.));
#15644 = ORIENTED_EDGE('',*,*,#12216,.F.);
#15645 = PLANE('',#15646);
#15646 = AXIS2_PLACEMENT_3D('',#15647,#15648,#15649);
#15647 = CARTESIAN_POINT('',(7.32,13.,8.2));
#15648 = DIRECTION('',(-1.,1.110223024625E-16,0.));
#15649 = DIRECTION('',(-1.110223024625E-16,-1.,0.));
#15650 = ADVANCED_FACE('',(#15651),#15694,.F.);
#15651 = FACE_BOUND('',#15652,.F.);
#15652 = EDGE_LOOP('',(#15653,#15654,#15655,#15663,#15671,#15679,#15687,
    #15693));
#15653 = ORIENTED_EDGE('',*,*,#12233,.F.);
#15654 = ORIENTED_EDGE('',*,*,#15639,.T.);
#15655 = ORIENTED_EDGE('',*,*,#15656,.T.);
#15656 = EDGE_CURVE('',#15632,#15657,#15659,.T.);
#15657 = VERTEX_POINT('',#15658);
#15658 = CARTESIAN_POINT('',(7.52,12.4,0.9));
#15659 = LINE('',#15660,#15661);
#15660 = CARTESIAN_POINT('',(7.32,12.4,0.9));
#15661 = VECTOR('',#15662,1.);
#15662 = DIRECTION('',(1.,-1.110223024625E-16,0.));
#15663 = ORIENTED_EDGE('',*,*,#15664,.F.);
#15664 = EDGE_CURVE('',#15665,#15657,#15667,.T.);
#15665 = VERTEX_POINT('',#15666);
#15666 = CARTESIAN_POINT('',(7.52,12.4,7.4));
#15667 = LINE('',#15668,#15669);
#15668 = CARTESIAN_POINT('',(7.52,12.4,6.055738799212));
#15669 = VECTOR('',#15670,1.);
#15670 = DIRECTION('',(-0.,0.,-1.));
#15671 = ORIENTED_EDGE('',*,*,#15672,.T.);
#15672 = EDGE_CURVE('',#15665,#15673,#15675,.T.);
#15673 = VERTEX_POINT('',#15674);
#15674 = CARTESIAN_POINT('',(7.72,12.4,7.4));
#15675 = LINE('',#15676,#15677);
#15676 = CARTESIAN_POINT('',(7.52,12.4,7.4));
#15677 = VECTOR('',#15678,1.);
#15678 = DIRECTION('',(1.,-1.110223024625E-16,0.));
#15679 = ORIENTED_EDGE('',*,*,#15680,.T.);
#15680 = EDGE_CURVE('',#15673,#15681,#15683,.T.);
#15681 = VERTEX_POINT('',#15682);
#15682 = CARTESIAN_POINT('',(7.72,12.4,0.9));
#15683 = LINE('',#15684,#15685);
#15684 = CARTESIAN_POINT('',(7.72,12.4,6.055738799212));
#15685 = VECTOR('',#15686,1.);
#15686 = DIRECTION('',(-0.,0.,-1.));
#15687 = ORIENTED_EDGE('',*,*,#15688,.T.);
#15688 = EDGE_CURVE('',#15681,#15544,#15689,.T.);
#15689 = LINE('',#15690,#15691);
#15690 = CARTESIAN_POINT('',(7.32,12.4,0.9));
#15691 = VECTOR('',#15692,1.);
#15692 = DIRECTION('',(1.,-1.110223024625E-16,0.));
#15693 = ORIENTED_EDGE('',*,*,#15543,.F.);
#15694 = PLANE('',#15695);
#15695 = AXIS2_PLACEMENT_3D('',#15696,#15697,#15698);
#15696 = CARTESIAN_POINT('',(7.32,12.4,8.2));
#15697 = DIRECTION('',(-1.110223024625E-16,-1.,0.));
#15698 = DIRECTION('',(1.,-1.110223024625E-16,0.));
#15699 = ADVANCED_FACE('',(#15700),#15711,.T.);
#15700 = FACE_BOUND('',#15701,.T.);
#15701 = EDGE_LOOP('',(#15702,#15708,#15709,#15710));
#15702 = ORIENTED_EDGE('',*,*,#15703,.T.);
#15703 = EDGE_CURVE('',#12329,#12265,#15704,.T.);
#15704 = LINE('',#15705,#15706);
#15705 = CARTESIAN_POINT('',(7.52,-15.54,-2.5));
#15706 = VECTOR('',#15707,1.);
#15707 = DIRECTION('',(1.,-1.110223024625E-16,0.));
#15708 = ORIENTED_EDGE('',*,*,#12264,.T.);
#15709 = ORIENTED_EDGE('',*,*,#12249,.F.);
#15710 = ORIENTED_EDGE('',*,*,#12328,.F.);
#15711 = PLANE('',#15712);
#15712 = AXIS2_PLACEMENT_3D('',#15713,#15714,#15715);
#15713 = CARTESIAN_POINT('',(7.52,-15.54,-2.5));
#15714 = DIRECTION('',(-1.110223024625E-16,-1.,0.));
#15715 = DIRECTION('',(0.,0.,1.));
#15716 = ADVANCED_FACE('',(#15717),#15728,.T.);
#15717 = FACE_BOUND('',#15718,.T.);
#15718 = EDGE_LOOP('',(#15719,#15725,#15726,#15727));
#15719 = ORIENTED_EDGE('',*,*,#15720,.T.);
#15720 = EDGE_CURVE('',#12354,#12290,#15721,.T.);
#15721 = LINE('',#15722,#15723);
#15722 = CARTESIAN_POINT('',(7.52,-15.39,-3.1));
#15723 = VECTOR('',#15724,1.);
#15724 = DIRECTION('',(1.,-1.110223024625E-16,0.));
#15725 = ORIENTED_EDGE('',*,*,#12297,.T.);
#15726 = ORIENTED_EDGE('',*,*,#15703,.F.);
#15727 = ORIENTED_EDGE('',*,*,#12361,.F.);
#15728 = PLANE('',#15729);
#15729 = AXIS2_PLACEMENT_3D('',#15730,#15731,#15732);
#15730 = CARTESIAN_POINT('',(7.52,-15.39,-3.1));
#15731 = DIRECTION('',(-1.077074540829E-16,-0.970142500145,
    -0.242535625036));
#15732 = DIRECTION('',(-2.692686352073E-17,-0.242535625036,
    0.970142500145));
#15733 = ADVANCED_FACE('',(#15734),#15745,.T.);
#15734 = FACE_BOUND('',#15735,.T.);
#15735 = EDGE_LOOP('',(#15736,#15742,#15743,#15744));
#15736 = ORIENTED_EDGE('',*,*,#15737,.T.);
#15737 = EDGE_CURVE('',#12346,#12282,#15738,.T.);
#15738 = LINE('',#15739,#15740);
#15739 = CARTESIAN_POINT('',(7.52,-15.09,-3.1));
#15740 = VECTOR('',#15741,1.);
#15741 = DIRECTION('',(1.,-1.110223024625E-16,0.));
#15742 = ORIENTED_EDGE('',*,*,#12289,.T.);
#15743 = ORIENTED_EDGE('',*,*,#15720,.F.);
#15744 = ORIENTED_EDGE('',*,*,#12353,.T.);
#15745 = PLANE('',#15746);
#15746 = AXIS2_PLACEMENT_3D('',#15747,#15748,#15749);
#15747 = CARTESIAN_POINT('',(7.52,-15.09,-3.1));
#15748 = DIRECTION('',(0.,-0.,-1.));
#15749 = DIRECTION('',(-1.110223024625E-16,-1.,0.));
#15750 = ADVANCED_FACE('',(#15751),#15762,.T.);
#15751 = FACE_BOUND('',#15752,.T.);
#15752 = EDGE_LOOP('',(#15753,#15759,#15760,#15761));
#15753 = ORIENTED_EDGE('',*,*,#15754,.T.);
#15754 = EDGE_CURVE('',#12338,#12274,#15755,.T.);
#15755 = LINE('',#15756,#15757);
#15756 = CARTESIAN_POINT('',(7.52,-14.94,-2.5));
#15757 = VECTOR('',#15758,1.);
#15758 = DIRECTION('',(1.,-1.110223024625E-16,0.));
#15759 = ORIENTED_EDGE('',*,*,#12281,.T.);
#15760 = ORIENTED_EDGE('',*,*,#15737,.F.);
#15761 = ORIENTED_EDGE('',*,*,#12345,.F.);
#15762 = PLANE('',#15763);
#15763 = AXIS2_PLACEMENT_3D('',#15764,#15765,#15766);
#15764 = CARTESIAN_POINT('',(7.52,-14.94,-2.5));
#15765 = DIRECTION('',(1.077074540829E-16,0.970142500145,-0.242535625036
    ));
#15766 = DIRECTION('',(-2.692686352073E-17,-0.242535625036,
    -0.970142500145));
#15767 = ADVANCED_FACE('',(#15768),#15774,.T.);
#15768 = FACE_BOUND('',#15769,.T.);
#15769 = EDGE_LOOP('',(#15770,#15771,#15772,#15773));
#15770 = ORIENTED_EDGE('',*,*,#12311,.T.);
#15771 = ORIENTED_EDGE('',*,*,#12273,.T.);
#15772 = ORIENTED_EDGE('',*,*,#15754,.F.);
#15773 = ORIENTED_EDGE('',*,*,#12337,.F.);
#15774 = PLANE('',#15775);
#15775 = AXIS2_PLACEMENT_3D('',#15776,#15777,#15778);
#15776 = CARTESIAN_POINT('',(7.52,-14.94,0.2));
#15777 = DIRECTION('',(1.110223024625E-16,1.,0.));
#15778 = DIRECTION('',(0.,0.,-1.));
#15779 = ADVANCED_FACE('',(#15780),#15791,.T.);
#15780 = FACE_BOUND('',#15781,.T.);
#15781 = EDGE_LOOP('',(#15782,#15788,#15789,#15790));
#15782 = ORIENTED_EDGE('',*,*,#15783,.T.);
#15783 = EDGE_CURVE('',#12457,#12393,#15784,.T.);
#15784 = LINE('',#15785,#15786);
#15785 = CARTESIAN_POINT('',(7.52,-13.,-2.5));
#15786 = VECTOR('',#15787,1.);
#15787 = DIRECTION('',(1.,-1.110223024625E-16,0.));
#15788 = ORIENTED_EDGE('',*,*,#12392,.T.);
#15789 = ORIENTED_EDGE('',*,*,#12377,.F.);
#15790 = ORIENTED_EDGE('',*,*,#12456,.F.);
#15791 = PLANE('',#15792);
#15792 = AXIS2_PLACEMENT_3D('',#15793,#15794,#15795);
#15793 = CARTESIAN_POINT('',(7.52,-13.,-2.5));
#15794 = DIRECTION('',(-1.110223024625E-16,-1.,0.));
#15795 = DIRECTION('',(0.,0.,1.));
#15796 = ADVANCED_FACE('',(#15797),#15808,.T.);
#15797 = FACE_BOUND('',#15798,.T.);
#15798 = EDGE_LOOP('',(#15799,#15805,#15806,#15807));
#15799 = ORIENTED_EDGE('',*,*,#15800,.T.);
#15800 = EDGE_CURVE('',#12482,#12418,#15801,.T.);
#15801 = LINE('',#15802,#15803);
#15802 = CARTESIAN_POINT('',(7.52,-12.85,-3.1));
#15803 = VECTOR('',#15804,1.);
#15804 = DIRECTION('',(1.,-1.110223024625E-16,0.));
#15805 = ORIENTED_EDGE('',*,*,#12425,.T.);
#15806 = ORIENTED_EDGE('',*,*,#15783,.F.);
#15807 = ORIENTED_EDGE('',*,*,#12489,.F.);
#15808 = PLANE('',#15809);
#15809 = AXIS2_PLACEMENT_3D('',#15810,#15811,#15812);
#15810 = CARTESIAN_POINT('',(7.52,-12.85,-3.1));
#15811 = DIRECTION('',(-1.077074540829E-16,-0.970142500145,
    -0.242535625036));
#15812 = DIRECTION('',(-2.692686352073E-17,-0.242535625036,
    0.970142500145));
#15813 = ADVANCED_FACE('',(#15814),#15825,.T.);
#15814 = FACE_BOUND('',#15815,.T.);
#15815 = EDGE_LOOP('',(#15816,#15822,#15823,#15824));
#15816 = ORIENTED_EDGE('',*,*,#15817,.T.);
#15817 = EDGE_CURVE('',#12474,#12410,#15818,.T.);
#15818 = LINE('',#15819,#15820);
#15819 = CARTESIAN_POINT('',(7.52,-12.55,-3.1));
#15820 = VECTOR('',#15821,1.);
#15821 = DIRECTION('',(1.,-1.110223024625E-16,0.));
#15822 = ORIENTED_EDGE('',*,*,#12417,.T.);
#15823 = ORIENTED_EDGE('',*,*,#15800,.F.);
#15824 = ORIENTED_EDGE('',*,*,#12481,.T.);
#15825 = PLANE('',#15826);
#15826 = AXIS2_PLACEMENT_3D('',#15827,#15828,#15829);
#15827 = CARTESIAN_POINT('',(7.52,-12.55,-3.1));
#15828 = DIRECTION('',(0.,-0.,-1.));
#15829 = DIRECTION('',(-1.110223024625E-16,-1.,0.));
#15830 = ADVANCED_FACE('',(#15831),#15842,.T.);
#15831 = FACE_BOUND('',#15832,.T.);
#15832 = EDGE_LOOP('',(#15833,#15839,#15840,#15841));
#15833 = ORIENTED_EDGE('',*,*,#15834,.T.);
#15834 = EDGE_CURVE('',#12466,#12402,#15835,.T.);
#15835 = LINE('',#15836,#15837);
#15836 = CARTESIAN_POINT('',(7.52,-12.4,-2.5));
#15837 = VECTOR('',#15838,1.);
#15838 = DIRECTION('',(1.,-1.110223024625E-16,0.));
#15839 = ORIENTED_EDGE('',*,*,#12409,.T.);
#15840 = ORIENTED_EDGE('',*,*,#15817,.F.);
#15841 = ORIENTED_EDGE('',*,*,#12473,.F.);
#15842 = PLANE('',#15843);
#15843 = AXIS2_PLACEMENT_3D('',#15844,#15845,#15846);
#15844 = CARTESIAN_POINT('',(7.52,-12.4,-2.5));
#15845 = DIRECTION('',(1.077074540829E-16,0.970142500145,-0.242535625036
    ));
#15846 = DIRECTION('',(-2.692686352073E-17,-0.242535625036,
    -0.970142500145));
#15847 = ADVANCED_FACE('',(#15848),#15854,.T.);
#15848 = FACE_BOUND('',#15849,.T.);
#15849 = EDGE_LOOP('',(#15850,#15851,#15852,#15853));
#15850 = ORIENTED_EDGE('',*,*,#12439,.T.);
#15851 = ORIENTED_EDGE('',*,*,#12401,.T.);
#15852 = ORIENTED_EDGE('',*,*,#15834,.F.);
#15853 = ORIENTED_EDGE('',*,*,#12465,.F.);
#15854 = PLANE('',#15855);
#15855 = AXIS2_PLACEMENT_3D('',#15856,#15857,#15858);
#15856 = CARTESIAN_POINT('',(7.52,-12.4,0.2));
#15857 = DIRECTION('',(1.110223024625E-16,1.,0.));
#15858 = DIRECTION('',(0.,0.,-1.));
#15859 = ADVANCED_FACE('',(#15860),#15871,.T.);
#15860 = FACE_BOUND('',#15861,.T.);
#15861 = EDGE_LOOP('',(#15862,#15868,#15869,#15870));
#15862 = ORIENTED_EDGE('',*,*,#15863,.T.);
#15863 = EDGE_CURVE('',#12585,#12521,#15864,.T.);
#15864 = LINE('',#15865,#15866);
#15865 = CARTESIAN_POINT('',(7.52,-10.46,-2.5));
#15866 = VECTOR('',#15867,1.);
#15867 = DIRECTION('',(1.,-1.110223024625E-16,0.));
#15868 = ORIENTED_EDGE('',*,*,#12520,.T.);
#15869 = ORIENTED_EDGE('',*,*,#12505,.F.);
#15870 = ORIENTED_EDGE('',*,*,#12584,.F.);
#15871 = PLANE('',#15872);
#15872 = AXIS2_PLACEMENT_3D('',#15873,#15874,#15875);
#15873 = CARTESIAN_POINT('',(7.52,-10.46,-2.5));
#15874 = DIRECTION('',(-1.110223024625E-16,-1.,0.));
#15875 = DIRECTION('',(0.,0.,1.));
#15876 = ADVANCED_FACE('',(#15877),#15888,.T.);
#15877 = FACE_BOUND('',#15878,.T.);
#15878 = EDGE_LOOP('',(#15879,#15885,#15886,#15887));
#15879 = ORIENTED_EDGE('',*,*,#15880,.T.);
#15880 = EDGE_CURVE('',#12610,#12546,#15881,.T.);
#15881 = LINE('',#15882,#15883);
#15882 = CARTESIAN_POINT('',(7.52,-10.31,-3.1));
#15883 = VECTOR('',#15884,1.);
#15884 = DIRECTION('',(1.,-1.110223024625E-16,0.));
#15885 = ORIENTED_EDGE('',*,*,#12553,.T.);
#15886 = ORIENTED_EDGE('',*,*,#15863,.F.);
#15887 = ORIENTED_EDGE('',*,*,#12617,.F.);
#15888 = PLANE('',#15889);
#15889 = AXIS2_PLACEMENT_3D('',#15890,#15891,#15892);
#15890 = CARTESIAN_POINT('',(7.52,-10.31,-3.1));
#15891 = DIRECTION('',(-1.077074540829E-16,-0.970142500145,
    -0.242535625036));
#15892 = DIRECTION('',(-2.692686352073E-17,-0.242535625036,
    0.970142500145));
#15893 = ADVANCED_FACE('',(#15894),#15905,.T.);
#15894 = FACE_BOUND('',#15895,.T.);
#15895 = EDGE_LOOP('',(#15896,#15902,#15903,#15904));
#15896 = ORIENTED_EDGE('',*,*,#15897,.T.);
#15897 = EDGE_CURVE('',#12602,#12538,#15898,.T.);
#15898 = LINE('',#15899,#15900);
#15899 = CARTESIAN_POINT('',(7.52,-10.01,-3.1));
#15900 = VECTOR('',#15901,1.);
#15901 = DIRECTION('',(1.,-1.110223024625E-16,0.));
#15902 = ORIENTED_EDGE('',*,*,#12545,.T.);
#15903 = ORIENTED_EDGE('',*,*,#15880,.F.);
#15904 = ORIENTED_EDGE('',*,*,#12609,.T.);
#15905 = PLANE('',#15906);
#15906 = AXIS2_PLACEMENT_3D('',#15907,#15908,#15909);
#15907 = CARTESIAN_POINT('',(7.52,-10.01,-3.1));
#15908 = DIRECTION('',(0.,-0.,-1.));
#15909 = DIRECTION('',(-1.110223024625E-16,-1.,0.));
#15910 = ADVANCED_FACE('',(#15911),#15922,.T.);
#15911 = FACE_BOUND('',#15912,.T.);
#15912 = EDGE_LOOP('',(#15913,#15919,#15920,#15921));
#15913 = ORIENTED_EDGE('',*,*,#15914,.T.);
#15914 = EDGE_CURVE('',#12594,#12530,#15915,.T.);
#15915 = LINE('',#15916,#15917);
#15916 = CARTESIAN_POINT('',(7.52,-9.86,-2.5));
#15917 = VECTOR('',#15918,1.);
#15918 = DIRECTION('',(1.,-1.110223024625E-16,0.));
#15919 = ORIENTED_EDGE('',*,*,#12537,.T.);
#15920 = ORIENTED_EDGE('',*,*,#15897,.F.);
#15921 = ORIENTED_EDGE('',*,*,#12601,.F.);
#15922 = PLANE('',#15923);
#15923 = AXIS2_PLACEMENT_3D('',#15924,#15925,#15926);
#15924 = CARTESIAN_POINT('',(7.52,-9.86,-2.5));
#15925 = DIRECTION('',(1.077074540829E-16,0.970142500145,-0.242535625036
    ));
#15926 = DIRECTION('',(-2.692686352073E-17,-0.242535625036,
    -0.970142500145));
#15927 = ADVANCED_FACE('',(#15928),#15934,.T.);
#15928 = FACE_BOUND('',#15929,.T.);
#15929 = EDGE_LOOP('',(#15930,#15931,#15932,#15933));
#15930 = ORIENTED_EDGE('',*,*,#12567,.T.);
#15931 = ORIENTED_EDGE('',*,*,#12529,.T.);
#15932 = ORIENTED_EDGE('',*,*,#15914,.F.);
#15933 = ORIENTED_EDGE('',*,*,#12593,.F.);
#15934 = PLANE('',#15935);
#15935 = AXIS2_PLACEMENT_3D('',#15936,#15937,#15938);
#15936 = CARTESIAN_POINT('',(7.52,-9.86,0.2));
#15937 = DIRECTION('',(1.110223024625E-16,1.,0.));
#15938 = DIRECTION('',(0.,0.,-1.));
#15939 = ADVANCED_FACE('',(#15940),#15951,.T.);
#15940 = FACE_BOUND('',#15941,.T.);
#15941 = EDGE_LOOP('',(#15942,#15948,#15949,#15950));
#15942 = ORIENTED_EDGE('',*,*,#15943,.T.);
#15943 = EDGE_CURVE('',#12713,#12649,#15944,.T.);
#15944 = LINE('',#15945,#15946);
#15945 = CARTESIAN_POINT('',(7.52,-7.92,-2.5));
#15946 = VECTOR('',#15947,1.);
#15947 = DIRECTION('',(1.,-1.110223024625E-16,0.));
#15948 = ORIENTED_EDGE('',*,*,#12648,.T.);
#15949 = ORIENTED_EDGE('',*,*,#12633,.F.);
#15950 = ORIENTED_EDGE('',*,*,#12712,.F.);
#15951 = PLANE('',#15952);
#15952 = AXIS2_PLACEMENT_3D('',#15953,#15954,#15955);
#15953 = CARTESIAN_POINT('',(7.52,-7.92,-2.5));
#15954 = DIRECTION('',(-1.110223024625E-16,-1.,0.));
#15955 = DIRECTION('',(0.,0.,1.));
#15956 = ADVANCED_FACE('',(#15957),#15968,.T.);
#15957 = FACE_BOUND('',#15958,.T.);
#15958 = EDGE_LOOP('',(#15959,#15965,#15966,#15967));
#15959 = ORIENTED_EDGE('',*,*,#15960,.T.);
#15960 = EDGE_CURVE('',#12738,#12674,#15961,.T.);
#15961 = LINE('',#15962,#15963);
#15962 = CARTESIAN_POINT('',(7.52,-7.77,-3.1));
#15963 = VECTOR('',#15964,1.);
#15964 = DIRECTION('',(1.,-1.110223024625E-16,0.));
#15965 = ORIENTED_EDGE('',*,*,#12681,.T.);
#15966 = ORIENTED_EDGE('',*,*,#15943,.F.);
#15967 = ORIENTED_EDGE('',*,*,#12745,.F.);
#15968 = PLANE('',#15969);
#15969 = AXIS2_PLACEMENT_3D('',#15970,#15971,#15972);
#15970 = CARTESIAN_POINT('',(7.52,-7.77,-3.1));
#15971 = DIRECTION('',(-1.077074540829E-16,-0.970142500145,
    -0.242535625036));
#15972 = DIRECTION('',(-2.692686352073E-17,-0.242535625036,
    0.970142500145));
#15973 = ADVANCED_FACE('',(#15974),#15985,.T.);
#15974 = FACE_BOUND('',#15975,.T.);
#15975 = EDGE_LOOP('',(#15976,#15982,#15983,#15984));
#15976 = ORIENTED_EDGE('',*,*,#15977,.T.);
#15977 = EDGE_CURVE('',#12730,#12666,#15978,.T.);
#15978 = LINE('',#15979,#15980);
#15979 = CARTESIAN_POINT('',(7.52,-7.47,-3.1));
#15980 = VECTOR('',#15981,1.);
#15981 = DIRECTION('',(1.,-1.110223024625E-16,0.));
#15982 = ORIENTED_EDGE('',*,*,#12673,.T.);
#15983 = ORIENTED_EDGE('',*,*,#15960,.F.);
#15984 = ORIENTED_EDGE('',*,*,#12737,.T.);
#15985 = PLANE('',#15986);
#15986 = AXIS2_PLACEMENT_3D('',#15987,#15988,#15989);
#15987 = CARTESIAN_POINT('',(7.52,-7.47,-3.1));
#15988 = DIRECTION('',(0.,-0.,-1.));
#15989 = DIRECTION('',(-1.110223024625E-16,-1.,0.));
#15990 = ADVANCED_FACE('',(#15991),#16002,.T.);
#15991 = FACE_BOUND('',#15992,.T.);
#15992 = EDGE_LOOP('',(#15993,#15999,#16000,#16001));
#15993 = ORIENTED_EDGE('',*,*,#15994,.T.);
#15994 = EDGE_CURVE('',#12722,#12658,#15995,.T.);
#15995 = LINE('',#15996,#15997);
#15996 = CARTESIAN_POINT('',(7.52,-7.32,-2.5));
#15997 = VECTOR('',#15998,1.);
#15998 = DIRECTION('',(1.,-1.110223024625E-16,0.));
#15999 = ORIENTED_EDGE('',*,*,#12665,.T.);
#16000 = ORIENTED_EDGE('',*,*,#15977,.F.);
#16001 = ORIENTED_EDGE('',*,*,#12729,.F.);
#16002 = PLANE('',#16003);
#16003 = AXIS2_PLACEMENT_3D('',#16004,#16005,#16006);
#16004 = CARTESIAN_POINT('',(7.52,-7.32,-2.5));
#16005 = DIRECTION('',(1.077074540829E-16,0.970142500145,-0.242535625036
    ));
#16006 = DIRECTION('',(-2.692686352073E-17,-0.242535625036,
    -0.970142500145));
#16007 = ADVANCED_FACE('',(#16008),#16014,.T.);
#16008 = FACE_BOUND('',#16009,.T.);
#16009 = EDGE_LOOP('',(#16010,#16011,#16012,#16013));
#16010 = ORIENTED_EDGE('',*,*,#12695,.T.);
#16011 = ORIENTED_EDGE('',*,*,#12657,.T.);
#16012 = ORIENTED_EDGE('',*,*,#15994,.F.);
#16013 = ORIENTED_EDGE('',*,*,#12721,.F.);
#16014 = PLANE('',#16015);
#16015 = AXIS2_PLACEMENT_3D('',#16016,#16017,#16018);
#16016 = CARTESIAN_POINT('',(7.52,-7.32,0.2));
#16017 = DIRECTION('',(1.110223024625E-16,1.,0.));
#16018 = DIRECTION('',(0.,0.,-1.));
#16019 = ADVANCED_FACE('',(#16020),#16031,.T.);
#16020 = FACE_BOUND('',#16021,.T.);
#16021 = EDGE_LOOP('',(#16022,#16028,#16029,#16030));
#16022 = ORIENTED_EDGE('',*,*,#16023,.T.);
#16023 = EDGE_CURVE('',#12841,#12777,#16024,.T.);
#16024 = LINE('',#16025,#16026);
#16025 = CARTESIAN_POINT('',(7.52,-5.38,-2.5));
#16026 = VECTOR('',#16027,1.);
#16027 = DIRECTION('',(1.,-1.110223024625E-16,0.));
#16028 = ORIENTED_EDGE('',*,*,#12776,.T.);
#16029 = ORIENTED_EDGE('',*,*,#12761,.F.);
#16030 = ORIENTED_EDGE('',*,*,#12840,.F.);
#16031 = PLANE('',#16032);
#16032 = AXIS2_PLACEMENT_3D('',#16033,#16034,#16035);
#16033 = CARTESIAN_POINT('',(7.52,-5.38,-2.5));
#16034 = DIRECTION('',(-1.110223024625E-16,-1.,0.));
#16035 = DIRECTION('',(0.,0.,1.));
#16036 = ADVANCED_FACE('',(#16037),#16048,.T.);
#16037 = FACE_BOUND('',#16038,.T.);
#16038 = EDGE_LOOP('',(#16039,#16045,#16046,#16047));
#16039 = ORIENTED_EDGE('',*,*,#16040,.T.);
#16040 = EDGE_CURVE('',#12866,#12802,#16041,.T.);
#16041 = LINE('',#16042,#16043);
#16042 = CARTESIAN_POINT('',(7.52,-5.23,-3.1));
#16043 = VECTOR('',#16044,1.);
#16044 = DIRECTION('',(1.,-1.110223024625E-16,0.));
#16045 = ORIENTED_EDGE('',*,*,#12809,.T.);
#16046 = ORIENTED_EDGE('',*,*,#16023,.F.);
#16047 = ORIENTED_EDGE('',*,*,#12873,.F.);
#16048 = PLANE('',#16049);
#16049 = AXIS2_PLACEMENT_3D('',#16050,#16051,#16052);
#16050 = CARTESIAN_POINT('',(7.52,-5.23,-3.1));
#16051 = DIRECTION('',(-1.077074540829E-16,-0.970142500145,
    -0.242535625036));
#16052 = DIRECTION('',(-2.692686352073E-17,-0.242535625036,
    0.970142500145));
#16053 = ADVANCED_FACE('',(#16054),#16065,.T.);
#16054 = FACE_BOUND('',#16055,.T.);
#16055 = EDGE_LOOP('',(#16056,#16062,#16063,#16064));
#16056 = ORIENTED_EDGE('',*,*,#16057,.T.);
#16057 = EDGE_CURVE('',#12858,#12794,#16058,.T.);
#16058 = LINE('',#16059,#16060);
#16059 = CARTESIAN_POINT('',(7.52,-4.93,-3.1));
#16060 = VECTOR('',#16061,1.);
#16061 = DIRECTION('',(1.,-1.110223024625E-16,0.));
#16062 = ORIENTED_EDGE('',*,*,#12801,.T.);
#16063 = ORIENTED_EDGE('',*,*,#16040,.F.);
#16064 = ORIENTED_EDGE('',*,*,#12865,.T.);
#16065 = PLANE('',#16066);
#16066 = AXIS2_PLACEMENT_3D('',#16067,#16068,#16069);
#16067 = CARTESIAN_POINT('',(7.52,-4.93,-3.1));
#16068 = DIRECTION('',(0.,-0.,-1.));
#16069 = DIRECTION('',(-1.110223024625E-16,-1.,0.));
#16070 = ADVANCED_FACE('',(#16071),#16082,.T.);
#16071 = FACE_BOUND('',#16072,.T.);
#16072 = EDGE_LOOP('',(#16073,#16079,#16080,#16081));
#16073 = ORIENTED_EDGE('',*,*,#16074,.T.);
#16074 = EDGE_CURVE('',#12850,#12786,#16075,.T.);
#16075 = LINE('',#16076,#16077);
#16076 = CARTESIAN_POINT('',(7.52,-4.78,-2.5));
#16077 = VECTOR('',#16078,1.);
#16078 = DIRECTION('',(1.,-1.110223024625E-16,0.));
#16079 = ORIENTED_EDGE('',*,*,#12793,.T.);
#16080 = ORIENTED_EDGE('',*,*,#16057,.F.);
#16081 = ORIENTED_EDGE('',*,*,#12857,.F.);
#16082 = PLANE('',#16083);
#16083 = AXIS2_PLACEMENT_3D('',#16084,#16085,#16086);
#16084 = CARTESIAN_POINT('',(7.52,-4.78,-2.5));
#16085 = DIRECTION('',(1.077074540829E-16,0.970142500145,-0.242535625036
    ));
#16086 = DIRECTION('',(-2.692686352073E-17,-0.242535625036,
    -0.970142500145));
#16087 = ADVANCED_FACE('',(#16088),#16094,.T.);
#16088 = FACE_BOUND('',#16089,.T.);
#16089 = EDGE_LOOP('',(#16090,#16091,#16092,#16093));
#16090 = ORIENTED_EDGE('',*,*,#12823,.T.);
#16091 = ORIENTED_EDGE('',*,*,#12785,.T.);
#16092 = ORIENTED_EDGE('',*,*,#16074,.F.);
#16093 = ORIENTED_EDGE('',*,*,#12849,.F.);
#16094 = PLANE('',#16095);
#16095 = AXIS2_PLACEMENT_3D('',#16096,#16097,#16098);
#16096 = CARTESIAN_POINT('',(7.52,-4.78,0.2));
#16097 = DIRECTION('',(1.110223024625E-16,1.,0.));
#16098 = DIRECTION('',(0.,0.,-1.));
#16099 = ADVANCED_FACE('',(#16100),#16111,.T.);
#16100 = FACE_BOUND('',#16101,.T.);
#16101 = EDGE_LOOP('',(#16102,#16108,#16109,#16110));
#16102 = ORIENTED_EDGE('',*,*,#16103,.T.);
#16103 = EDGE_CURVE('',#12969,#12905,#16104,.T.);
#16104 = LINE('',#16105,#16106);
#16105 = CARTESIAN_POINT('',(7.52,-2.84,-2.5));
#16106 = VECTOR('',#16107,1.);
#16107 = DIRECTION('',(1.,-1.110223024625E-16,0.));
#16108 = ORIENTED_EDGE('',*,*,#12904,.T.);
#16109 = ORIENTED_EDGE('',*,*,#12889,.F.);
#16110 = ORIENTED_EDGE('',*,*,#12968,.F.);
#16111 = PLANE('',#16112);
#16112 = AXIS2_PLACEMENT_3D('',#16113,#16114,#16115);
#16113 = CARTESIAN_POINT('',(7.52,-2.84,-2.5));
#16114 = DIRECTION('',(-1.110223024625E-16,-1.,0.));
#16115 = DIRECTION('',(0.,0.,1.));
#16116 = ADVANCED_FACE('',(#16117),#16128,.T.);
#16117 = FACE_BOUND('',#16118,.T.);
#16118 = EDGE_LOOP('',(#16119,#16125,#16126,#16127));
#16119 = ORIENTED_EDGE('',*,*,#16120,.T.);
#16120 = EDGE_CURVE('',#12994,#12930,#16121,.T.);
#16121 = LINE('',#16122,#16123);
#16122 = CARTESIAN_POINT('',(7.52,-2.69,-3.1));
#16123 = VECTOR('',#16124,1.);
#16124 = DIRECTION('',(1.,-1.110223024625E-16,0.));
#16125 = ORIENTED_EDGE('',*,*,#12937,.T.);
#16126 = ORIENTED_EDGE('',*,*,#16103,.F.);
#16127 = ORIENTED_EDGE('',*,*,#13001,.F.);
#16128 = PLANE('',#16129);
#16129 = AXIS2_PLACEMENT_3D('',#16130,#16131,#16132);
#16130 = CARTESIAN_POINT('',(7.52,-2.69,-3.1));
#16131 = DIRECTION('',(-1.077074540829E-16,-0.970142500145,
    -0.242535625036));
#16132 = DIRECTION('',(-2.692686352073E-17,-0.242535625036,
    0.970142500145));
#16133 = ADVANCED_FACE('',(#16134),#16145,.T.);
#16134 = FACE_BOUND('',#16135,.T.);
#16135 = EDGE_LOOP('',(#16136,#16142,#16143,#16144));
#16136 = ORIENTED_EDGE('',*,*,#16137,.T.);
#16137 = EDGE_CURVE('',#12986,#12922,#16138,.T.);
#16138 = LINE('',#16139,#16140);
#16139 = CARTESIAN_POINT('',(7.52,-2.39,-3.1));
#16140 = VECTOR('',#16141,1.);
#16141 = DIRECTION('',(1.,-1.110223024625E-16,0.));
#16142 = ORIENTED_EDGE('',*,*,#12929,.T.);
#16143 = ORIENTED_EDGE('',*,*,#16120,.F.);
#16144 = ORIENTED_EDGE('',*,*,#12993,.T.);
#16145 = PLANE('',#16146);
#16146 = AXIS2_PLACEMENT_3D('',#16147,#16148,#16149);
#16147 = CARTESIAN_POINT('',(7.52,-2.39,-3.1));
#16148 = DIRECTION('',(0.,-0.,-1.));
#16149 = DIRECTION('',(-1.110223024625E-16,-1.,0.));
#16150 = ADVANCED_FACE('',(#16151),#16162,.T.);
#16151 = FACE_BOUND('',#16152,.T.);
#16152 = EDGE_LOOP('',(#16153,#16159,#16160,#16161));
#16153 = ORIENTED_EDGE('',*,*,#16154,.T.);
#16154 = EDGE_CURVE('',#12978,#12914,#16155,.T.);
#16155 = LINE('',#16156,#16157);
#16156 = CARTESIAN_POINT('',(7.52,-2.24,-2.5));
#16157 = VECTOR('',#16158,1.);
#16158 = DIRECTION('',(1.,-1.110223024625E-16,0.));
#16159 = ORIENTED_EDGE('',*,*,#12921,.T.);
#16160 = ORIENTED_EDGE('',*,*,#16137,.F.);
#16161 = ORIENTED_EDGE('',*,*,#12985,.F.);
#16162 = PLANE('',#16163);
#16163 = AXIS2_PLACEMENT_3D('',#16164,#16165,#16166);
#16164 = CARTESIAN_POINT('',(7.52,-2.24,-2.5));
#16165 = DIRECTION('',(1.077074540829E-16,0.970142500145,-0.242535625036
    ));
#16166 = DIRECTION('',(-2.692686352073E-17,-0.242535625036,
    -0.970142500145));
#16167 = ADVANCED_FACE('',(#16168),#16174,.T.);
#16168 = FACE_BOUND('',#16169,.T.);
#16169 = EDGE_LOOP('',(#16170,#16171,#16172,#16173));
#16170 = ORIENTED_EDGE('',*,*,#12951,.T.);
#16171 = ORIENTED_EDGE('',*,*,#12913,.T.);
#16172 = ORIENTED_EDGE('',*,*,#16154,.F.);
#16173 = ORIENTED_EDGE('',*,*,#12977,.F.);
#16174 = PLANE('',#16175);
#16175 = AXIS2_PLACEMENT_3D('',#16176,#16177,#16178);
#16176 = CARTESIAN_POINT('',(7.52,-2.24,0.2));
#16177 = DIRECTION('',(1.110223024625E-16,1.,0.));
#16178 = DIRECTION('',(0.,0.,-1.));
#16179 = ADVANCED_FACE('',(#16180),#16191,.T.);
#16180 = FACE_BOUND('',#16181,.T.);
#16181 = EDGE_LOOP('',(#16182,#16188,#16189,#16190));
#16182 = ORIENTED_EDGE('',*,*,#16183,.T.);
#16183 = EDGE_CURVE('',#13097,#13033,#16184,.T.);
#16184 = LINE('',#16185,#16186);
#16185 = CARTESIAN_POINT('',(7.52,-0.3,-2.5));
#16186 = VECTOR('',#16187,1.);
#16187 = DIRECTION('',(1.,-1.110223024625E-16,0.));
#16188 = ORIENTED_EDGE('',*,*,#13032,.T.);
#16189 = ORIENTED_EDGE('',*,*,#13017,.F.);
#16190 = ORIENTED_EDGE('',*,*,#13096,.F.);
#16191 = PLANE('',#16192);
#16192 = AXIS2_PLACEMENT_3D('',#16193,#16194,#16195);
#16193 = CARTESIAN_POINT('',(7.52,-0.3,-2.5));
#16194 = DIRECTION('',(-1.110223024625E-16,-1.,0.));
#16195 = DIRECTION('',(0.,0.,1.));
#16196 = ADVANCED_FACE('',(#16197),#16208,.T.);
#16197 = FACE_BOUND('',#16198,.T.);
#16198 = EDGE_LOOP('',(#16199,#16205,#16206,#16207));
#16199 = ORIENTED_EDGE('',*,*,#16200,.T.);
#16200 = EDGE_CURVE('',#13122,#13058,#16201,.T.);
#16201 = LINE('',#16202,#16203);
#16202 = CARTESIAN_POINT('',(7.52,-0.15,-3.1));
#16203 = VECTOR('',#16204,1.);
#16204 = DIRECTION('',(1.,-1.110223024625E-16,0.));
#16205 = ORIENTED_EDGE('',*,*,#13065,.T.);
#16206 = ORIENTED_EDGE('',*,*,#16183,.F.);
#16207 = ORIENTED_EDGE('',*,*,#13129,.F.);
#16208 = PLANE('',#16209);
#16209 = AXIS2_PLACEMENT_3D('',#16210,#16211,#16212);
#16210 = CARTESIAN_POINT('',(7.52,-0.15,-3.1));
#16211 = DIRECTION('',(-1.077074540829E-16,-0.970142500145,
    -0.242535625036));
#16212 = DIRECTION('',(-2.692686352073E-17,-0.242535625036,
    0.970142500145));
#16213 = ADVANCED_FACE('',(#16214),#16225,.T.);
#16214 = FACE_BOUND('',#16215,.T.);
#16215 = EDGE_LOOP('',(#16216,#16222,#16223,#16224));
#16216 = ORIENTED_EDGE('',*,*,#16217,.T.);
#16217 = EDGE_CURVE('',#13114,#13050,#16218,.T.);
#16218 = LINE('',#16219,#16220);
#16219 = CARTESIAN_POINT('',(7.52,0.15,-3.1));
#16220 = VECTOR('',#16221,1.);
#16221 = DIRECTION('',(1.,-1.110223024625E-16,0.));
#16222 = ORIENTED_EDGE('',*,*,#13057,.T.);
#16223 = ORIENTED_EDGE('',*,*,#16200,.F.);
#16224 = ORIENTED_EDGE('',*,*,#13121,.T.);
#16225 = PLANE('',#16226);
#16226 = AXIS2_PLACEMENT_3D('',#16227,#16228,#16229);
#16227 = CARTESIAN_POINT('',(7.52,0.15,-3.1));
#16228 = DIRECTION('',(0.,-0.,-1.));
#16229 = DIRECTION('',(-1.110223024625E-16,-1.,0.));
#16230 = ADVANCED_FACE('',(#16231),#16242,.T.);
#16231 = FACE_BOUND('',#16232,.T.);
#16232 = EDGE_LOOP('',(#16233,#16239,#16240,#16241));
#16233 = ORIENTED_EDGE('',*,*,#16234,.T.);
#16234 = EDGE_CURVE('',#13106,#13042,#16235,.T.);
#16235 = LINE('',#16236,#16237);
#16236 = CARTESIAN_POINT('',(7.52,0.3,-2.5));
#16237 = VECTOR('',#16238,1.);
#16238 = DIRECTION('',(1.,-1.110223024625E-16,0.));
#16239 = ORIENTED_EDGE('',*,*,#13049,.T.);
#16240 = ORIENTED_EDGE('',*,*,#16217,.F.);
#16241 = ORIENTED_EDGE('',*,*,#13113,.F.);
#16242 = PLANE('',#16243);
#16243 = AXIS2_PLACEMENT_3D('',#16244,#16245,#16246);
#16244 = CARTESIAN_POINT('',(7.52,0.3,-2.5));
#16245 = DIRECTION('',(1.077074540829E-16,0.970142500145,-0.242535625036
    ));
#16246 = DIRECTION('',(-2.692686352073E-17,-0.242535625036,
    -0.970142500145));
#16247 = ADVANCED_FACE('',(#16248),#16254,.T.);
#16248 = FACE_BOUND('',#16249,.T.);
#16249 = EDGE_LOOP('',(#16250,#16251,#16252,#16253));
#16250 = ORIENTED_EDGE('',*,*,#13079,.T.);
#16251 = ORIENTED_EDGE('',*,*,#13041,.T.);
#16252 = ORIENTED_EDGE('',*,*,#16234,.F.);
#16253 = ORIENTED_EDGE('',*,*,#13105,.F.);
#16254 = PLANE('',#16255);
#16255 = AXIS2_PLACEMENT_3D('',#16256,#16257,#16258);
#16256 = CARTESIAN_POINT('',(7.52,0.3,0.2));
#16257 = DIRECTION('',(1.110223024625E-16,1.,0.));
#16258 = DIRECTION('',(0.,0.,-1.));
#16259 = ADVANCED_FACE('',(#16260),#16271,.T.);
#16260 = FACE_BOUND('',#16261,.T.);
#16261 = EDGE_LOOP('',(#16262,#16268,#16269,#16270));
#16262 = ORIENTED_EDGE('',*,*,#16263,.T.);
#16263 = EDGE_CURVE('',#13225,#13161,#16264,.T.);
#16264 = LINE('',#16265,#16266);
#16265 = CARTESIAN_POINT('',(7.52,2.24,-2.5));
#16266 = VECTOR('',#16267,1.);
#16267 = DIRECTION('',(1.,-1.110223024625E-16,0.));
#16268 = ORIENTED_EDGE('',*,*,#13160,.T.);
#16269 = ORIENTED_EDGE('',*,*,#13145,.F.);
#16270 = ORIENTED_EDGE('',*,*,#13224,.F.);
#16271 = PLANE('',#16272);
#16272 = AXIS2_PLACEMENT_3D('',#16273,#16274,#16275);
#16273 = CARTESIAN_POINT('',(7.52,2.24,-2.5));
#16274 = DIRECTION('',(-1.110223024625E-16,-1.,0.));
#16275 = DIRECTION('',(0.,0.,1.));
#16276 = ADVANCED_FACE('',(#16277),#16288,.T.);
#16277 = FACE_BOUND('',#16278,.T.);
#16278 = EDGE_LOOP('',(#16279,#16285,#16286,#16287));
#16279 = ORIENTED_EDGE('',*,*,#16280,.T.);
#16280 = EDGE_CURVE('',#13250,#13186,#16281,.T.);
#16281 = LINE('',#16282,#16283);
#16282 = CARTESIAN_POINT('',(7.52,2.39,-3.1));
#16283 = VECTOR('',#16284,1.);
#16284 = DIRECTION('',(1.,-1.110223024625E-16,0.));
#16285 = ORIENTED_EDGE('',*,*,#13193,.T.);
#16286 = ORIENTED_EDGE('',*,*,#16263,.F.);
#16287 = ORIENTED_EDGE('',*,*,#13257,.F.);
#16288 = PLANE('',#16289);
#16289 = AXIS2_PLACEMENT_3D('',#16290,#16291,#16292);
#16290 = CARTESIAN_POINT('',(7.52,2.39,-3.1));
#16291 = DIRECTION('',(-1.077074540829E-16,-0.970142500145,
    -0.242535625036));
#16292 = DIRECTION('',(-2.692686352073E-17,-0.242535625036,
    0.970142500145));
#16293 = ADVANCED_FACE('',(#16294),#16305,.T.);
#16294 = FACE_BOUND('',#16295,.T.);
#16295 = EDGE_LOOP('',(#16296,#16302,#16303,#16304));
#16296 = ORIENTED_EDGE('',*,*,#16297,.T.);
#16297 = EDGE_CURVE('',#13242,#13178,#16298,.T.);
#16298 = LINE('',#16299,#16300);
#16299 = CARTESIAN_POINT('',(7.52,2.69,-3.1));
#16300 = VECTOR('',#16301,1.);
#16301 = DIRECTION('',(1.,-1.110223024625E-16,0.));
#16302 = ORIENTED_EDGE('',*,*,#13185,.T.);
#16303 = ORIENTED_EDGE('',*,*,#16280,.F.);
#16304 = ORIENTED_EDGE('',*,*,#13249,.T.);
#16305 = PLANE('',#16306);
#16306 = AXIS2_PLACEMENT_3D('',#16307,#16308,#16309);
#16307 = CARTESIAN_POINT('',(7.52,2.69,-3.1));
#16308 = DIRECTION('',(0.,-0.,-1.));
#16309 = DIRECTION('',(-1.110223024625E-16,-1.,0.));
#16310 = ADVANCED_FACE('',(#16311),#16322,.T.);
#16311 = FACE_BOUND('',#16312,.T.);
#16312 = EDGE_LOOP('',(#16313,#16319,#16320,#16321));
#16313 = ORIENTED_EDGE('',*,*,#16314,.T.);
#16314 = EDGE_CURVE('',#13234,#13170,#16315,.T.);
#16315 = LINE('',#16316,#16317);
#16316 = CARTESIAN_POINT('',(7.52,2.84,-2.5));
#16317 = VECTOR('',#16318,1.);
#16318 = DIRECTION('',(1.,-1.110223024625E-16,0.));
#16319 = ORIENTED_EDGE('',*,*,#13177,.T.);
#16320 = ORIENTED_EDGE('',*,*,#16297,.F.);
#16321 = ORIENTED_EDGE('',*,*,#13241,.F.);
#16322 = PLANE('',#16323);
#16323 = AXIS2_PLACEMENT_3D('',#16324,#16325,#16326);
#16324 = CARTESIAN_POINT('',(7.52,2.84,-2.5));
#16325 = DIRECTION('',(1.077074540829E-16,0.970142500145,-0.242535625036
    ));
#16326 = DIRECTION('',(-2.692686352073E-17,-0.242535625036,
    -0.970142500145));
#16327 = ADVANCED_FACE('',(#16328),#16334,.T.);
#16328 = FACE_BOUND('',#16329,.T.);
#16329 = EDGE_LOOP('',(#16330,#16331,#16332,#16333));
#16330 = ORIENTED_EDGE('',*,*,#13207,.T.);
#16331 = ORIENTED_EDGE('',*,*,#13169,.T.);
#16332 = ORIENTED_EDGE('',*,*,#16314,.F.);
#16333 = ORIENTED_EDGE('',*,*,#13233,.F.);
#16334 = PLANE('',#16335);
#16335 = AXIS2_PLACEMENT_3D('',#16336,#16337,#16338);
#16336 = CARTESIAN_POINT('',(7.52,2.84,0.2));
#16337 = DIRECTION('',(1.110223024625E-16,1.,0.));
#16338 = DIRECTION('',(0.,0.,-1.));
#16339 = ADVANCED_FACE('',(#16340),#16351,.T.);
#16340 = FACE_BOUND('',#16341,.T.);
#16341 = EDGE_LOOP('',(#16342,#16348,#16349,#16350));
#16342 = ORIENTED_EDGE('',*,*,#16343,.T.);
#16343 = EDGE_CURVE('',#13353,#13289,#16344,.T.);
#16344 = LINE('',#16345,#16346);
#16345 = CARTESIAN_POINT('',(7.52,4.78,-2.5));
#16346 = VECTOR('',#16347,1.);
#16347 = DIRECTION('',(1.,-1.110223024625E-16,0.));
#16348 = ORIENTED_EDGE('',*,*,#13288,.T.);
#16349 = ORIENTED_EDGE('',*,*,#13273,.F.);
#16350 = ORIENTED_EDGE('',*,*,#13352,.F.);
#16351 = PLANE('',#16352);
#16352 = AXIS2_PLACEMENT_3D('',#16353,#16354,#16355);
#16353 = CARTESIAN_POINT('',(7.52,4.78,-2.5));
#16354 = DIRECTION('',(-1.110223024625E-16,-1.,0.));
#16355 = DIRECTION('',(0.,0.,1.));
#16356 = ADVANCED_FACE('',(#16357),#16368,.T.);
#16357 = FACE_BOUND('',#16358,.T.);
#16358 = EDGE_LOOP('',(#16359,#16365,#16366,#16367));
#16359 = ORIENTED_EDGE('',*,*,#16360,.T.);
#16360 = EDGE_CURVE('',#13378,#13314,#16361,.T.);
#16361 = LINE('',#16362,#16363);
#16362 = CARTESIAN_POINT('',(7.52,4.93,-3.1));
#16363 = VECTOR('',#16364,1.);
#16364 = DIRECTION('',(1.,-1.110223024625E-16,0.));
#16365 = ORIENTED_EDGE('',*,*,#13321,.T.);
#16366 = ORIENTED_EDGE('',*,*,#16343,.F.);
#16367 = ORIENTED_EDGE('',*,*,#13385,.F.);
#16368 = PLANE('',#16369);
#16369 = AXIS2_PLACEMENT_3D('',#16370,#16371,#16372);
#16370 = CARTESIAN_POINT('',(7.52,4.93,-3.1));
#16371 = DIRECTION('',(-1.077074540829E-16,-0.970142500145,
    -0.242535625036));
#16372 = DIRECTION('',(-2.692686352073E-17,-0.242535625036,
    0.970142500145));
#16373 = ADVANCED_FACE('',(#16374),#16385,.T.);
#16374 = FACE_BOUND('',#16375,.T.);
#16375 = EDGE_LOOP('',(#16376,#16382,#16383,#16384));
#16376 = ORIENTED_EDGE('',*,*,#16377,.T.);
#16377 = EDGE_CURVE('',#13370,#13306,#16378,.T.);
#16378 = LINE('',#16379,#16380);
#16379 = CARTESIAN_POINT('',(7.52,5.23,-3.1));
#16380 = VECTOR('',#16381,1.);
#16381 = DIRECTION('',(1.,-1.110223024625E-16,0.));
#16382 = ORIENTED_EDGE('',*,*,#13313,.T.);
#16383 = ORIENTED_EDGE('',*,*,#16360,.F.);
#16384 = ORIENTED_EDGE('',*,*,#13377,.T.);
#16385 = PLANE('',#16386);
#16386 = AXIS2_PLACEMENT_3D('',#16387,#16388,#16389);
#16387 = CARTESIAN_POINT('',(7.52,5.23,-3.1));
#16388 = DIRECTION('',(0.,-0.,-1.));
#16389 = DIRECTION('',(-1.110223024625E-16,-1.,0.));
#16390 = ADVANCED_FACE('',(#16391),#16402,.T.);
#16391 = FACE_BOUND('',#16392,.T.);
#16392 = EDGE_LOOP('',(#16393,#16399,#16400,#16401));
#16393 = ORIENTED_EDGE('',*,*,#16394,.T.);
#16394 = EDGE_CURVE('',#13362,#13298,#16395,.T.);
#16395 = LINE('',#16396,#16397);
#16396 = CARTESIAN_POINT('',(7.52,5.38,-2.5));
#16397 = VECTOR('',#16398,1.);
#16398 = DIRECTION('',(1.,-1.110223024625E-16,0.));
#16399 = ORIENTED_EDGE('',*,*,#13305,.T.);
#16400 = ORIENTED_EDGE('',*,*,#16377,.F.);
#16401 = ORIENTED_EDGE('',*,*,#13369,.F.);
#16402 = PLANE('',#16403);
#16403 = AXIS2_PLACEMENT_3D('',#16404,#16405,#16406);
#16404 = CARTESIAN_POINT('',(7.52,5.38,-2.5));
#16405 = DIRECTION('',(1.077074540829E-16,0.970142500145,-0.242535625036
    ));
#16406 = DIRECTION('',(-2.692686352073E-17,-0.242535625036,
    -0.970142500145));
#16407 = ADVANCED_FACE('',(#16408),#16414,.T.);
#16408 = FACE_BOUND('',#16409,.T.);
#16409 = EDGE_LOOP('',(#16410,#16411,#16412,#16413));
#16410 = ORIENTED_EDGE('',*,*,#13335,.T.);
#16411 = ORIENTED_EDGE('',*,*,#13297,.T.);
#16412 = ORIENTED_EDGE('',*,*,#16394,.F.);
#16413 = ORIENTED_EDGE('',*,*,#13361,.F.);
#16414 = PLANE('',#16415);
#16415 = AXIS2_PLACEMENT_3D('',#16416,#16417,#16418);
#16416 = CARTESIAN_POINT('',(7.52,5.38,0.2));
#16417 = DIRECTION('',(1.110223024625E-16,1.,0.));
#16418 = DIRECTION('',(0.,0.,-1.));
#16419 = ADVANCED_FACE('',(#16420),#16431,.T.);
#16420 = FACE_BOUND('',#16421,.T.);
#16421 = EDGE_LOOP('',(#16422,#16428,#16429,#16430));
#16422 = ORIENTED_EDGE('',*,*,#16423,.T.);
#16423 = EDGE_CURVE('',#13481,#13417,#16424,.T.);
#16424 = LINE('',#16425,#16426);
#16425 = CARTESIAN_POINT('',(7.52,7.32,-2.5));
#16426 = VECTOR('',#16427,1.);
#16427 = DIRECTION('',(1.,-1.110223024625E-16,0.));
#16428 = ORIENTED_EDGE('',*,*,#13416,.T.);
#16429 = ORIENTED_EDGE('',*,*,#13401,.F.);
#16430 = ORIENTED_EDGE('',*,*,#13480,.F.);
#16431 = PLANE('',#16432);
#16432 = AXIS2_PLACEMENT_3D('',#16433,#16434,#16435);
#16433 = CARTESIAN_POINT('',(7.52,7.32,-2.5));
#16434 = DIRECTION('',(-1.110223024625E-16,-1.,0.));
#16435 = DIRECTION('',(0.,0.,1.));
#16436 = ADVANCED_FACE('',(#16437),#16448,.T.);
#16437 = FACE_BOUND('',#16438,.T.);
#16438 = EDGE_LOOP('',(#16439,#16445,#16446,#16447));
#16439 = ORIENTED_EDGE('',*,*,#16440,.T.);
#16440 = EDGE_CURVE('',#13506,#13442,#16441,.T.);
#16441 = LINE('',#16442,#16443);
#16442 = CARTESIAN_POINT('',(7.52,7.47,-3.1));
#16443 = VECTOR('',#16444,1.);
#16444 = DIRECTION('',(1.,-1.110223024625E-16,0.));
#16445 = ORIENTED_EDGE('',*,*,#13449,.T.);
#16446 = ORIENTED_EDGE('',*,*,#16423,.F.);
#16447 = ORIENTED_EDGE('',*,*,#13513,.F.);
#16448 = PLANE('',#16449);
#16449 = AXIS2_PLACEMENT_3D('',#16450,#16451,#16452);
#16450 = CARTESIAN_POINT('',(7.52,7.47,-3.1));
#16451 = DIRECTION('',(-1.077074540829E-16,-0.970142500145,
    -0.242535625036));
#16452 = DIRECTION('',(-2.692686352073E-17,-0.242535625036,
    0.970142500145));
#16453 = ADVANCED_FACE('',(#16454),#16465,.T.);
#16454 = FACE_BOUND('',#16455,.T.);
#16455 = EDGE_LOOP('',(#16456,#16462,#16463,#16464));
#16456 = ORIENTED_EDGE('',*,*,#16457,.T.);
#16457 = EDGE_CURVE('',#13498,#13434,#16458,.T.);
#16458 = LINE('',#16459,#16460);
#16459 = CARTESIAN_POINT('',(7.52,7.77,-3.1));
#16460 = VECTOR('',#16461,1.);
#16461 = DIRECTION('',(1.,-1.110223024625E-16,0.));
#16462 = ORIENTED_EDGE('',*,*,#13441,.T.);
#16463 = ORIENTED_EDGE('',*,*,#16440,.F.);
#16464 = ORIENTED_EDGE('',*,*,#13505,.T.);
#16465 = PLANE('',#16466);
#16466 = AXIS2_PLACEMENT_3D('',#16467,#16468,#16469);
#16467 = CARTESIAN_POINT('',(7.52,7.77,-3.1));
#16468 = DIRECTION('',(0.,-0.,-1.));
#16469 = DIRECTION('',(-1.110223024625E-16,-1.,0.));
#16470 = ADVANCED_FACE('',(#16471),#16482,.T.);
#16471 = FACE_BOUND('',#16472,.T.);
#16472 = EDGE_LOOP('',(#16473,#16479,#16480,#16481));
#16473 = ORIENTED_EDGE('',*,*,#16474,.T.);
#16474 = EDGE_CURVE('',#13490,#13426,#16475,.T.);
#16475 = LINE('',#16476,#16477);
#16476 = CARTESIAN_POINT('',(7.52,7.92,-2.5));
#16477 = VECTOR('',#16478,1.);
#16478 = DIRECTION('',(1.,-1.110223024625E-16,0.));
#16479 = ORIENTED_EDGE('',*,*,#13433,.T.);
#16480 = ORIENTED_EDGE('',*,*,#16457,.F.);
#16481 = ORIENTED_EDGE('',*,*,#13497,.F.);
#16482 = PLANE('',#16483);
#16483 = AXIS2_PLACEMENT_3D('',#16484,#16485,#16486);
#16484 = CARTESIAN_POINT('',(7.52,7.92,-2.5));
#16485 = DIRECTION('',(1.077074540829E-16,0.970142500145,-0.242535625036
    ));
#16486 = DIRECTION('',(-2.692686352073E-17,-0.242535625036,
    -0.970142500145));
#16487 = ADVANCED_FACE('',(#16488),#16494,.T.);
#16488 = FACE_BOUND('',#16489,.T.);
#16489 = EDGE_LOOP('',(#16490,#16491,#16492,#16493));
#16490 = ORIENTED_EDGE('',*,*,#13463,.T.);
#16491 = ORIENTED_EDGE('',*,*,#13425,.T.);
#16492 = ORIENTED_EDGE('',*,*,#16474,.F.);
#16493 = ORIENTED_EDGE('',*,*,#13489,.F.);
#16494 = PLANE('',#16495);
#16495 = AXIS2_PLACEMENT_3D('',#16496,#16497,#16498);
#16496 = CARTESIAN_POINT('',(7.52,7.92,0.2));
#16497 = DIRECTION('',(1.110223024625E-16,1.,0.));
#16498 = DIRECTION('',(0.,0.,-1.));
#16499 = ADVANCED_FACE('',(#16500),#16511,.T.);
#16500 = FACE_BOUND('',#16501,.T.);
#16501 = EDGE_LOOP('',(#16502,#16508,#16509,#16510));
#16502 = ORIENTED_EDGE('',*,*,#16503,.T.);
#16503 = EDGE_CURVE('',#13609,#13545,#16504,.T.);
#16504 = LINE('',#16505,#16506);
#16505 = CARTESIAN_POINT('',(7.52,9.86,-2.5));
#16506 = VECTOR('',#16507,1.);
#16507 = DIRECTION('',(1.,-1.110223024625E-16,0.));
#16508 = ORIENTED_EDGE('',*,*,#13544,.T.);
#16509 = ORIENTED_EDGE('',*,*,#13529,.F.);
#16510 = ORIENTED_EDGE('',*,*,#13608,.F.);
#16511 = PLANE('',#16512);
#16512 = AXIS2_PLACEMENT_3D('',#16513,#16514,#16515);
#16513 = CARTESIAN_POINT('',(7.52,9.86,-2.5));
#16514 = DIRECTION('',(-1.110223024625E-16,-1.,0.));
#16515 = DIRECTION('',(0.,0.,1.));
#16516 = ADVANCED_FACE('',(#16517),#16528,.T.);
#16517 = FACE_BOUND('',#16518,.T.);
#16518 = EDGE_LOOP('',(#16519,#16525,#16526,#16527));
#16519 = ORIENTED_EDGE('',*,*,#16520,.T.);
#16520 = EDGE_CURVE('',#13634,#13570,#16521,.T.);
#16521 = LINE('',#16522,#16523);
#16522 = CARTESIAN_POINT('',(7.52,10.01,-3.1));
#16523 = VECTOR('',#16524,1.);
#16524 = DIRECTION('',(1.,-1.110223024625E-16,0.));
#16525 = ORIENTED_EDGE('',*,*,#13577,.T.);
#16526 = ORIENTED_EDGE('',*,*,#16503,.F.);
#16527 = ORIENTED_EDGE('',*,*,#13641,.F.);
#16528 = PLANE('',#16529);
#16529 = AXIS2_PLACEMENT_3D('',#16530,#16531,#16532);
#16530 = CARTESIAN_POINT('',(7.52,10.01,-3.1));
#16531 = DIRECTION('',(-1.077074540829E-16,-0.970142500145,
    -0.242535625036));
#16532 = DIRECTION('',(-2.692686352073E-17,-0.242535625036,
    0.970142500145));
#16533 = ADVANCED_FACE('',(#16534),#16545,.T.);
#16534 = FACE_BOUND('',#16535,.T.);
#16535 = EDGE_LOOP('',(#16536,#16542,#16543,#16544));
#16536 = ORIENTED_EDGE('',*,*,#16537,.T.);
#16537 = EDGE_CURVE('',#13626,#13562,#16538,.T.);
#16538 = LINE('',#16539,#16540);
#16539 = CARTESIAN_POINT('',(7.52,10.31,-3.1));
#16540 = VECTOR('',#16541,1.);
#16541 = DIRECTION('',(1.,-1.110223024625E-16,0.));
#16542 = ORIENTED_EDGE('',*,*,#13569,.T.);
#16543 = ORIENTED_EDGE('',*,*,#16520,.F.);
#16544 = ORIENTED_EDGE('',*,*,#13633,.T.);
#16545 = PLANE('',#16546);
#16546 = AXIS2_PLACEMENT_3D('',#16547,#16548,#16549);
#16547 = CARTESIAN_POINT('',(7.52,10.31,-3.1));
#16548 = DIRECTION('',(0.,-0.,-1.));
#16549 = DIRECTION('',(-1.110223024625E-16,-1.,0.));
#16550 = ADVANCED_FACE('',(#16551),#16562,.T.);
#16551 = FACE_BOUND('',#16552,.T.);
#16552 = EDGE_LOOP('',(#16553,#16559,#16560,#16561));
#16553 = ORIENTED_EDGE('',*,*,#16554,.T.);
#16554 = EDGE_CURVE('',#13618,#13554,#16555,.T.);
#16555 = LINE('',#16556,#16557);
#16556 = CARTESIAN_POINT('',(7.52,10.46,-2.5));
#16557 = VECTOR('',#16558,1.);
#16558 = DIRECTION('',(1.,-1.110223024625E-16,0.));
#16559 = ORIENTED_EDGE('',*,*,#13561,.T.);
#16560 = ORIENTED_EDGE('',*,*,#16537,.F.);
#16561 = ORIENTED_EDGE('',*,*,#13625,.F.);
#16562 = PLANE('',#16563);
#16563 = AXIS2_PLACEMENT_3D('',#16564,#16565,#16566);
#16564 = CARTESIAN_POINT('',(7.52,10.46,-2.5));
#16565 = DIRECTION('',(1.077074540829E-16,0.970142500145,-0.242535625036
    ));
#16566 = DIRECTION('',(-2.692686352073E-17,-0.242535625036,
    -0.970142500145));
#16567 = ADVANCED_FACE('',(#16568),#16574,.T.);
#16568 = FACE_BOUND('',#16569,.T.);
#16569 = EDGE_LOOP('',(#16570,#16571,#16572,#16573));
#16570 = ORIENTED_EDGE('',*,*,#13591,.T.);
#16571 = ORIENTED_EDGE('',*,*,#13553,.T.);
#16572 = ORIENTED_EDGE('',*,*,#16554,.F.);
#16573 = ORIENTED_EDGE('',*,*,#13617,.F.);
#16574 = PLANE('',#16575);
#16575 = AXIS2_PLACEMENT_3D('',#16576,#16577,#16578);
#16576 = CARTESIAN_POINT('',(7.52,10.46,0.2));
#16577 = DIRECTION('',(1.110223024625E-16,1.,0.));
#16578 = DIRECTION('',(0.,0.,-1.));
#16579 = ADVANCED_FACE('',(#16580),#16591,.T.);
#16580 = FACE_BOUND('',#16581,.T.);
#16581 = EDGE_LOOP('',(#16582,#16588,#16589,#16590));
#16582 = ORIENTED_EDGE('',*,*,#16583,.T.);
#16583 = EDGE_CURVE('',#13737,#13673,#16584,.T.);
#16584 = LINE('',#16585,#16586);
#16585 = CARTESIAN_POINT('',(7.52,12.4,-2.5));
#16586 = VECTOR('',#16587,1.);
#16587 = DIRECTION('',(1.,-1.110223024625E-16,0.));
#16588 = ORIENTED_EDGE('',*,*,#13672,.T.);
#16589 = ORIENTED_EDGE('',*,*,#13657,.F.);
#16590 = ORIENTED_EDGE('',*,*,#13736,.F.);
#16591 = PLANE('',#16592);
#16592 = AXIS2_PLACEMENT_3D('',#16593,#16594,#16595);
#16593 = CARTESIAN_POINT('',(7.52,12.4,-2.5));
#16594 = DIRECTION('',(-1.110223024625E-16,-1.,0.));
#16595 = DIRECTION('',(0.,0.,1.));
#16596 = ADVANCED_FACE('',(#16597),#16608,.T.);
#16597 = FACE_BOUND('',#16598,.T.);
#16598 = EDGE_LOOP('',(#16599,#16605,#16606,#16607));
#16599 = ORIENTED_EDGE('',*,*,#16600,.T.);
#16600 = EDGE_CURVE('',#13762,#13698,#16601,.T.);
#16601 = LINE('',#16602,#16603);
#16602 = CARTESIAN_POINT('',(7.52,12.55,-3.1));
#16603 = VECTOR('',#16604,1.);
#16604 = DIRECTION('',(1.,-1.110223024625E-16,0.));
#16605 = ORIENTED_EDGE('',*,*,#13705,.T.);
#16606 = ORIENTED_EDGE('',*,*,#16583,.F.);
#16607 = ORIENTED_EDGE('',*,*,#13769,.F.);
#16608 = PLANE('',#16609);
#16609 = AXIS2_PLACEMENT_3D('',#16610,#16611,#16612);
#16610 = CARTESIAN_POINT('',(7.52,12.55,-3.1));
#16611 = DIRECTION('',(-1.077074540829E-16,-0.970142500145,
    -0.242535625036));
#16612 = DIRECTION('',(-2.692686352073E-17,-0.242535625036,
    0.970142500145));
#16613 = ADVANCED_FACE('',(#16614),#16625,.T.);
#16614 = FACE_BOUND('',#16615,.T.);
#16615 = EDGE_LOOP('',(#16616,#16622,#16623,#16624));
#16616 = ORIENTED_EDGE('',*,*,#16617,.T.);
#16617 = EDGE_CURVE('',#13754,#13690,#16618,.T.);
#16618 = LINE('',#16619,#16620);
#16619 = CARTESIAN_POINT('',(7.52,12.85,-3.1));
#16620 = VECTOR('',#16621,1.);
#16621 = DIRECTION('',(1.,-1.110223024625E-16,0.));
#16622 = ORIENTED_EDGE('',*,*,#13697,.T.);
#16623 = ORIENTED_EDGE('',*,*,#16600,.F.);
#16624 = ORIENTED_EDGE('',*,*,#13761,.T.);
#16625 = PLANE('',#16626);
#16626 = AXIS2_PLACEMENT_3D('',#16627,#16628,#16629);
#16627 = CARTESIAN_POINT('',(7.52,12.85,-3.1));
#16628 = DIRECTION('',(0.,-0.,-1.));
#16629 = DIRECTION('',(-1.110223024625E-16,-1.,0.));
#16630 = ADVANCED_FACE('',(#16631),#16642,.T.);
#16631 = FACE_BOUND('',#16632,.T.);
#16632 = EDGE_LOOP('',(#16633,#16639,#16640,#16641));
#16633 = ORIENTED_EDGE('',*,*,#16634,.T.);
#16634 = EDGE_CURVE('',#13746,#13682,#16635,.T.);
#16635 = LINE('',#16636,#16637);
#16636 = CARTESIAN_POINT('',(7.52,13.,-2.5));
#16637 = VECTOR('',#16638,1.);
#16638 = DIRECTION('',(1.,-1.110223024625E-16,0.));
#16639 = ORIENTED_EDGE('',*,*,#13689,.T.);
#16640 = ORIENTED_EDGE('',*,*,#16617,.F.);
#16641 = ORIENTED_EDGE('',*,*,#13753,.F.);
#16642 = PLANE('',#16643);
#16643 = AXIS2_PLACEMENT_3D('',#16644,#16645,#16646);
#16644 = CARTESIAN_POINT('',(7.52,13.,-2.5));
#16645 = DIRECTION('',(1.077074540829E-16,0.970142500145,-0.242535625036
    ));
#16646 = DIRECTION('',(-2.692686352073E-17,-0.242535625036,
    -0.970142500145));
#16647 = ADVANCED_FACE('',(#16648),#16654,.T.);
#16648 = FACE_BOUND('',#16649,.T.);
#16649 = EDGE_LOOP('',(#16650,#16651,#16652,#16653));
#16650 = ORIENTED_EDGE('',*,*,#13719,.T.);
#16651 = ORIENTED_EDGE('',*,*,#13681,.T.);
#16652 = ORIENTED_EDGE('',*,*,#16634,.F.);
#16653 = ORIENTED_EDGE('',*,*,#13745,.F.);
#16654 = PLANE('',#16655);
#16655 = AXIS2_PLACEMENT_3D('',#16656,#16657,#16658);
#16656 = CARTESIAN_POINT('',(7.52,13.,0.2));
#16657 = DIRECTION('',(1.110223024625E-16,1.,0.));
#16658 = DIRECTION('',(0.,0.,-1.));
#16659 = ADVANCED_FACE('',(#16660),#16671,.T.);
#16660 = FACE_BOUND('',#16661,.T.);
#16661 = EDGE_LOOP('',(#16662,#16663,#16664,#16665));
#16662 = ORIENTED_EDGE('',*,*,#13928,.T.);
#16663 = ORIENTED_EDGE('',*,*,#13791,.T.);
#16664 = ORIENTED_EDGE('',*,*,#13816,.T.);
#16665 = ORIENTED_EDGE('',*,*,#16666,.T.);
#16666 = EDGE_CURVE('',#13817,#13921,#16667,.T.);
#16667 = LINE('',#16668,#16669);
#16668 = CARTESIAN_POINT('',(7.72,-15.24,0.9));
#16669 = VECTOR('',#16670,1.);
#16670 = DIRECTION('',(-1.110223024625E-16,-1.,0.));
#16671 = PLANE('',#16672);
#16672 = AXIS2_PLACEMENT_3D('',#16673,#16674,#16675);
#16673 = CARTESIAN_POINT('',(7.62,-15.24,0.9));
#16674 = DIRECTION('',(0.,0.,1.));
#16675 = DIRECTION('',(1.110223024625E-16,1.,-0.));
#16676 = ADVANCED_FACE('',(#16677),#16688,.T.);
#16677 = FACE_BOUND('',#16678,.T.);
#16678 = EDGE_LOOP('',(#16679,#16680,#16686,#16687));
#16679 = ORIENTED_EDGE('',*,*,#13896,.T.);
#16680 = ORIENTED_EDGE('',*,*,#16681,.F.);
#16681 = EDGE_CURVE('',#13841,#13897,#16682,.T.);
#16682 = LINE('',#16683,#16684);
#16683 = CARTESIAN_POINT('',(7.52,-15.24,0.9));
#16684 = VECTOR('',#16685,1.);
#16685 = DIRECTION('',(-1.110223024625E-16,-1.,0.));
#16686 = ORIENTED_EDGE('',*,*,#13848,.T.);
#16687 = ORIENTED_EDGE('',*,*,#13871,.T.);
#16688 = PLANE('',#16689);
#16689 = AXIS2_PLACEMENT_3D('',#16690,#16691,#16692);
#16690 = CARTESIAN_POINT('',(7.62,-15.24,0.9));
#16691 = DIRECTION('',(0.,0.,1.));
#16692 = DIRECTION('',(1.110223024625E-16,1.,-0.));
#16693 = ADVANCED_FACE('',(#16694),#16737,.T.);
#16694 = FACE_BOUND('',#16695,.T.);
#16695 = EDGE_LOOP('',(#16696,#16697,#16705,#16713,#16721,#16729,#16735,
    #16736));
#16696 = ORIENTED_EDGE('',*,*,#13904,.F.);
#16697 = ORIENTED_EDGE('',*,*,#16698,.T.);
#16698 = EDGE_CURVE('',#13905,#16699,#16701,.T.);
#16699 = VERTEX_POINT('',#16700);
#16700 = CARTESIAN_POINT('',(7.52,-15.49,7.35));
#16701 = LINE('',#16702,#16703);
#16702 = CARTESIAN_POINT('',(7.52,-15.54,7.4));
#16703 = VECTOR('',#16704,1.);
#16704 = DIRECTION('',(7.850462293414E-17,0.707106781187,-0.707106781187
    ));
#16705 = ORIENTED_EDGE('',*,*,#16706,.T.);
#16706 = EDGE_CURVE('',#16699,#16707,#16709,.T.);
#16707 = VERTEX_POINT('',#16708);
#16708 = CARTESIAN_POINT('',(7.52,-15.49,1.25));
#16709 = LINE('',#16710,#16711);
#16710 = CARTESIAN_POINT('',(7.52,-15.49,7.35));
#16711 = VECTOR('',#16712,1.);
#16712 = DIRECTION('',(0.,0.,-1.));
#16713 = ORIENTED_EDGE('',*,*,#16714,.T.);
#16714 = EDGE_CURVE('',#16707,#16715,#16717,.T.);
#16715 = VERTEX_POINT('',#16716);
#16716 = CARTESIAN_POINT('',(7.52,-14.99,1.25));
#16717 = LINE('',#16718,#16719);
#16718 = CARTESIAN_POINT('',(7.52,-15.49,1.25));
#16719 = VECTOR('',#16720,1.);
#16720 = DIRECTION('',(1.110223024625E-16,1.,0.));
#16721 = ORIENTED_EDGE('',*,*,#16722,.T.);
#16722 = EDGE_CURVE('',#16715,#16723,#16725,.T.);
#16723 = VERTEX_POINT('',#16724);
#16724 = CARTESIAN_POINT('',(7.52,-14.99,7.35));
#16725 = LINE('',#16726,#16727);
#16726 = CARTESIAN_POINT('',(7.52,-14.99,1.25));
#16727 = VECTOR('',#16728,1.);
#16728 = DIRECTION('',(0.,0.,1.));
#16729 = ORIENTED_EDGE('',*,*,#16730,.T.);
#16730 = EDGE_CURVE('',#16723,#13833,#16731,.T.);
#16731 = LINE('',#16732,#16733);
#16732 = CARTESIAN_POINT('',(7.52,-14.99,7.35));
#16733 = VECTOR('',#16734,1.);
#16734 = DIRECTION('',(7.850462293414E-17,0.707106781187,0.707106781187)
  );
#16735 = ORIENTED_EDGE('',*,*,#13840,.F.);
#16736 = ORIENTED_EDGE('',*,*,#16681,.T.);
#16737 = PLANE('',#16738);
#16738 = AXIS2_PLACEMENT_3D('',#16739,#16740,#16741);
#16739 = CARTESIAN_POINT('',(7.52,-15.24,3.911477598424));
#16740 = DIRECTION('',(-1.,1.110223024625E-16,0.));
#16741 = DIRECTION('',(0.,0.,1.));
#16742 = ADVANCED_FACE('',(#16743),#16761,.T.);
#16743 = FACE_BOUND('',#16744,.T.);
#16744 = EDGE_LOOP('',(#16745,#16753,#16759,#16760));
#16745 = ORIENTED_EDGE('',*,*,#16746,.T.);
#16746 = EDGE_CURVE('',#16723,#16747,#16749,.T.);
#16747 = VERTEX_POINT('',#16748);
#16748 = CARTESIAN_POINT('',(7.72,-14.99,7.35));
#16749 = LINE('',#16750,#16751);
#16750 = CARTESIAN_POINT('',(7.52,-14.99,7.35));
#16751 = VECTOR('',#16752,1.);
#16752 = DIRECTION('',(1.,-1.110223024625E-16,0.));
#16753 = ORIENTED_EDGE('',*,*,#16754,.T.);
#16754 = EDGE_CURVE('',#16747,#13825,#16755,.T.);
#16755 = LINE('',#16756,#16757);
#16756 = CARTESIAN_POINT('',(7.72,-14.99,7.35));
#16757 = VECTOR('',#16758,1.);
#16758 = DIRECTION('',(7.850462293414E-17,0.707106781187,0.707106781187)
  );
#16759 = ORIENTED_EDGE('',*,*,#13832,.F.);
#16760 = ORIENTED_EDGE('',*,*,#16730,.F.);
#16761 = PLANE('',#16762);
#16762 = AXIS2_PLACEMENT_3D('',#16763,#16764,#16765);
#16763 = CARTESIAN_POINT('',(7.52,-14.99,7.35));
#16764 = DIRECTION('',(-7.850462293414E-17,-0.707106781187,
    0.707106781187));
#16765 = DIRECTION('',(7.850462293414E-17,0.707106781187,0.707106781187)
  );
#16766 = ADVANCED_FACE('',(#16767),#16803,.F.);
#16767 = FACE_BOUND('',#16768,.F.);
#16768 = EDGE_LOOP('',(#16769,#16770,#16778,#16786,#16794,#16800,#16801,
    #16802));
#16769 = ORIENTED_EDGE('',*,*,#13920,.F.);
#16770 = ORIENTED_EDGE('',*,*,#16771,.T.);
#16771 = EDGE_CURVE('',#13913,#16772,#16774,.T.);
#16772 = VERTEX_POINT('',#16773);
#16773 = CARTESIAN_POINT('',(7.72,-15.49,7.35));
#16774 = LINE('',#16775,#16776);
#16775 = CARTESIAN_POINT('',(7.72,-15.54,7.4));
#16776 = VECTOR('',#16777,1.);
#16777 = DIRECTION('',(7.850462293414E-17,0.707106781187,-0.707106781187
    ));
#16778 = ORIENTED_EDGE('',*,*,#16779,.T.);
#16779 = EDGE_CURVE('',#16772,#16780,#16782,.T.);
#16780 = VERTEX_POINT('',#16781);
#16781 = CARTESIAN_POINT('',(7.72,-15.49,1.25));
#16782 = LINE('',#16783,#16784);
#16783 = CARTESIAN_POINT('',(7.72,-15.49,7.35));
#16784 = VECTOR('',#16785,1.);
#16785 = DIRECTION('',(0.,0.,-1.));
#16786 = ORIENTED_EDGE('',*,*,#16787,.T.);
#16787 = EDGE_CURVE('',#16780,#16788,#16790,.T.);
#16788 = VERTEX_POINT('',#16789);
#16789 = CARTESIAN_POINT('',(7.72,-14.99,1.25));
#16790 = LINE('',#16791,#16792);
#16791 = CARTESIAN_POINT('',(7.72,-15.49,1.25));
#16792 = VECTOR('',#16793,1.);
#16793 = DIRECTION('',(1.110223024625E-16,1.,0.));
#16794 = ORIENTED_EDGE('',*,*,#16795,.T.);
#16795 = EDGE_CURVE('',#16788,#16747,#16796,.T.);
#16796 = LINE('',#16797,#16798);
#16797 = CARTESIAN_POINT('',(7.72,-14.99,1.25));
#16798 = VECTOR('',#16799,1.);
#16799 = DIRECTION('',(0.,0.,1.));
#16800 = ORIENTED_EDGE('',*,*,#16754,.T.);
#16801 = ORIENTED_EDGE('',*,*,#13824,.F.);
#16802 = ORIENTED_EDGE('',*,*,#16666,.T.);
#16803 = PLANE('',#16804);
#16804 = AXIS2_PLACEMENT_3D('',#16805,#16806,#16807);
#16805 = CARTESIAN_POINT('',(7.72,-15.24,3.911477598424));
#16806 = DIRECTION('',(-1.,1.110223024625E-16,0.));
#16807 = DIRECTION('',(0.,0.,1.));
#16808 = ADVANCED_FACE('',(#16809),#16820,.T.);
#16809 = FACE_BOUND('',#16810,.T.);
#16810 = EDGE_LOOP('',(#16811,#16812,#16813,#16819));
#16811 = ORIENTED_EDGE('',*,*,#13912,.T.);
#16812 = ORIENTED_EDGE('',*,*,#16771,.T.);
#16813 = ORIENTED_EDGE('',*,*,#16814,.F.);
#16814 = EDGE_CURVE('',#16699,#16772,#16815,.T.);
#16815 = LINE('',#16816,#16817);
#16816 = CARTESIAN_POINT('',(7.52,-15.49,7.35));
#16817 = VECTOR('',#16818,1.);
#16818 = DIRECTION('',(1.,-1.110223024625E-16,0.));
#16819 = ORIENTED_EDGE('',*,*,#16698,.F.);
#16820 = PLANE('',#16821);
#16821 = AXIS2_PLACEMENT_3D('',#16822,#16823,#16824);
#16822 = CARTESIAN_POINT('',(7.52,-15.54,7.4));
#16823 = DIRECTION('',(7.850462293414E-17,0.707106781187,0.707106781187)
  );
#16824 = DIRECTION('',(7.850462293414E-17,0.707106781187,-0.707106781187
    ));
#16825 = ADVANCED_FACE('',(#16826),#16837,.T.);
#16826 = FACE_BOUND('',#16827,.T.);
#16827 = EDGE_LOOP('',(#16828,#16829,#16830,#16831));
#16828 = ORIENTED_EDGE('',*,*,#14088,.T.);
#16829 = ORIENTED_EDGE('',*,*,#13951,.T.);
#16830 = ORIENTED_EDGE('',*,*,#13976,.T.);
#16831 = ORIENTED_EDGE('',*,*,#16832,.T.);
#16832 = EDGE_CURVE('',#13977,#14081,#16833,.T.);
#16833 = LINE('',#16834,#16835);
#16834 = CARTESIAN_POINT('',(7.72,-12.7,0.9));
#16835 = VECTOR('',#16836,1.);
#16836 = DIRECTION('',(-1.110223024625E-16,-1.,0.));
#16837 = PLANE('',#16838);
#16838 = AXIS2_PLACEMENT_3D('',#16839,#16840,#16841);
#16839 = CARTESIAN_POINT('',(7.62,-12.7,0.9));
#16840 = DIRECTION('',(0.,0.,1.));
#16841 = DIRECTION('',(1.110223024625E-16,1.,-0.));
#16842 = ADVANCED_FACE('',(#16843),#16854,.T.);
#16843 = FACE_BOUND('',#16844,.T.);
#16844 = EDGE_LOOP('',(#16845,#16846,#16852,#16853));
#16845 = ORIENTED_EDGE('',*,*,#14056,.T.);
#16846 = ORIENTED_EDGE('',*,*,#16847,.F.);
#16847 = EDGE_CURVE('',#14001,#14057,#16848,.T.);
#16848 = LINE('',#16849,#16850);
#16849 = CARTESIAN_POINT('',(7.52,-12.7,0.9));
#16850 = VECTOR('',#16851,1.);
#16851 = DIRECTION('',(-1.110223024625E-16,-1.,0.));
#16852 = ORIENTED_EDGE('',*,*,#14008,.T.);
#16853 = ORIENTED_EDGE('',*,*,#14031,.T.);
#16854 = PLANE('',#16855);
#16855 = AXIS2_PLACEMENT_3D('',#16856,#16857,#16858);
#16856 = CARTESIAN_POINT('',(7.62,-12.7,0.9));
#16857 = DIRECTION('',(0.,0.,1.));
#16858 = DIRECTION('',(1.110223024625E-16,1.,-0.));
#16859 = ADVANCED_FACE('',(#16860),#16903,.T.);
#16860 = FACE_BOUND('',#16861,.T.);
#16861 = EDGE_LOOP('',(#16862,#16863,#16871,#16879,#16887,#16895,#16901,
    #16902));
#16862 = ORIENTED_EDGE('',*,*,#14064,.F.);
#16863 = ORIENTED_EDGE('',*,*,#16864,.T.);
#16864 = EDGE_CURVE('',#14065,#16865,#16867,.T.);
#16865 = VERTEX_POINT('',#16866);
#16866 = CARTESIAN_POINT('',(7.52,-12.95,7.35));
#16867 = LINE('',#16868,#16869);
#16868 = CARTESIAN_POINT('',(7.52,-13.,7.4));
#16869 = VECTOR('',#16870,1.);
#16870 = DIRECTION('',(7.850462293414E-17,0.707106781187,-0.707106781187
    ));
#16871 = ORIENTED_EDGE('',*,*,#16872,.T.);
#16872 = EDGE_CURVE('',#16865,#16873,#16875,.T.);
#16873 = VERTEX_POINT('',#16874);
#16874 = CARTESIAN_POINT('',(7.52,-12.95,1.25));
#16875 = LINE('',#16876,#16877);
#16876 = CARTESIAN_POINT('',(7.52,-12.95,7.35));
#16877 = VECTOR('',#16878,1.);
#16878 = DIRECTION('',(0.,0.,-1.));
#16879 = ORIENTED_EDGE('',*,*,#16880,.T.);
#16880 = EDGE_CURVE('',#16873,#16881,#16883,.T.);
#16881 = VERTEX_POINT('',#16882);
#16882 = CARTESIAN_POINT('',(7.52,-12.45,1.25));
#16883 = LINE('',#16884,#16885);
#16884 = CARTESIAN_POINT('',(7.52,-12.95,1.25));
#16885 = VECTOR('',#16886,1.);
#16886 = DIRECTION('',(1.110223024625E-16,1.,0.));
#16887 = ORIENTED_EDGE('',*,*,#16888,.T.);
#16888 = EDGE_CURVE('',#16881,#16889,#16891,.T.);
#16889 = VERTEX_POINT('',#16890);
#16890 = CARTESIAN_POINT('',(7.52,-12.45,7.35));
#16891 = LINE('',#16892,#16893);
#16892 = CARTESIAN_POINT('',(7.52,-12.45,1.25));
#16893 = VECTOR('',#16894,1.);
#16894 = DIRECTION('',(0.,0.,1.));
#16895 = ORIENTED_EDGE('',*,*,#16896,.T.);
#16896 = EDGE_CURVE('',#16889,#13993,#16897,.T.);
#16897 = LINE('',#16898,#16899);
#16898 = CARTESIAN_POINT('',(7.52,-12.45,7.35));
#16899 = VECTOR('',#16900,1.);
#16900 = DIRECTION('',(7.850462293414E-17,0.707106781187,0.707106781187)
  );
#16901 = ORIENTED_EDGE('',*,*,#14000,.F.);
#16902 = ORIENTED_EDGE('',*,*,#16847,.T.);
#16903 = PLANE('',#16904);
#16904 = AXIS2_PLACEMENT_3D('',#16905,#16906,#16907);
#16905 = CARTESIAN_POINT('',(7.52,-12.7,3.911477598424));
#16906 = DIRECTION('',(-1.,1.110223024625E-16,0.));
#16907 = DIRECTION('',(0.,0.,1.));
#16908 = ADVANCED_FACE('',(#16909),#16927,.T.);
#16909 = FACE_BOUND('',#16910,.T.);
#16910 = EDGE_LOOP('',(#16911,#16919,#16925,#16926));
#16911 = ORIENTED_EDGE('',*,*,#16912,.T.);
#16912 = EDGE_CURVE('',#16889,#16913,#16915,.T.);
#16913 = VERTEX_POINT('',#16914);
#16914 = CARTESIAN_POINT('',(7.72,-12.45,7.35));
#16915 = LINE('',#16916,#16917);
#16916 = CARTESIAN_POINT('',(7.52,-12.45,7.35));
#16917 = VECTOR('',#16918,1.);
#16918 = DIRECTION('',(1.,-1.110223024625E-16,0.));
#16919 = ORIENTED_EDGE('',*,*,#16920,.T.);
#16920 = EDGE_CURVE('',#16913,#13985,#16921,.T.);
#16921 = LINE('',#16922,#16923);
#16922 = CARTESIAN_POINT('',(7.72,-12.45,7.35));
#16923 = VECTOR('',#16924,1.);
#16924 = DIRECTION('',(7.850462293414E-17,0.707106781187,0.707106781187)
  );
#16925 = ORIENTED_EDGE('',*,*,#13992,.F.);
#16926 = ORIENTED_EDGE('',*,*,#16896,.F.);
#16927 = PLANE('',#16928);
#16928 = AXIS2_PLACEMENT_3D('',#16929,#16930,#16931);
#16929 = CARTESIAN_POINT('',(7.52,-12.45,7.35));
#16930 = DIRECTION('',(-7.850462293414E-17,-0.707106781187,
    0.707106781187));
#16931 = DIRECTION('',(7.850462293414E-17,0.707106781187,0.707106781187)
  );
#16932 = ADVANCED_FACE('',(#16933),#16969,.F.);
#16933 = FACE_BOUND('',#16934,.F.);
#16934 = EDGE_LOOP('',(#16935,#16936,#16944,#16952,#16960,#16966,#16967,
    #16968));
#16935 = ORIENTED_EDGE('',*,*,#14080,.F.);
#16936 = ORIENTED_EDGE('',*,*,#16937,.T.);
#16937 = EDGE_CURVE('',#14073,#16938,#16940,.T.);
#16938 = VERTEX_POINT('',#16939);
#16939 = CARTESIAN_POINT('',(7.72,-12.95,7.35));
#16940 = LINE('',#16941,#16942);
#16941 = CARTESIAN_POINT('',(7.72,-13.,7.4));
#16942 = VECTOR('',#16943,1.);
#16943 = DIRECTION('',(7.850462293414E-17,0.707106781187,-0.707106781187
    ));
#16944 = ORIENTED_EDGE('',*,*,#16945,.T.);
#16945 = EDGE_CURVE('',#16938,#16946,#16948,.T.);
#16946 = VERTEX_POINT('',#16947);
#16947 = CARTESIAN_POINT('',(7.72,-12.95,1.25));
#16948 = LINE('',#16949,#16950);
#16949 = CARTESIAN_POINT('',(7.72,-12.95,7.35));
#16950 = VECTOR('',#16951,1.);
#16951 = DIRECTION('',(0.,0.,-1.));
#16952 = ORIENTED_EDGE('',*,*,#16953,.T.);
#16953 = EDGE_CURVE('',#16946,#16954,#16956,.T.);
#16954 = VERTEX_POINT('',#16955);
#16955 = CARTESIAN_POINT('',(7.72,-12.45,1.25));
#16956 = LINE('',#16957,#16958);
#16957 = CARTESIAN_POINT('',(7.72,-12.95,1.25));
#16958 = VECTOR('',#16959,1.);
#16959 = DIRECTION('',(1.110223024625E-16,1.,0.));
#16960 = ORIENTED_EDGE('',*,*,#16961,.T.);
#16961 = EDGE_CURVE('',#16954,#16913,#16962,.T.);
#16962 = LINE('',#16963,#16964);
#16963 = CARTESIAN_POINT('',(7.72,-12.45,1.25));
#16964 = VECTOR('',#16965,1.);
#16965 = DIRECTION('',(0.,0.,1.));
#16966 = ORIENTED_EDGE('',*,*,#16920,.T.);
#16967 = ORIENTED_EDGE('',*,*,#13984,.F.);
#16968 = ORIENTED_EDGE('',*,*,#16832,.T.);
#16969 = PLANE('',#16970);
#16970 = AXIS2_PLACEMENT_3D('',#16971,#16972,#16973);
#16971 = CARTESIAN_POINT('',(7.72,-12.7,3.911477598424));
#16972 = DIRECTION('',(-1.,1.110223024625E-16,0.));
#16973 = DIRECTION('',(0.,0.,1.));
#16974 = ADVANCED_FACE('',(#16975),#16986,.T.);
#16975 = FACE_BOUND('',#16976,.T.);
#16976 = EDGE_LOOP('',(#16977,#16978,#16979,#16985));
#16977 = ORIENTED_EDGE('',*,*,#14072,.T.);
#16978 = ORIENTED_EDGE('',*,*,#16937,.T.);
#16979 = ORIENTED_EDGE('',*,*,#16980,.F.);
#16980 = EDGE_CURVE('',#16865,#16938,#16981,.T.);
#16981 = LINE('',#16982,#16983);
#16982 = CARTESIAN_POINT('',(7.52,-12.95,7.35));
#16983 = VECTOR('',#16984,1.);
#16984 = DIRECTION('',(1.,-1.110223024625E-16,0.));
#16985 = ORIENTED_EDGE('',*,*,#16864,.F.);
#16986 = PLANE('',#16987);
#16987 = AXIS2_PLACEMENT_3D('',#16988,#16989,#16990);
#16988 = CARTESIAN_POINT('',(7.52,-13.,7.4));
#16989 = DIRECTION('',(7.850462293414E-17,0.707106781187,0.707106781187)
  );
#16990 = DIRECTION('',(7.850462293414E-17,0.707106781187,-0.707106781187
    ));
#16991 = ADVANCED_FACE('',(#16992),#17003,.T.);
#16992 = FACE_BOUND('',#16993,.T.);
#16993 = EDGE_LOOP('',(#16994,#16995,#16996,#16997));
#16994 = ORIENTED_EDGE('',*,*,#14248,.T.);
#16995 = ORIENTED_EDGE('',*,*,#14111,.T.);
#16996 = ORIENTED_EDGE('',*,*,#14136,.T.);
#16997 = ORIENTED_EDGE('',*,*,#16998,.T.);
#16998 = EDGE_CURVE('',#14137,#14241,#16999,.T.);
#16999 = LINE('',#17000,#17001);
#17000 = CARTESIAN_POINT('',(7.72,-10.16,0.9));
#17001 = VECTOR('',#17002,1.);
#17002 = DIRECTION('',(-1.110223024625E-16,-1.,0.));
#17003 = PLANE('',#17004);
#17004 = AXIS2_PLACEMENT_3D('',#17005,#17006,#17007);
#17005 = CARTESIAN_POINT('',(7.62,-10.16,0.9));
#17006 = DIRECTION('',(0.,0.,1.));
#17007 = DIRECTION('',(1.110223024625E-16,1.,-0.));
#17008 = ADVANCED_FACE('',(#17009),#17020,.T.);
#17009 = FACE_BOUND('',#17010,.T.);
#17010 = EDGE_LOOP('',(#17011,#17012,#17018,#17019));
#17011 = ORIENTED_EDGE('',*,*,#14216,.T.);
#17012 = ORIENTED_EDGE('',*,*,#17013,.F.);
#17013 = EDGE_CURVE('',#14161,#14217,#17014,.T.);
#17014 = LINE('',#17015,#17016);
#17015 = CARTESIAN_POINT('',(7.52,-10.16,0.9));
#17016 = VECTOR('',#17017,1.);
#17017 = DIRECTION('',(-1.110223024625E-16,-1.,0.));
#17018 = ORIENTED_EDGE('',*,*,#14168,.T.);
#17019 = ORIENTED_EDGE('',*,*,#14191,.T.);
#17020 = PLANE('',#17021);
#17021 = AXIS2_PLACEMENT_3D('',#17022,#17023,#17024);
#17022 = CARTESIAN_POINT('',(7.62,-10.16,0.9));
#17023 = DIRECTION('',(0.,0.,1.));
#17024 = DIRECTION('',(1.110223024625E-16,1.,-0.));
#17025 = ADVANCED_FACE('',(#17026),#17069,.T.);
#17026 = FACE_BOUND('',#17027,.T.);
#17027 = EDGE_LOOP('',(#17028,#17029,#17037,#17045,#17053,#17061,#17067,
    #17068));
#17028 = ORIENTED_EDGE('',*,*,#14224,.F.);
#17029 = ORIENTED_EDGE('',*,*,#17030,.T.);
#17030 = EDGE_CURVE('',#14225,#17031,#17033,.T.);
#17031 = VERTEX_POINT('',#17032);
#17032 = CARTESIAN_POINT('',(7.52,-10.41,7.35));
#17033 = LINE('',#17034,#17035);
#17034 = CARTESIAN_POINT('',(7.52,-10.46,7.4));
#17035 = VECTOR('',#17036,1.);
#17036 = DIRECTION('',(7.850462293414E-17,0.707106781187,-0.707106781187
    ));
#17037 = ORIENTED_EDGE('',*,*,#17038,.T.);
#17038 = EDGE_CURVE('',#17031,#17039,#17041,.T.);
#17039 = VERTEX_POINT('',#17040);
#17040 = CARTESIAN_POINT('',(7.52,-10.41,1.25));
#17041 = LINE('',#17042,#17043);
#17042 = CARTESIAN_POINT('',(7.52,-10.41,7.35));
#17043 = VECTOR('',#17044,1.);
#17044 = DIRECTION('',(0.,0.,-1.));
#17045 = ORIENTED_EDGE('',*,*,#17046,.T.);
#17046 = EDGE_CURVE('',#17039,#17047,#17049,.T.);
#17047 = VERTEX_POINT('',#17048);
#17048 = CARTESIAN_POINT('',(7.52,-9.91,1.25));
#17049 = LINE('',#17050,#17051);
#17050 = CARTESIAN_POINT('',(7.52,-10.41,1.25));
#17051 = VECTOR('',#17052,1.);
#17052 = DIRECTION('',(1.110223024625E-16,1.,0.));
#17053 = ORIENTED_EDGE('',*,*,#17054,.T.);
#17054 = EDGE_CURVE('',#17047,#17055,#17057,.T.);
#17055 = VERTEX_POINT('',#17056);
#17056 = CARTESIAN_POINT('',(7.52,-9.91,7.35));
#17057 = LINE('',#17058,#17059);
#17058 = CARTESIAN_POINT('',(7.52,-9.91,1.25));
#17059 = VECTOR('',#17060,1.);
#17060 = DIRECTION('',(0.,0.,1.));
#17061 = ORIENTED_EDGE('',*,*,#17062,.T.);
#17062 = EDGE_CURVE('',#17055,#14153,#17063,.T.);
#17063 = LINE('',#17064,#17065);
#17064 = CARTESIAN_POINT('',(7.52,-9.91,7.35));
#17065 = VECTOR('',#17066,1.);
#17066 = DIRECTION('',(7.850462293414E-17,0.707106781187,0.707106781187)
  );
#17067 = ORIENTED_EDGE('',*,*,#14160,.F.);
#17068 = ORIENTED_EDGE('',*,*,#17013,.T.);
#17069 = PLANE('',#17070);
#17070 = AXIS2_PLACEMENT_3D('',#17071,#17072,#17073);
#17071 = CARTESIAN_POINT('',(7.52,-10.16,3.911477598424));
#17072 = DIRECTION('',(-1.,1.110223024625E-16,0.));
#17073 = DIRECTION('',(0.,0.,1.));
#17074 = ADVANCED_FACE('',(#17075),#17093,.T.);
#17075 = FACE_BOUND('',#17076,.T.);
#17076 = EDGE_LOOP('',(#17077,#17085,#17091,#17092));
#17077 = ORIENTED_EDGE('',*,*,#17078,.T.);
#17078 = EDGE_CURVE('',#17055,#17079,#17081,.T.);
#17079 = VERTEX_POINT('',#17080);
#17080 = CARTESIAN_POINT('',(7.72,-9.91,7.35));
#17081 = LINE('',#17082,#17083);
#17082 = CARTESIAN_POINT('',(7.52,-9.91,7.35));
#17083 = VECTOR('',#17084,1.);
#17084 = DIRECTION('',(1.,-1.110223024625E-16,0.));
#17085 = ORIENTED_EDGE('',*,*,#17086,.T.);
#17086 = EDGE_CURVE('',#17079,#14145,#17087,.T.);
#17087 = LINE('',#17088,#17089);
#17088 = CARTESIAN_POINT('',(7.72,-9.91,7.35));
#17089 = VECTOR('',#17090,1.);
#17090 = DIRECTION('',(7.850462293414E-17,0.707106781187,0.707106781187)
  );
#17091 = ORIENTED_EDGE('',*,*,#14152,.F.);
#17092 = ORIENTED_EDGE('',*,*,#17062,.F.);
#17093 = PLANE('',#17094);
#17094 = AXIS2_PLACEMENT_3D('',#17095,#17096,#17097);
#17095 = CARTESIAN_POINT('',(7.52,-9.91,7.35));
#17096 = DIRECTION('',(-7.850462293414E-17,-0.707106781187,
    0.707106781187));
#17097 = DIRECTION('',(7.850462293414E-17,0.707106781187,0.707106781187)
  );
#17098 = ADVANCED_FACE('',(#17099),#17135,.F.);
#17099 = FACE_BOUND('',#17100,.F.);
#17100 = EDGE_LOOP('',(#17101,#17102,#17110,#17118,#17126,#17132,#17133,
    #17134));
#17101 = ORIENTED_EDGE('',*,*,#14240,.F.);
#17102 = ORIENTED_EDGE('',*,*,#17103,.T.);
#17103 = EDGE_CURVE('',#14233,#17104,#17106,.T.);
#17104 = VERTEX_POINT('',#17105);
#17105 = CARTESIAN_POINT('',(7.72,-10.41,7.35));
#17106 = LINE('',#17107,#17108);
#17107 = CARTESIAN_POINT('',(7.72,-10.46,7.4));
#17108 = VECTOR('',#17109,1.);
#17109 = DIRECTION('',(7.850462293414E-17,0.707106781187,-0.707106781187
    ));
#17110 = ORIENTED_EDGE('',*,*,#17111,.T.);
#17111 = EDGE_CURVE('',#17104,#17112,#17114,.T.);
#17112 = VERTEX_POINT('',#17113);
#17113 = CARTESIAN_POINT('',(7.72,-10.41,1.25));
#17114 = LINE('',#17115,#17116);
#17115 = CARTESIAN_POINT('',(7.72,-10.41,7.35));
#17116 = VECTOR('',#17117,1.);
#17117 = DIRECTION('',(0.,0.,-1.));
#17118 = ORIENTED_EDGE('',*,*,#17119,.T.);
#17119 = EDGE_CURVE('',#17112,#17120,#17122,.T.);
#17120 = VERTEX_POINT('',#17121);
#17121 = CARTESIAN_POINT('',(7.72,-9.91,1.25));
#17122 = LINE('',#17123,#17124);
#17123 = CARTESIAN_POINT('',(7.72,-10.41,1.25));
#17124 = VECTOR('',#17125,1.);
#17125 = DIRECTION('',(1.110223024625E-16,1.,0.));
#17126 = ORIENTED_EDGE('',*,*,#17127,.T.);
#17127 = EDGE_CURVE('',#17120,#17079,#17128,.T.);
#17128 = LINE('',#17129,#17130);
#17129 = CARTESIAN_POINT('',(7.72,-9.91,1.25));
#17130 = VECTOR('',#17131,1.);
#17131 = DIRECTION('',(0.,0.,1.));
#17132 = ORIENTED_EDGE('',*,*,#17086,.T.);
#17133 = ORIENTED_EDGE('',*,*,#14144,.F.);
#17134 = ORIENTED_EDGE('',*,*,#16998,.T.);
#17135 = PLANE('',#17136);
#17136 = AXIS2_PLACEMENT_3D('',#17137,#17138,#17139);
#17137 = CARTESIAN_POINT('',(7.72,-10.16,3.911477598424));
#17138 = DIRECTION('',(-1.,1.110223024625E-16,0.));
#17139 = DIRECTION('',(0.,0.,1.));
#17140 = ADVANCED_FACE('',(#17141),#17152,.T.);
#17141 = FACE_BOUND('',#17142,.T.);
#17142 = EDGE_LOOP('',(#17143,#17144,#17145,#17151));
#17143 = ORIENTED_EDGE('',*,*,#14232,.T.);
#17144 = ORIENTED_EDGE('',*,*,#17103,.T.);
#17145 = ORIENTED_EDGE('',*,*,#17146,.F.);
#17146 = EDGE_CURVE('',#17031,#17104,#17147,.T.);
#17147 = LINE('',#17148,#17149);
#17148 = CARTESIAN_POINT('',(7.52,-10.41,7.35));
#17149 = VECTOR('',#17150,1.);
#17150 = DIRECTION('',(1.,-1.110223024625E-16,0.));
#17151 = ORIENTED_EDGE('',*,*,#17030,.F.);
#17152 = PLANE('',#17153);
#17153 = AXIS2_PLACEMENT_3D('',#17154,#17155,#17156);
#17154 = CARTESIAN_POINT('',(7.52,-10.46,7.4));
#17155 = DIRECTION('',(7.850462293414E-17,0.707106781187,0.707106781187)
  );
#17156 = DIRECTION('',(7.850462293414E-17,0.707106781187,-0.707106781187
    ));
#17157 = ADVANCED_FACE('',(#17158),#17169,.T.);
#17158 = FACE_BOUND('',#17159,.T.);
#17159 = EDGE_LOOP('',(#17160,#17161,#17162,#17163));
#17160 = ORIENTED_EDGE('',*,*,#14408,.T.);
#17161 = ORIENTED_EDGE('',*,*,#14271,.T.);
#17162 = ORIENTED_EDGE('',*,*,#14296,.T.);
#17163 = ORIENTED_EDGE('',*,*,#17164,.T.);
#17164 = EDGE_CURVE('',#14297,#14401,#17165,.T.);
#17165 = LINE('',#17166,#17167);
#17166 = CARTESIAN_POINT('',(7.72,-7.62,0.9));
#17167 = VECTOR('',#17168,1.);
#17168 = DIRECTION('',(-1.110223024625E-16,-1.,0.));
#17169 = PLANE('',#17170);
#17170 = AXIS2_PLACEMENT_3D('',#17171,#17172,#17173);
#17171 = CARTESIAN_POINT('',(7.62,-7.62,0.9));
#17172 = DIRECTION('',(0.,0.,1.));
#17173 = DIRECTION('',(1.110223024625E-16,1.,-0.));
#17174 = ADVANCED_FACE('',(#17175),#17186,.T.);
#17175 = FACE_BOUND('',#17176,.T.);
#17176 = EDGE_LOOP('',(#17177,#17178,#17184,#17185));
#17177 = ORIENTED_EDGE('',*,*,#14376,.T.);
#17178 = ORIENTED_EDGE('',*,*,#17179,.F.);
#17179 = EDGE_CURVE('',#14321,#14377,#17180,.T.);
#17180 = LINE('',#17181,#17182);
#17181 = CARTESIAN_POINT('',(7.52,-7.62,0.9));
#17182 = VECTOR('',#17183,1.);
#17183 = DIRECTION('',(-1.110223024625E-16,-1.,0.));
#17184 = ORIENTED_EDGE('',*,*,#14328,.T.);
#17185 = ORIENTED_EDGE('',*,*,#14351,.T.);
#17186 = PLANE('',#17187);
#17187 = AXIS2_PLACEMENT_3D('',#17188,#17189,#17190);
#17188 = CARTESIAN_POINT('',(7.62,-7.62,0.9));
#17189 = DIRECTION('',(0.,0.,1.));
#17190 = DIRECTION('',(1.110223024625E-16,1.,-0.));
#17191 = ADVANCED_FACE('',(#17192),#17235,.T.);
#17192 = FACE_BOUND('',#17193,.T.);
#17193 = EDGE_LOOP('',(#17194,#17195,#17203,#17211,#17219,#17227,#17233,
    #17234));
#17194 = ORIENTED_EDGE('',*,*,#14384,.F.);
#17195 = ORIENTED_EDGE('',*,*,#17196,.T.);
#17196 = EDGE_CURVE('',#14385,#17197,#17199,.T.);
#17197 = VERTEX_POINT('',#17198);
#17198 = CARTESIAN_POINT('',(7.52,-7.87,7.35));
#17199 = LINE('',#17200,#17201);
#17200 = CARTESIAN_POINT('',(7.52,-7.92,7.4));
#17201 = VECTOR('',#17202,1.);
#17202 = DIRECTION('',(7.850462293414E-17,0.707106781187,-0.707106781187
    ));
#17203 = ORIENTED_EDGE('',*,*,#17204,.T.);
#17204 = EDGE_CURVE('',#17197,#17205,#17207,.T.);
#17205 = VERTEX_POINT('',#17206);
#17206 = CARTESIAN_POINT('',(7.52,-7.87,1.25));
#17207 = LINE('',#17208,#17209);
#17208 = CARTESIAN_POINT('',(7.52,-7.87,7.35));
#17209 = VECTOR('',#17210,1.);
#17210 = DIRECTION('',(0.,0.,-1.));
#17211 = ORIENTED_EDGE('',*,*,#17212,.T.);
#17212 = EDGE_CURVE('',#17205,#17213,#17215,.T.);
#17213 = VERTEX_POINT('',#17214);
#17214 = CARTESIAN_POINT('',(7.52,-7.37,1.25));
#17215 = LINE('',#17216,#17217);
#17216 = CARTESIAN_POINT('',(7.52,-7.87,1.25));
#17217 = VECTOR('',#17218,1.);
#17218 = DIRECTION('',(1.110223024625E-16,1.,0.));
#17219 = ORIENTED_EDGE('',*,*,#17220,.T.);
#17220 = EDGE_CURVE('',#17213,#17221,#17223,.T.);
#17221 = VERTEX_POINT('',#17222);
#17222 = CARTESIAN_POINT('',(7.52,-7.37,7.35));
#17223 = LINE('',#17224,#17225);
#17224 = CARTESIAN_POINT('',(7.52,-7.37,1.25));
#17225 = VECTOR('',#17226,1.);
#17226 = DIRECTION('',(0.,0.,1.));
#17227 = ORIENTED_EDGE('',*,*,#17228,.T.);
#17228 = EDGE_CURVE('',#17221,#14313,#17229,.T.);
#17229 = LINE('',#17230,#17231);
#17230 = CARTESIAN_POINT('',(7.52,-7.37,7.35));
#17231 = VECTOR('',#17232,1.);
#17232 = DIRECTION('',(7.850462293414E-17,0.707106781187,0.707106781187)
  );
#17233 = ORIENTED_EDGE('',*,*,#14320,.F.);
#17234 = ORIENTED_EDGE('',*,*,#17179,.T.);
#17235 = PLANE('',#17236);
#17236 = AXIS2_PLACEMENT_3D('',#17237,#17238,#17239);
#17237 = CARTESIAN_POINT('',(7.52,-7.62,3.911477598424));
#17238 = DIRECTION('',(-1.,1.110223024625E-16,0.));
#17239 = DIRECTION('',(0.,0.,1.));
#17240 = ADVANCED_FACE('',(#17241),#17259,.T.);
#17241 = FACE_BOUND('',#17242,.T.);
#17242 = EDGE_LOOP('',(#17243,#17251,#17257,#17258));
#17243 = ORIENTED_EDGE('',*,*,#17244,.T.);
#17244 = EDGE_CURVE('',#17221,#17245,#17247,.T.);
#17245 = VERTEX_POINT('',#17246);
#17246 = CARTESIAN_POINT('',(7.72,-7.37,7.35));
#17247 = LINE('',#17248,#17249);
#17248 = CARTESIAN_POINT('',(7.52,-7.37,7.35));
#17249 = VECTOR('',#17250,1.);
#17250 = DIRECTION('',(1.,-1.110223024625E-16,0.));
#17251 = ORIENTED_EDGE('',*,*,#17252,.T.);
#17252 = EDGE_CURVE('',#17245,#14305,#17253,.T.);
#17253 = LINE('',#17254,#17255);
#17254 = CARTESIAN_POINT('',(7.72,-7.37,7.35));
#17255 = VECTOR('',#17256,1.);
#17256 = DIRECTION('',(7.850462293414E-17,0.707106781187,0.707106781187)
  );
#17257 = ORIENTED_EDGE('',*,*,#14312,.F.);
#17258 = ORIENTED_EDGE('',*,*,#17228,.F.);
#17259 = PLANE('',#17260);
#17260 = AXIS2_PLACEMENT_3D('',#17261,#17262,#17263);
#17261 = CARTESIAN_POINT('',(7.52,-7.37,7.35));
#17262 = DIRECTION('',(-7.850462293414E-17,-0.707106781187,
    0.707106781187));
#17263 = DIRECTION('',(7.850462293414E-17,0.707106781187,0.707106781187)
  );
#17264 = ADVANCED_FACE('',(#17265),#17301,.F.);
#17265 = FACE_BOUND('',#17266,.F.);
#17266 = EDGE_LOOP('',(#17267,#17268,#17276,#17284,#17292,#17298,#17299,
    #17300));
#17267 = ORIENTED_EDGE('',*,*,#14400,.F.);
#17268 = ORIENTED_EDGE('',*,*,#17269,.T.);
#17269 = EDGE_CURVE('',#14393,#17270,#17272,.T.);
#17270 = VERTEX_POINT('',#17271);
#17271 = CARTESIAN_POINT('',(7.72,-7.87,7.35));
#17272 = LINE('',#17273,#17274);
#17273 = CARTESIAN_POINT('',(7.72,-7.92,7.4));
#17274 = VECTOR('',#17275,1.);
#17275 = DIRECTION('',(7.850462293414E-17,0.707106781187,-0.707106781187
    ));
#17276 = ORIENTED_EDGE('',*,*,#17277,.T.);
#17277 = EDGE_CURVE('',#17270,#17278,#17280,.T.);
#17278 = VERTEX_POINT('',#17279);
#17279 = CARTESIAN_POINT('',(7.72,-7.87,1.25));
#17280 = LINE('',#17281,#17282);
#17281 = CARTESIAN_POINT('',(7.72,-7.87,7.35));
#17282 = VECTOR('',#17283,1.);
#17283 = DIRECTION('',(0.,0.,-1.));
#17284 = ORIENTED_EDGE('',*,*,#17285,.T.);
#17285 = EDGE_CURVE('',#17278,#17286,#17288,.T.);
#17286 = VERTEX_POINT('',#17287);
#17287 = CARTESIAN_POINT('',(7.72,-7.37,1.25));
#17288 = LINE('',#17289,#17290);
#17289 = CARTESIAN_POINT('',(7.72,-7.87,1.25));
#17290 = VECTOR('',#17291,1.);
#17291 = DIRECTION('',(1.110223024625E-16,1.,0.));
#17292 = ORIENTED_EDGE('',*,*,#17293,.T.);
#17293 = EDGE_CURVE('',#17286,#17245,#17294,.T.);
#17294 = LINE('',#17295,#17296);
#17295 = CARTESIAN_POINT('',(7.72,-7.37,1.25));
#17296 = VECTOR('',#17297,1.);
#17297 = DIRECTION('',(0.,0.,1.));
#17298 = ORIENTED_EDGE('',*,*,#17252,.T.);
#17299 = ORIENTED_EDGE('',*,*,#14304,.F.);
#17300 = ORIENTED_EDGE('',*,*,#17164,.T.);
#17301 = PLANE('',#17302);
#17302 = AXIS2_PLACEMENT_3D('',#17303,#17304,#17305);
#17303 = CARTESIAN_POINT('',(7.72,-7.62,3.911477598424));
#17304 = DIRECTION('',(-1.,1.110223024625E-16,0.));
#17305 = DIRECTION('',(0.,0.,1.));
#17306 = ADVANCED_FACE('',(#17307),#17318,.T.);
#17307 = FACE_BOUND('',#17308,.T.);
#17308 = EDGE_LOOP('',(#17309,#17310,#17311,#17317));
#17309 = ORIENTED_EDGE('',*,*,#14392,.T.);
#17310 = ORIENTED_EDGE('',*,*,#17269,.T.);
#17311 = ORIENTED_EDGE('',*,*,#17312,.F.);
#17312 = EDGE_CURVE('',#17197,#17270,#17313,.T.);
#17313 = LINE('',#17314,#17315);
#17314 = CARTESIAN_POINT('',(7.52,-7.87,7.35));
#17315 = VECTOR('',#17316,1.);
#17316 = DIRECTION('',(1.,-1.110223024625E-16,0.));
#17317 = ORIENTED_EDGE('',*,*,#17196,.F.);
#17318 = PLANE('',#17319);
#17319 = AXIS2_PLACEMENT_3D('',#17320,#17321,#17322);
#17320 = CARTESIAN_POINT('',(7.52,-7.92,7.4));
#17321 = DIRECTION('',(7.850462293414E-17,0.707106781187,0.707106781187)
  );
#17322 = DIRECTION('',(7.850462293414E-17,0.707106781187,-0.707106781187
    ));
#17323 = ADVANCED_FACE('',(#17324),#17335,.T.);
#17324 = FACE_BOUND('',#17325,.T.);
#17325 = EDGE_LOOP('',(#17326,#17327,#17328,#17329));
#17326 = ORIENTED_EDGE('',*,*,#14568,.T.);
#17327 = ORIENTED_EDGE('',*,*,#14431,.T.);
#17328 = ORIENTED_EDGE('',*,*,#14456,.T.);
#17329 = ORIENTED_EDGE('',*,*,#17330,.T.);
#17330 = EDGE_CURVE('',#14457,#14561,#17331,.T.);
#17331 = LINE('',#17332,#17333);
#17332 = CARTESIAN_POINT('',(7.72,-5.08,0.9));
#17333 = VECTOR('',#17334,1.);
#17334 = DIRECTION('',(-1.110223024625E-16,-1.,0.));
#17335 = PLANE('',#17336);
#17336 = AXIS2_PLACEMENT_3D('',#17337,#17338,#17339);
#17337 = CARTESIAN_POINT('',(7.62,-5.08,0.9));
#17338 = DIRECTION('',(0.,0.,1.));
#17339 = DIRECTION('',(1.110223024625E-16,1.,-0.));
#17340 = ADVANCED_FACE('',(#17341),#17352,.T.);
#17341 = FACE_BOUND('',#17342,.T.);
#17342 = EDGE_LOOP('',(#17343,#17344,#17350,#17351));
#17343 = ORIENTED_EDGE('',*,*,#14536,.T.);
#17344 = ORIENTED_EDGE('',*,*,#17345,.F.);
#17345 = EDGE_CURVE('',#14481,#14537,#17346,.T.);
#17346 = LINE('',#17347,#17348);
#17347 = CARTESIAN_POINT('',(7.52,-5.08,0.9));
#17348 = VECTOR('',#17349,1.);
#17349 = DIRECTION('',(-1.110223024625E-16,-1.,0.));
#17350 = ORIENTED_EDGE('',*,*,#14488,.T.);
#17351 = ORIENTED_EDGE('',*,*,#14511,.T.);
#17352 = PLANE('',#17353);
#17353 = AXIS2_PLACEMENT_3D('',#17354,#17355,#17356);
#17354 = CARTESIAN_POINT('',(7.62,-5.08,0.9));
#17355 = DIRECTION('',(0.,0.,1.));
#17356 = DIRECTION('',(1.110223024625E-16,1.,-0.));
#17357 = ADVANCED_FACE('',(#17358),#17401,.T.);
#17358 = FACE_BOUND('',#17359,.T.);
#17359 = EDGE_LOOP('',(#17360,#17361,#17369,#17377,#17385,#17393,#17399,
    #17400));
#17360 = ORIENTED_EDGE('',*,*,#14544,.F.);
#17361 = ORIENTED_EDGE('',*,*,#17362,.T.);
#17362 = EDGE_CURVE('',#14545,#17363,#17365,.T.);
#17363 = VERTEX_POINT('',#17364);
#17364 = CARTESIAN_POINT('',(7.52,-5.33,7.35));
#17365 = LINE('',#17366,#17367);
#17366 = CARTESIAN_POINT('',(7.52,-5.38,7.4));
#17367 = VECTOR('',#17368,1.);
#17368 = DIRECTION('',(7.850462293414E-17,0.707106781187,-0.707106781187
    ));
#17369 = ORIENTED_EDGE('',*,*,#17370,.T.);
#17370 = EDGE_CURVE('',#17363,#17371,#17373,.T.);
#17371 = VERTEX_POINT('',#17372);
#17372 = CARTESIAN_POINT('',(7.52,-5.33,1.25));
#17373 = LINE('',#17374,#17375);
#17374 = CARTESIAN_POINT('',(7.52,-5.33,7.35));
#17375 = VECTOR('',#17376,1.);
#17376 = DIRECTION('',(0.,0.,-1.));
#17377 = ORIENTED_EDGE('',*,*,#17378,.T.);
#17378 = EDGE_CURVE('',#17371,#17379,#17381,.T.);
#17379 = VERTEX_POINT('',#17380);
#17380 = CARTESIAN_POINT('',(7.52,-4.83,1.25));
#17381 = LINE('',#17382,#17383);
#17382 = CARTESIAN_POINT('',(7.52,-5.33,1.25));
#17383 = VECTOR('',#17384,1.);
#17384 = DIRECTION('',(1.110223024625E-16,1.,0.));
#17385 = ORIENTED_EDGE('',*,*,#17386,.T.);
#17386 = EDGE_CURVE('',#17379,#17387,#17389,.T.);
#17387 = VERTEX_POINT('',#17388);
#17388 = CARTESIAN_POINT('',(7.52,-4.83,7.35));
#17389 = LINE('',#17390,#17391);
#17390 = CARTESIAN_POINT('',(7.52,-4.83,1.25));
#17391 = VECTOR('',#17392,1.);
#17392 = DIRECTION('',(0.,0.,1.));
#17393 = ORIENTED_EDGE('',*,*,#17394,.T.);
#17394 = EDGE_CURVE('',#17387,#14473,#17395,.T.);
#17395 = LINE('',#17396,#17397);
#17396 = CARTESIAN_POINT('',(7.52,-4.83,7.35));
#17397 = VECTOR('',#17398,1.);
#17398 = DIRECTION('',(7.850462293414E-17,0.707106781187,0.707106781187)
  );
#17399 = ORIENTED_EDGE('',*,*,#14480,.F.);
#17400 = ORIENTED_EDGE('',*,*,#17345,.T.);
#17401 = PLANE('',#17402);
#17402 = AXIS2_PLACEMENT_3D('',#17403,#17404,#17405);
#17403 = CARTESIAN_POINT('',(7.52,-5.08,3.911477598424));
#17404 = DIRECTION('',(-1.,1.110223024625E-16,0.));
#17405 = DIRECTION('',(0.,0.,1.));
#17406 = ADVANCED_FACE('',(#17407),#17425,.T.);
#17407 = FACE_BOUND('',#17408,.T.);
#17408 = EDGE_LOOP('',(#17409,#17417,#17423,#17424));
#17409 = ORIENTED_EDGE('',*,*,#17410,.T.);
#17410 = EDGE_CURVE('',#17387,#17411,#17413,.T.);
#17411 = VERTEX_POINT('',#17412);
#17412 = CARTESIAN_POINT('',(7.72,-4.83,7.35));
#17413 = LINE('',#17414,#17415);
#17414 = CARTESIAN_POINT('',(7.52,-4.83,7.35));
#17415 = VECTOR('',#17416,1.);
#17416 = DIRECTION('',(1.,-1.110223024625E-16,0.));
#17417 = ORIENTED_EDGE('',*,*,#17418,.T.);
#17418 = EDGE_CURVE('',#17411,#14465,#17419,.T.);
#17419 = LINE('',#17420,#17421);
#17420 = CARTESIAN_POINT('',(7.72,-4.83,7.35));
#17421 = VECTOR('',#17422,1.);
#17422 = DIRECTION('',(7.850462293414E-17,0.707106781187,0.707106781187)
  );
#17423 = ORIENTED_EDGE('',*,*,#14472,.F.);
#17424 = ORIENTED_EDGE('',*,*,#17394,.F.);
#17425 = PLANE('',#17426);
#17426 = AXIS2_PLACEMENT_3D('',#17427,#17428,#17429);
#17427 = CARTESIAN_POINT('',(7.52,-4.83,7.35));
#17428 = DIRECTION('',(-7.850462293414E-17,-0.707106781187,
    0.707106781187));
#17429 = DIRECTION('',(7.850462293414E-17,0.707106781187,0.707106781187)
  );
#17430 = ADVANCED_FACE('',(#17431),#17467,.F.);
#17431 = FACE_BOUND('',#17432,.F.);
#17432 = EDGE_LOOP('',(#17433,#17434,#17442,#17450,#17458,#17464,#17465,
    #17466));
#17433 = ORIENTED_EDGE('',*,*,#14560,.F.);
#17434 = ORIENTED_EDGE('',*,*,#17435,.T.);
#17435 = EDGE_CURVE('',#14553,#17436,#17438,.T.);
#17436 = VERTEX_POINT('',#17437);
#17437 = CARTESIAN_POINT('',(7.72,-5.33,7.35));
#17438 = LINE('',#17439,#17440);
#17439 = CARTESIAN_POINT('',(7.72,-5.38,7.4));
#17440 = VECTOR('',#17441,1.);
#17441 = DIRECTION('',(7.850462293414E-17,0.707106781187,-0.707106781187
    ));
#17442 = ORIENTED_EDGE('',*,*,#17443,.T.);
#17443 = EDGE_CURVE('',#17436,#17444,#17446,.T.);
#17444 = VERTEX_POINT('',#17445);
#17445 = CARTESIAN_POINT('',(7.72,-5.33,1.25));
#17446 = LINE('',#17447,#17448);
#17447 = CARTESIAN_POINT('',(7.72,-5.33,7.35));
#17448 = VECTOR('',#17449,1.);
#17449 = DIRECTION('',(0.,0.,-1.));
#17450 = ORIENTED_EDGE('',*,*,#17451,.T.);
#17451 = EDGE_CURVE('',#17444,#17452,#17454,.T.);
#17452 = VERTEX_POINT('',#17453);
#17453 = CARTESIAN_POINT('',(7.72,-4.83,1.25));
#17454 = LINE('',#17455,#17456);
#17455 = CARTESIAN_POINT('',(7.72,-5.33,1.25));
#17456 = VECTOR('',#17457,1.);
#17457 = DIRECTION('',(1.110223024625E-16,1.,0.));
#17458 = ORIENTED_EDGE('',*,*,#17459,.T.);
#17459 = EDGE_CURVE('',#17452,#17411,#17460,.T.);
#17460 = LINE('',#17461,#17462);
#17461 = CARTESIAN_POINT('',(7.72,-4.83,1.25));
#17462 = VECTOR('',#17463,1.);
#17463 = DIRECTION('',(0.,0.,1.));
#17464 = ORIENTED_EDGE('',*,*,#17418,.T.);
#17465 = ORIENTED_EDGE('',*,*,#14464,.F.);
#17466 = ORIENTED_EDGE('',*,*,#17330,.T.);
#17467 = PLANE('',#17468);
#17468 = AXIS2_PLACEMENT_3D('',#17469,#17470,#17471);
#17469 = CARTESIAN_POINT('',(7.72,-5.08,3.911477598424));
#17470 = DIRECTION('',(-1.,1.110223024625E-16,0.));
#17471 = DIRECTION('',(0.,0.,1.));
#17472 = ADVANCED_FACE('',(#17473),#17484,.T.);
#17473 = FACE_BOUND('',#17474,.T.);
#17474 = EDGE_LOOP('',(#17475,#17476,#17477,#17483));
#17475 = ORIENTED_EDGE('',*,*,#14552,.T.);
#17476 = ORIENTED_EDGE('',*,*,#17435,.T.);
#17477 = ORIENTED_EDGE('',*,*,#17478,.F.);
#17478 = EDGE_CURVE('',#17363,#17436,#17479,.T.);
#17479 = LINE('',#17480,#17481);
#17480 = CARTESIAN_POINT('',(7.52,-5.33,7.35));
#17481 = VECTOR('',#17482,1.);
#17482 = DIRECTION('',(1.,-1.110223024625E-16,0.));
#17483 = ORIENTED_EDGE('',*,*,#17362,.F.);
#17484 = PLANE('',#17485);
#17485 = AXIS2_PLACEMENT_3D('',#17486,#17487,#17488);
#17486 = CARTESIAN_POINT('',(7.52,-5.38,7.4));
#17487 = DIRECTION('',(7.850462293414E-17,0.707106781187,0.707106781187)
  );
#17488 = DIRECTION('',(7.850462293414E-17,0.707106781187,-0.707106781187
    ));
#17489 = ADVANCED_FACE('',(#17490),#17501,.T.);
#17490 = FACE_BOUND('',#17491,.T.);
#17491 = EDGE_LOOP('',(#17492,#17493,#17494,#17495));
#17492 = ORIENTED_EDGE('',*,*,#14728,.T.);
#17493 = ORIENTED_EDGE('',*,*,#14591,.T.);
#17494 = ORIENTED_EDGE('',*,*,#14616,.T.);
#17495 = ORIENTED_EDGE('',*,*,#17496,.T.);
#17496 = EDGE_CURVE('',#14617,#14721,#17497,.T.);
#17497 = LINE('',#17498,#17499);
#17498 = CARTESIAN_POINT('',(7.72,-2.54,0.9));
#17499 = VECTOR('',#17500,1.);
#17500 = DIRECTION('',(-1.110223024625E-16,-1.,0.));
#17501 = PLANE('',#17502);
#17502 = AXIS2_PLACEMENT_3D('',#17503,#17504,#17505);
#17503 = CARTESIAN_POINT('',(7.62,-2.54,0.9));
#17504 = DIRECTION('',(0.,0.,1.));
#17505 = DIRECTION('',(1.110223024625E-16,1.,-0.));
#17506 = ADVANCED_FACE('',(#17507),#17518,.T.);
#17507 = FACE_BOUND('',#17508,.T.);
#17508 = EDGE_LOOP('',(#17509,#17510,#17516,#17517));
#17509 = ORIENTED_EDGE('',*,*,#14696,.T.);
#17510 = ORIENTED_EDGE('',*,*,#17511,.F.);
#17511 = EDGE_CURVE('',#14641,#14697,#17512,.T.);
#17512 = LINE('',#17513,#17514);
#17513 = CARTESIAN_POINT('',(7.52,-2.54,0.9));
#17514 = VECTOR('',#17515,1.);
#17515 = DIRECTION('',(-1.110223024625E-16,-1.,0.));
#17516 = ORIENTED_EDGE('',*,*,#14648,.T.);
#17517 = ORIENTED_EDGE('',*,*,#14671,.T.);
#17518 = PLANE('',#17519);
#17519 = AXIS2_PLACEMENT_3D('',#17520,#17521,#17522);
#17520 = CARTESIAN_POINT('',(7.62,-2.54,0.9));
#17521 = DIRECTION('',(0.,0.,1.));
#17522 = DIRECTION('',(1.110223024625E-16,1.,-0.));
#17523 = ADVANCED_FACE('',(#17524),#17567,.T.);
#17524 = FACE_BOUND('',#17525,.T.);
#17525 = EDGE_LOOP('',(#17526,#17527,#17535,#17543,#17551,#17559,#17565,
    #17566));
#17526 = ORIENTED_EDGE('',*,*,#14704,.F.);
#17527 = ORIENTED_EDGE('',*,*,#17528,.T.);
#17528 = EDGE_CURVE('',#14705,#17529,#17531,.T.);
#17529 = VERTEX_POINT('',#17530);
#17530 = CARTESIAN_POINT('',(7.52,-2.79,7.35));
#17531 = LINE('',#17532,#17533);
#17532 = CARTESIAN_POINT('',(7.52,-2.84,7.4));
#17533 = VECTOR('',#17534,1.);
#17534 = DIRECTION('',(7.850462293414E-17,0.707106781187,-0.707106781187
    ));
#17535 = ORIENTED_EDGE('',*,*,#17536,.T.);
#17536 = EDGE_CURVE('',#17529,#17537,#17539,.T.);
#17537 = VERTEX_POINT('',#17538);
#17538 = CARTESIAN_POINT('',(7.52,-2.79,1.25));
#17539 = LINE('',#17540,#17541);
#17540 = CARTESIAN_POINT('',(7.52,-2.79,7.35));
#17541 = VECTOR('',#17542,1.);
#17542 = DIRECTION('',(0.,0.,-1.));
#17543 = ORIENTED_EDGE('',*,*,#17544,.T.);
#17544 = EDGE_CURVE('',#17537,#17545,#17547,.T.);
#17545 = VERTEX_POINT('',#17546);
#17546 = CARTESIAN_POINT('',(7.52,-2.29,1.25));
#17547 = LINE('',#17548,#17549);
#17548 = CARTESIAN_POINT('',(7.52,-2.79,1.25));
#17549 = VECTOR('',#17550,1.);
#17550 = DIRECTION('',(1.110223024625E-16,1.,0.));
#17551 = ORIENTED_EDGE('',*,*,#17552,.T.);
#17552 = EDGE_CURVE('',#17545,#17553,#17555,.T.);
#17553 = VERTEX_POINT('',#17554);
#17554 = CARTESIAN_POINT('',(7.52,-2.29,7.35));
#17555 = LINE('',#17556,#17557);
#17556 = CARTESIAN_POINT('',(7.52,-2.29,1.25));
#17557 = VECTOR('',#17558,1.);
#17558 = DIRECTION('',(0.,0.,1.));
#17559 = ORIENTED_EDGE('',*,*,#17560,.T.);
#17560 = EDGE_CURVE('',#17553,#14633,#17561,.T.);
#17561 = LINE('',#17562,#17563);
#17562 = CARTESIAN_POINT('',(7.52,-2.29,7.35));
#17563 = VECTOR('',#17564,1.);
#17564 = DIRECTION('',(7.850462293414E-17,0.707106781187,0.707106781187)
  );
#17565 = ORIENTED_EDGE('',*,*,#14640,.F.);
#17566 = ORIENTED_EDGE('',*,*,#17511,.T.);
#17567 = PLANE('',#17568);
#17568 = AXIS2_PLACEMENT_3D('',#17569,#17570,#17571);
#17569 = CARTESIAN_POINT('',(7.52,-2.54,3.911477598424));
#17570 = DIRECTION('',(-1.,1.110223024625E-16,0.));
#17571 = DIRECTION('',(0.,0.,1.));
#17572 = ADVANCED_FACE('',(#17573),#17591,.T.);
#17573 = FACE_BOUND('',#17574,.T.);
#17574 = EDGE_LOOP('',(#17575,#17583,#17589,#17590));
#17575 = ORIENTED_EDGE('',*,*,#17576,.T.);
#17576 = EDGE_CURVE('',#17553,#17577,#17579,.T.);
#17577 = VERTEX_POINT('',#17578);
#17578 = CARTESIAN_POINT('',(7.72,-2.29,7.35));
#17579 = LINE('',#17580,#17581);
#17580 = CARTESIAN_POINT('',(7.52,-2.29,7.35));
#17581 = VECTOR('',#17582,1.);
#17582 = DIRECTION('',(1.,-1.110223024625E-16,0.));
#17583 = ORIENTED_EDGE('',*,*,#17584,.T.);
#17584 = EDGE_CURVE('',#17577,#14625,#17585,.T.);
#17585 = LINE('',#17586,#17587);
#17586 = CARTESIAN_POINT('',(7.72,-2.29,7.35));
#17587 = VECTOR('',#17588,1.);
#17588 = DIRECTION('',(7.850462293414E-17,0.707106781187,0.707106781187)
  );
#17589 = ORIENTED_EDGE('',*,*,#14632,.F.);
#17590 = ORIENTED_EDGE('',*,*,#17560,.F.);
#17591 = PLANE('',#17592);
#17592 = AXIS2_PLACEMENT_3D('',#17593,#17594,#17595);
#17593 = CARTESIAN_POINT('',(7.52,-2.29,7.35));
#17594 = DIRECTION('',(-7.850462293414E-17,-0.707106781187,
    0.707106781187));
#17595 = DIRECTION('',(7.850462293414E-17,0.707106781187,0.707106781187)
  );
#17596 = ADVANCED_FACE('',(#17597),#17633,.F.);
#17597 = FACE_BOUND('',#17598,.F.);
#17598 = EDGE_LOOP('',(#17599,#17600,#17608,#17616,#17624,#17630,#17631,
    #17632));
#17599 = ORIENTED_EDGE('',*,*,#14720,.F.);
#17600 = ORIENTED_EDGE('',*,*,#17601,.T.);
#17601 = EDGE_CURVE('',#14713,#17602,#17604,.T.);
#17602 = VERTEX_POINT('',#17603);
#17603 = CARTESIAN_POINT('',(7.72,-2.79,7.35));
#17604 = LINE('',#17605,#17606);
#17605 = CARTESIAN_POINT('',(7.72,-2.84,7.4));
#17606 = VECTOR('',#17607,1.);
#17607 = DIRECTION('',(7.850462293414E-17,0.707106781187,-0.707106781187
    ));
#17608 = ORIENTED_EDGE('',*,*,#17609,.T.);
#17609 = EDGE_CURVE('',#17602,#17610,#17612,.T.);
#17610 = VERTEX_POINT('',#17611);
#17611 = CARTESIAN_POINT('',(7.72,-2.79,1.25));
#17612 = LINE('',#17613,#17614);
#17613 = CARTESIAN_POINT('',(7.72,-2.79,7.35));
#17614 = VECTOR('',#17615,1.);
#17615 = DIRECTION('',(0.,0.,-1.));
#17616 = ORIENTED_EDGE('',*,*,#17617,.T.);
#17617 = EDGE_CURVE('',#17610,#17618,#17620,.T.);
#17618 = VERTEX_POINT('',#17619);
#17619 = CARTESIAN_POINT('',(7.72,-2.29,1.25));
#17620 = LINE('',#17621,#17622);
#17621 = CARTESIAN_POINT('',(7.72,-2.79,1.25));
#17622 = VECTOR('',#17623,1.);
#17623 = DIRECTION('',(1.110223024625E-16,1.,0.));
#17624 = ORIENTED_EDGE('',*,*,#17625,.T.);
#17625 = EDGE_CURVE('',#17618,#17577,#17626,.T.);
#17626 = LINE('',#17627,#17628);
#17627 = CARTESIAN_POINT('',(7.72,-2.29,1.25));
#17628 = VECTOR('',#17629,1.);
#17629 = DIRECTION('',(0.,0.,1.));
#17630 = ORIENTED_EDGE('',*,*,#17584,.T.);
#17631 = ORIENTED_EDGE('',*,*,#14624,.F.);
#17632 = ORIENTED_EDGE('',*,*,#17496,.T.);
#17633 = PLANE('',#17634);
#17634 = AXIS2_PLACEMENT_3D('',#17635,#17636,#17637);
#17635 = CARTESIAN_POINT('',(7.72,-2.54,3.911477598424));
#17636 = DIRECTION('',(-1.,1.110223024625E-16,0.));
#17637 = DIRECTION('',(0.,0.,1.));
#17638 = ADVANCED_FACE('',(#17639),#17650,.T.);
#17639 = FACE_BOUND('',#17640,.T.);
#17640 = EDGE_LOOP('',(#17641,#17642,#17643,#17649));
#17641 = ORIENTED_EDGE('',*,*,#14712,.T.);
#17642 = ORIENTED_EDGE('',*,*,#17601,.T.);
#17643 = ORIENTED_EDGE('',*,*,#17644,.F.);
#17644 = EDGE_CURVE('',#17529,#17602,#17645,.T.);
#17645 = LINE('',#17646,#17647);
#17646 = CARTESIAN_POINT('',(7.52,-2.79,7.35));
#17647 = VECTOR('',#17648,1.);
#17648 = DIRECTION('',(1.,-1.110223024625E-16,0.));
#17649 = ORIENTED_EDGE('',*,*,#17528,.F.);
#17650 = PLANE('',#17651);
#17651 = AXIS2_PLACEMENT_3D('',#17652,#17653,#17654);
#17652 = CARTESIAN_POINT('',(7.52,-2.84,7.4));
#17653 = DIRECTION('',(7.850462293414E-17,0.707106781187,0.707106781187)
  );
#17654 = DIRECTION('',(7.850462293414E-17,0.707106781187,-0.707106781187
    ));
#17655 = ADVANCED_FACE('',(#17656),#17667,.T.);
#17656 = FACE_BOUND('',#17657,.T.);
#17657 = EDGE_LOOP('',(#17658,#17659,#17660,#17661));
#17658 = ORIENTED_EDGE('',*,*,#14888,.T.);
#17659 = ORIENTED_EDGE('',*,*,#14751,.T.);
#17660 = ORIENTED_EDGE('',*,*,#14776,.T.);
#17661 = ORIENTED_EDGE('',*,*,#17662,.T.);
#17662 = EDGE_CURVE('',#14777,#14881,#17663,.T.);
#17663 = LINE('',#17664,#17665);
#17664 = CARTESIAN_POINT('',(7.72,0.,0.9));
#17665 = VECTOR('',#17666,1.);
#17666 = DIRECTION('',(-1.110223024625E-16,-1.,0.));
#17667 = PLANE('',#17668);
#17668 = AXIS2_PLACEMENT_3D('',#17669,#17670,#17671);
#17669 = CARTESIAN_POINT('',(7.62,0.,0.9));
#17670 = DIRECTION('',(0.,0.,1.));
#17671 = DIRECTION('',(1.110223024625E-16,1.,-0.));
#17672 = ADVANCED_FACE('',(#17673),#17684,.T.);
#17673 = FACE_BOUND('',#17674,.T.);
#17674 = EDGE_LOOP('',(#17675,#17676,#17682,#17683));
#17675 = ORIENTED_EDGE('',*,*,#14856,.T.);
#17676 = ORIENTED_EDGE('',*,*,#17677,.F.);
#17677 = EDGE_CURVE('',#14801,#14857,#17678,.T.);
#17678 = LINE('',#17679,#17680);
#17679 = CARTESIAN_POINT('',(7.52,0.,0.9));
#17680 = VECTOR('',#17681,1.);
#17681 = DIRECTION('',(-1.110223024625E-16,-1.,0.));
#17682 = ORIENTED_EDGE('',*,*,#14808,.T.);
#17683 = ORIENTED_EDGE('',*,*,#14831,.T.);
#17684 = PLANE('',#17685);
#17685 = AXIS2_PLACEMENT_3D('',#17686,#17687,#17688);
#17686 = CARTESIAN_POINT('',(7.62,0.,0.9));
#17687 = DIRECTION('',(0.,0.,1.));
#17688 = DIRECTION('',(1.110223024625E-16,1.,-0.));
#17689 = ADVANCED_FACE('',(#17690),#17733,.T.);
#17690 = FACE_BOUND('',#17691,.T.);
#17691 = EDGE_LOOP('',(#17692,#17693,#17701,#17709,#17717,#17725,#17731,
    #17732));
#17692 = ORIENTED_EDGE('',*,*,#14864,.F.);
#17693 = ORIENTED_EDGE('',*,*,#17694,.T.);
#17694 = EDGE_CURVE('',#14865,#17695,#17697,.T.);
#17695 = VERTEX_POINT('',#17696);
#17696 = CARTESIAN_POINT('',(7.52,-0.25,7.35));
#17697 = LINE('',#17698,#17699);
#17698 = CARTESIAN_POINT('',(7.52,-0.3,7.4));
#17699 = VECTOR('',#17700,1.);
#17700 = DIRECTION('',(7.850462293414E-17,0.707106781187,-0.707106781187
    ));
#17701 = ORIENTED_EDGE('',*,*,#17702,.T.);
#17702 = EDGE_CURVE('',#17695,#17703,#17705,.T.);
#17703 = VERTEX_POINT('',#17704);
#17704 = CARTESIAN_POINT('',(7.52,-0.25,1.25));
#17705 = LINE('',#17706,#17707);
#17706 = CARTESIAN_POINT('',(7.52,-0.25,7.35));
#17707 = VECTOR('',#17708,1.);
#17708 = DIRECTION('',(0.,0.,-1.));
#17709 = ORIENTED_EDGE('',*,*,#17710,.T.);
#17710 = EDGE_CURVE('',#17703,#17711,#17713,.T.);
#17711 = VERTEX_POINT('',#17712);
#17712 = CARTESIAN_POINT('',(7.52,0.25,1.25));
#17713 = LINE('',#17714,#17715);
#17714 = CARTESIAN_POINT('',(7.52,-0.25,1.25));
#17715 = VECTOR('',#17716,1.);
#17716 = DIRECTION('',(1.110223024625E-16,1.,0.));
#17717 = ORIENTED_EDGE('',*,*,#17718,.T.);
#17718 = EDGE_CURVE('',#17711,#17719,#17721,.T.);
#17719 = VERTEX_POINT('',#17720);
#17720 = CARTESIAN_POINT('',(7.52,0.25,7.35));
#17721 = LINE('',#17722,#17723);
#17722 = CARTESIAN_POINT('',(7.52,0.25,1.25));
#17723 = VECTOR('',#17724,1.);
#17724 = DIRECTION('',(0.,0.,1.));
#17725 = ORIENTED_EDGE('',*,*,#17726,.T.);
#17726 = EDGE_CURVE('',#17719,#14793,#17727,.T.);
#17727 = LINE('',#17728,#17729);
#17728 = CARTESIAN_POINT('',(7.52,0.25,7.35));
#17729 = VECTOR('',#17730,1.);
#17730 = DIRECTION('',(7.850462293414E-17,0.707106781187,0.707106781187)
  );
#17731 = ORIENTED_EDGE('',*,*,#14800,.F.);
#17732 = ORIENTED_EDGE('',*,*,#17677,.T.);
#17733 = PLANE('',#17734);
#17734 = AXIS2_PLACEMENT_3D('',#17735,#17736,#17737);
#17735 = CARTESIAN_POINT('',(7.52,0.,3.911477598424));
#17736 = DIRECTION('',(-1.,1.110223024625E-16,0.));
#17737 = DIRECTION('',(0.,0.,1.));
#17738 = ADVANCED_FACE('',(#17739),#17757,.T.);
#17739 = FACE_BOUND('',#17740,.T.);
#17740 = EDGE_LOOP('',(#17741,#17749,#17755,#17756));
#17741 = ORIENTED_EDGE('',*,*,#17742,.T.);
#17742 = EDGE_CURVE('',#17719,#17743,#17745,.T.);
#17743 = VERTEX_POINT('',#17744);
#17744 = CARTESIAN_POINT('',(7.72,0.25,7.35));
#17745 = LINE('',#17746,#17747);
#17746 = CARTESIAN_POINT('',(7.52,0.25,7.35));
#17747 = VECTOR('',#17748,1.);
#17748 = DIRECTION('',(1.,-1.110223024625E-16,0.));
#17749 = ORIENTED_EDGE('',*,*,#17750,.T.);
#17750 = EDGE_CURVE('',#17743,#14785,#17751,.T.);
#17751 = LINE('',#17752,#17753);
#17752 = CARTESIAN_POINT('',(7.72,0.25,7.35));
#17753 = VECTOR('',#17754,1.);
#17754 = DIRECTION('',(7.850462293414E-17,0.707106781187,0.707106781187)
  );
#17755 = ORIENTED_EDGE('',*,*,#14792,.F.);
#17756 = ORIENTED_EDGE('',*,*,#17726,.F.);
#17757 = PLANE('',#17758);
#17758 = AXIS2_PLACEMENT_3D('',#17759,#17760,#17761);
#17759 = CARTESIAN_POINT('',(7.52,0.25,7.35));
#17760 = DIRECTION('',(-7.850462293414E-17,-0.707106781187,
    0.707106781187));
#17761 = DIRECTION('',(7.850462293414E-17,0.707106781187,0.707106781187)
  );
#17762 = ADVANCED_FACE('',(#17763),#17799,.F.);
#17763 = FACE_BOUND('',#17764,.F.);
#17764 = EDGE_LOOP('',(#17765,#17766,#17774,#17782,#17790,#17796,#17797,
    #17798));
#17765 = ORIENTED_EDGE('',*,*,#14880,.F.);
#17766 = ORIENTED_EDGE('',*,*,#17767,.T.);
#17767 = EDGE_CURVE('',#14873,#17768,#17770,.T.);
#17768 = VERTEX_POINT('',#17769);
#17769 = CARTESIAN_POINT('',(7.72,-0.25,7.35));
#17770 = LINE('',#17771,#17772);
#17771 = CARTESIAN_POINT('',(7.72,-0.3,7.4));
#17772 = VECTOR('',#17773,1.);
#17773 = DIRECTION('',(7.850462293414E-17,0.707106781187,-0.707106781187
    ));
#17774 = ORIENTED_EDGE('',*,*,#17775,.T.);
#17775 = EDGE_CURVE('',#17768,#17776,#17778,.T.);
#17776 = VERTEX_POINT('',#17777);
#17777 = CARTESIAN_POINT('',(7.72,-0.25,1.25));
#17778 = LINE('',#17779,#17780);
#17779 = CARTESIAN_POINT('',(7.72,-0.25,7.35));
#17780 = VECTOR('',#17781,1.);
#17781 = DIRECTION('',(0.,0.,-1.));
#17782 = ORIENTED_EDGE('',*,*,#17783,.T.);
#17783 = EDGE_CURVE('',#17776,#17784,#17786,.T.);
#17784 = VERTEX_POINT('',#17785);
#17785 = CARTESIAN_POINT('',(7.72,0.25,1.25));
#17786 = LINE('',#17787,#17788);
#17787 = CARTESIAN_POINT('',(7.72,-0.25,1.25));
#17788 = VECTOR('',#17789,1.);
#17789 = DIRECTION('',(1.110223024625E-16,1.,0.));
#17790 = ORIENTED_EDGE('',*,*,#17791,.T.);
#17791 = EDGE_CURVE('',#17784,#17743,#17792,.T.);
#17792 = LINE('',#17793,#17794);
#17793 = CARTESIAN_POINT('',(7.72,0.25,1.25));
#17794 = VECTOR('',#17795,1.);
#17795 = DIRECTION('',(0.,0.,1.));
#17796 = ORIENTED_EDGE('',*,*,#17750,.T.);
#17797 = ORIENTED_EDGE('',*,*,#14784,.F.);
#17798 = ORIENTED_EDGE('',*,*,#17662,.T.);
#17799 = PLANE('',#17800);
#17800 = AXIS2_PLACEMENT_3D('',#17801,#17802,#17803);
#17801 = CARTESIAN_POINT('',(7.72,0.,3.911477598424));
#17802 = DIRECTION('',(-1.,1.110223024625E-16,0.));
#17803 = DIRECTION('',(0.,0.,1.));
#17804 = ADVANCED_FACE('',(#17805),#17816,.T.);
#17805 = FACE_BOUND('',#17806,.T.);
#17806 = EDGE_LOOP('',(#17807,#17808,#17809,#17815));
#17807 = ORIENTED_EDGE('',*,*,#14872,.T.);
#17808 = ORIENTED_EDGE('',*,*,#17767,.T.);
#17809 = ORIENTED_EDGE('',*,*,#17810,.F.);
#17810 = EDGE_CURVE('',#17695,#17768,#17811,.T.);
#17811 = LINE('',#17812,#17813);
#17812 = CARTESIAN_POINT('',(7.52,-0.25,7.35));
#17813 = VECTOR('',#17814,1.);
#17814 = DIRECTION('',(1.,-1.110223024625E-16,0.));
#17815 = ORIENTED_EDGE('',*,*,#17694,.F.);
#17816 = PLANE('',#17817);
#17817 = AXIS2_PLACEMENT_3D('',#17818,#17819,#17820);
#17818 = CARTESIAN_POINT('',(7.52,-0.3,7.4));
#17819 = DIRECTION('',(7.850462293414E-17,0.707106781187,0.707106781187)
  );
#17820 = DIRECTION('',(7.850462293414E-17,0.707106781187,-0.707106781187
    ));
#17821 = ADVANCED_FACE('',(#17822),#17833,.T.);
#17822 = FACE_BOUND('',#17823,.T.);
#17823 = EDGE_LOOP('',(#17824,#17825,#17826,#17827));
#17824 = ORIENTED_EDGE('',*,*,#15048,.T.);
#17825 = ORIENTED_EDGE('',*,*,#14911,.T.);
#17826 = ORIENTED_EDGE('',*,*,#14936,.T.);
#17827 = ORIENTED_EDGE('',*,*,#17828,.T.);
#17828 = EDGE_CURVE('',#14937,#15041,#17829,.T.);
#17829 = LINE('',#17830,#17831);
#17830 = CARTESIAN_POINT('',(7.72,2.54,0.9));
#17831 = VECTOR('',#17832,1.);
#17832 = DIRECTION('',(-1.110223024625E-16,-1.,0.));
#17833 = PLANE('',#17834);
#17834 = AXIS2_PLACEMENT_3D('',#17835,#17836,#17837);
#17835 = CARTESIAN_POINT('',(7.62,2.54,0.9));
#17836 = DIRECTION('',(0.,0.,1.));
#17837 = DIRECTION('',(1.110223024625E-16,1.,-0.));
#17838 = ADVANCED_FACE('',(#17839),#17850,.T.);
#17839 = FACE_BOUND('',#17840,.T.);
#17840 = EDGE_LOOP('',(#17841,#17842,#17848,#17849));
#17841 = ORIENTED_EDGE('',*,*,#15016,.T.);
#17842 = ORIENTED_EDGE('',*,*,#17843,.F.);
#17843 = EDGE_CURVE('',#14961,#15017,#17844,.T.);
#17844 = LINE('',#17845,#17846);
#17845 = CARTESIAN_POINT('',(7.52,2.54,0.9));
#17846 = VECTOR('',#17847,1.);
#17847 = DIRECTION('',(-1.110223024625E-16,-1.,0.));
#17848 = ORIENTED_EDGE('',*,*,#14968,.T.);
#17849 = ORIENTED_EDGE('',*,*,#14991,.T.);
#17850 = PLANE('',#17851);
#17851 = AXIS2_PLACEMENT_3D('',#17852,#17853,#17854);
#17852 = CARTESIAN_POINT('',(7.62,2.54,0.9));
#17853 = DIRECTION('',(0.,0.,1.));
#17854 = DIRECTION('',(1.110223024625E-16,1.,-0.));
#17855 = ADVANCED_FACE('',(#17856),#17899,.T.);
#17856 = FACE_BOUND('',#17857,.T.);
#17857 = EDGE_LOOP('',(#17858,#17859,#17867,#17875,#17883,#17891,#17897,
    #17898));
#17858 = ORIENTED_EDGE('',*,*,#15024,.F.);
#17859 = ORIENTED_EDGE('',*,*,#17860,.T.);
#17860 = EDGE_CURVE('',#15025,#17861,#17863,.T.);
#17861 = VERTEX_POINT('',#17862);
#17862 = CARTESIAN_POINT('',(7.52,2.29,7.35));
#17863 = LINE('',#17864,#17865);
#17864 = CARTESIAN_POINT('',(7.52,2.24,7.4));
#17865 = VECTOR('',#17866,1.);
#17866 = DIRECTION('',(7.850462293414E-17,0.707106781187,-0.707106781187
    ));
#17867 = ORIENTED_EDGE('',*,*,#17868,.T.);
#17868 = EDGE_CURVE('',#17861,#17869,#17871,.T.);
#17869 = VERTEX_POINT('',#17870);
#17870 = CARTESIAN_POINT('',(7.52,2.29,1.25));
#17871 = LINE('',#17872,#17873);
#17872 = CARTESIAN_POINT('',(7.52,2.29,7.35));
#17873 = VECTOR('',#17874,1.);
#17874 = DIRECTION('',(0.,0.,-1.));
#17875 = ORIENTED_EDGE('',*,*,#17876,.T.);
#17876 = EDGE_CURVE('',#17869,#17877,#17879,.T.);
#17877 = VERTEX_POINT('',#17878);
#17878 = CARTESIAN_POINT('',(7.52,2.79,1.25));
#17879 = LINE('',#17880,#17881);
#17880 = CARTESIAN_POINT('',(7.52,2.29,1.25));
#17881 = VECTOR('',#17882,1.);
#17882 = DIRECTION('',(1.110223024625E-16,1.,0.));
#17883 = ORIENTED_EDGE('',*,*,#17884,.T.);
#17884 = EDGE_CURVE('',#17877,#17885,#17887,.T.);
#17885 = VERTEX_POINT('',#17886);
#17886 = CARTESIAN_POINT('',(7.52,2.79,7.35));
#17887 = LINE('',#17888,#17889);
#17888 = CARTESIAN_POINT('',(7.52,2.79,1.25));
#17889 = VECTOR('',#17890,1.);
#17890 = DIRECTION('',(0.,0.,1.));
#17891 = ORIENTED_EDGE('',*,*,#17892,.T.);
#17892 = EDGE_CURVE('',#17885,#14953,#17893,.T.);
#17893 = LINE('',#17894,#17895);
#17894 = CARTESIAN_POINT('',(7.52,2.79,7.35));
#17895 = VECTOR('',#17896,1.);
#17896 = DIRECTION('',(7.850462293414E-17,0.707106781187,0.707106781187)
  );
#17897 = ORIENTED_EDGE('',*,*,#14960,.F.);
#17898 = ORIENTED_EDGE('',*,*,#17843,.T.);
#17899 = PLANE('',#17900);
#17900 = AXIS2_PLACEMENT_3D('',#17901,#17902,#17903);
#17901 = CARTESIAN_POINT('',(7.52,2.54,3.911477598424));
#17902 = DIRECTION('',(-1.,1.110223024625E-16,0.));
#17903 = DIRECTION('',(0.,0.,1.));
#17904 = ADVANCED_FACE('',(#17905),#17923,.T.);
#17905 = FACE_BOUND('',#17906,.T.);
#17906 = EDGE_LOOP('',(#17907,#17915,#17921,#17922));
#17907 = ORIENTED_EDGE('',*,*,#17908,.T.);
#17908 = EDGE_CURVE('',#17885,#17909,#17911,.T.);
#17909 = VERTEX_POINT('',#17910);
#17910 = CARTESIAN_POINT('',(7.72,2.79,7.35));
#17911 = LINE('',#17912,#17913);
#17912 = CARTESIAN_POINT('',(7.52,2.79,7.35));
#17913 = VECTOR('',#17914,1.);
#17914 = DIRECTION('',(1.,-1.110223024625E-16,0.));
#17915 = ORIENTED_EDGE('',*,*,#17916,.T.);
#17916 = EDGE_CURVE('',#17909,#14945,#17917,.T.);
#17917 = LINE('',#17918,#17919);
#17918 = CARTESIAN_POINT('',(7.72,2.79,7.35));
#17919 = VECTOR('',#17920,1.);
#17920 = DIRECTION('',(7.850462293414E-17,0.707106781187,0.707106781187)
  );
#17921 = ORIENTED_EDGE('',*,*,#14952,.F.);
#17922 = ORIENTED_EDGE('',*,*,#17892,.F.);
#17923 = PLANE('',#17924);
#17924 = AXIS2_PLACEMENT_3D('',#17925,#17926,#17927);
#17925 = CARTESIAN_POINT('',(7.52,2.79,7.35));
#17926 = DIRECTION('',(-7.850462293414E-17,-0.707106781187,
    0.707106781187));
#17927 = DIRECTION('',(7.850462293414E-17,0.707106781187,0.707106781187)
  );
#17928 = ADVANCED_FACE('',(#17929),#17965,.F.);
#17929 = FACE_BOUND('',#17930,.F.);
#17930 = EDGE_LOOP('',(#17931,#17932,#17940,#17948,#17956,#17962,#17963,
    #17964));
#17931 = ORIENTED_EDGE('',*,*,#15040,.F.);
#17932 = ORIENTED_EDGE('',*,*,#17933,.T.);
#17933 = EDGE_CURVE('',#15033,#17934,#17936,.T.);
#17934 = VERTEX_POINT('',#17935);
#17935 = CARTESIAN_POINT('',(7.72,2.29,7.35));
#17936 = LINE('',#17937,#17938);
#17937 = CARTESIAN_POINT('',(7.72,2.24,7.4));
#17938 = VECTOR('',#17939,1.);
#17939 = DIRECTION('',(7.850462293414E-17,0.707106781187,-0.707106781187
    ));
#17940 = ORIENTED_EDGE('',*,*,#17941,.T.);
#17941 = EDGE_CURVE('',#17934,#17942,#17944,.T.);
#17942 = VERTEX_POINT('',#17943);
#17943 = CARTESIAN_POINT('',(7.72,2.29,1.25));
#17944 = LINE('',#17945,#17946);
#17945 = CARTESIAN_POINT('',(7.72,2.29,7.35));
#17946 = VECTOR('',#17947,1.);
#17947 = DIRECTION('',(0.,0.,-1.));
#17948 = ORIENTED_EDGE('',*,*,#17949,.T.);
#17949 = EDGE_CURVE('',#17942,#17950,#17952,.T.);
#17950 = VERTEX_POINT('',#17951);
#17951 = CARTESIAN_POINT('',(7.72,2.79,1.25));
#17952 = LINE('',#17953,#17954);
#17953 = CARTESIAN_POINT('',(7.72,2.29,1.25));
#17954 = VECTOR('',#17955,1.);
#17955 = DIRECTION('',(1.110223024625E-16,1.,0.));
#17956 = ORIENTED_EDGE('',*,*,#17957,.T.);
#17957 = EDGE_CURVE('',#17950,#17909,#17958,.T.);
#17958 = LINE('',#17959,#17960);
#17959 = CARTESIAN_POINT('',(7.72,2.79,1.25));
#17960 = VECTOR('',#17961,1.);
#17961 = DIRECTION('',(0.,0.,1.));
#17962 = ORIENTED_EDGE('',*,*,#17916,.T.);
#17963 = ORIENTED_EDGE('',*,*,#14944,.F.);
#17964 = ORIENTED_EDGE('',*,*,#17828,.T.);
#17965 = PLANE('',#17966);
#17966 = AXIS2_PLACEMENT_3D('',#17967,#17968,#17969);
#17967 = CARTESIAN_POINT('',(7.72,2.54,3.911477598424));
#17968 = DIRECTION('',(-1.,1.110223024625E-16,0.));
#17969 = DIRECTION('',(0.,0.,1.));
#17970 = ADVANCED_FACE('',(#17971),#17982,.T.);
#17971 = FACE_BOUND('',#17972,.T.);
#17972 = EDGE_LOOP('',(#17973,#17974,#17975,#17981));
#17973 = ORIENTED_EDGE('',*,*,#15032,.T.);
#17974 = ORIENTED_EDGE('',*,*,#17933,.T.);
#17975 = ORIENTED_EDGE('',*,*,#17976,.F.);
#17976 = EDGE_CURVE('',#17861,#17934,#17977,.T.);
#17977 = LINE('',#17978,#17979);
#17978 = CARTESIAN_POINT('',(7.52,2.29,7.35));
#17979 = VECTOR('',#17980,1.);
#17980 = DIRECTION('',(1.,-1.110223024625E-16,0.));
#17981 = ORIENTED_EDGE('',*,*,#17860,.F.);
#17982 = PLANE('',#17983);
#17983 = AXIS2_PLACEMENT_3D('',#17984,#17985,#17986);
#17984 = CARTESIAN_POINT('',(7.52,2.24,7.4));
#17985 = DIRECTION('',(7.850462293414E-17,0.707106781187,0.707106781187)
  );
#17986 = DIRECTION('',(7.850462293414E-17,0.707106781187,-0.707106781187
    ));
#17987 = ADVANCED_FACE('',(#17988),#17999,.T.);
#17988 = FACE_BOUND('',#17989,.T.);
#17989 = EDGE_LOOP('',(#17990,#17991,#17992,#17993));
#17990 = ORIENTED_EDGE('',*,*,#15208,.T.);
#17991 = ORIENTED_EDGE('',*,*,#15071,.T.);
#17992 = ORIENTED_EDGE('',*,*,#15096,.T.);
#17993 = ORIENTED_EDGE('',*,*,#17994,.T.);
#17994 = EDGE_CURVE('',#15097,#15201,#17995,.T.);
#17995 = LINE('',#17996,#17997);
#17996 = CARTESIAN_POINT('',(7.72,5.08,0.9));
#17997 = VECTOR('',#17998,1.);
#17998 = DIRECTION('',(-1.110223024625E-16,-1.,0.));
#17999 = PLANE('',#18000);
#18000 = AXIS2_PLACEMENT_3D('',#18001,#18002,#18003);
#18001 = CARTESIAN_POINT('',(7.62,5.08,0.9));
#18002 = DIRECTION('',(0.,0.,1.));
#18003 = DIRECTION('',(1.110223024625E-16,1.,-0.));
#18004 = ADVANCED_FACE('',(#18005),#18016,.T.);
#18005 = FACE_BOUND('',#18006,.T.);
#18006 = EDGE_LOOP('',(#18007,#18008,#18014,#18015));
#18007 = ORIENTED_EDGE('',*,*,#15176,.T.);
#18008 = ORIENTED_EDGE('',*,*,#18009,.F.);
#18009 = EDGE_CURVE('',#15121,#15177,#18010,.T.);
#18010 = LINE('',#18011,#18012);
#18011 = CARTESIAN_POINT('',(7.52,5.08,0.9));
#18012 = VECTOR('',#18013,1.);
#18013 = DIRECTION('',(-1.110223024625E-16,-1.,0.));
#18014 = ORIENTED_EDGE('',*,*,#15128,.T.);
#18015 = ORIENTED_EDGE('',*,*,#15151,.T.);
#18016 = PLANE('',#18017);
#18017 = AXIS2_PLACEMENT_3D('',#18018,#18019,#18020);
#18018 = CARTESIAN_POINT('',(7.62,5.08,0.9));
#18019 = DIRECTION('',(0.,0.,1.));
#18020 = DIRECTION('',(1.110223024625E-16,1.,-0.));
#18021 = ADVANCED_FACE('',(#18022),#18065,.T.);
#18022 = FACE_BOUND('',#18023,.T.);
#18023 = EDGE_LOOP('',(#18024,#18025,#18033,#18041,#18049,#18057,#18063,
    #18064));
#18024 = ORIENTED_EDGE('',*,*,#15184,.F.);
#18025 = ORIENTED_EDGE('',*,*,#18026,.T.);
#18026 = EDGE_CURVE('',#15185,#18027,#18029,.T.);
#18027 = VERTEX_POINT('',#18028);
#18028 = CARTESIAN_POINT('',(7.52,4.83,7.35));
#18029 = LINE('',#18030,#18031);
#18030 = CARTESIAN_POINT('',(7.52,4.78,7.4));
#18031 = VECTOR('',#18032,1.);
#18032 = DIRECTION('',(7.850462293414E-17,0.707106781187,-0.707106781187
    ));
#18033 = ORIENTED_EDGE('',*,*,#18034,.T.);
#18034 = EDGE_CURVE('',#18027,#18035,#18037,.T.);
#18035 = VERTEX_POINT('',#18036);
#18036 = CARTESIAN_POINT('',(7.52,4.83,1.25));
#18037 = LINE('',#18038,#18039);
#18038 = CARTESIAN_POINT('',(7.52,4.83,7.35));
#18039 = VECTOR('',#18040,1.);
#18040 = DIRECTION('',(0.,0.,-1.));
#18041 = ORIENTED_EDGE('',*,*,#18042,.T.);
#18042 = EDGE_CURVE('',#18035,#18043,#18045,.T.);
#18043 = VERTEX_POINT('',#18044);
#18044 = CARTESIAN_POINT('',(7.52,5.33,1.25));
#18045 = LINE('',#18046,#18047);
#18046 = CARTESIAN_POINT('',(7.52,4.83,1.25));
#18047 = VECTOR('',#18048,1.);
#18048 = DIRECTION('',(1.110223024625E-16,1.,0.));
#18049 = ORIENTED_EDGE('',*,*,#18050,.T.);
#18050 = EDGE_CURVE('',#18043,#18051,#18053,.T.);
#18051 = VERTEX_POINT('',#18052);
#18052 = CARTESIAN_POINT('',(7.52,5.33,7.35));
#18053 = LINE('',#18054,#18055);
#18054 = CARTESIAN_POINT('',(7.52,5.33,1.25));
#18055 = VECTOR('',#18056,1.);
#18056 = DIRECTION('',(0.,0.,1.));
#18057 = ORIENTED_EDGE('',*,*,#18058,.T.);
#18058 = EDGE_CURVE('',#18051,#15113,#18059,.T.);
#18059 = LINE('',#18060,#18061);
#18060 = CARTESIAN_POINT('',(7.52,5.33,7.35));
#18061 = VECTOR('',#18062,1.);
#18062 = DIRECTION('',(7.850462293414E-17,0.707106781187,0.707106781187)
  );
#18063 = ORIENTED_EDGE('',*,*,#15120,.F.);
#18064 = ORIENTED_EDGE('',*,*,#18009,.T.);
#18065 = PLANE('',#18066);
#18066 = AXIS2_PLACEMENT_3D('',#18067,#18068,#18069);
#18067 = CARTESIAN_POINT('',(7.52,5.08,3.911477598424));
#18068 = DIRECTION('',(-1.,1.110223024625E-16,0.));
#18069 = DIRECTION('',(0.,0.,1.));
#18070 = ADVANCED_FACE('',(#18071),#18089,.T.);
#18071 = FACE_BOUND('',#18072,.T.);
#18072 = EDGE_LOOP('',(#18073,#18081,#18087,#18088));
#18073 = ORIENTED_EDGE('',*,*,#18074,.T.);
#18074 = EDGE_CURVE('',#18051,#18075,#18077,.T.);
#18075 = VERTEX_POINT('',#18076);
#18076 = CARTESIAN_POINT('',(7.72,5.33,7.35));
#18077 = LINE('',#18078,#18079);
#18078 = CARTESIAN_POINT('',(7.52,5.33,7.35));
#18079 = VECTOR('',#18080,1.);
#18080 = DIRECTION('',(1.,-1.110223024625E-16,0.));
#18081 = ORIENTED_EDGE('',*,*,#18082,.T.);
#18082 = EDGE_CURVE('',#18075,#15105,#18083,.T.);
#18083 = LINE('',#18084,#18085);
#18084 = CARTESIAN_POINT('',(7.72,5.33,7.35));
#18085 = VECTOR('',#18086,1.);
#18086 = DIRECTION('',(7.850462293414E-17,0.707106781187,0.707106781187)
  );
#18087 = ORIENTED_EDGE('',*,*,#15112,.F.);
#18088 = ORIENTED_EDGE('',*,*,#18058,.F.);
#18089 = PLANE('',#18090);
#18090 = AXIS2_PLACEMENT_3D('',#18091,#18092,#18093);
#18091 = CARTESIAN_POINT('',(7.52,5.33,7.35));
#18092 = DIRECTION('',(-7.850462293414E-17,-0.707106781187,
    0.707106781187));
#18093 = DIRECTION('',(7.850462293414E-17,0.707106781187,0.707106781187)
  );
#18094 = ADVANCED_FACE('',(#18095),#18131,.F.);
#18095 = FACE_BOUND('',#18096,.F.);
#18096 = EDGE_LOOP('',(#18097,#18098,#18106,#18114,#18122,#18128,#18129,
    #18130));
#18097 = ORIENTED_EDGE('',*,*,#15200,.F.);
#18098 = ORIENTED_EDGE('',*,*,#18099,.T.);
#18099 = EDGE_CURVE('',#15193,#18100,#18102,.T.);
#18100 = VERTEX_POINT('',#18101);
#18101 = CARTESIAN_POINT('',(7.72,4.83,7.35));
#18102 = LINE('',#18103,#18104);
#18103 = CARTESIAN_POINT('',(7.72,4.78,7.4));
#18104 = VECTOR('',#18105,1.);
#18105 = DIRECTION('',(7.850462293414E-17,0.707106781187,-0.707106781187
    ));
#18106 = ORIENTED_EDGE('',*,*,#18107,.T.);
#18107 = EDGE_CURVE('',#18100,#18108,#18110,.T.);
#18108 = VERTEX_POINT('',#18109);
#18109 = CARTESIAN_POINT('',(7.72,4.83,1.25));
#18110 = LINE('',#18111,#18112);
#18111 = CARTESIAN_POINT('',(7.72,4.83,7.35));
#18112 = VECTOR('',#18113,1.);
#18113 = DIRECTION('',(0.,0.,-1.));
#18114 = ORIENTED_EDGE('',*,*,#18115,.T.);
#18115 = EDGE_CURVE('',#18108,#18116,#18118,.T.);
#18116 = VERTEX_POINT('',#18117);
#18117 = CARTESIAN_POINT('',(7.72,5.33,1.25));
#18118 = LINE('',#18119,#18120);
#18119 = CARTESIAN_POINT('',(7.72,4.83,1.25));
#18120 = VECTOR('',#18121,1.);
#18121 = DIRECTION('',(1.110223024625E-16,1.,0.));
#18122 = ORIENTED_EDGE('',*,*,#18123,.T.);
#18123 = EDGE_CURVE('',#18116,#18075,#18124,.T.);
#18124 = LINE('',#18125,#18126);
#18125 = CARTESIAN_POINT('',(7.72,5.33,1.25));
#18126 = VECTOR('',#18127,1.);
#18127 = DIRECTION('',(0.,0.,1.));
#18128 = ORIENTED_EDGE('',*,*,#18082,.T.);
#18129 = ORIENTED_EDGE('',*,*,#15104,.F.);
#18130 = ORIENTED_EDGE('',*,*,#17994,.T.);
#18131 = PLANE('',#18132);
#18132 = AXIS2_PLACEMENT_3D('',#18133,#18134,#18135);
#18133 = CARTESIAN_POINT('',(7.72,5.08,3.911477598424));
#18134 = DIRECTION('',(-1.,1.110223024625E-16,0.));
#18135 = DIRECTION('',(0.,0.,1.));
#18136 = ADVANCED_FACE('',(#18137),#18148,.T.);
#18137 = FACE_BOUND('',#18138,.T.);
#18138 = EDGE_LOOP('',(#18139,#18140,#18141,#18147));
#18139 = ORIENTED_EDGE('',*,*,#15192,.T.);
#18140 = ORIENTED_EDGE('',*,*,#18099,.T.);
#18141 = ORIENTED_EDGE('',*,*,#18142,.F.);
#18142 = EDGE_CURVE('',#18027,#18100,#18143,.T.);
#18143 = LINE('',#18144,#18145);
#18144 = CARTESIAN_POINT('',(7.52,4.83,7.35));
#18145 = VECTOR('',#18146,1.);
#18146 = DIRECTION('',(1.,-1.110223024625E-16,0.));
#18147 = ORIENTED_EDGE('',*,*,#18026,.F.);
#18148 = PLANE('',#18149);
#18149 = AXIS2_PLACEMENT_3D('',#18150,#18151,#18152);
#18150 = CARTESIAN_POINT('',(7.52,4.78,7.4));
#18151 = DIRECTION('',(7.850462293414E-17,0.707106781187,0.707106781187)
  );
#18152 = DIRECTION('',(7.850462293414E-17,0.707106781187,-0.707106781187
    ));
#18153 = ADVANCED_FACE('',(#18154),#18165,.T.);
#18154 = FACE_BOUND('',#18155,.T.);
#18155 = EDGE_LOOP('',(#18156,#18157,#18158,#18159));
#18156 = ORIENTED_EDGE('',*,*,#15368,.T.);
#18157 = ORIENTED_EDGE('',*,*,#15231,.T.);
#18158 = ORIENTED_EDGE('',*,*,#15256,.T.);
#18159 = ORIENTED_EDGE('',*,*,#18160,.T.);
#18160 = EDGE_CURVE('',#15257,#15361,#18161,.T.);
#18161 = LINE('',#18162,#18163);
#18162 = CARTESIAN_POINT('',(7.72,7.62,0.9));
#18163 = VECTOR('',#18164,1.);
#18164 = DIRECTION('',(-1.110223024625E-16,-1.,0.));
#18165 = PLANE('',#18166);
#18166 = AXIS2_PLACEMENT_3D('',#18167,#18168,#18169);
#18167 = CARTESIAN_POINT('',(7.62,7.62,0.9));
#18168 = DIRECTION('',(0.,0.,1.));
#18169 = DIRECTION('',(1.110223024625E-16,1.,-0.));
#18170 = ADVANCED_FACE('',(#18171),#18182,.T.);
#18171 = FACE_BOUND('',#18172,.T.);
#18172 = EDGE_LOOP('',(#18173,#18174,#18180,#18181));
#18173 = ORIENTED_EDGE('',*,*,#15336,.T.);
#18174 = ORIENTED_EDGE('',*,*,#18175,.F.);
#18175 = EDGE_CURVE('',#15281,#15337,#18176,.T.);
#18176 = LINE('',#18177,#18178);
#18177 = CARTESIAN_POINT('',(7.52,7.62,0.9));
#18178 = VECTOR('',#18179,1.);
#18179 = DIRECTION('',(-1.110223024625E-16,-1.,0.));
#18180 = ORIENTED_EDGE('',*,*,#15288,.T.);
#18181 = ORIENTED_EDGE('',*,*,#15311,.T.);
#18182 = PLANE('',#18183);
#18183 = AXIS2_PLACEMENT_3D('',#18184,#18185,#18186);
#18184 = CARTESIAN_POINT('',(7.62,7.62,0.9));
#18185 = DIRECTION('',(0.,0.,1.));
#18186 = DIRECTION('',(1.110223024625E-16,1.,-0.));
#18187 = ADVANCED_FACE('',(#18188),#18231,.T.);
#18188 = FACE_BOUND('',#18189,.T.);
#18189 = EDGE_LOOP('',(#18190,#18191,#18199,#18207,#18215,#18223,#18229,
    #18230));
#18190 = ORIENTED_EDGE('',*,*,#15344,.F.);
#18191 = ORIENTED_EDGE('',*,*,#18192,.T.);
#18192 = EDGE_CURVE('',#15345,#18193,#18195,.T.);
#18193 = VERTEX_POINT('',#18194);
#18194 = CARTESIAN_POINT('',(7.52,7.37,7.35));
#18195 = LINE('',#18196,#18197);
#18196 = CARTESIAN_POINT('',(7.52,7.32,7.4));
#18197 = VECTOR('',#18198,1.);
#18198 = DIRECTION('',(7.850462293414E-17,0.707106781187,-0.707106781187
    ));
#18199 = ORIENTED_EDGE('',*,*,#18200,.T.);
#18200 = EDGE_CURVE('',#18193,#18201,#18203,.T.);
#18201 = VERTEX_POINT('',#18202);
#18202 = CARTESIAN_POINT('',(7.52,7.37,1.25));
#18203 = LINE('',#18204,#18205);
#18204 = CARTESIAN_POINT('',(7.52,7.37,7.35));
#18205 = VECTOR('',#18206,1.);
#18206 = DIRECTION('',(0.,0.,-1.));
#18207 = ORIENTED_EDGE('',*,*,#18208,.T.);
#18208 = EDGE_CURVE('',#18201,#18209,#18211,.T.);
#18209 = VERTEX_POINT('',#18210);
#18210 = CARTESIAN_POINT('',(7.52,7.87,1.25));
#18211 = LINE('',#18212,#18213);
#18212 = CARTESIAN_POINT('',(7.52,7.37,1.25));
#18213 = VECTOR('',#18214,1.);
#18214 = DIRECTION('',(1.110223024625E-16,1.,0.));
#18215 = ORIENTED_EDGE('',*,*,#18216,.T.);
#18216 = EDGE_CURVE('',#18209,#18217,#18219,.T.);
#18217 = VERTEX_POINT('',#18218);
#18218 = CARTESIAN_POINT('',(7.52,7.87,7.35));
#18219 = LINE('',#18220,#18221);
#18220 = CARTESIAN_POINT('',(7.52,7.87,1.25));
#18221 = VECTOR('',#18222,1.);
#18222 = DIRECTION('',(0.,0.,1.));
#18223 = ORIENTED_EDGE('',*,*,#18224,.T.);
#18224 = EDGE_CURVE('',#18217,#15273,#18225,.T.);
#18225 = LINE('',#18226,#18227);
#18226 = CARTESIAN_POINT('',(7.52,7.87,7.35));
#18227 = VECTOR('',#18228,1.);
#18228 = DIRECTION('',(7.850462293414E-17,0.707106781187,0.707106781187)
  );
#18229 = ORIENTED_EDGE('',*,*,#15280,.F.);
#18230 = ORIENTED_EDGE('',*,*,#18175,.T.);
#18231 = PLANE('',#18232);
#18232 = AXIS2_PLACEMENT_3D('',#18233,#18234,#18235);
#18233 = CARTESIAN_POINT('',(7.52,7.62,3.911477598424));
#18234 = DIRECTION('',(-1.,1.110223024625E-16,0.));
#18235 = DIRECTION('',(0.,0.,1.));
#18236 = ADVANCED_FACE('',(#18237),#18255,.T.);
#18237 = FACE_BOUND('',#18238,.T.);
#18238 = EDGE_LOOP('',(#18239,#18247,#18253,#18254));
#18239 = ORIENTED_EDGE('',*,*,#18240,.T.);
#18240 = EDGE_CURVE('',#18217,#18241,#18243,.T.);
#18241 = VERTEX_POINT('',#18242);
#18242 = CARTESIAN_POINT('',(7.72,7.87,7.35));
#18243 = LINE('',#18244,#18245);
#18244 = CARTESIAN_POINT('',(7.52,7.87,7.35));
#18245 = VECTOR('',#18246,1.);
#18246 = DIRECTION('',(1.,-1.110223024625E-16,0.));
#18247 = ORIENTED_EDGE('',*,*,#18248,.T.);
#18248 = EDGE_CURVE('',#18241,#15265,#18249,.T.);
#18249 = LINE('',#18250,#18251);
#18250 = CARTESIAN_POINT('',(7.72,7.87,7.35));
#18251 = VECTOR('',#18252,1.);
#18252 = DIRECTION('',(7.850462293414E-17,0.707106781187,0.707106781187)
  );
#18253 = ORIENTED_EDGE('',*,*,#15272,.F.);
#18254 = ORIENTED_EDGE('',*,*,#18224,.F.);
#18255 = PLANE('',#18256);
#18256 = AXIS2_PLACEMENT_3D('',#18257,#18258,#18259);
#18257 = CARTESIAN_POINT('',(7.52,7.87,7.35));
#18258 = DIRECTION('',(-7.850462293414E-17,-0.707106781187,
    0.707106781187));
#18259 = DIRECTION('',(7.850462293414E-17,0.707106781187,0.707106781187)
  );
#18260 = ADVANCED_FACE('',(#18261),#18297,.F.);
#18261 = FACE_BOUND('',#18262,.F.);
#18262 = EDGE_LOOP('',(#18263,#18264,#18272,#18280,#18288,#18294,#18295,
    #18296));
#18263 = ORIENTED_EDGE('',*,*,#15360,.F.);
#18264 = ORIENTED_EDGE('',*,*,#18265,.T.);
#18265 = EDGE_CURVE('',#15353,#18266,#18268,.T.);
#18266 = VERTEX_POINT('',#18267);
#18267 = CARTESIAN_POINT('',(7.72,7.37,7.35));
#18268 = LINE('',#18269,#18270);
#18269 = CARTESIAN_POINT('',(7.72,7.32,7.4));
#18270 = VECTOR('',#18271,1.);
#18271 = DIRECTION('',(7.850462293414E-17,0.707106781187,-0.707106781187
    ));
#18272 = ORIENTED_EDGE('',*,*,#18273,.T.);
#18273 = EDGE_CURVE('',#18266,#18274,#18276,.T.);
#18274 = VERTEX_POINT('',#18275);
#18275 = CARTESIAN_POINT('',(7.72,7.37,1.25));
#18276 = LINE('',#18277,#18278);
#18277 = CARTESIAN_POINT('',(7.72,7.37,7.35));
#18278 = VECTOR('',#18279,1.);
#18279 = DIRECTION('',(0.,0.,-1.));
#18280 = ORIENTED_EDGE('',*,*,#18281,.T.);
#18281 = EDGE_CURVE('',#18274,#18282,#18284,.T.);
#18282 = VERTEX_POINT('',#18283);
#18283 = CARTESIAN_POINT('',(7.72,7.87,1.25));
#18284 = LINE('',#18285,#18286);
#18285 = CARTESIAN_POINT('',(7.72,7.37,1.25));
#18286 = VECTOR('',#18287,1.);
#18287 = DIRECTION('',(1.110223024625E-16,1.,0.));
#18288 = ORIENTED_EDGE('',*,*,#18289,.T.);
#18289 = EDGE_CURVE('',#18282,#18241,#18290,.T.);
#18290 = LINE('',#18291,#18292);
#18291 = CARTESIAN_POINT('',(7.72,7.87,1.25));
#18292 = VECTOR('',#18293,1.);
#18293 = DIRECTION('',(0.,0.,1.));
#18294 = ORIENTED_EDGE('',*,*,#18248,.T.);
#18295 = ORIENTED_EDGE('',*,*,#15264,.F.);
#18296 = ORIENTED_EDGE('',*,*,#18160,.T.);
#18297 = PLANE('',#18298);
#18298 = AXIS2_PLACEMENT_3D('',#18299,#18300,#18301);
#18299 = CARTESIAN_POINT('',(7.72,7.62,3.911477598424));
#18300 = DIRECTION('',(-1.,1.110223024625E-16,0.));
#18301 = DIRECTION('',(0.,0.,1.));
#18302 = ADVANCED_FACE('',(#18303),#18314,.T.);
#18303 = FACE_BOUND('',#18304,.T.);
#18304 = EDGE_LOOP('',(#18305,#18306,#18307,#18313));
#18305 = ORIENTED_EDGE('',*,*,#15352,.T.);
#18306 = ORIENTED_EDGE('',*,*,#18265,.T.);
#18307 = ORIENTED_EDGE('',*,*,#18308,.F.);
#18308 = EDGE_CURVE('',#18193,#18266,#18309,.T.);
#18309 = LINE('',#18310,#18311);
#18310 = CARTESIAN_POINT('',(7.52,7.37,7.35));
#18311 = VECTOR('',#18312,1.);
#18312 = DIRECTION('',(1.,-1.110223024625E-16,0.));
#18313 = ORIENTED_EDGE('',*,*,#18192,.F.);
#18314 = PLANE('',#18315);
#18315 = AXIS2_PLACEMENT_3D('',#18316,#18317,#18318);
#18316 = CARTESIAN_POINT('',(7.52,7.32,7.4));
#18317 = DIRECTION('',(7.850462293414E-17,0.707106781187,0.707106781187)
  );
#18318 = DIRECTION('',(7.850462293414E-17,0.707106781187,-0.707106781187
    ));
#18319 = ADVANCED_FACE('',(#18320),#18331,.T.);
#18320 = FACE_BOUND('',#18321,.T.);
#18321 = EDGE_LOOP('',(#18322,#18323,#18324,#18325));
#18322 = ORIENTED_EDGE('',*,*,#15528,.T.);
#18323 = ORIENTED_EDGE('',*,*,#15391,.T.);
#18324 = ORIENTED_EDGE('',*,*,#15416,.T.);
#18325 = ORIENTED_EDGE('',*,*,#18326,.T.);
#18326 = EDGE_CURVE('',#15417,#15521,#18327,.T.);
#18327 = LINE('',#18328,#18329);
#18328 = CARTESIAN_POINT('',(7.72,10.16,0.9));
#18329 = VECTOR('',#18330,1.);
#18330 = DIRECTION('',(-1.110223024625E-16,-1.,0.));
#18331 = PLANE('',#18332);
#18332 = AXIS2_PLACEMENT_3D('',#18333,#18334,#18335);
#18333 = CARTESIAN_POINT('',(7.62,10.16,0.9));
#18334 = DIRECTION('',(0.,0.,1.));
#18335 = DIRECTION('',(1.110223024625E-16,1.,-0.));
#18336 = ADVANCED_FACE('',(#18337),#18348,.T.);
#18337 = FACE_BOUND('',#18338,.T.);
#18338 = EDGE_LOOP('',(#18339,#18340,#18346,#18347));
#18339 = ORIENTED_EDGE('',*,*,#15496,.T.);
#18340 = ORIENTED_EDGE('',*,*,#18341,.F.);
#18341 = EDGE_CURVE('',#15441,#15497,#18342,.T.);
#18342 = LINE('',#18343,#18344);
#18343 = CARTESIAN_POINT('',(7.52,10.16,0.9));
#18344 = VECTOR('',#18345,1.);
#18345 = DIRECTION('',(-1.110223024625E-16,-1.,0.));
#18346 = ORIENTED_EDGE('',*,*,#15448,.T.);
#18347 = ORIENTED_EDGE('',*,*,#15471,.T.);
#18348 = PLANE('',#18349);
#18349 = AXIS2_PLACEMENT_3D('',#18350,#18351,#18352);
#18350 = CARTESIAN_POINT('',(7.62,10.16,0.9));
#18351 = DIRECTION('',(0.,0.,1.));
#18352 = DIRECTION('',(1.110223024625E-16,1.,-0.));
#18353 = ADVANCED_FACE('',(#18354),#18397,.T.);
#18354 = FACE_BOUND('',#18355,.T.);
#18355 = EDGE_LOOP('',(#18356,#18357,#18365,#18373,#18381,#18389,#18395,
    #18396));
#18356 = ORIENTED_EDGE('',*,*,#15504,.F.);
#18357 = ORIENTED_EDGE('',*,*,#18358,.T.);
#18358 = EDGE_CURVE('',#15505,#18359,#18361,.T.);
#18359 = VERTEX_POINT('',#18360);
#18360 = CARTESIAN_POINT('',(7.52,9.91,7.35));
#18361 = LINE('',#18362,#18363);
#18362 = CARTESIAN_POINT('',(7.52,9.86,7.4));
#18363 = VECTOR('',#18364,1.);
#18364 = DIRECTION('',(7.850462293414E-17,0.707106781187,-0.707106781187
    ));
#18365 = ORIENTED_EDGE('',*,*,#18366,.T.);
#18366 = EDGE_CURVE('',#18359,#18367,#18369,.T.);
#18367 = VERTEX_POINT('',#18368);
#18368 = CARTESIAN_POINT('',(7.52,9.91,1.25));
#18369 = LINE('',#18370,#18371);
#18370 = CARTESIAN_POINT('',(7.52,9.91,7.35));
#18371 = VECTOR('',#18372,1.);
#18372 = DIRECTION('',(0.,0.,-1.));
#18373 = ORIENTED_EDGE('',*,*,#18374,.T.);
#18374 = EDGE_CURVE('',#18367,#18375,#18377,.T.);
#18375 = VERTEX_POINT('',#18376);
#18376 = CARTESIAN_POINT('',(7.52,10.41,1.25));
#18377 = LINE('',#18378,#18379);
#18378 = CARTESIAN_POINT('',(7.52,9.91,1.25));
#18379 = VECTOR('',#18380,1.);
#18380 = DIRECTION('',(1.110223024625E-16,1.,0.));
#18381 = ORIENTED_EDGE('',*,*,#18382,.T.);
#18382 = EDGE_CURVE('',#18375,#18383,#18385,.T.);
#18383 = VERTEX_POINT('',#18384);
#18384 = CARTESIAN_POINT('',(7.52,10.41,7.35));
#18385 = LINE('',#18386,#18387);
#18386 = CARTESIAN_POINT('',(7.52,10.41,1.25));
#18387 = VECTOR('',#18388,1.);
#18388 = DIRECTION('',(0.,0.,1.));
#18389 = ORIENTED_EDGE('',*,*,#18390,.T.);
#18390 = EDGE_CURVE('',#18383,#15433,#18391,.T.);
#18391 = LINE('',#18392,#18393);
#18392 = CARTESIAN_POINT('',(7.52,10.41,7.35));
#18393 = VECTOR('',#18394,1.);
#18394 = DIRECTION('',(7.850462293414E-17,0.707106781187,0.707106781187)
  );
#18395 = ORIENTED_EDGE('',*,*,#15440,.F.);
#18396 = ORIENTED_EDGE('',*,*,#18341,.T.);
#18397 = PLANE('',#18398);
#18398 = AXIS2_PLACEMENT_3D('',#18399,#18400,#18401);
#18399 = CARTESIAN_POINT('',(7.52,10.16,3.911477598424));
#18400 = DIRECTION('',(-1.,1.110223024625E-16,0.));
#18401 = DIRECTION('',(0.,0.,1.));
#18402 = ADVANCED_FACE('',(#18403),#18421,.T.);
#18403 = FACE_BOUND('',#18404,.T.);
#18404 = EDGE_LOOP('',(#18405,#18413,#18419,#18420));
#18405 = ORIENTED_EDGE('',*,*,#18406,.T.);
#18406 = EDGE_CURVE('',#18383,#18407,#18409,.T.);
#18407 = VERTEX_POINT('',#18408);
#18408 = CARTESIAN_POINT('',(7.72,10.41,7.35));
#18409 = LINE('',#18410,#18411);
#18410 = CARTESIAN_POINT('',(7.52,10.41,7.35));
#18411 = VECTOR('',#18412,1.);
#18412 = DIRECTION('',(1.,-1.110223024625E-16,0.));
#18413 = ORIENTED_EDGE('',*,*,#18414,.T.);
#18414 = EDGE_CURVE('',#18407,#15425,#18415,.T.);
#18415 = LINE('',#18416,#18417);
#18416 = CARTESIAN_POINT('',(7.72,10.41,7.35));
#18417 = VECTOR('',#18418,1.);
#18418 = DIRECTION('',(7.850462293414E-17,0.707106781187,0.707106781187)
  );
#18419 = ORIENTED_EDGE('',*,*,#15432,.F.);
#18420 = ORIENTED_EDGE('',*,*,#18390,.F.);
#18421 = PLANE('',#18422);
#18422 = AXIS2_PLACEMENT_3D('',#18423,#18424,#18425);
#18423 = CARTESIAN_POINT('',(7.52,10.41,7.35));
#18424 = DIRECTION('',(-7.850462293414E-17,-0.707106781187,
    0.707106781187));
#18425 = DIRECTION('',(7.850462293414E-17,0.707106781187,0.707106781187)
  );
#18426 = ADVANCED_FACE('',(#18427),#18463,.F.);
#18427 = FACE_BOUND('',#18428,.F.);
#18428 = EDGE_LOOP('',(#18429,#18430,#18438,#18446,#18454,#18460,#18461,
    #18462));
#18429 = ORIENTED_EDGE('',*,*,#15520,.F.);
#18430 = ORIENTED_EDGE('',*,*,#18431,.T.);
#18431 = EDGE_CURVE('',#15513,#18432,#18434,.T.);
#18432 = VERTEX_POINT('',#18433);
#18433 = CARTESIAN_POINT('',(7.72,9.91,7.35));
#18434 = LINE('',#18435,#18436);
#18435 = CARTESIAN_POINT('',(7.72,9.86,7.4));
#18436 = VECTOR('',#18437,1.);
#18437 = DIRECTION('',(7.850462293414E-17,0.707106781187,-0.707106781187
    ));
#18438 = ORIENTED_EDGE('',*,*,#18439,.T.);
#18439 = EDGE_CURVE('',#18432,#18440,#18442,.T.);
#18440 = VERTEX_POINT('',#18441);
#18441 = CARTESIAN_POINT('',(7.72,9.91,1.25));
#18442 = LINE('',#18443,#18444);
#18443 = CARTESIAN_POINT('',(7.72,9.91,7.35));
#18444 = VECTOR('',#18445,1.);
#18445 = DIRECTION('',(0.,0.,-1.));
#18446 = ORIENTED_EDGE('',*,*,#18447,.T.);
#18447 = EDGE_CURVE('',#18440,#18448,#18450,.T.);
#18448 = VERTEX_POINT('',#18449);
#18449 = CARTESIAN_POINT('',(7.72,10.41,1.25));
#18450 = LINE('',#18451,#18452);
#18451 = CARTESIAN_POINT('',(7.72,9.91,1.25));
#18452 = VECTOR('',#18453,1.);
#18453 = DIRECTION('',(1.110223024625E-16,1.,0.));
#18454 = ORIENTED_EDGE('',*,*,#18455,.T.);
#18455 = EDGE_CURVE('',#18448,#18407,#18456,.T.);
#18456 = LINE('',#18457,#18458);
#18457 = CARTESIAN_POINT('',(7.72,10.41,1.25));
#18458 = VECTOR('',#18459,1.);
#18459 = DIRECTION('',(0.,0.,1.));
#18460 = ORIENTED_EDGE('',*,*,#18414,.T.);
#18461 = ORIENTED_EDGE('',*,*,#15424,.F.);
#18462 = ORIENTED_EDGE('',*,*,#18326,.T.);
#18463 = PLANE('',#18464);
#18464 = AXIS2_PLACEMENT_3D('',#18465,#18466,#18467);
#18465 = CARTESIAN_POINT('',(7.72,10.16,3.911477598424));
#18466 = DIRECTION('',(-1.,1.110223024625E-16,0.));
#18467 = DIRECTION('',(0.,0.,1.));
#18468 = ADVANCED_FACE('',(#18469),#18480,.T.);
#18469 = FACE_BOUND('',#18470,.T.);
#18470 = EDGE_LOOP('',(#18471,#18472,#18473,#18479));
#18471 = ORIENTED_EDGE('',*,*,#15512,.T.);
#18472 = ORIENTED_EDGE('',*,*,#18431,.T.);
#18473 = ORIENTED_EDGE('',*,*,#18474,.F.);
#18474 = EDGE_CURVE('',#18359,#18432,#18475,.T.);
#18475 = LINE('',#18476,#18477);
#18476 = CARTESIAN_POINT('',(7.52,9.91,7.35));
#18477 = VECTOR('',#18478,1.);
#18478 = DIRECTION('',(1.,-1.110223024625E-16,0.));
#18479 = ORIENTED_EDGE('',*,*,#18358,.F.);
#18480 = PLANE('',#18481);
#18481 = AXIS2_PLACEMENT_3D('',#18482,#18483,#18484);
#18482 = CARTESIAN_POINT('',(7.52,9.86,7.4));
#18483 = DIRECTION('',(7.850462293414E-17,0.707106781187,0.707106781187)
  );
#18484 = DIRECTION('',(7.850462293414E-17,0.707106781187,-0.707106781187
    ));
#18485 = ADVANCED_FACE('',(#18486),#18497,.T.);
#18486 = FACE_BOUND('',#18487,.T.);
#18487 = EDGE_LOOP('',(#18488,#18489,#18490,#18491));
#18488 = ORIENTED_EDGE('',*,*,#15688,.T.);
#18489 = ORIENTED_EDGE('',*,*,#15551,.T.);
#18490 = ORIENTED_EDGE('',*,*,#15576,.T.);
#18491 = ORIENTED_EDGE('',*,*,#18492,.T.);
#18492 = EDGE_CURVE('',#15577,#15681,#18493,.T.);
#18493 = LINE('',#18494,#18495);
#18494 = CARTESIAN_POINT('',(7.72,12.7,0.9));
#18495 = VECTOR('',#18496,1.);
#18496 = DIRECTION('',(-1.110223024625E-16,-1.,0.));
#18497 = PLANE('',#18498);
#18498 = AXIS2_PLACEMENT_3D('',#18499,#18500,#18501);
#18499 = CARTESIAN_POINT('',(7.62,12.7,0.9));
#18500 = DIRECTION('',(0.,0.,1.));
#18501 = DIRECTION('',(1.110223024625E-16,1.,-0.));
#18502 = ADVANCED_FACE('',(#18503),#18514,.T.);
#18503 = FACE_BOUND('',#18504,.T.);
#18504 = EDGE_LOOP('',(#18505,#18506,#18512,#18513));
#18505 = ORIENTED_EDGE('',*,*,#15656,.T.);
#18506 = ORIENTED_EDGE('',*,*,#18507,.F.);
#18507 = EDGE_CURVE('',#15601,#15657,#18508,.T.);
#18508 = LINE('',#18509,#18510);
#18509 = CARTESIAN_POINT('',(7.52,12.7,0.9));
#18510 = VECTOR('',#18511,1.);
#18511 = DIRECTION('',(-1.110223024625E-16,-1.,0.));
#18512 = ORIENTED_EDGE('',*,*,#15608,.T.);
#18513 = ORIENTED_EDGE('',*,*,#15631,.T.);
#18514 = PLANE('',#18515);
#18515 = AXIS2_PLACEMENT_3D('',#18516,#18517,#18518);
#18516 = CARTESIAN_POINT('',(7.62,12.7,0.9));
#18517 = DIRECTION('',(0.,0.,1.));
#18518 = DIRECTION('',(1.110223024625E-16,1.,-0.));
#18519 = ADVANCED_FACE('',(#18520),#18563,.T.);
#18520 = FACE_BOUND('',#18521,.T.);
#18521 = EDGE_LOOP('',(#18522,#18523,#18531,#18539,#18547,#18555,#18561,
    #18562));
#18522 = ORIENTED_EDGE('',*,*,#15664,.F.);
#18523 = ORIENTED_EDGE('',*,*,#18524,.T.);
#18524 = EDGE_CURVE('',#15665,#18525,#18527,.T.);
#18525 = VERTEX_POINT('',#18526);
#18526 = CARTESIAN_POINT('',(7.52,12.45,7.35));
#18527 = LINE('',#18528,#18529);
#18528 = CARTESIAN_POINT('',(7.52,12.4,7.4));
#18529 = VECTOR('',#18530,1.);
#18530 = DIRECTION('',(7.850462293414E-17,0.707106781187,-0.707106781187
    ));
#18531 = ORIENTED_EDGE('',*,*,#18532,.T.);
#18532 = EDGE_CURVE('',#18525,#18533,#18535,.T.);
#18533 = VERTEX_POINT('',#18534);
#18534 = CARTESIAN_POINT('',(7.52,12.45,1.25));
#18535 = LINE('',#18536,#18537);
#18536 = CARTESIAN_POINT('',(7.52,12.45,7.35));
#18537 = VECTOR('',#18538,1.);
#18538 = DIRECTION('',(0.,0.,-1.));
#18539 = ORIENTED_EDGE('',*,*,#18540,.T.);
#18540 = EDGE_CURVE('',#18533,#18541,#18543,.T.);
#18541 = VERTEX_POINT('',#18542);
#18542 = CARTESIAN_POINT('',(7.52,12.95,1.25));
#18543 = LINE('',#18544,#18545);
#18544 = CARTESIAN_POINT('',(7.52,12.45,1.25));
#18545 = VECTOR('',#18546,1.);
#18546 = DIRECTION('',(1.110223024625E-16,1.,0.));
#18547 = ORIENTED_EDGE('',*,*,#18548,.T.);
#18548 = EDGE_CURVE('',#18541,#18549,#18551,.T.);
#18549 = VERTEX_POINT('',#18550);
#18550 = CARTESIAN_POINT('',(7.52,12.95,7.35));
#18551 = LINE('',#18552,#18553);
#18552 = CARTESIAN_POINT('',(7.52,12.95,1.25));
#18553 = VECTOR('',#18554,1.);
#18554 = DIRECTION('',(0.,0.,1.));
#18555 = ORIENTED_EDGE('',*,*,#18556,.T.);
#18556 = EDGE_CURVE('',#18549,#15593,#18557,.T.);
#18557 = LINE('',#18558,#18559);
#18558 = CARTESIAN_POINT('',(7.52,12.95,7.35));
#18559 = VECTOR('',#18560,1.);
#18560 = DIRECTION('',(7.850462293414E-17,0.707106781187,0.707106781187)
  );
#18561 = ORIENTED_EDGE('',*,*,#15600,.F.);
#18562 = ORIENTED_EDGE('',*,*,#18507,.T.);
#18563 = PLANE('',#18564);
#18564 = AXIS2_PLACEMENT_3D('',#18565,#18566,#18567);
#18565 = CARTESIAN_POINT('',(7.52,12.7,3.911477598424));
#18566 = DIRECTION('',(-1.,1.110223024625E-16,0.));
#18567 = DIRECTION('',(0.,0.,1.));
#18568 = ADVANCED_FACE('',(#18569),#18587,.T.);
#18569 = FACE_BOUND('',#18570,.T.);
#18570 = EDGE_LOOP('',(#18571,#18579,#18585,#18586));
#18571 = ORIENTED_EDGE('',*,*,#18572,.T.);
#18572 = EDGE_CURVE('',#18549,#18573,#18575,.T.);
#18573 = VERTEX_POINT('',#18574);
#18574 = CARTESIAN_POINT('',(7.72,12.95,7.35));
#18575 = LINE('',#18576,#18577);
#18576 = CARTESIAN_POINT('',(7.52,12.95,7.35));
#18577 = VECTOR('',#18578,1.);
#18578 = DIRECTION('',(1.,-1.110223024625E-16,0.));
#18579 = ORIENTED_EDGE('',*,*,#18580,.T.);
#18580 = EDGE_CURVE('',#18573,#15585,#18581,.T.);
#18581 = LINE('',#18582,#18583);
#18582 = CARTESIAN_POINT('',(7.72,12.95,7.35));
#18583 = VECTOR('',#18584,1.);
#18584 = DIRECTION('',(7.850462293414E-17,0.707106781187,0.707106781187)
  );
#18585 = ORIENTED_EDGE('',*,*,#15592,.F.);
#18586 = ORIENTED_EDGE('',*,*,#18556,.F.);
#18587 = PLANE('',#18588);
#18588 = AXIS2_PLACEMENT_3D('',#18589,#18590,#18591);
#18589 = CARTESIAN_POINT('',(7.52,12.95,7.35));
#18590 = DIRECTION('',(-7.850462293414E-17,-0.707106781187,
    0.707106781187));
#18591 = DIRECTION('',(7.850462293414E-17,0.707106781187,0.707106781187)
  );
#18592 = ADVANCED_FACE('',(#18593),#18629,.F.);
#18593 = FACE_BOUND('',#18594,.F.);
#18594 = EDGE_LOOP('',(#18595,#18596,#18604,#18612,#18620,#18626,#18627,
    #18628));
#18595 = ORIENTED_EDGE('',*,*,#15680,.F.);
#18596 = ORIENTED_EDGE('',*,*,#18597,.T.);
#18597 = EDGE_CURVE('',#15673,#18598,#18600,.T.);
#18598 = VERTEX_POINT('',#18599);
#18599 = CARTESIAN_POINT('',(7.72,12.45,7.35));
#18600 = LINE('',#18601,#18602);
#18601 = CARTESIAN_POINT('',(7.72,12.4,7.4));
#18602 = VECTOR('',#18603,1.);
#18603 = DIRECTION('',(7.850462293414E-17,0.707106781187,-0.707106781187
    ));
#18604 = ORIENTED_EDGE('',*,*,#18605,.T.);
#18605 = EDGE_CURVE('',#18598,#18606,#18608,.T.);
#18606 = VERTEX_POINT('',#18607);
#18607 = CARTESIAN_POINT('',(7.72,12.45,1.25));
#18608 = LINE('',#18609,#18610);
#18609 = CARTESIAN_POINT('',(7.72,12.45,7.35));
#18610 = VECTOR('',#18611,1.);
#18611 = DIRECTION('',(0.,0.,-1.));
#18612 = ORIENTED_EDGE('',*,*,#18613,.T.);
#18613 = EDGE_CURVE('',#18606,#18614,#18616,.T.);
#18614 = VERTEX_POINT('',#18615);
#18615 = CARTESIAN_POINT('',(7.72,12.95,1.25));
#18616 = LINE('',#18617,#18618);
#18617 = CARTESIAN_POINT('',(7.72,12.45,1.25));
#18618 = VECTOR('',#18619,1.);
#18619 = DIRECTION('',(1.110223024625E-16,1.,0.));
#18620 = ORIENTED_EDGE('',*,*,#18621,.T.);
#18621 = EDGE_CURVE('',#18614,#18573,#18622,.T.);
#18622 = LINE('',#18623,#18624);
#18623 = CARTESIAN_POINT('',(7.72,12.95,1.25));
#18624 = VECTOR('',#18625,1.);
#18625 = DIRECTION('',(0.,0.,1.));
#18626 = ORIENTED_EDGE('',*,*,#18580,.T.);
#18627 = ORIENTED_EDGE('',*,*,#15584,.F.);
#18628 = ORIENTED_EDGE('',*,*,#18492,.T.);
#18629 = PLANE('',#18630);
#18630 = AXIS2_PLACEMENT_3D('',#18631,#18632,#18633);
#18631 = CARTESIAN_POINT('',(7.72,12.7,3.911477598424));
#18632 = DIRECTION('',(-1.,1.110223024625E-16,0.));
#18633 = DIRECTION('',(0.,0.,1.));
#18634 = ADVANCED_FACE('',(#18635),#18646,.T.);
#18635 = FACE_BOUND('',#18636,.T.);
#18636 = EDGE_LOOP('',(#18637,#18638,#18639,#18645));
#18637 = ORIENTED_EDGE('',*,*,#15672,.T.);
#18638 = ORIENTED_EDGE('',*,*,#18597,.T.);
#18639 = ORIENTED_EDGE('',*,*,#18640,.F.);
#18640 = EDGE_CURVE('',#18525,#18598,#18641,.T.);
#18641 = LINE('',#18642,#18643);
#18642 = CARTESIAN_POINT('',(7.52,12.45,7.35));
#18643 = VECTOR('',#18644,1.);
#18644 = DIRECTION('',(1.,-1.110223024625E-16,0.));
#18645 = ORIENTED_EDGE('',*,*,#18524,.F.);
#18646 = PLANE('',#18647);
#18647 = AXIS2_PLACEMENT_3D('',#18648,#18649,#18650);
#18648 = CARTESIAN_POINT('',(7.52,12.4,7.4));
#18649 = DIRECTION('',(7.850462293414E-17,0.707106781187,0.707106781187)
  );
#18650 = DIRECTION('',(7.850462293414E-17,0.707106781187,-0.707106781187
    ));
#18651 = ADVANCED_FACE('',(#18652),#18663,.T.);
#18652 = FACE_BOUND('',#18653,.T.);
#18653 = EDGE_LOOP('',(#18654,#18660,#18661,#18662));
#18654 = ORIENTED_EDGE('',*,*,#18655,.T.);
#18655 = EDGE_CURVE('',#16715,#16788,#18656,.T.);
#18656 = LINE('',#18657,#18658);
#18657 = CARTESIAN_POINT('',(7.52,-14.99,1.25));
#18658 = VECTOR('',#18659,1.);
#18659 = DIRECTION('',(1.,-1.110223024625E-16,0.));
#18660 = ORIENTED_EDGE('',*,*,#16795,.T.);
#18661 = ORIENTED_EDGE('',*,*,#16746,.F.);
#18662 = ORIENTED_EDGE('',*,*,#16722,.F.);
#18663 = PLANE('',#18664);
#18664 = AXIS2_PLACEMENT_3D('',#18665,#18666,#18667);
#18665 = CARTESIAN_POINT('',(7.52,-14.99,1.25));
#18666 = DIRECTION('',(-1.110223024625E-16,-1.,0.));
#18667 = DIRECTION('',(0.,0.,1.));
#18668 = ADVANCED_FACE('',(#18669),#18680,.T.);
#18669 = FACE_BOUND('',#18670,.T.);
#18670 = EDGE_LOOP('',(#18671,#18677,#18678,#18679));
#18671 = ORIENTED_EDGE('',*,*,#18672,.T.);
#18672 = EDGE_CURVE('',#16707,#16780,#18673,.T.);
#18673 = LINE('',#18674,#18675);
#18674 = CARTESIAN_POINT('',(7.52,-15.49,1.25));
#18675 = VECTOR('',#18676,1.);
#18676 = DIRECTION('',(1.,-1.110223024625E-16,0.));
#18677 = ORIENTED_EDGE('',*,*,#16787,.T.);
#18678 = ORIENTED_EDGE('',*,*,#18655,.F.);
#18679 = ORIENTED_EDGE('',*,*,#16714,.F.);
#18680 = PLANE('',#18681);
#18681 = AXIS2_PLACEMENT_3D('',#18682,#18683,#18684);
#18682 = CARTESIAN_POINT('',(7.52,-15.49,1.25));
#18683 = DIRECTION('',(0.,0.,1.));
#18684 = DIRECTION('',(1.110223024625E-16,1.,-0.));
#18685 = ADVANCED_FACE('',(#18686),#18692,.T.);
#18686 = FACE_BOUND('',#18687,.T.);
#18687 = EDGE_LOOP('',(#18688,#18689,#18690,#18691));
#18688 = ORIENTED_EDGE('',*,*,#16814,.T.);
#18689 = ORIENTED_EDGE('',*,*,#16779,.T.);
#18690 = ORIENTED_EDGE('',*,*,#18672,.F.);
#18691 = ORIENTED_EDGE('',*,*,#16706,.F.);
#18692 = PLANE('',#18693);
#18693 = AXIS2_PLACEMENT_3D('',#18694,#18695,#18696);
#18694 = CARTESIAN_POINT('',(7.52,-15.49,7.35));
#18695 = DIRECTION('',(1.110223024625E-16,1.,0.));
#18696 = DIRECTION('',(0.,0.,-1.));
#18697 = ADVANCED_FACE('',(#18698),#18709,.T.);
#18698 = FACE_BOUND('',#18699,.T.);
#18699 = EDGE_LOOP('',(#18700,#18706,#18707,#18708));
#18700 = ORIENTED_EDGE('',*,*,#18701,.T.);
#18701 = EDGE_CURVE('',#16881,#16954,#18702,.T.);
#18702 = LINE('',#18703,#18704);
#18703 = CARTESIAN_POINT('',(7.52,-12.45,1.25));
#18704 = VECTOR('',#18705,1.);
#18705 = DIRECTION('',(1.,-1.110223024625E-16,0.));
#18706 = ORIENTED_EDGE('',*,*,#16961,.T.);
#18707 = ORIENTED_EDGE('',*,*,#16912,.F.);
#18708 = ORIENTED_EDGE('',*,*,#16888,.F.);
#18709 = PLANE('',#18710);
#18710 = AXIS2_PLACEMENT_3D('',#18711,#18712,#18713);
#18711 = CARTESIAN_POINT('',(7.52,-12.45,1.25));
#18712 = DIRECTION('',(-1.110223024625E-16,-1.,0.));
#18713 = DIRECTION('',(0.,0.,1.));
#18714 = ADVANCED_FACE('',(#18715),#18726,.T.);
#18715 = FACE_BOUND('',#18716,.T.);
#18716 = EDGE_LOOP('',(#18717,#18723,#18724,#18725));
#18717 = ORIENTED_EDGE('',*,*,#18718,.T.);
#18718 = EDGE_CURVE('',#16873,#16946,#18719,.T.);
#18719 = LINE('',#18720,#18721);
#18720 = CARTESIAN_POINT('',(7.52,-12.95,1.25));
#18721 = VECTOR('',#18722,1.);
#18722 = DIRECTION('',(1.,-1.110223024625E-16,0.));
#18723 = ORIENTED_EDGE('',*,*,#16953,.T.);
#18724 = ORIENTED_EDGE('',*,*,#18701,.F.);
#18725 = ORIENTED_EDGE('',*,*,#16880,.F.);
#18726 = PLANE('',#18727);
#18727 = AXIS2_PLACEMENT_3D('',#18728,#18729,#18730);
#18728 = CARTESIAN_POINT('',(7.52,-12.95,1.25));
#18729 = DIRECTION('',(0.,0.,1.));
#18730 = DIRECTION('',(1.110223024625E-16,1.,-0.));
#18731 = ADVANCED_FACE('',(#18732),#18738,.T.);
#18732 = FACE_BOUND('',#18733,.T.);
#18733 = EDGE_LOOP('',(#18734,#18735,#18736,#18737));
#18734 = ORIENTED_EDGE('',*,*,#16980,.T.);
#18735 = ORIENTED_EDGE('',*,*,#16945,.T.);
#18736 = ORIENTED_EDGE('',*,*,#18718,.F.);
#18737 = ORIENTED_EDGE('',*,*,#16872,.F.);
#18738 = PLANE('',#18739);
#18739 = AXIS2_PLACEMENT_3D('',#18740,#18741,#18742);
#18740 = CARTESIAN_POINT('',(7.52,-12.95,7.35));
#18741 = DIRECTION('',(1.110223024625E-16,1.,0.));
#18742 = DIRECTION('',(0.,0.,-1.));
#18743 = ADVANCED_FACE('',(#18744),#18755,.T.);
#18744 = FACE_BOUND('',#18745,.T.);
#18745 = EDGE_LOOP('',(#18746,#18752,#18753,#18754));
#18746 = ORIENTED_EDGE('',*,*,#18747,.T.);
#18747 = EDGE_CURVE('',#17047,#17120,#18748,.T.);
#18748 = LINE('',#18749,#18750);
#18749 = CARTESIAN_POINT('',(7.52,-9.91,1.25));
#18750 = VECTOR('',#18751,1.);
#18751 = DIRECTION('',(1.,-1.110223024625E-16,0.));
#18752 = ORIENTED_EDGE('',*,*,#17127,.T.);
#18753 = ORIENTED_EDGE('',*,*,#17078,.F.);
#18754 = ORIENTED_EDGE('',*,*,#17054,.F.);
#18755 = PLANE('',#18756);
#18756 = AXIS2_PLACEMENT_3D('',#18757,#18758,#18759);
#18757 = CARTESIAN_POINT('',(7.52,-9.91,1.25));
#18758 = DIRECTION('',(-1.110223024625E-16,-1.,0.));
#18759 = DIRECTION('',(0.,0.,1.));
#18760 = ADVANCED_FACE('',(#18761),#18772,.T.);
#18761 = FACE_BOUND('',#18762,.T.);
#18762 = EDGE_LOOP('',(#18763,#18769,#18770,#18771));
#18763 = ORIENTED_EDGE('',*,*,#18764,.T.);
#18764 = EDGE_CURVE('',#17039,#17112,#18765,.T.);
#18765 = LINE('',#18766,#18767);
#18766 = CARTESIAN_POINT('',(7.52,-10.41,1.25));
#18767 = VECTOR('',#18768,1.);
#18768 = DIRECTION('',(1.,-1.110223024625E-16,0.));
#18769 = ORIENTED_EDGE('',*,*,#17119,.T.);
#18770 = ORIENTED_EDGE('',*,*,#18747,.F.);
#18771 = ORIENTED_EDGE('',*,*,#17046,.F.);
#18772 = PLANE('',#18773);
#18773 = AXIS2_PLACEMENT_3D('',#18774,#18775,#18776);
#18774 = CARTESIAN_POINT('',(7.52,-10.41,1.25));
#18775 = DIRECTION('',(0.,0.,1.));
#18776 = DIRECTION('',(1.110223024625E-16,1.,-0.));
#18777 = ADVANCED_FACE('',(#18778),#18784,.T.);
#18778 = FACE_BOUND('',#18779,.T.);
#18779 = EDGE_LOOP('',(#18780,#18781,#18782,#18783));
#18780 = ORIENTED_EDGE('',*,*,#17146,.T.);
#18781 = ORIENTED_EDGE('',*,*,#17111,.T.);
#18782 = ORIENTED_EDGE('',*,*,#18764,.F.);
#18783 = ORIENTED_EDGE('',*,*,#17038,.F.);
#18784 = PLANE('',#18785);
#18785 = AXIS2_PLACEMENT_3D('',#18786,#18787,#18788);
#18786 = CARTESIAN_POINT('',(7.52,-10.41,7.35));
#18787 = DIRECTION('',(1.110223024625E-16,1.,0.));
#18788 = DIRECTION('',(0.,0.,-1.));
#18789 = ADVANCED_FACE('',(#18790),#18801,.T.);
#18790 = FACE_BOUND('',#18791,.T.);
#18791 = EDGE_LOOP('',(#18792,#18798,#18799,#18800));
#18792 = ORIENTED_EDGE('',*,*,#18793,.T.);
#18793 = EDGE_CURVE('',#17213,#17286,#18794,.T.);
#18794 = LINE('',#18795,#18796);
#18795 = CARTESIAN_POINT('',(7.52,-7.37,1.25));
#18796 = VECTOR('',#18797,1.);
#18797 = DIRECTION('',(1.,-1.110223024625E-16,0.));
#18798 = ORIENTED_EDGE('',*,*,#17293,.T.);
#18799 = ORIENTED_EDGE('',*,*,#17244,.F.);
#18800 = ORIENTED_EDGE('',*,*,#17220,.F.);
#18801 = PLANE('',#18802);
#18802 = AXIS2_PLACEMENT_3D('',#18803,#18804,#18805);
#18803 = CARTESIAN_POINT('',(7.52,-7.37,1.25));
#18804 = DIRECTION('',(-1.110223024625E-16,-1.,0.));
#18805 = DIRECTION('',(0.,0.,1.));
#18806 = ADVANCED_FACE('',(#18807),#18818,.T.);
#18807 = FACE_BOUND('',#18808,.T.);
#18808 = EDGE_LOOP('',(#18809,#18815,#18816,#18817));
#18809 = ORIENTED_EDGE('',*,*,#18810,.T.);
#18810 = EDGE_CURVE('',#17205,#17278,#18811,.T.);
#18811 = LINE('',#18812,#18813);
#18812 = CARTESIAN_POINT('',(7.52,-7.87,1.25));
#18813 = VECTOR('',#18814,1.);
#18814 = DIRECTION('',(1.,-1.110223024625E-16,0.));
#18815 = ORIENTED_EDGE('',*,*,#17285,.T.);
#18816 = ORIENTED_EDGE('',*,*,#18793,.F.);
#18817 = ORIENTED_EDGE('',*,*,#17212,.F.);
#18818 = PLANE('',#18819);
#18819 = AXIS2_PLACEMENT_3D('',#18820,#18821,#18822);
#18820 = CARTESIAN_POINT('',(7.52,-7.87,1.25));
#18821 = DIRECTION('',(0.,0.,1.));
#18822 = DIRECTION('',(1.110223024625E-16,1.,-0.));
#18823 = ADVANCED_FACE('',(#18824),#18830,.T.);
#18824 = FACE_BOUND('',#18825,.T.);
#18825 = EDGE_LOOP('',(#18826,#18827,#18828,#18829));
#18826 = ORIENTED_EDGE('',*,*,#17312,.T.);
#18827 = ORIENTED_EDGE('',*,*,#17277,.T.);
#18828 = ORIENTED_EDGE('',*,*,#18810,.F.);
#18829 = ORIENTED_EDGE('',*,*,#17204,.F.);
#18830 = PLANE('',#18831);
#18831 = AXIS2_PLACEMENT_3D('',#18832,#18833,#18834);
#18832 = CARTESIAN_POINT('',(7.52,-7.87,7.35));
#18833 = DIRECTION('',(1.110223024625E-16,1.,0.));
#18834 = DIRECTION('',(0.,0.,-1.));
#18835 = ADVANCED_FACE('',(#18836),#18847,.T.);
#18836 = FACE_BOUND('',#18837,.T.);
#18837 = EDGE_LOOP('',(#18838,#18844,#18845,#18846));
#18838 = ORIENTED_EDGE('',*,*,#18839,.T.);
#18839 = EDGE_CURVE('',#17379,#17452,#18840,.T.);
#18840 = LINE('',#18841,#18842);
#18841 = CARTESIAN_POINT('',(7.52,-4.83,1.25));
#18842 = VECTOR('',#18843,1.);
#18843 = DIRECTION('',(1.,-1.110223024625E-16,0.));
#18844 = ORIENTED_EDGE('',*,*,#17459,.T.);
#18845 = ORIENTED_EDGE('',*,*,#17410,.F.);
#18846 = ORIENTED_EDGE('',*,*,#17386,.F.);
#18847 = PLANE('',#18848);
#18848 = AXIS2_PLACEMENT_3D('',#18849,#18850,#18851);
#18849 = CARTESIAN_POINT('',(7.52,-4.83,1.25));
#18850 = DIRECTION('',(-1.110223024625E-16,-1.,0.));
#18851 = DIRECTION('',(0.,0.,1.));
#18852 = ADVANCED_FACE('',(#18853),#18864,.T.);
#18853 = FACE_BOUND('',#18854,.T.);
#18854 = EDGE_LOOP('',(#18855,#18861,#18862,#18863));
#18855 = ORIENTED_EDGE('',*,*,#18856,.T.);
#18856 = EDGE_CURVE('',#17371,#17444,#18857,.T.);
#18857 = LINE('',#18858,#18859);
#18858 = CARTESIAN_POINT('',(7.52,-5.33,1.25));
#18859 = VECTOR('',#18860,1.);
#18860 = DIRECTION('',(1.,-1.110223024625E-16,0.));
#18861 = ORIENTED_EDGE('',*,*,#17451,.T.);
#18862 = ORIENTED_EDGE('',*,*,#18839,.F.);
#18863 = ORIENTED_EDGE('',*,*,#17378,.F.);
#18864 = PLANE('',#18865);
#18865 = AXIS2_PLACEMENT_3D('',#18866,#18867,#18868);
#18866 = CARTESIAN_POINT('',(7.52,-5.33,1.25));
#18867 = DIRECTION('',(0.,0.,1.));
#18868 = DIRECTION('',(1.110223024625E-16,1.,-0.));
#18869 = ADVANCED_FACE('',(#18870),#18876,.T.);
#18870 = FACE_BOUND('',#18871,.T.);
#18871 = EDGE_LOOP('',(#18872,#18873,#18874,#18875));
#18872 = ORIENTED_EDGE('',*,*,#17478,.T.);
#18873 = ORIENTED_EDGE('',*,*,#17443,.T.);
#18874 = ORIENTED_EDGE('',*,*,#18856,.F.);
#18875 = ORIENTED_EDGE('',*,*,#17370,.F.);
#18876 = PLANE('',#18877);
#18877 = AXIS2_PLACEMENT_3D('',#18878,#18879,#18880);
#18878 = CARTESIAN_POINT('',(7.52,-5.33,7.35));
#18879 = DIRECTION('',(1.110223024625E-16,1.,0.));
#18880 = DIRECTION('',(0.,0.,-1.));
#18881 = ADVANCED_FACE('',(#18882),#18893,.T.);
#18882 = FACE_BOUND('',#18883,.T.);
#18883 = EDGE_LOOP('',(#18884,#18890,#18891,#18892));
#18884 = ORIENTED_EDGE('',*,*,#18885,.T.);
#18885 = EDGE_CURVE('',#17545,#17618,#18886,.T.);
#18886 = LINE('',#18887,#18888);
#18887 = CARTESIAN_POINT('',(7.52,-2.29,1.25));
#18888 = VECTOR('',#18889,1.);
#18889 = DIRECTION('',(1.,-1.110223024625E-16,0.));
#18890 = ORIENTED_EDGE('',*,*,#17625,.T.);
#18891 = ORIENTED_EDGE('',*,*,#17576,.F.);
#18892 = ORIENTED_EDGE('',*,*,#17552,.F.);
#18893 = PLANE('',#18894);
#18894 = AXIS2_PLACEMENT_3D('',#18895,#18896,#18897);
#18895 = CARTESIAN_POINT('',(7.52,-2.29,1.25));
#18896 = DIRECTION('',(-1.110223024625E-16,-1.,0.));
#18897 = DIRECTION('',(0.,0.,1.));
#18898 = ADVANCED_FACE('',(#18899),#18910,.T.);
#18899 = FACE_BOUND('',#18900,.T.);
#18900 = EDGE_LOOP('',(#18901,#18907,#18908,#18909));
#18901 = ORIENTED_EDGE('',*,*,#18902,.T.);
#18902 = EDGE_CURVE('',#17537,#17610,#18903,.T.);
#18903 = LINE('',#18904,#18905);
#18904 = CARTESIAN_POINT('',(7.52,-2.79,1.25));
#18905 = VECTOR('',#18906,1.);
#18906 = DIRECTION('',(1.,-1.110223024625E-16,0.));
#18907 = ORIENTED_EDGE('',*,*,#17617,.T.);
#18908 = ORIENTED_EDGE('',*,*,#18885,.F.);
#18909 = ORIENTED_EDGE('',*,*,#17544,.F.);
#18910 = PLANE('',#18911);
#18911 = AXIS2_PLACEMENT_3D('',#18912,#18913,#18914);
#18912 = CARTESIAN_POINT('',(7.52,-2.79,1.25));
#18913 = DIRECTION('',(0.,0.,1.));
#18914 = DIRECTION('',(1.110223024625E-16,1.,-0.));
#18915 = ADVANCED_FACE('',(#18916),#18922,.T.);
#18916 = FACE_BOUND('',#18917,.T.);
#18917 = EDGE_LOOP('',(#18918,#18919,#18920,#18921));
#18918 = ORIENTED_EDGE('',*,*,#17644,.T.);
#18919 = ORIENTED_EDGE('',*,*,#17609,.T.);
#18920 = ORIENTED_EDGE('',*,*,#18902,.F.);
#18921 = ORIENTED_EDGE('',*,*,#17536,.F.);
#18922 = PLANE('',#18923);
#18923 = AXIS2_PLACEMENT_3D('',#18924,#18925,#18926);
#18924 = CARTESIAN_POINT('',(7.52,-2.79,7.35));
#18925 = DIRECTION('',(1.110223024625E-16,1.,0.));
#18926 = DIRECTION('',(0.,0.,-1.));
#18927 = ADVANCED_FACE('',(#18928),#18939,.T.);
#18928 = FACE_BOUND('',#18929,.T.);
#18929 = EDGE_LOOP('',(#18930,#18936,#18937,#18938));
#18930 = ORIENTED_EDGE('',*,*,#18931,.T.);
#18931 = EDGE_CURVE('',#17711,#17784,#18932,.T.);
#18932 = LINE('',#18933,#18934);
#18933 = CARTESIAN_POINT('',(7.52,0.25,1.25));
#18934 = VECTOR('',#18935,1.);
#18935 = DIRECTION('',(1.,-1.110223024625E-16,0.));
#18936 = ORIENTED_EDGE('',*,*,#17791,.T.);
#18937 = ORIENTED_EDGE('',*,*,#17742,.F.);
#18938 = ORIENTED_EDGE('',*,*,#17718,.F.);
#18939 = PLANE('',#18940);
#18940 = AXIS2_PLACEMENT_3D('',#18941,#18942,#18943);
#18941 = CARTESIAN_POINT('',(7.52,0.25,1.25));
#18942 = DIRECTION('',(-1.110223024625E-16,-1.,0.));
#18943 = DIRECTION('',(0.,0.,1.));
#18944 = ADVANCED_FACE('',(#18945),#18956,.T.);
#18945 = FACE_BOUND('',#18946,.T.);
#18946 = EDGE_LOOP('',(#18947,#18953,#18954,#18955));
#18947 = ORIENTED_EDGE('',*,*,#18948,.T.);
#18948 = EDGE_CURVE('',#17703,#17776,#18949,.T.);
#18949 = LINE('',#18950,#18951);
#18950 = CARTESIAN_POINT('',(7.52,-0.25,1.25));
#18951 = VECTOR('',#18952,1.);
#18952 = DIRECTION('',(1.,-1.110223024625E-16,0.));
#18953 = ORIENTED_EDGE('',*,*,#17783,.T.);
#18954 = ORIENTED_EDGE('',*,*,#18931,.F.);
#18955 = ORIENTED_EDGE('',*,*,#17710,.F.);
#18956 = PLANE('',#18957);
#18957 = AXIS2_PLACEMENT_3D('',#18958,#18959,#18960);
#18958 = CARTESIAN_POINT('',(7.52,-0.25,1.25));
#18959 = DIRECTION('',(0.,0.,1.));
#18960 = DIRECTION('',(1.110223024625E-16,1.,-0.));
#18961 = ADVANCED_FACE('',(#18962),#18968,.T.);
#18962 = FACE_BOUND('',#18963,.T.);
#18963 = EDGE_LOOP('',(#18964,#18965,#18966,#18967));
#18964 = ORIENTED_EDGE('',*,*,#17810,.T.);
#18965 = ORIENTED_EDGE('',*,*,#17775,.T.);
#18966 = ORIENTED_EDGE('',*,*,#18948,.F.);
#18967 = ORIENTED_EDGE('',*,*,#17702,.F.);
#18968 = PLANE('',#18969);
#18969 = AXIS2_PLACEMENT_3D('',#18970,#18971,#18972);
#18970 = CARTESIAN_POINT('',(7.52,-0.25,7.35));
#18971 = DIRECTION('',(1.110223024625E-16,1.,0.));
#18972 = DIRECTION('',(0.,0.,-1.));
#18973 = ADVANCED_FACE('',(#18974),#18985,.T.);
#18974 = FACE_BOUND('',#18975,.T.);
#18975 = EDGE_LOOP('',(#18976,#18982,#18983,#18984));
#18976 = ORIENTED_EDGE('',*,*,#18977,.T.);
#18977 = EDGE_CURVE('',#17877,#17950,#18978,.T.);
#18978 = LINE('',#18979,#18980);
#18979 = CARTESIAN_POINT('',(7.52,2.79,1.25));
#18980 = VECTOR('',#18981,1.);
#18981 = DIRECTION('',(1.,-1.110223024625E-16,0.));
#18982 = ORIENTED_EDGE('',*,*,#17957,.T.);
#18983 = ORIENTED_EDGE('',*,*,#17908,.F.);
#18984 = ORIENTED_EDGE('',*,*,#17884,.F.);
#18985 = PLANE('',#18986);
#18986 = AXIS2_PLACEMENT_3D('',#18987,#18988,#18989);
#18987 = CARTESIAN_POINT('',(7.52,2.79,1.25));
#18988 = DIRECTION('',(-1.110223024625E-16,-1.,0.));
#18989 = DIRECTION('',(0.,0.,1.));
#18990 = ADVANCED_FACE('',(#18991),#19002,.T.);
#18991 = FACE_BOUND('',#18992,.T.);
#18992 = EDGE_LOOP('',(#18993,#18999,#19000,#19001));
#18993 = ORIENTED_EDGE('',*,*,#18994,.T.);
#18994 = EDGE_CURVE('',#17869,#17942,#18995,.T.);
#18995 = LINE('',#18996,#18997);
#18996 = CARTESIAN_POINT('',(7.52,2.29,1.25));
#18997 = VECTOR('',#18998,1.);
#18998 = DIRECTION('',(1.,-1.110223024625E-16,0.));
#18999 = ORIENTED_EDGE('',*,*,#17949,.T.);
#19000 = ORIENTED_EDGE('',*,*,#18977,.F.);
#19001 = ORIENTED_EDGE('',*,*,#17876,.F.);
#19002 = PLANE('',#19003);
#19003 = AXIS2_PLACEMENT_3D('',#19004,#19005,#19006);
#19004 = CARTESIAN_POINT('',(7.52,2.29,1.25));
#19005 = DIRECTION('',(0.,0.,1.));
#19006 = DIRECTION('',(1.110223024625E-16,1.,-0.));
#19007 = ADVANCED_FACE('',(#19008),#19014,.T.);
#19008 = FACE_BOUND('',#19009,.T.);
#19009 = EDGE_LOOP('',(#19010,#19011,#19012,#19013));
#19010 = ORIENTED_EDGE('',*,*,#17976,.T.);
#19011 = ORIENTED_EDGE('',*,*,#17941,.T.);
#19012 = ORIENTED_EDGE('',*,*,#18994,.F.);
#19013 = ORIENTED_EDGE('',*,*,#17868,.F.);
#19014 = PLANE('',#19015);
#19015 = AXIS2_PLACEMENT_3D('',#19016,#19017,#19018);
#19016 = CARTESIAN_POINT('',(7.52,2.29,7.35));
#19017 = DIRECTION('',(1.110223024625E-16,1.,0.));
#19018 = DIRECTION('',(0.,0.,-1.));
#19019 = ADVANCED_FACE('',(#19020),#19031,.T.);
#19020 = FACE_BOUND('',#19021,.T.);
#19021 = EDGE_LOOP('',(#19022,#19028,#19029,#19030));
#19022 = ORIENTED_EDGE('',*,*,#19023,.T.);
#19023 = EDGE_CURVE('',#18043,#18116,#19024,.T.);
#19024 = LINE('',#19025,#19026);
#19025 = CARTESIAN_POINT('',(7.52,5.33,1.25));
#19026 = VECTOR('',#19027,1.);
#19027 = DIRECTION('',(1.,-1.110223024625E-16,0.));
#19028 = ORIENTED_EDGE('',*,*,#18123,.T.);
#19029 = ORIENTED_EDGE('',*,*,#18074,.F.);
#19030 = ORIENTED_EDGE('',*,*,#18050,.F.);
#19031 = PLANE('',#19032);
#19032 = AXIS2_PLACEMENT_3D('',#19033,#19034,#19035);
#19033 = CARTESIAN_POINT('',(7.52,5.33,1.25));
#19034 = DIRECTION('',(-1.110223024625E-16,-1.,0.));
#19035 = DIRECTION('',(0.,0.,1.));
#19036 = ADVANCED_FACE('',(#19037),#19048,.T.);
#19037 = FACE_BOUND('',#19038,.T.);
#19038 = EDGE_LOOP('',(#19039,#19045,#19046,#19047));
#19039 = ORIENTED_EDGE('',*,*,#19040,.T.);
#19040 = EDGE_CURVE('',#18035,#18108,#19041,.T.);
#19041 = LINE('',#19042,#19043);
#19042 = CARTESIAN_POINT('',(7.52,4.83,1.25));
#19043 = VECTOR('',#19044,1.);
#19044 = DIRECTION('',(1.,-1.110223024625E-16,0.));
#19045 = ORIENTED_EDGE('',*,*,#18115,.T.);
#19046 = ORIENTED_EDGE('',*,*,#19023,.F.);
#19047 = ORIENTED_EDGE('',*,*,#18042,.F.);
#19048 = PLANE('',#19049);
#19049 = AXIS2_PLACEMENT_3D('',#19050,#19051,#19052);
#19050 = CARTESIAN_POINT('',(7.52,4.83,1.25));
#19051 = DIRECTION('',(0.,0.,1.));
#19052 = DIRECTION('',(1.110223024625E-16,1.,-0.));
#19053 = ADVANCED_FACE('',(#19054),#19060,.T.);
#19054 = FACE_BOUND('',#19055,.T.);
#19055 = EDGE_LOOP('',(#19056,#19057,#19058,#19059));
#19056 = ORIENTED_EDGE('',*,*,#18142,.T.);
#19057 = ORIENTED_EDGE('',*,*,#18107,.T.);
#19058 = ORIENTED_EDGE('',*,*,#19040,.F.);
#19059 = ORIENTED_EDGE('',*,*,#18034,.F.);
#19060 = PLANE('',#19061);
#19061 = AXIS2_PLACEMENT_3D('',#19062,#19063,#19064);
#19062 = CARTESIAN_POINT('',(7.52,4.83,7.35));
#19063 = DIRECTION('',(1.110223024625E-16,1.,0.));
#19064 = DIRECTION('',(0.,0.,-1.));
#19065 = ADVANCED_FACE('',(#19066),#19077,.T.);
#19066 = FACE_BOUND('',#19067,.T.);
#19067 = EDGE_LOOP('',(#19068,#19074,#19075,#19076));
#19068 = ORIENTED_EDGE('',*,*,#19069,.T.);
#19069 = EDGE_CURVE('',#18209,#18282,#19070,.T.);
#19070 = LINE('',#19071,#19072);
#19071 = CARTESIAN_POINT('',(7.52,7.87,1.25));
#19072 = VECTOR('',#19073,1.);
#19073 = DIRECTION('',(1.,-1.110223024625E-16,0.));
#19074 = ORIENTED_EDGE('',*,*,#18289,.T.);
#19075 = ORIENTED_EDGE('',*,*,#18240,.F.);
#19076 = ORIENTED_EDGE('',*,*,#18216,.F.);
#19077 = PLANE('',#19078);
#19078 = AXIS2_PLACEMENT_3D('',#19079,#19080,#19081);
#19079 = CARTESIAN_POINT('',(7.52,7.87,1.25));
#19080 = DIRECTION('',(-1.110223024625E-16,-1.,0.));
#19081 = DIRECTION('',(0.,0.,1.));
#19082 = ADVANCED_FACE('',(#19083),#19094,.T.);
#19083 = FACE_BOUND('',#19084,.T.);
#19084 = EDGE_LOOP('',(#19085,#19091,#19092,#19093));
#19085 = ORIENTED_EDGE('',*,*,#19086,.T.);
#19086 = EDGE_CURVE('',#18201,#18274,#19087,.T.);
#19087 = LINE('',#19088,#19089);
#19088 = CARTESIAN_POINT('',(7.52,7.37,1.25));
#19089 = VECTOR('',#19090,1.);
#19090 = DIRECTION('',(1.,-1.110223024625E-16,0.));
#19091 = ORIENTED_EDGE('',*,*,#18281,.T.);
#19092 = ORIENTED_EDGE('',*,*,#19069,.F.);
#19093 = ORIENTED_EDGE('',*,*,#18208,.F.);
#19094 = PLANE('',#19095);
#19095 = AXIS2_PLACEMENT_3D('',#19096,#19097,#19098);
#19096 = CARTESIAN_POINT('',(7.52,7.37,1.25));
#19097 = DIRECTION('',(0.,0.,1.));
#19098 = DIRECTION('',(1.110223024625E-16,1.,-0.));
#19099 = ADVANCED_FACE('',(#19100),#19106,.T.);
#19100 = FACE_BOUND('',#19101,.T.);
#19101 = EDGE_LOOP('',(#19102,#19103,#19104,#19105));
#19102 = ORIENTED_EDGE('',*,*,#18308,.T.);
#19103 = ORIENTED_EDGE('',*,*,#18273,.T.);
#19104 = ORIENTED_EDGE('',*,*,#19086,.F.);
#19105 = ORIENTED_EDGE('',*,*,#18200,.F.);
#19106 = PLANE('',#19107);
#19107 = AXIS2_PLACEMENT_3D('',#19108,#19109,#19110);
#19108 = CARTESIAN_POINT('',(7.52,7.37,7.35));
#19109 = DIRECTION('',(1.110223024625E-16,1.,0.));
#19110 = DIRECTION('',(0.,0.,-1.));
#19111 = ADVANCED_FACE('',(#19112),#19123,.T.);
#19112 = FACE_BOUND('',#19113,.T.);
#19113 = EDGE_LOOP('',(#19114,#19120,#19121,#19122));
#19114 = ORIENTED_EDGE('',*,*,#19115,.T.);
#19115 = EDGE_CURVE('',#18375,#18448,#19116,.T.);
#19116 = LINE('',#19117,#19118);
#19117 = CARTESIAN_POINT('',(7.52,10.41,1.25));
#19118 = VECTOR('',#19119,1.);
#19119 = DIRECTION('',(1.,-1.110223024625E-16,0.));
#19120 = ORIENTED_EDGE('',*,*,#18455,.T.);
#19121 = ORIENTED_EDGE('',*,*,#18406,.F.);
#19122 = ORIENTED_EDGE('',*,*,#18382,.F.);
#19123 = PLANE('',#19124);
#19124 = AXIS2_PLACEMENT_3D('',#19125,#19126,#19127);
#19125 = CARTESIAN_POINT('',(7.52,10.41,1.25));
#19126 = DIRECTION('',(-1.110223024625E-16,-1.,0.));
#19127 = DIRECTION('',(0.,0.,1.));
#19128 = ADVANCED_FACE('',(#19129),#19140,.T.);
#19129 = FACE_BOUND('',#19130,.T.);
#19130 = EDGE_LOOP('',(#19131,#19137,#19138,#19139));
#19131 = ORIENTED_EDGE('',*,*,#19132,.T.);
#19132 = EDGE_CURVE('',#18367,#18440,#19133,.T.);
#19133 = LINE('',#19134,#19135);
#19134 = CARTESIAN_POINT('',(7.52,9.91,1.25));
#19135 = VECTOR('',#19136,1.);
#19136 = DIRECTION('',(1.,-1.110223024625E-16,0.));
#19137 = ORIENTED_EDGE('',*,*,#18447,.T.);
#19138 = ORIENTED_EDGE('',*,*,#19115,.F.);
#19139 = ORIENTED_EDGE('',*,*,#18374,.F.);
#19140 = PLANE('',#19141);
#19141 = AXIS2_PLACEMENT_3D('',#19142,#19143,#19144);
#19142 = CARTESIAN_POINT('',(7.52,9.91,1.25));
#19143 = DIRECTION('',(0.,0.,1.));
#19144 = DIRECTION('',(1.110223024625E-16,1.,-0.));
#19145 = ADVANCED_FACE('',(#19146),#19152,.T.);
#19146 = FACE_BOUND('',#19147,.T.);
#19147 = EDGE_LOOP('',(#19148,#19149,#19150,#19151));
#19148 = ORIENTED_EDGE('',*,*,#18474,.T.);
#19149 = ORIENTED_EDGE('',*,*,#18439,.T.);
#19150 = ORIENTED_EDGE('',*,*,#19132,.F.);
#19151 = ORIENTED_EDGE('',*,*,#18366,.F.);
#19152 = PLANE('',#19153);
#19153 = AXIS2_PLACEMENT_3D('',#19154,#19155,#19156);
#19154 = CARTESIAN_POINT('',(7.52,9.91,7.35));
#19155 = DIRECTION('',(1.110223024625E-16,1.,0.));
#19156 = DIRECTION('',(0.,0.,-1.));
#19157 = ADVANCED_FACE('',(#19158),#19169,.T.);
#19158 = FACE_BOUND('',#19159,.T.);
#19159 = EDGE_LOOP('',(#19160,#19166,#19167,#19168));
#19160 = ORIENTED_EDGE('',*,*,#19161,.T.);
#19161 = EDGE_CURVE('',#18541,#18614,#19162,.T.);
#19162 = LINE('',#19163,#19164);
#19163 = CARTESIAN_POINT('',(7.52,12.95,1.25));
#19164 = VECTOR('',#19165,1.);
#19165 = DIRECTION('',(1.,-1.110223024625E-16,0.));
#19166 = ORIENTED_EDGE('',*,*,#18621,.T.);
#19167 = ORIENTED_EDGE('',*,*,#18572,.F.);
#19168 = ORIENTED_EDGE('',*,*,#18548,.F.);
#19169 = PLANE('',#19170);
#19170 = AXIS2_PLACEMENT_3D('',#19171,#19172,#19173);
#19171 = CARTESIAN_POINT('',(7.52,12.95,1.25));
#19172 = DIRECTION('',(-1.110223024625E-16,-1.,0.));
#19173 = DIRECTION('',(0.,0.,1.));
#19174 = ADVANCED_FACE('',(#19175),#19186,.T.);
#19175 = FACE_BOUND('',#19176,.T.);
#19176 = EDGE_LOOP('',(#19177,#19183,#19184,#19185));
#19177 = ORIENTED_EDGE('',*,*,#19178,.T.);
#19178 = EDGE_CURVE('',#18533,#18606,#19179,.T.);
#19179 = LINE('',#19180,#19181);
#19180 = CARTESIAN_POINT('',(7.52,12.45,1.25));
#19181 = VECTOR('',#19182,1.);
#19182 = DIRECTION('',(1.,-1.110223024625E-16,0.));
#19183 = ORIENTED_EDGE('',*,*,#18613,.T.);
#19184 = ORIENTED_EDGE('',*,*,#19161,.F.);
#19185 = ORIENTED_EDGE('',*,*,#18540,.F.);
#19186 = PLANE('',#19187);
#19187 = AXIS2_PLACEMENT_3D('',#19188,#19189,#19190);
#19188 = CARTESIAN_POINT('',(7.52,12.45,1.25));
#19189 = DIRECTION('',(0.,0.,1.));
#19190 = DIRECTION('',(1.110223024625E-16,1.,-0.));
#19191 = ADVANCED_FACE('',(#19192),#19198,.T.);
#19192 = FACE_BOUND('',#19193,.T.);
#19193 = EDGE_LOOP('',(#19194,#19195,#19196,#19197));
#19194 = ORIENTED_EDGE('',*,*,#18640,.T.);
#19195 = ORIENTED_EDGE('',*,*,#18605,.T.);
#19196 = ORIENTED_EDGE('',*,*,#19178,.F.);
#19197 = ORIENTED_EDGE('',*,*,#18532,.F.);
#19198 = PLANE('',#19199);
#19199 = AXIS2_PLACEMENT_3D('',#19200,#19201,#19202);
#19200 = CARTESIAN_POINT('',(7.52,12.45,7.35));
#19201 = DIRECTION('',(1.110223024625E-16,1.,0.));
#19202 = DIRECTION('',(0.,0.,-1.));
#19203 = ( GEOMETRIC_REPRESENTATION_CONTEXT(3) 
GLOBAL_UNCERTAINTY_ASSIGNED_CONTEXT((#19207)) 
GLOBAL_UNIT_ASSIGNED_CONTEXT((#19204,#19205,#19206)) 
REPRESENTATION_CONTEXT('Context #1',
  '3D Context with UNIT and UNCERTAINTY') );
#19204 = ( LENGTH_UNIT() NAMED_UNIT(*) SI_UNIT(.MILLI.,.METRE.) );
#19205 = ( NAMED_UNIT(*) PLANE_ANGLE_UNIT() SI_UNIT($,.RADIAN.) );
#19206 = ( NAMED_UNIT(*) SI_UNIT($,.STERADIAN.) SOLID_ANGLE_UNIT() );
#19207 = UNCERTAINTY_MEASURE_WITH_UNIT(LENGTH_MEASURE(1.E-07),#19204,
  'distance_accuracy_value','confusion accuracy');
#19208 = PRODUCT_RELATED_PRODUCT_CATEGORY('part',$,(#7));
ENDSEC;
END-ISO-10303-21;
