Scope: all 4 workspace projects
✓ Lockfile passes supply-chain policies (verified 54m ago)
Lockfile is up to date, resolution step is skipped
Already up to date

app postinstall$ pnpm run build-ergogen
app postinstall: $ ./patch/patch_ergogen.sh
app postinstall: {"ceoloide":24,"infusedKim":15}
app postinstall: src/ergogen.js → dist/ergogen.js...
app postinstall: (!) Circular dependencies
app postinstall: src/utils.js -> src/assert.js -> src/utils.js
app postinstall: src/utils.js -> src/assert.js -> src/point.js -> src/utils.js
app postinstall: created dist/ergogen.js in 1.9s
app postinstall: Done
app prepare$ husky
app prepare: .git can't be found
app prepare: Done
Done in 4.5s using pnpm v11.26.0
$ pnpm run test:engine && pnpm run test:footprints && pnpm run test:release && pnpm run precommit && pnpm run build && pnpm run test:e2e
$ pnpm --dir engine test
$ mocha -r test/helpers/register test/index.js



*******************************************************************
******        Statistics on Transfer (Write)                 ******

*******************************************************************
******        Transfer Mode = 0  I.E.  As Is       ******

******        Transferring Shape, ShapeType = 2                      ******

** WorkSession : Sending all data

 Step File Name : blob.step(350 ents)  Write  Done


*******************************************************************
******        Statistics on Transfer (Write)                 ******

*******************************************************************
******        Transfer Mode = 0  I.E.  As Is       ******

******        Transferring Shape, ShapeType = 2                      ******

** WorkSession : Sending all data

 Step File Name : blob.step(512 ents)  Write  Done

  ✔ reimports an STL as a closed STEP solid (328ms)
  ✔ honours existing nonuniform model scales without changing the source asset
  ✔ rounds a splayed matrix cavity into closed contours (1251ms)
  ✔ extrudes offset arcs whose chord error is below geometric precision (234ms)
  ✔ extrudes a gasket roof with sub-tolerance offset slivers (272ms)
  ✔ carries solved offsets into a synchronous dependent draft and drops fixed axes
  ✔ carries every emitted model in its exact KiCad frame (61ms)
  ✔ keeps an explicit object model list authoritative (41ms)
  ✔ places framed native imports once without repeating the component side flip
  ✔ retains emitted footprint targets for explicit native models (38ms)
  ✔ checks floating travel against a separately mounted battery
  ✔ locates semantic placement errors in the authored YAML
  ✔ moves mirrored clusters as a group while retaining mirrored member spacing
  ✔ reports a floor-mounted battery that crosses PCB material
  ✔ uses a PCB object as a planar reference without transferring its height to a floor-mounted battery
  ✔ checks PCB travel even where no component body overlaps the battery (60ms)
  ✔ cuts declared corner relief into native plate openings
  ✔ rejects ambiguous physical ownership when two assemblies use the same PCB
  ✔ builds a case with native plate envelopes and no electrical PCB
  ✔ places native polygon regions using their declared envelope offset
  ✔ reports an unmeasured component even when no envelope was supplied
  ✔ exports model associations on imported boards
  ✔ uses flat bridge ends without growing past the attachment points
  ✔ previews keycaps independently of switch bodies and PCB support
  ✔ reports off-board pad areas even when the owning key fits
  ✔ offers a rectangular component bay without boxing unrelated clusters
  ✔ checks custom polygon pad copper beyond its small anchor
  ✔ splays a whole column about its first row
  ✔ derives shared matrix nets while preserving explicit electrical identities
  ✔ applies parametric column offsets to every member
  ✔ solves rotation about a driven origin and resolves named attachments
Sketcher::RedundantSolving-DogLeg-

Sketcher Redundant solving: 1 redundants

  ✔ does not count a repeated alignment against unrelated free movement
  ✔ updates mirrored keys after moving a source cluster
  ✔ uses origin aliases as live frames, not fixed snapshots
Sketcher::RedundantSolving-DogLeg-

Sketcher Redundant solving: 1 redundants

  ✔ keeps a solved source and its referenced mirror linked
  ✔ keeps unaccepted PCB hole proposals after including one hole (344ms)

*******************************************************************
******        Statistics on Transfer (Write)                 ******

*******************************************************************
******        Transfer Mode = 0  I.E.  As Is       ******

******        Transferring Shape, ShapeType = 0                      ******

** WorkSession : Sending all data

 Step File Name : blob.step(7666 ents)  Write  Done


*******************************************************************
******        Statistics on Transfer (Write)                 ******

*******************************************************************
******        Transfer Mode = 0  I.E.  As Is       ******

******        Transferring Shape, ShapeType = 0                      ******

** WorkSession : Sending all data

 Step File Name : blob.step(9384 ents)  Write  Done


*******************************************************************
******        Statistics on Transfer (Write)                 ******

*******************************************************************
******        Transfer Mode = 0  I.E.  As Is       ******

******        Transferring Shape, ShapeType = 0                      ******

** WorkSession : Sending all data

 Step File Name : blob.step(6850 ents)  Write  Done


*******************************************************************
******        Statistics on Transfer (Write)                 ******

*******************************************************************
******        Transfer Mode = 0  I.E.  As Is       ******

******        Transferring Shape, ShapeType = 2                      ******

** WorkSession : Sending all data

 Step File Name : blob.step(350 ents)  Write  Done


*******************************************************************
******        Statistics on Transfer (Write)                 ******

*******************************************************************
******        Transfer Mode = 0  I.E.  As Is       ******

******        Transferring Shape, ShapeType = 2                      ******

** WorkSession : Sending all data

 Step File Name : blob.step(350 ents)  Write  Done


*******************************************************************
******        Statistics on Transfer (Write)                 ******

*******************************************************************
******        Transfer Mode = 0  I.E.  As Is       ******

******        Transferring Shape, ShapeType = 2                      ******

** WorkSession : Sending all data

 Step File Name : blob.step(350 ents)  Write  Done


*******************************************************************
******        Statistics on Transfer (Write)                 ******

*******************************************************************
******        Transfer Mode = 0  I.E.  As Is       ******

******        Transferring Shape, ShapeType = 2                      ******

** WorkSession : Sending all data

 Step File Name : blob.step(350 ents)  Write  Done


*******************************************************************
******        Statistics on Transfer (Write)                 ******

*******************************************************************
******        Transfer Mode = 0  I.E.  As Is       ******

******        Transferring Shape, ShapeType = 2                      ******

** WorkSession : Sending all data

 Step File Name : blob.step(350 ents)  Write  Done


*******************************************************************
******        Statistics on Transfer (Write)                 ******

*******************************************************************
******        Transfer Mode = 0  I.E.  As Is       ******

******        Transferring Shape, ShapeType = 2                      ******

** WorkSession : Sending all data

 Step File Name : blob.step(350 ents)  Write  Done


*******************************************************************
******        Statistics on Transfer (Write)                 ******

*******************************************************************
******        Transfer Mode = 0  I.E.  As Is       ******

******        Transferring Shape, ShapeType = 0                      ******

** WorkSession : Sending all data

 Step File Name : blob.step(208 ents)  Write  Done


*******************************************************************
******        Statistics on Transfer (Write)                 ******

*******************************************************************
******        Transfer Mode = 0  I.E.  As Is       ******

******        Transferring Shape, ShapeType = 0                      ******

** WorkSession : Sending all data

 Step File Name : blob.step(208 ents)  Write  Done


*******************************************************************
******        Statistics on Transfer (Write)                 ******

*******************************************************************
******        Transfer Mode = 0  I.E.  As Is       ******

******        Transferring Shape, ShapeType = 0                      ******

** WorkSession : Sending all data

 Step File Name : blob.step(208 ents)  Write  Done


*******************************************************************
******        Statistics on Transfer (Write)                 ******

*******************************************************************
******        Transfer Mode = 0  I.E.  As Is       ******

******        Transferring Shape, ShapeType = 0                      ******

** WorkSession : Sending all data

 Step File Name : blob.step(208 ents)  Write  Done


*******************************************************************
******        Statistics on Transfer (Write)                 ******

*******************************************************************
******        Transfer Mode = 0  I.E.  As Is       ******

******        Transferring Shape, ShapeType = 0                      ******


*******************************************************************
******        Statistics on Transfer (Write)                 ******

*******************************************************************
******        Transfer Mode = 0  I.E.  As Is       ******

******        Transferring Shape, ShapeType = 0                      ******


*******************************************************************
******        Statistics on Transfer (Write)                 ******

*******************************************************************
******        Transfer Mode = 0  I.E.  As Is       ******

******        Transferring Shape, ShapeType = 0                      ******


*******************************************************************
******        Statistics on Transfer (Write)                 ******

*******************************************************************
******        Transfer Mode = 0  I.E.  As Is       ******

******        Transferring Shape, ShapeType = 2                      ******


*******************************************************************
******        Statistics on Transfer (Write)                 ******

*******************************************************************
******        Transfer Mode = 0  I.E.  As Is       ******

******        Transferring Shape, ShapeType = 2                      ******


*******************************************************************
******        Statistics on Transfer (Write)                 ******

*******************************************************************
******        Transfer Mode = 0  I.E.  As Is       ******

******        Transferring Shape, ShapeType = 2                      ******


*******************************************************************
******        Statistics on Transfer (Write)                 ******

*******************************************************************
******        Transfer Mode = 0  I.E.  As Is       ******

******        Transferring Shape, ShapeType = 2                      ******


*******************************************************************
******        Statistics on Transfer (Write)                 ******

*******************************************************************
******        Transfer Mode = 0  I.E.  As Is       ******

******        Transferring Shape, ShapeType = 2                      ******


*******************************************************************
******        Statistics on Transfer (Write)                 ******

*******************************************************************
******        Transfer Mode = 0  I.E.  As Is       ******

******        Transferring Shape, ShapeType = 2                      ******


*******************************************************************
******        Statistics on Transfer (Write)                 ******

*******************************************************************
******        Transfer Mode = 0  I.E.  As Is       ******

******        Transferring Shape, ShapeType = 0                      ******


*******************************************************************
******        Statistics on Transfer (Write)                 ******

*******************************************************************
******        Transfer Mode = 0  I.E.  As Is       ******

******        Transferring Shape, ShapeType = 0                      ******


*******************************************************************
******        Statistics on Transfer (Write)                 ******

*******************************************************************
******        Transfer Mode = 0  I.E.  As Is       ******

******        Transferring Shape, ShapeType = 0                      ******


*******************************************************************
******        Statistics on Transfer (Write)                 ******

*******************************************************************
******        Transfer Mode = 0  I.E.  As Is       ******

******        Transferring Shape, ShapeType = 0                      ******

** WorkSession : Sending all data

 Step File Name : export.step(26865 ents)  Write  Done


*******************************************************************
******        Statistics on Transfer (Write)                 ******

*******************************************************************
******        Transfer Mode = 0  I.E.  As Is       ******

******        Transferring Shape, ShapeType = 0                      ******

** WorkSession : Sending all data

 Step File Name : blob.step(7666 ents)  Write  Done


*******************************************************************
******        Statistics on Transfer (Write)                 ******

*******************************************************************
******        Transfer Mode = 0  I.E.  As Is       ******

******        Transferring Shape, ShapeType = 0                      ******

** WorkSession : Sending all data

 Step File Name : blob.step(10848 ents)  Write  Done


*******************************************************************
******        Statistics on Transfer (Write)                 ******

*******************************************************************
******        Transfer Mode = 0  I.E.  As Is       ******

******        Transferring Shape, ShapeType = 0                      ******

** WorkSession : Sending all data

 Step File Name : blob.step(6850 ents)  Write  Done


*******************************************************************
******        Statistics on Transfer (Write)                 ******

*******************************************************************
******        Transfer Mode = 0  I.E.  As Is       ******

******        Transferring Shape, ShapeType = 2                      ******

** WorkSession : Sending all data

 Step File Name : blob.step(350 ents)  Write  Done


*******************************************************************
******        Statistics on Transfer (Write)                 ******

*******************************************************************
******        Transfer Mode = 0  I.E.  As Is       ******

******        Transferring Shape, ShapeType = 2                      ******

** WorkSession : Sending all data

 Step File Name : blob.step(350 ents)  Write  Done


*******************************************************************
******        Statistics on Transfer (Write)                 ******

*******************************************************************
******        Transfer Mode = 0  I.E.  As Is       ******

******        Transferring Shape, ShapeType = 2                      ******

** WorkSession : Sending all data

 Step File Name : blob.step(350 ents)  Write  Done


*******************************************************************
******        Statistics on Transfer (Write)                 ******

*******************************************************************
******        Transfer Mode = 0  I.E.  As Is       ******

******        Transferring Shape, ShapeType = 2                      ******

** WorkSession : Sending all data

 Step File Name : blob.step(350 ents)  Write  Done


*******************************************************************
******        Statistics on Transfer (Write)                 ******

*******************************************************************
******        Transfer Mode = 0  I.E.  As Is       ******

******        Transferring Shape, ShapeType = 2                      ******

** WorkSession : Sending all data

 Step File Name : blob.step(350 ents)  Write  Done


*******************************************************************
******        Statistics on Transfer (Write)                 ******

*******************************************************************
******        Transfer Mode = 0  I.E.  As Is       ******

******        Transferring Shape, ShapeType = 2                      ******

** WorkSession : Sending all data

 Step File Name : blob.step(350 ents)  Write  Done


*******************************************************************
******        Statistics on Transfer (Write)                 ******

*******************************************************************
******        Transfer Mode = 0  I.E.  As Is       ******

******        Transferring Shape, ShapeType = 0                      ******

** WorkSession : Sending all data

 Step File Name : blob.step(208 ents)  Write  Done


*******************************************************************
******        Statistics on Transfer (Write)                 ******

*******************************************************************
******        Transfer Mode = 0  I.E.  As Is       ******

******        Transferring Shape, ShapeType = 0                      ******

** WorkSession : Sending all data

 Step File Name : blob.step(208 ents)  Write  Done


*******************************************************************
******        Statistics on Transfer (Write)                 ******

*******************************************************************
******        Transfer Mode = 0  I.E.  As Is       ******

******        Transferring Shape, ShapeType = 0                      ******

** WorkSession : Sending all data

 Step File Name : blob.step(208 ents)  Write  Done


*******************************************************************
******        Statistics on Transfer (Write)                 ******

*******************************************************************
******        Transfer Mode = 0  I.E.  As Is       ******

******        Transferring Shape, ShapeType = 0                      ******

** WorkSession : Sending all data

 Step File Name : blob.step(208 ents)  Write  Done


*******************************************************************
******        Statistics on Transfer (Write)                 ******

*******************************************************************
******        Transfer Mode = 0  I.E.  As Is       ******

******        Transferring Shape, ShapeType = 0                      ******


*******************************************************************
******        Statistics on Transfer (Write)                 ******

*******************************************************************
******        Transfer Mode = 0  I.E.  As Is       ******

******        Transferring Shape, ShapeType = 0                      ******


*******************************************************************
******        Statistics on Transfer (Write)                 ******

*******************************************************************
******        Transfer Mode = 0  I.E.  As Is       ******

******        Transferring Shape, ShapeType = 0                      ******


*******************************************************************
******        Statistics on Transfer (Write)                 ******

*******************************************************************
******        Transfer Mode = 0  I.E.  As Is       ******

******        Transferring Shape, ShapeType = 2                      ******


*******************************************************************
******        Statistics on Transfer (Write)                 ******

*******************************************************************
******        Transfer Mode = 0  I.E.  As Is       ******

******        Transferring Shape, ShapeType = 2                      ******


*******************************************************************
******        Statistics on Transfer (Write)                 ******

*******************************************************************
******        Transfer Mode = 0  I.E.  As Is       ******

******        Transferring Shape, ShapeType = 2                      ******


*******************************************************************
******        Statistics on Transfer (Write)                 ******

*******************************************************************
******        Transfer Mode = 0  I.E.  As Is       ******

******        Transferring Shape, ShapeType = 2                      ******


*******************************************************************
******        Statistics on Transfer (Write)                 ******

*******************************************************************
******        Transfer Mode = 0  I.E.  As Is       ******

******        Transferring Shape, ShapeType = 2                      ******


*******************************************************************
******        Statistics on Transfer (Write)                 ******

*******************************************************************
******        Transfer Mode = 0  I.E.  As Is       ******

******        Transferring Shape, ShapeType = 2                      ******


*******************************************************************
******        Statistics on Transfer (Write)                 ******

*******************************************************************
******        Transfer Mode = 0  I.E.  As Is       ******

******        Transferring Shape, ShapeType = 0                      ******


*******************************************************************
******        Statistics on Transfer (Write)                 ******

*******************************************************************
******        Transfer Mode = 0  I.E.  As Is       ******

******        Transferring Shape, ShapeType = 0                      ******


*******************************************************************
******        Statistics on Transfer (Write)                 ******

*******************************************************************
******        Transfer Mode = 0  I.E.  As Is       ******

******        Transferring Shape, ShapeType = 0                      ******


*******************************************************************
******        Statistics on Transfer (Write)                 ******

*******************************************************************
******        Transfer Mode = 0  I.E.  As Is       ******

******        Transferring Shape, ShapeType = 0                      ******

** WorkSession : Sending all data

 Step File Name : export.step(28329 ents)  Write  Done

  ✔ extends the top cover over the gasket contacts while keeping the plate separate (10603ms)

*******************************************************************
******        Statistics on Transfer (Write)                 ******

*******************************************************************
******        Transfer Mode = 0  I.E.  As Is       ******

******        Transferring Shape, ShapeType = 0                      ******

** WorkSession : Sending all data

 Step File Name : blob.step(7666 ents)  Write  Done


*******************************************************************
******        Statistics on Transfer (Write)                 ******

*******************************************************************
******        Transfer Mode = 0  I.E.  As Is       ******

******        Transferring Shape, ShapeType = 0                      ******

** WorkSession : Sending all data

 Step File Name : blob.step(15286 ents)  Write  Done


*******************************************************************
******        Statistics on Transfer (Write)                 ******

*******************************************************************
******        Transfer Mode = 0  I.E.  As Is       ******

******        Transferring Shape, ShapeType = 0                      ******

** WorkSession : Sending all data

 Step File Name : blob.step(6850 ents)  Write  Done


*******************************************************************
******        Statistics on Transfer (Write)                 ******

*******************************************************************
******        Transfer Mode = 0  I.E.  As Is       ******

******        Transferring Shape, ShapeType = 0                      ******

** WorkSession : Sending all data

 Step File Name : blob.step(12906 ents)  Write  Done


*******************************************************************
******        Statistics on Transfer (Write)                 ******

*******************************************************************
******        Transfer Mode = 0  I.E.  As Is       ******

******        Transferring Shape, ShapeType = 2                      ******

** WorkSession : Sending all data

 Step File Name : blob.step(350 ents)  Write  Done


*******************************************************************
******        Statistics on Transfer (Write)                 ******

*******************************************************************
******        Transfer Mode = 0  I.E.  As Is       ******

******        Transferring Shape, ShapeType = 2                      ******

** WorkSession : Sending all data

 Step File Name : blob.step(350 ents)  Write  Done


*******************************************************************
******        Statistics on Transfer (Write)                 ******

*******************************************************************
******        Transfer Mode = 0  I.E.  As Is       ******

******        Transferring Shape, ShapeType = 2                      ******

** WorkSession : Sending all data

 Step File Name : blob.step(350 ents)  Write  Done


*******************************************************************
******        Statistics on Transfer (Write)                 ******

*******************************************************************
******        Transfer Mode = 0  I.E.  As Is       ******

******        Transferring Shape, ShapeType = 2                      ******

** WorkSession : Sending all data

 Step File Name : blob.step(350 ents)  Write  Done


*******************************************************************
******        Statistics on Transfer (Write)                 ******

*******************************************************************
******        Transfer Mode = 0  I.E.  As Is       ******

******        Transferring Shape, ShapeType = 2                      ******

** WorkSession : Sending all data

 Step File Name : blob.step(350 ents)  Write  Done


*******************************************************************
******        Statistics on Transfer (Write)                 ******

*******************************************************************
******        Transfer Mode = 0  I.E.  As Is       ******

******        Transferring Shape, ShapeType = 2                      ******

** WorkSession : Sending all data

 Step File Name : blob.step(350 ents)  Write  Done


*******************************************************************
******        Statistics on Transfer (Write)                 ******

*******************************************************************
******        Transfer Mode = 0  I.E.  As Is       ******

******        Transferring Shape, ShapeType = 0                      ******

** WorkSession : Sending all data

 Step File Name : blob.step(208 ents)  Write  Done


*******************************************************************
******        Statistics on Transfer (Write)                 ******

*******************************************************************
******        Transfer Mode = 0  I.E.  As Is       ******

******        Transferring Shape, ShapeType = 0                      ******

** WorkSession : Sending all data

 Step File Name : blob.step(208 ents)  Write  Done


*******************************************************************
******        Statistics on Transfer (Write)                 ******

*******************************************************************
******        Transfer Mode = 0  I.E.  As Is       ******

******        Transferring Shape, ShapeType = 0                      ******

** WorkSession : Sending all data

 Step File Name : blob.step(208 ents)  Write  Done


*******************************************************************
******        Statistics on Transfer (Write)                 ******

*******************************************************************
******        Transfer Mode = 0  I.E.  As Is       ******

******        Transferring Shape, ShapeType = 0                      ******

** WorkSession : Sending all data

 Step File Name : blob.step(208 ents)  Write  Done


*******************************************************************
******        Statistics on Transfer (Write)                 ******

*******************************************************************
******        Transfer Mode = 0  I.E.  As Is       ******

******        Transferring Shape, ShapeType = 0                      ******


*******************************************************************
******        Statistics on Transfer (Write)                 ******

*******************************************************************
******        Transfer Mode = 0  I.E.  As Is       ******

******        Transferring Shape, ShapeType = 0                      ******


*******************************************************************
******        Statistics on Transfer (Write)                 ******

*******************************************************************
******        Transfer Mode = 0  I.E.  As Is       ******

******        Transferring Shape, ShapeType = 0                      ******


*******************************************************************
******        Statistics on Transfer (Write)                 ******

*******************************************************************
******        Transfer Mode = 0  I.E.  As Is       ******

******        Transferring Shape, ShapeType = 0                      ******


*******************************************************************
******        Statistics on Transfer (Write)                 ******

*******************************************************************
******        Transfer Mode = 0  I.E.  As Is       ******

******        Transferring Shape, ShapeType = 2                      ******


*******************************************************************
******        Statistics on Transfer (Write)                 ******

*******************************************************************
******        Transfer Mode = 0  I.E.  As Is       ******

******        Transferring Shape, ShapeType = 2                      ******


*******************************************************************
******        Statistics on Transfer (Write)                 ******

*******************************************************************
******        Transfer Mode = 0  I.E.  As Is       ******

******        Transferring Shape, ShapeType = 2                      ******


*******************************************************************
******        Statistics on Transfer (Write)                 ******

*******************************************************************
******        Transfer Mode = 0  I.E.  As Is       ******

******        Transferring Shape, ShapeType = 2                      ******


*******************************************************************
******        Statistics on Transfer (Write)                 ******

*******************************************************************
******        Transfer Mode = 0  I.E.  As Is       ******

******        Transferring Shape, ShapeType = 2                      ******


*******************************************************************
******        Statistics on Transfer (Write)                 ******

*******************************************************************
******        Transfer Mode = 0  I.E.  As Is       ******

******        Transferring Shape, ShapeType = 2                      ******


*******************************************************************
******        Statistics on Transfer (Write)                 ******

*******************************************************************
******        Transfer Mode = 0  I.E.  As Is       ******

******        Transferring Shape, ShapeType = 0                      ******


*******************************************************************
******        Statistics on Transfer (Write)                 ******

*******************************************************************
******        Transfer Mode = 0  I.E.  As Is       ******

******        Transferring Shape, ShapeType = 0                      ******


*******************************************************************
******        Statistics on Transfer (Write)                 ******

*******************************************************************
******        Transfer Mode = 0  I.E.  As Is       ******

******        Transferring Shape, ShapeType = 0                      ******


*******************************************************************
******        Statistics on Transfer (Write)                 ******

*******************************************************************
******        Transfer Mode = 0  I.E.  As Is       ******

******        Transferring Shape, ShapeType = 0                      ******

** WorkSession : Sending all data

 Step File Name : export.step(45675 ents)  Write  Done

  ✔ clears closing screws through the middle frame into the top receiver (7903ms)

*******************************************************************
******        Statistics on Transfer (Write)                 ******

*******************************************************************
******        Transfer Mode = 0  I.E.  As Is       ******

******        Transferring Shape, ShapeType = 0                      ******

** WorkSession : Sending all data

 Step File Name : blob.step(7666 ents)  Write  Done


*******************************************************************
******        Statistics on Transfer (Write)                 ******

*******************************************************************
******        Transfer Mode = 0  I.E.  As Is       ******

******        Transferring Shape, ShapeType = 0                      ******

** WorkSession : Sending all data

 Step File Name : blob.step(11328 ents)  Write  Done


*******************************************************************
******        Statistics on Transfer (Write)                 ******

*******************************************************************
******        Transfer Mode = 0  I.E.  As Is       ******

******        Transferring Shape, ShapeType = 0                      ******

** WorkSession : Sending all data

 Step File Name : blob.step(6850 ents)  Write  Done


*******************************************************************
******        Statistics on Transfer (Write)                 ******

*******************************************************************
******        Transfer Mode = 0  I.E.  As Is       ******

******        Transferring Shape, ShapeType = 2                      ******

** WorkSession : Sending all data

 Step File Name : blob.step(350 ents)  Write  Done


*******************************************************************
******        Statistics on Transfer (Write)                 ******

*******************************************************************
******        Transfer Mode = 0  I.E.  As Is       ******

******        Transferring Shape, ShapeType = 2                      ******

** WorkSession : Sending all data

 Step File Name : blob.step(350 ents)  Write  Done


*******************************************************************
******        Statistics on Transfer (Write)                 ******

*******************************************************************
******        Transfer Mode = 0  I.E.  As Is       ******

******        Transferring Shape, ShapeType = 2                      ******

** WorkSession : Sending all data

 Step File Name : blob.step(350 ents)  Write  Done


*******************************************************************
******        Statistics on Transfer (Write)                 ******

*******************************************************************
******        Transfer Mode = 0  I.E.  As Is       ******

******        Transferring Shape, ShapeType = 2                      ******

** WorkSession : Sending all data

 Step File Name : blob.step(350 ents)  Write  Done


*******************************************************************
******        Statistics on Transfer (Write)                 ******

*******************************************************************
******        Transfer Mode = 0  I.E.  As Is       ******

******        Transferring Shape, ShapeType = 2                      ******

** WorkSession : Sending all data

 Step File Name : blob.step(350 ents)  Write  Done


*******************************************************************
******        Statistics on Transfer (Write)                 ******

*******************************************************************
******        Transfer Mode = 0  I.E.  As Is       ******

******        Transferring Shape, ShapeType = 2                      ******

** WorkSession : Sending all data

 Step File Name : blob.step(350 ents)  Write  Done


*******************************************************************
******        Statistics on Transfer (Write)                 ******

*******************************************************************
******        Transfer Mode = 0  I.E.  As Is       ******

******        Transferring Shape, ShapeType = 0                      ******

** WorkSession : Sending all data

 Step File Name : blob.step(208 ents)  Write  Done


*******************************************************************
******        Statistics on Transfer (Write)                 ******

*******************************************************************
******        Transfer Mode = 0  I.E.  As Is       ******

******        Transferring Shape, ShapeType = 0                      ******

** WorkSession : Sending all data

 Step File Name : blob.step(208 ents)  Write  Done


*******************************************************************
******        Statistics on Transfer (Write)                 ******

*******************************************************************
******        Transfer Mode = 0  I.E.  As Is       ******

******        Transferring Shape, ShapeType = 0                      ******

** WorkSession : Sending all data

 Step File Name : blob.step(208 ents)  Write  Done


*******************************************************************
******        Statistics on Transfer (Write)                 ******

*******************************************************************
******        Transfer Mode = 0  I.E.  As Is       ******

******        Transferring Shape, ShapeType = 0                      ******

** WorkSession : Sending all data

 Step File Name : blob.step(208 ents)  Write  Done


*******************************************************************
******        Statistics on Transfer (Write)                 ******

*******************************************************************
******        Transfer Mode = 0  I.E.  As Is       ******

******        Transferring Shape, ShapeType = 2                      ******

** WorkSession : Sending all data

 Step File Name : blob.step(2098 ents)  Write  Done


*******************************************************************
******        Statistics on Transfer (Write)                 ******

*******************************************************************
******        Transfer Mode = 0  I.E.  As Is       ******

******        Transferring Shape, ShapeType = 2                      ******

** WorkSession : Sending all data

 Step File Name : blob.step(350 ents)  Write  Done


*******************************************************************
******        Statistics on Transfer (Write)                 ******

*******************************************************************
******        Transfer Mode = 0  I.E.  As Is       ******

******        Transferring Shape, ShapeType = 2                      ******

** WorkSession : Sending all data

 Step File Name : blob.step(350 ents)  Write  Done


*******************************************************************
******        Statistics on Transfer (Write)                 ******

*******************************************************************
******        Transfer Mode = 0  I.E.  As Is       ******

******        Transferring Shape, ShapeType = 2                      ******

** WorkSession : Sending all data

 Step File Name : blob.step(350 ents)  Write  Done


*******************************************************************
******        Statistics on Transfer (Write)                 ******

*******************************************************************
******        Transfer Mode = 0  I.E.  As Is       ******

******        Transferring Shape, ShapeType = 2                      ******

** WorkSession : Sending all data

 Step File Name : blob.step(350 ents)  Write  Done


*******************************************************************
******        Statistics on Transfer (Write)                 ******

*******************************************************************
******        Transfer Mode = 0  I.E.  As Is       ******

******        Transferring Shape, ShapeType = 2                      ******

** WorkSession : Sending all data

 Step File Name : blob.step(350 ents)  Write  Done


*******************************************************************
******        Statistics on Transfer (Write)                 ******

*******************************************************************
******        Transfer Mode = 0  I.E.  As Is       ******

******        Transferring Shape, ShapeType = 2                      ******

** WorkSession : Sending all data

 Step File Name : blob.step(350 ents)  Write  Done


*******************************************************************
******        Statistics on Transfer (Write)                 ******

*******************************************************************
******        Transfer Mode = 0  I.E.  As Is       ******

******        Transferring Shape, ShapeType = 0                      ******


*******************************************************************
******        Statistics on Transfer (Write)                 ******

*******************************************************************
******        Transfer Mode = 0  I.E.  As Is       ******

******        Transferring Shape, ShapeType = 0                      ******


*******************************************************************
******        Statistics on Transfer (Write)                 ******

*******************************************************************
******        Transfer Mode = 0  I.E.  As Is       ******

******        Transferring Shape, ShapeType = 0                      ******


*******************************************************************
******        Statistics on Transfer (Write)                 ******

*******************************************************************
******        Transfer Mode = 0  I.E.  As Is       ******

******        Transferring Shape, ShapeType = 2                      ******


*******************************************************************
******        Statistics on Transfer (Write)                 ******

*******************************************************************
******        Transfer Mode = 0  I.E.  As Is       ******

******        Transferring Shape, ShapeType = 2                      ******


*******************************************************************
******        Statistics on Transfer (Write)                 ******

*******************************************************************
******        Transfer Mode = 0  I.E.  As Is       ******

******        Transferring Shape, ShapeType = 2                      ******


*******************************************************************
******        Statistics on Transfer (Write)                 ******

*******************************************************************
******        Transfer Mode = 0  I.E.  As Is       ******

******        Transferring Shape, ShapeType = 2                      ******


*******************************************************************
******        Statistics on Transfer (Write)                 ******

*******************************************************************
******        Transfer Mode = 0  I.E.  As Is       ******

******        Transferring Shape, ShapeType = 2                      ******


*******************************************************************
******        Statistics on Transfer (Write)                 ******

*******************************************************************
******        Transfer Mode = 0  I.E.  As Is       ******

******        Transferring Shape, ShapeType = 2                      ******


*******************************************************************
******        Statistics on Transfer (Write)                 ******

*******************************************************************
******        Transfer Mode = 0  I.E.  As Is       ******

******        Transferring Shape, ShapeType = 0                      ******


*******************************************************************
******        Statistics on Transfer (Write)                 ******

*******************************************************************
******        Transfer Mode = 0  I.E.  As Is       ******

******        Transferring Shape, ShapeType = 0                      ******


*******************************************************************
******        Statistics on Transfer (Write)                 ******

*******************************************************************
******        Transfer Mode = 0  I.E.  As Is       ******

******        Transferring Shape, ShapeType = 0                      ******


*******************************************************************
******        Statistics on Transfer (Write)                 ******

*******************************************************************
******        Transfer Mode = 0  I.E.  As Is       ******

******        Transferring Shape, ShapeType = 0                      ******


*******************************************************************
******        Statistics on Transfer (Write)                 ******

*******************************************************************
******        Transfer Mode = 0  I.E.  As Is       ******

******        Transferring Shape, ShapeType = 2                      ******


*******************************************************************
******        Statistics on Transfer (Write)                 ******

*******************************************************************
******        Transfer Mode = 0  I.E.  As Is       ******

******        Transferring Shape, ShapeType = 2                      ******


*******************************************************************
******        Statistics on Transfer (Write)                 ******

*******************************************************************
******        Transfer Mode = 0  I.E.  As Is       ******

******        Transferring Shape, ShapeType = 2                      ******


*******************************************************************
******        Statistics on Transfer (Write)                 ******

*******************************************************************
******        Transfer Mode = 0  I.E.  As Is       ******

******        Transferring Shape, ShapeType = 2                      ******


*******************************************************************
******        Statistics on Transfer (Write)                 ******

*******************************************************************
******        Transfer Mode = 0  I.E.  As Is       ******

******        Transferring Shape, ShapeType = 2                      ******


*******************************************************************
******        Statistics on Transfer (Write)                 ******

*******************************************************************
******        Transfer Mode = 0  I.E.  As Is       ******

******        Transferring Shape, ShapeType = 2                      ******


*******************************************************************
******        Statistics on Transfer (Write)                 ******

*******************************************************************
******        Transfer Mode = 0  I.E.  As Is       ******

******        Transferring Shape, ShapeType = 2                      ******

** WorkSession : Sending all data

 Step File Name : export.step(33021 ents)  Write  Done

  ✔ keeps every switch opening clear through a CNC top cover (7015ms)
  ✔ reports an unplaceable layout without returning unsafe suggestions (369ms)
  ✔ flags a changed edge reference without moving its manual feature (396ms)
  ✔ assigns distinct stable KiCad identities to repeated imported placements
  ✔ supports declarative model bindings through the existing injection API
  ✔ counts native part bindings and explicit instances
  ✔ converts legacy inch model offsets and preserves additional model metadata
  ✔ returns a source path and repair action for dimension errors
  ✔ honours a requested contact count and retains separate closing screws (363ms)
  ✔ counts manual contacts without relocating them and reports excess requests (1192ms)
  ✔ reuses resolved outlines for mounting edits and invalidates on layout changes (1021ms)
  ✔ limits tray supports to the requested count of existing PCB holes (157ms)
  ✔ keeps separated halves separate in derived profiles (439ms)
  ✔ connects occupied regions through a narrow named bridge and excludes skipped keys
  ✔ rejects smoothing that violates a declared clearance
  ✔ solves parallel between named lines
  ✔ solves perpendicular between named lines
  ✔ solves equal_length between named lines
  ✔ solves angle between named lines
  ✔ solves symmetry and equal radii with named references
  ✔ uses KiCad local pad coordinates once on a flipped and rotated footprint
  ✔ rejects proposed holes on copper and accepts clear board material without changing nets
  ✔ resolves an imported PCB without Ergogen layout points
  ✔ excludes helper points from the layout switch inventory (110ms)
  ✔ rejects holes inside a rotated footprint keepout
  ✔ reports unsupported board curves instead of accepting a partial outline
  ✔ resolves component dimension expressions before calculating stack heights
  ✔ keeps keycap clearance unresolved until measured envelopes are provided (70ms)
  ✔ identifies a PCB-to-enclosure outline dependency cycle before CAD
  ✔ allows unresolved component envelopes while keeping clearance visibly incomplete
  Utils
    ✔ deepcopy
    ✔ deep
    ✔ template
    ✔ eq
    ✔ line
    ✔ circle
    ✔ rect
    ✔ poly
    ✔ poly
    ✔ combine helpers
    ✔ semver
    ✔ satisfies

  Units
    ✔ defaults
    ✔ units
    ✔ variables

  Solid kernel

*******************************************************************
******        Statistics on Transfer (Write)                 ******

*******************************************************************
******        Transfer Mode = 0  I.E.  As Is       ******

******        Transferring Shape, ShapeType = 0                      ******

** WorkSession : Sending all data

 Step File Name : blob.step(434 ents)  Write  Done

    ✔ exports a solid with an analytic round hole and releases its handles

  Solid topology
    ✔ rejects disconnected bodies as a manufactured part

  KiCad model placement
    ✔ matches the clockwise XYZ model rotations exported by KiCad 10

  Prepare
    ✔ unnest
    ✔ extend
    ✔ inherit
    ✔ parameterize

  Point
    ✔ construction
    ✔ access
    ✔ cloning
    ✔ shifting
    ✔ rotation
    ✔ resistance
    ✔ mirroring
    ✔ positioning

  Frozen native outlines
    ✔ retains exact curves and bypasses every retained recipe
    ✔ rejects non-finite coordinates and malformed paths before geometry
    ✔ resolves draft dependencies without invoking the constraint solver
    ✔ retains fixed placement targets and reports conflicting constraints

  Board outline recovery
    ✔ keeps every diode and LED envelope during gap closing (29563ms)
    ✔ handles contraction at the exact expansion radius (48ms)
    ✔ keeps all 33 keys in a filled multi-matrix board (3332ms)
    ✔ fills incidental holes before finishing and keeps clearance (61ms)
    ✔ preserves holes by default and when explicitly selected (51ms)
    ✔ supports filled profiles and rejects unknown hole modes
    ✔ retains explicit cutouts on filled boundaries (38ms)
    ✔ keeps inherited explicit cutouts when filling a derived profile (40ms)
    ✔ never fills a protected gap silently (38ms)
    ✔ does not connect genuinely separate regions

  Operation
    ✔ op_prefix
    ✔ operation

  Native solid placement

*******************************************************************
******        Statistics on Transfer (Write)                 ******

*******************************************************************
******        Transfer Mode = 0  I.E.  As Is       ******

******        Transferring Shape, ShapeType = 0                      ******

** WorkSession : Sending all data

 Step File Name : blob.step(6105 ents)  Write  Done


*******************************************************************
******        Statistics on Transfer (Write)                 ******

*******************************************************************
******        Transfer Mode = 0  I.E.  As Is       ******

******        Transferring Shape, ShapeType = 0                      ******

** WorkSession : Sending all data

 Step File Name : blob.step(6412 ents)  Write  Done


*******************************************************************
******        Statistics on Transfer (Write)                 ******

*******************************************************************
******        Transfer Mode = 0  I.E.  As Is       ******

******        Transferring Shape, ShapeType = 0                      ******

** WorkSession : Sending all data

 Step File Name : blob.step(3904 ents)  Write  Done


*******************************************************************
******        Statistics on Transfer (Write)                 ******

*******************************************************************
******        Transfer Mode = 0  I.E.  As Is       ******

******        Transferring Shape, ShapeType = 2                      ******

** WorkSession : Sending all data

 Step File Name : blob.step(2324 ents)  Write  Done


*******************************************************************
******        Statistics on Transfer (Write)                 ******

*******************************************************************
******        Transfer Mode = 0  I.E.  As Is       ******

******        Transferring Shape, ShapeType = 2                      ******

** WorkSession : Sending all data

 Step File Name : blob.step(350 ents)  Write  Done


*******************************************************************
******        Statistics on Transfer (Write)                 ******

*******************************************************************
******        Transfer Mode = 0  I.E.  As Is       ******

******        Transferring Shape, ShapeType = 2                      ******

** WorkSession : Sending all data

 Step File Name : blob.step(350 ents)  Write  Done


*******************************************************************
******        Statistics on Transfer (Write)                 ******

*******************************************************************
******        Transfer Mode = 0  I.E.  As Is       ******

******        Transferring Shape, ShapeType = 2                      ******

** WorkSession : Sending all data

 Step File Name : blob.step(350 ents)  Write  Done


*******************************************************************
******        Statistics on Transfer (Write)                 ******

*******************************************************************
******        Transfer Mode = 0  I.E.  As Is       ******

******        Transferring Shape, ShapeType = 2                      ******

** WorkSession : Sending all data

 Step File Name : blob.step(350 ents)  Write  Done


*******************************************************************
******        Statistics on Transfer (Write)                 ******

*******************************************************************
******        Transfer Mode = 0  I.E.  As Is       ******

******        Transferring Shape, ShapeType = 2                      ******

** WorkSession : Sending all data

 Step File Name : blob.step(350 ents)  Write  Done


*******************************************************************
******        Statistics on Transfer (Write)                 ******

*******************************************************************
******        Transfer Mode = 0  I.E.  As Is       ******

******        Transferring Shape, ShapeType = 2                      ******

** WorkSession : Sending all data

 Step File Name : blob.step(350 ents)  Write  Done


*******************************************************************
******        Statistics on Transfer (Write)                 ******

*******************************************************************
******        Transfer Mode = 0  I.E.  As Is       ******

******        Transferring Shape, ShapeType = 2                      ******

** WorkSession : Sending all data

 Step File Name : blob.step(350 ents)  Write  Done


*******************************************************************
******        Statistics on Transfer (Write)                 ******

*******************************************************************
******        Transfer Mode = 0  I.E.  As Is       ******

******        Transferring Shape, ShapeType = 0                      ******


*******************************************************************
******        Statistics on Transfer (Write)                 ******

*******************************************************************
******        Transfer Mode = 0  I.E.  As Is       ******

******        Transferring Shape, ShapeType = 0                      ******


*******************************************************************
******        Statistics on Transfer (Write)                 ******

*******************************************************************
******        Transfer Mode = 0  I.E.  As Is       ******

******        Transferring Shape, ShapeType = 0                      ******


*******************************************************************
******        Statistics on Transfer (Write)                 ******

*******************************************************************
******        Transfer Mode = 0  I.E.  As Is       ******

******        Transferring Shape, ShapeType = 2                      ******


*******************************************************************
******        Statistics on Transfer (Write)                 ******

*******************************************************************
******        Transfer Mode = 0  I.E.  As Is       ******

******        Transferring Shape, ShapeType = 2                      ******


*******************************************************************
******        Statistics on Transfer (Write)                 ******

*******************************************************************
******        Transfer Mode = 0  I.E.  As Is       ******

******        Transferring Shape, ShapeType = 2                      ******


*******************************************************************
******        Statistics on Transfer (Write)                 ******

*******************************************************************
******        Transfer Mode = 0  I.E.  As Is       ******

******        Transferring Shape, ShapeType = 2                      ******


*******************************************************************
******        Statistics on Transfer (Write)                 ******

*******************************************************************
******        Transfer Mode = 0  I.E.  As Is       ******

******        Transferring Shape, ShapeType = 2                      ******


*******************************************************************
******        Statistics on Transfer (Write)                 ******

*******************************************************************
******        Transfer Mode = 0  I.E.  As Is       ******

******        Transferring Shape, ShapeType = 2                      ******


*******************************************************************
******        Statistics on Transfer (Write)                 ******

*******************************************************************
******        Transfer Mode = 0  I.E.  As Is       ******

******        Transferring Shape, ShapeType = 2                      ******


*******************************************************************
******        Statistics on Transfer (Write)                 ******

*******************************************************************
******        Transfer Mode = 0  I.E.  As Is       ******

******        Transferring Shape, ShapeType = 2                      ******

** WorkSession : Sending all data

 Step File Name : export.step(21224 ents)  Write  Done

    ✔ exports the same world-space body envelopes used for stacked clearance (3456ms)

  Native analysis cache regressions
    ✔ retains standalone and assembly PCB bytes on repeated cache hits (127ms)
    ✔ retains native blockers once while reusing geometry for mounting edits (219ms)

  Imported boards with native case objects
    ✔ uses rotated body contours for mounting clearance (64ms)
    ✔ retains imported components and appends native bodies and openings (64ms)

*******************************************************************
******        Statistics on Transfer (Write)                 ******

*******************************************************************
******        Transfer Mode = 0  I.E.  As Is       ******

******        Transferring Shape, ShapeType = 0                      ******

** WorkSession : Sending all data

 Step File Name : blob.step(1966 ents)  Write  Done


*******************************************************************
******        Statistics on Transfer (Write)                 ******

*******************************************************************
******        Transfer Mode = 0  I.E.  As Is       ******

******        Transferring Shape, ShapeType = 0                      ******

** WorkSession : Sending all data

 Step File Name : blob.step(1644 ents)  Write  Done


*******************************************************************
******        Statistics on Transfer (Write)                 ******

*******************************************************************
******        Transfer Mode = 0  I.E.  As Is       ******

******        Transferring Shape, ShapeType = 2                      ******

** WorkSession : Sending all data

 Step File Name : blob.step(350 ents)  Write  Done


*******************************************************************
******        Statistics on Transfer (Write)                 ******

*******************************************************************
******        Transfer Mode = 0  I.E.  As Is       ******

******        Transferring Shape, ShapeType = 2                      ******

** WorkSession : Sending all data

 Step File Name : blob.step(350 ents)  Write  Done


*******************************************************************
******        Statistics on Transfer (Write)                 ******

*******************************************************************
******        Transfer Mode = 0  I.E.  As Is       ******

******        Transferring Shape, ShapeType = 2                      ******

** WorkSession : Sending all data

 Step File Name : blob.step(350 ents)  Write  Done


*******************************************************************
******        Statistics on Transfer (Write)                 ******

*******************************************************************
******        Transfer Mode = 0  I.E.  As Is       ******

******        Transferring Shape, ShapeType = 2                      ******

** WorkSession : Sending all data

 Step File Name : blob.step(350 ents)  Write  Done


*******************************************************************
******        Statistics on Transfer (Write)                 ******

*******************************************************************
******        Transfer Mode = 0  I.E.  As Is       ******

******        Transferring Shape, ShapeType = 0                      ******


*******************************************************************
******        Statistics on Transfer (Write)                 ******

*******************************************************************
******        Transfer Mode = 0  I.E.  As Is       ******

******        Transferring Shape, ShapeType = 0                      ******


*******************************************************************
******        Statistics on Transfer (Write)                 ******

*******************************************************************
******        Transfer Mode = 0  I.E.  As Is       ******

******        Transferring Shape, ShapeType = 2                      ******


*******************************************************************
******        Statistics on Transfer (Write)                 ******

*******************************************************************
******        Transfer Mode = 0  I.E.  As Is       ******

******        Transferring Shape, ShapeType = 2                      ******


*******************************************************************
******        Statistics on Transfer (Write)                 ******

*******************************************************************
******        Transfer Mode = 0  I.E.  As Is       ******

******        Transferring Shape, ShapeType = 2                      ******


*******************************************************************
******        Statistics on Transfer (Write)                 ******

*******************************************************************
******        Transfer Mode = 0  I.E.  As Is       ******

******        Transferring Shape, ShapeType = 2                      ******

** WorkSession : Sending all data

 Step File Name : export.step(5029 ents)  Write  Done


*******************************************************************
******        Statistics on Transfer (Write)                 ******

*******************************************************************
******        Transfer Mode = 0  I.E.  As Is       ******

******        Transferring Shape, ShapeType = 0                      ******

** WorkSession : Sending all data

 Step File Name : blob.step(1650 ents)  Write  Done


*******************************************************************
******        Statistics on Transfer (Write)                 ******

*******************************************************************
******        Transfer Mode = 0  I.E.  As Is       ******

******        Transferring Shape, ShapeType = 0                      ******

** WorkSession : Sending all data

 Step File Name : blob.step(1644 ents)  Write  Done


*******************************************************************
******        Statistics on Transfer (Write)                 ******

*******************************************************************
******        Transfer Mode = 0  I.E.  As Is       ******

******        Transferring Shape, ShapeType = 2                      ******

** WorkSession : Sending all data

 Step File Name : blob.step(350 ents)  Write  Done


*******************************************************************
******        Statistics on Transfer (Write)                 ******

*******************************************************************
******        Transfer Mode = 0  I.E.  As Is       ******

******        Transferring Shape, ShapeType = 2                      ******

** WorkSession : Sending all data

 Step File Name : blob.step(350 ents)  Write  Done


*******************************************************************
******        Statistics on Transfer (Write)                 ******

*******************************************************************
******        Transfer Mode = 0  I.E.  As Is       ******

******        Transferring Shape, ShapeType = 2                      ******

** WorkSession : Sending all data

 Step File Name : blob.step(350 ents)  Write  Done


*******************************************************************
******        Statistics on Transfer (Write)                 ******

*******************************************************************
******        Transfer Mode = 0  I.E.  As Is       ******

******        Transferring Shape, ShapeType = 2                      ******

** WorkSession : Sending all data

 Step File Name : blob.step(350 ents)  Write  Done


*******************************************************************
******        Statistics on Transfer (Write)                 ******

*******************************************************************
******        Transfer Mode = 0  I.E.  As Is       ******

******        Transferring Shape, ShapeType = 0                      ******


*******************************************************************
******        Statistics on Transfer (Write)                 ******

*******************************************************************
******        Transfer Mode = 0  I.E.  As Is       ******

******        Transferring Shape, ShapeType = 0                      ******


*******************************************************************
******        Statistics on Transfer (Write)                 ******

*******************************************************************
******        Transfer Mode = 0  I.E.  As Is       ******

******        Transferring Shape, ShapeType = 2                      ******


*******************************************************************
******        Statistics on Transfer (Write)                 ******

*******************************************************************
******        Transfer Mode = 0  I.E.  As Is       ******

******        Transferring Shape, ShapeType = 2                      ******


*******************************************************************
******        Statistics on Transfer (Write)                 ******

*******************************************************************
******        Transfer Mode = 0  I.E.  As Is       ******

******        Transferring Shape, ShapeType = 2                      ******


*******************************************************************
******        Statistics on Transfer (Write)                 ******

*******************************************************************
******        Transfer Mode = 0  I.E.  As Is       ******

******        Transferring Shape, ShapeType = 2                      ******

** WorkSession : Sending all data

 Step File Name : export.step(4713 ents)  Write  Done

    ✔ exports the battery in its mounting frame and subtracts the service opening (910ms)

  Native notched matrix outline performance
    ✔ retains the explicit intersection ray when a strict bundle deletes repair options
    ✔ retains the exported contour without repeated repairs after a three millimetre key move (7343ms)

  Native staged outline reuse
    ✔ retains complete analysis output without rebuilding the published outline geometry (2604ms)
    ✔ rebuilds and retains complete output when the source changes between stages (2901ms)
    ✔ rebuilds and retains complete output when the assets changes between stages (2568ms)
    ✔ rebuilds and retains complete output when the scene changes between stages (2603ms)

  Native staged PCB output
    ✔ retains board compilation and findings after publishing outlines

  Native footprint models

*******************************************************************
******        Statistics on Transfer (Write)                 ******

*******************************************************************
******        Transfer Mode = 0  I.E.  As Is       ******

******        Transferring Shape, ShapeType = 2                      ******

** WorkSession : Sending all data

 Step File Name : blob.step(350 ents)  Write  Done


*******************************************************************
******        Statistics on Transfer (Write)                 ******

*******************************************************************
******        Transfer Mode = 0  I.E.  As Is       ******

******        Transferring Shape, ShapeType = 0                      ******

** WorkSession : Sending all data

 Step File Name : blob.step(2216 ents)  Write  Done


*******************************************************************
******        Statistics on Transfer (Write)                 ******

*******************************************************************
******        Transfer Mode = 0  I.E.  As Is       ******

******        Transferring Shape, ShapeType = 0                      ******

** WorkSession : Sending all data

 Step File Name : blob.step(2548 ents)  Write  Done


*******************************************************************
******        Statistics on Transfer (Write)                 ******

*******************************************************************
******        Transfer Mode = 0  I.E.  As Is       ******

******        Transferring Shape, ShapeType = 2                      ******

** WorkSession : Sending all data

 Step File Name : blob.step(662 ents)  Write  Done


*******************************************************************
******        Statistics on Transfer (Write)                 ******

*******************************************************************
******        Transfer Mode = 0  I.E.  As Is       ******

******        Transferring Shape, ShapeType = 2                      ******

** WorkSession : Sending all data

 Step File Name : blob.step(350 ents)  Write  Done


*******************************************************************
******        Statistics on Transfer (Write)                 ******

*******************************************************************
******        Transfer Mode = 0  I.E.  As Is       ******

******        Transferring Shape, ShapeType = 2                      ******

** WorkSession : Sending all data

 Step File Name : blob.step(350 ents)  Write  Done


*******************************************************************
******        Statistics on Transfer (Write)                 ******

*******************************************************************
******        Transfer Mode = 0  I.E.  As Is       ******

******        Transferring Shape, ShapeType = 2                      ******

** WorkSession : Sending all data

 Step File Name : blob.step(350 ents)  Write  Done


*******************************************************************
******        Statistics on Transfer (Write)                 ******

*******************************************************************
******        Transfer Mode = 0  I.E.  As Is       ******

******        Transferring Shape, ShapeType = 0                      ******

** WorkSession : Sending all data

 Step File Name : blob.step(726 ents)  Write  Done


*******************************************************************
******        Statistics on Transfer (Write)                 ******

*******************************************************************
******        Transfer Mode = 0  I.E.  As Is       ******

******        Transferring Shape, ShapeType = 0                      ******

** WorkSession : Sending all data

 Step File Name : blob.step(1086 ents)  Write  Done


*******************************************************************
******        Statistics on Transfer (Write)                 ******

*******************************************************************
******        Transfer Mode = 0  I.E.  As Is       ******

******        Transferring Shape, ShapeType = 0                      ******


*******************************************************************
******        Statistics on Transfer (Write)                 ******

*******************************************************************
******        Transfer Mode = 0  I.E.  As Is       ******

******        Transferring Shape, ShapeType = 0                      ******


*******************************************************************
******        Statistics on Transfer (Write)                 ******

*******************************************************************
******        Transfer Mode = 0  I.E.  As Is       ******

******        Transferring Shape, ShapeType = 2                      ******


*******************************************************************
******        Statistics on Transfer (Write)                 ******

*******************************************************************
******        Transfer Mode = 0  I.E.  As Is       ******

******        Transferring Shape, ShapeType = 2                      ******


*******************************************************************
******        Statistics on Transfer (Write)                 ******

*******************************************************************
******        Transfer Mode = 0  I.E.  As Is       ******

******        Transferring Shape, ShapeType = 2                      ******


*******************************************************************
******        Statistics on Transfer (Write)                 ******

*******************************************************************
******        Transfer Mode = 0  I.E.  As Is       ******

******        Transferring Shape, ShapeType = 2                      ******


*******************************************************************
******        Statistics on Transfer (Write)                 ******

*******************************************************************
******        Transfer Mode = 0  I.E.  As Is       ******

******        Transferring Shape, ShapeType = 0                      ******


*******************************************************************
******        Statistics on Transfer (Write)                 ******

*******************************************************************
******        Transfer Mode = 0  I.E.  As Is       ******

******        Transferring Shape, ShapeType = 0                      ******

** WorkSession : Sending all data

 Step File Name : export.step(8233 ents)  Write  Done

    ✔ exports every cached model from library bindings and explicit instance lists on both sides (630ms)

  SVG outline helper
    ✔ returns the upstream shape-maker contract with origin and flips
    ✔ supports a string path and mirrored anchors
    ✔ rejects open paths
    ✔ generates an injected SVG region through native designs

  Native perimeter finishing
    ✔ rounds the bridged keyboard without introducing a hole (5410ms)
    ✔ adds a tangent inside fillet without removing support
    ✔ offers straight chamfers across the inside relief tangent points
    ✔ chamfers outside clearance arcs too without cutting required clearance
    ✔ uses one diagonal across a shallow chamfered step
    ✔ keeps the same clean step when rotated and traversed in reverse (57ms)
    ✔ simplifies a short jog by intersecting its neighboring straight edges
    ✔ rejects conflicting styles and invalid dimensions at their source
    ✔ retains explicit cutouts after corner finishing
    ✔ respects the simplification limit and preserves already tangent outside arcs
    ✔ follows winding and unit expressions without rounding outside corners

  Native CLI
    ✔ exports native geometry and rejects a legacy document without changing existing output (1291ms)

  Native BHK acceptance

*******************************************************************
******        Statistics on Transfer (Write)                 ******

*******************************************************************
******        Transfer Mode = 0  I.E.  As Is       ******

******        Transferring Shape, ShapeType = 0                      ******

** WorkSession : Sending all data

 Step File Name : blob.step(8858 ents)  Write  Done


*******************************************************************
******        Statistics on Transfer (Write)                 ******

*******************************************************************
******        Transfer Mode = 0  I.E.  As Is       ******

******        Transferring Shape, ShapeType = 0                      ******

** WorkSession : Sending all data

 Step File Name : blob.step(8182 ents)  Write  Done


*******************************************************************
******        Statistics on Transfer (Write)                 ******

*******************************************************************
******        Transfer Mode = 0  I.E.  As Is       ******

******        Transferring Shape, ShapeType = 0                      ******

** WorkSession : Sending all data

 Step File Name : blob.step(23956 ents)  Write  Done


*******************************************************************
******        Statistics on Transfer (Write)                 ******

*******************************************************************
******        Transfer Mode = 0  I.E.  As Is       ******

******        Transferring Shape, ShapeType = 2                      ******

** WorkSession : Sending all data

 Step File Name : blob.step(2968 ents)  Write  Done


*******************************************************************
******        Statistics on Transfer (Write)                 ******

*******************************************************************
******        Transfer Mode = 0  I.E.  As Is       ******

******        Transferring Shape, ShapeType = 2                      ******

** WorkSession : Sending all data

 Step File Name : blob.step(350 ents)  Write  Done


*******************************************************************
******        Statistics on Transfer (Write)                 ******

*******************************************************************
******        Transfer Mode = 0  I.E.  As Is       ******

******        Transferring Shape, ShapeType = 2                      ******

** WorkSession : Sending all data

 Step File Name : blob.step(350 ents)  Write  Done


*******************************************************************
******        Statistics on Transfer (Write)                 ******

*******************************************************************
******        Transfer Mode = 0  I.E.  As Is       ******

******        Transferring Shape, ShapeType = 2                      ******

** WorkSession : Sending all data

 Step File Name : blob.step(350 ents)  Write  Done


*******************************************************************
******        Statistics on Transfer (Write)                 ******

*******************************************************************
******        Transfer Mode = 0  I.E.  As Is       ******

******        Transferring Shape, ShapeType = 2                      ******

** WorkSession : Sending all data

 Step File Name : blob.step(350 ents)  Write  Done


*******************************************************************
******        Statistics on Transfer (Write)                 ******

*******************************************************************
******        Transfer Mode = 0  I.E.  As Is       ******

******        Transferring Shape, ShapeType = 2                      ******

** WorkSession : Sending all data

 Step File Name : blob.step(350 ents)  Write  Done


*******************************************************************
******        Statistics on Transfer (Write)                 ******

*******************************************************************
******        Transfer Mode = 0  I.E.  As Is       ******

******        Transferring Shape, ShapeType = 2                      ******

** WorkSession : Sending all data

 Step File Name : blob.step(350 ents)  Write  Done


*******************************************************************
******        Statistics on Transfer (Write)                 ******

*******************************************************************
******        Transfer Mode = 0  I.E.  As Is       ******

******        Transferring Shape, ShapeType = 2                      ******

** WorkSession : Sending all data

 Step File Name : blob.step(350 ents)  Write  Done


*******************************************************************
******        Statistics on Transfer (Write)                 ******

*******************************************************************
******        Transfer Mode = 0  I.E.  As Is       ******

******        Transferring Shape, ShapeType = 2                      ******

** WorkSession : Sending all data

 Step File Name : blob.step(350 ents)  Write  Done


*******************************************************************
******        Statistics on Transfer (Write)                 ******

*******************************************************************
******        Transfer Mode = 0  I.E.  As Is       ******

******        Transferring Shape, ShapeType = 2                      ******

** WorkSession : Sending all data

 Step File Name : blob.step(350 ents)  Write  Done


*******************************************************************
******        Statistics on Transfer (Write)                 ******

*******************************************************************
******        Transfer Mode = 0  I.E.  As Is       ******

******        Transferring Shape, ShapeType = 2                      ******

** WorkSession : Sending all data

 Step File Name : blob.step(350 ents)  Write  Done


*******************************************************************
******        Statistics on Transfer (Write)                 ******

*******************************************************************
******        Transfer Mode = 0  I.E.  As Is       ******

******        Transferring Shape, ShapeType = 2                      ******

** WorkSession : Sending all data

 Step File Name : blob.step(350 ents)  Write  Done


*******************************************************************
******        Statistics on Transfer (Write)                 ******

*******************************************************************
******        Transfer Mode = 0  I.E.  As Is       ******

******        Transferring Shape, ShapeType = 2                      ******

** WorkSession : Sending all data

 Step File Name : blob.step(350 ents)  Write  Done


*******************************************************************
******        Statistics on Transfer (Write)                 ******

*******************************************************************
******        Transfer Mode = 0  I.E.  As Is       ******

******        Transferring Shape, ShapeType = 2                      ******

** WorkSession : Sending all data

 Step File Name : blob.step(350 ents)  Write  Done


*******************************************************************
******        Statistics on Transfer (Write)                 ******

*******************************************************************
******        Transfer Mode = 0  I.E.  As Is       ******

******        Transferring Shape, ShapeType = 2                      ******

** WorkSession : Sending all data

 Step File Name : blob.step(350 ents)  Write  Done


*******************************************************************
******        Statistics on Transfer (Write)                 ******

*******************************************************************
******        Transfer Mode = 0  I.E.  As Is       ******

******        Transferring Shape, ShapeType = 2                      ******

** WorkSession : Sending all data

 Step File Name : blob.step(350 ents)  Write  Done


*******************************************************************
******        Statistics on Transfer (Write)                 ******

*******************************************************************
******        Transfer Mode = 0  I.E.  As Is       ******

******        Transferring Shape, ShapeType = 2                      ******

** WorkSession : Sending all data

 Step File Name : blob.step(350 ents)  Write  Done


*******************************************************************
******        Statistics on Transfer (Write)                 ******

*******************************************************************
******        Transfer Mode = 0  I.E.  As Is       ******

******        Transferring Shape, ShapeType = 2                      ******

** WorkSession : Sending all data

 Step File Name : blob.step(350 ents)  Write  Done


*******************************************************************
******        Statistics on Transfer (Write)                 ******

*******************************************************************
******        Transfer Mode = 0  I.E.  As Is       ******

******        Transferring Shape, ShapeType = 2                      ******

** WorkSession : Sending all data

 Step File Name : blob.step(350 ents)  Write  Done


*******************************************************************
******        Statistics on Transfer (Write)                 ******

*******************************************************************
******        Transfer Mode = 0  I.E.  As Is       ******

******        Transferring Shape, ShapeType = 2                      ******

** WorkSession : Sending all data

 Step File Name : blob.step(350 ents)  Write  Done


*******************************************************************
******        Statistics on Transfer (Write)                 ******

*******************************************************************
******        Transfer Mode = 0  I.E.  As Is       ******

******        Transferring Shape, ShapeType = 2                      ******

** WorkSession : Sending all data

 Step File Name : blob.step(350 ents)  Write  Done


*******************************************************************
******        Statistics on Transfer (Write)                 ******

*******************************************************************
******        Transfer Mode = 0  I.E.  As Is       ******

******        Transferring Shape, ShapeType = 2                      ******

** WorkSession : Sending all data

 Step File Name : blob.step(350 ents)  Write  Done


*******************************************************************
******        Statistics on Transfer (Write)                 ******

*******************************************************************
******        Transfer Mode = 0  I.E.  As Is       ******

******        Transferring Shape, ShapeType = 2                      ******

** WorkSession : Sending all data

 Step File Name : blob.step(350 ents)  Write  Done


*******************************************************************
******        Statistics on Transfer (Write)                 ******

*******************************************************************
******        Transfer Mode = 0  I.E.  As Is       ******

******        Transferring Shape, ShapeType = 2                      ******

** WorkSession : Sending all data

 Step File Name : blob.step(350 ents)  Write  Done


*******************************************************************
******        Statistics on Transfer (Write)                 ******

*******************************************************************
******        Transfer Mode = 0  I.E.  As Is       ******

******        Transferring Shape, ShapeType = 2                      ******

** WorkSession : Sending all data

 Step File Name : blob.step(350 ents)  Write  Done


*******************************************************************
******        Statistics on Transfer (Write)                 ******

*******************************************************************
******        Transfer Mode = 0  I.E.  As Is       ******

******        Transferring Shape, ShapeType = 2                      ******

** WorkSession : Sending all data

 Step File Name : blob.step(350 ents)  Write  Done


*******************************************************************
******        Statistics on Transfer (Write)                 ******

*******************************************************************
******        Transfer Mode = 0  I.E.  As Is       ******

******        Transferring Shape, ShapeType = 2                      ******

** WorkSession : Sending all data

 Step File Name : blob.step(350 ents)  Write  Done


*******************************************************************
******        Statistics on Transfer (Write)                 ******

*******************************************************************
******        Transfer Mode = 0  I.E.  As Is       ******

******        Transferring Shape, ShapeType = 2                      ******

** WorkSession : Sending all data

 Step File Name : blob.step(350 ents)  Write  Done


*******************************************************************
******        Statistics on Transfer (Write)                 ******

*******************************************************************
******        Transfer Mode = 0  I.E.  As Is       ******

******        Transferring Shape, ShapeType = 2                      ******

** WorkSession : Sending all data

 Step File Name : blob.step(350 ents)  Write  Done


*******************************************************************
******        Statistics on Transfer (Write)                 ******

*******************************************************************
******        Transfer Mode = 0  I.E.  As Is       ******

******        Transferring Shape, ShapeType = 2                      ******

** WorkSession : Sending all data

 Step File Name : blob.step(350 ents)  Write  Done


*******************************************************************
******        Statistics on Transfer (Write)                 ******

*******************************************************************
******        Transfer Mode = 0  I.E.  As Is       ******

******        Transferring Shape, ShapeType = 2                      ******

** WorkSession : Sending all data

 Step File Name : blob.step(350 ents)  Write  Done


*******************************************************************
******        Statistics on Transfer (Write)                 ******

*******************************************************************
******        Transfer Mode = 0  I.E.  As Is       ******

******        Transferring Shape, ShapeType = 2                      ******

** WorkSession : Sending all data

 Step File Name : blob.step(350 ents)  Write  Done


*******************************************************************
******        Statistics on Transfer (Write)                 ******

*******************************************************************
******        Transfer Mode = 0  I.E.  As Is       ******

******        Transferring Shape, ShapeType = 2                      ******

** WorkSession : Sending all data

 Step File Name : blob.step(350 ents)  Write  Done


*******************************************************************
******        Statistics on Transfer (Write)                 ******

*******************************************************************
******        Transfer Mode = 0  I.E.  As Is       ******

******        Transferring Shape, ShapeType = 2                      ******

** WorkSession : Sending all data

 Step File Name : blob.step(350 ents)  Write  Done


*******************************************************************
******        Statistics on Transfer (Write)                 ******

*******************************************************************
******        Transfer Mode = 0  I.E.  As Is       ******

******        Transferring Shape, ShapeType = 2                      ******

** WorkSession : Sending all data

 Step File Name : blob.step(350 ents)  Write  Done


*******************************************************************
******        Statistics on Transfer (Write)                 ******

*******************************************************************
******        Transfer Mode = 0  I.E.  As Is       ******

******        Transferring Shape, ShapeType = 0                      ******


*******************************************************************
******        Statistics on Transfer (Write)                 ******

*******************************************************************
******        Transfer Mode = 0  I.E.  As Is       ******

******        Transferring Shape, ShapeType = 0                      ******


*******************************************************************
******        Statistics on Transfer (Write)                 ******

*******************************************************************
******        Transfer Mode = 0  I.E.  As Is       ******

******        Transferring Shape, ShapeType = 0                      ******


*******************************************************************
******        Statistics on Transfer (Write)                 ******

*******************************************************************
******        Transfer Mode = 0  I.E.  As Is       ******

******        Transferring Shape, ShapeType = 2                      ******


*******************************************************************
******        Statistics on Transfer (Write)                 ******

*******************************************************************
******        Transfer Mode = 0  I.E.  As Is       ******

******        Transferring Shape, ShapeType = 2                      ******


*******************************************************************
******        Statistics on Transfer (Write)                 ******

*******************************************************************
******        Transfer Mode = 0  I.E.  As Is       ******

******        Transferring Shape, ShapeType = 2                      ******


*******************************************************************
******        Statistics on Transfer (Write)                 ******

*******************************************************************
******        Transfer Mode = 0  I.E.  As Is       ******

******        Transferring Shape, ShapeType = 2                      ******


*******************************************************************
******        Statistics on Transfer (Write)                 ******

*******************************************************************
******        Transfer Mode = 0  I.E.  As Is       ******

******        Transferring Shape, ShapeType = 2                      ******


*******************************************************************
******        Statistics on Transfer (Write)                 ******

*******************************************************************
******        Transfer Mode = 0  I.E.  As Is       ******

******        Transferring Shape, ShapeType = 2                      ******


*******************************************************************
******        Statistics on Transfer (Write)                 ******

*******************************************************************
******        Transfer Mode = 0  I.E.  As Is       ******

******        Transferring Shape, ShapeType = 2                      ******


*******************************************************************
******        Statistics on Transfer (Write)                 ******

*******************************************************************
******        Transfer Mode = 0  I.E.  As Is       ******

******        Transferring Shape, ShapeType = 2                      ******


*******************************************************************
******        Statistics on Transfer (Write)                 ******

*******************************************************************
******        Transfer Mode = 0  I.E.  As Is       ******

******        Transferring Shape, ShapeType = 2                      ******


*******************************************************************
******        Statistics on Transfer (Write)                 ******

*******************************************************************
******        Transfer Mode = 0  I.E.  As Is       ******

******        Transferring Shape, ShapeType = 2                      ******


*******************************************************************
******        Statistics on Transfer (Write)                 ******

*******************************************************************
******        Transfer Mode = 0  I.E.  As Is       ******

******        Transferring Shape, ShapeType = 2                      ******


*******************************************************************
******        Statistics on Transfer (Write)                 ******

*******************************************************************
******        Transfer Mode = 0  I.E.  As Is       ******

******        Transferring Shape, ShapeType = 2                      ******


*******************************************************************
******        Statistics on Transfer (Write)                 ******

*******************************************************************
******        Transfer Mode = 0  I.E.  As Is       ******

******        Transferring Shape, ShapeType = 2                      ******


*******************************************************************
******        Statistics on Transfer (Write)                 ******

*******************************************************************
******        Transfer Mode = 0  I.E.  As Is       ******

******        Transferring Shape, ShapeType = 2                      ******


*******************************************************************
******        Statistics on Transfer (Write)                 ******

*******************************************************************
******        Transfer Mode = 0  I.E.  As Is       ******

******        Transferring Shape, ShapeType = 2                      ******


*******************************************************************
******        Statistics on Transfer (Write)                 ******

*******************************************************************
******        Transfer Mode = 0  I.E.  As Is       ******

******        Transferring Shape, ShapeType = 2                      ******


*******************************************************************
******        Statistics on Transfer (Write)                 ******

*******************************************************************
******        Transfer Mode = 0  I.E.  As Is       ******

******        Transferring Shape, ShapeType = 2                      ******


*******************************************************************
******        Statistics on Transfer (Write)                 ******

*******************************************************************
******        Transfer Mode = 0  I.E.  As Is       ******

******        Transferring Shape, ShapeType = 2                      ******


*******************************************************************
******        Statistics on Transfer (Write)                 ******

*******************************************************************
******        Transfer Mode = 0  I.E.  As Is       ******

******        Transferring Shape, ShapeType = 2                      ******


*******************************************************************
******        Statistics on Transfer (Write)                 ******

*******************************************************************
******        Transfer Mode = 0  I.E.  As Is       ******

******        Transferring Shape, ShapeType = 2                      ******


*******************************************************************
******        Statistics on Transfer (Write)                 ******

*******************************************************************
******        Transfer Mode = 0  I.E.  As Is       ******

******        Transferring Shape, ShapeType = 2                      ******


*******************************************************************
******        Statistics on Transfer (Write)                 ******

*******************************************************************
******        Transfer Mode = 0  I.E.  As Is       ******

******        Transferring Shape, ShapeType = 2                      ******


*******************************************************************
******        Statistics on Transfer (Write)                 ******

*******************************************************************
******        Transfer Mode = 0  I.E.  As Is       ******

******        Transferring Shape, ShapeType = 2                      ******


*******************************************************************
******        Statistics on Transfer (Write)                 ******

*******************************************************************
******        Transfer Mode = 0  I.E.  As Is       ******

******        Transferring Shape, ShapeType = 2                      ******


*******************************************************************
******        Statistics on Transfer (Write)                 ******

*******************************************************************
******        Transfer Mode = 0  I.E.  As Is       ******

******        Transferring Shape, ShapeType = 2                      ******


*******************************************************************
******        Statistics on Transfer (Write)                 ******

*******************************************************************
******        Transfer Mode = 0  I.E.  As Is       ******

******        Transferring Shape, ShapeType = 2                      ******


*******************************************************************
******        Statistics on Transfer (Write)                 ******

*******************************************************************
******        Transfer Mode = 0  I.E.  As Is       ******

******        Transferring Shape, ShapeType = 2                      ******


*******************************************************************
******        Statistics on Transfer (Write)                 ******

*******************************************************************
******        Transfer Mode = 0  I.E.  As Is       ******

******        Transferring Shape, ShapeType = 2                      ******


*******************************************************************
******        Statistics on Transfer (Write)                 ******

*******************************************************************
******        Transfer Mode = 0  I.E.  As Is       ******

******        Transferring Shape, ShapeType = 2                      ******


*******************************************************************
******        Statistics on Transfer (Write)                 ******

*******************************************************************
******        Transfer Mode = 0  I.E.  As Is       ******

******        Transferring Shape, ShapeType = 2                      ******


*******************************************************************
******        Statistics on Transfer (Write)                 ******

*******************************************************************
******        Transfer Mode = 0  I.E.  As Is       ******

******        Transferring Shape, ShapeType = 2                      ******


*******************************************************************
******        Statistics on Transfer (Write)                 ******

*******************************************************************
******        Transfer Mode = 0  I.E.  As Is       ******

******        Transferring Shape, ShapeType = 2                      ******


*******************************************************************
******        Statistics on Transfer (Write)                 ******

*******************************************************************
******        Transfer Mode = 0  I.E.  As Is       ******

******        Transferring Shape, ShapeType = 2                      ******


*******************************************************************
******        Statistics on Transfer (Write)                 ******

*******************************************************************
******        Transfer Mode = 0  I.E.  As Is       ******

******        Transferring Shape, ShapeType = 2                      ******


*******************************************************************
******        Statistics on Transfer (Write)                 ******

*******************************************************************
******        Transfer Mode = 0  I.E.  As Is       ******

******        Transferring Shape, ShapeType = 2                      ******

** WorkSession : Sending all data

 Step File Name : export.step(55947 ents)  Write  Done

    ✔ generates BHK CNC pockets without spurious radius blockers (24945ms)
    ✔ preserves placement, footprints and pad nets while replacing the perimeter (13502ms)

  Native object contract
    ✔ keeps reference anchors available without growing board geometry
    ✔ rejects legacy input and unknown native properties without rewriting source

  Physical stacking
    ✔ stacks the screen above the MCU and leaves the battery on the case floor
    ✔ updates dependent heights without moving independently supported objects
    ✔ keeps stacked bodies clear while reporting an actual height overlap
    ✔ reports insufficient case height without resizing the enclosure
    ✔ rejects cycles and contradictory vertical drivers

  Editable native frames
    ✔ mirrors column members once and edits only the mirrored instance

  Native PCB adapter
    ✔ retains copper obstacles and physical PCB thickness

  Authored cluster envelopes and parts
    ✔ wraps separated keys within a cluster without filling between clusters
    ✔ inherits footprint definitions while overriding instance references and parameters

  Aligned outline bridges
    ✔ aligns a bridge to the shared top edge and follows layout movement
    ✔ aligns a bridge to the shared bottom edge and follows layout movement
    ✔ aligns a bridge to the shared left edge and follows layout movement
    ✔ aligns a bridge to the shared right edge and follows layout movement

  Mechanical sheet layers

*******************************************************************
******        Statistics on Transfer (Write)                 ******

*******************************************************************
******        Transfer Mode = 0  I.E.  As Is       ******

******        Transferring Shape, ShapeType = 0                      ******

** WorkSession : Sending all data

 Step File Name : blob.step(986 ents)  Write  Done

    ✔ exports an independent millimetre outline with a switch cutout
    ✔ fits compressed sheets in order within their shared gap
    ✔ keeps missing material surfaces local to that layer
    ✔ cuts intersecting components and mounts while leaving remote bodies alone
    ✔ exports mirrored PCB sheets in their own nominal millimetre frame
    ✔ reports interference without moving the stack or blocking other outputs

  Enclosure manufacturing checks
    ✔ measures a sharp pocket independently of its declared settings
    ✔ relieves sharp CNC pockets without shrinking their required opening
    ✔ measures relieved rotated corners independently of chain start and winding
    ✔ adapts small fillets and rotated openings to the actual cutter
    ✔ protects mounting contacts beside a CNC plate cutout
    ✔ checks posts only where their height overlaps cutter relief
    ✔ retains material around a nut pocket inside its own post
    ✔ rejects malformed process envelopes instead of silently passing them

  MakerJS
    ✔ disappearance
    ✔ weird combination

  Layout center guides
    ✔ places row guides through the bounds of mixed-size keycaps
    ✔ reflects splay in mirrored column guides
    ✔ uses a declared part center before its body envelope
    ✔ resolves physical centers and splayed column frames
    ✔ aligns a component to a rotated column without rotating the component
    ✔ moves the follower without pulling an unconstrained target
    ✔ follows an alignment chain after reload and rejects cycles

  Native layout constraints
Sketcher::RedundantSolving-DogLeg-

Sketcher Redundant solving: 1 redundants

    ✔ solves before geometry and preserves authored expressions
Sketcher::RedundantSolving-DogLeg-

Sketcher Redundant solving: 1 redundants

    ✔ returns authored constraint paths for conflicts
    ✔ moves an arranged cluster rigidly and resolves linked components afterward
    ✔ keeps free movement repeatable and reports it
Sketcher::RedundantSolving-DogLeg-

Sketcher Redundant solving: 0 redundants

    ✔ honors locks even when the placement requests solving

  KiCad 10
    ✔ defaults to native KiCad 10 and supports explicit selection
    ✔ preserves explicit legacy and injected templates
    ✔ normalizes routed copper and preserves numeric-looking names
    ✔ orders legacy arc coordinates for the native parser
    ✔ escapes net and board names and keeps empty nets
    ✔ normalizes zones and leaves native quoted net names intact
    ✔ rejects malformed fragments and mismatched net names
    ✔ continues to reject engine 4 configurations
    ✔ rejects unknown numeric references with board and fragment context

  Internals
    ✔ pcb outline conversion with kicad5
    ✔ pcb outline conversion with kicad8
    ✔ injection

  Interface
    ✔ debug
    ✔ formats
    ✔ preprocessor
    ✔ engine
    ✔ svg

  Guided mounting drafts

*******************************************************************
******        Statistics on Transfer (Write)                 ******

*******************************************************************
******        Transfer Mode = 0  I.E.  As Is       ******

******        Transferring Shape, ShapeType = 0                      ******

** WorkSession : Sending all data

 Step File Name : blob.step(7666 ents)  Write  Done


*******************************************************************
******        Statistics on Transfer (Write)                 ******

*******************************************************************
******        Transfer Mode = 0  I.E.  As Is       ******

******        Transferring Shape, ShapeType = 0                      ******

** WorkSession : Sending all data

 Step File Name : blob.step(9384 ents)  Write  Done


*******************************************************************
******        Statistics on Transfer (Write)                 ******

*******************************************************************
******        Transfer Mode = 0  I.E.  As Is       ******

******        Transferring Shape, ShapeType = 0                      ******

** WorkSession : Sending all data

 Step File Name : blob.step(6850 ents)  Write  Done


*******************************************************************
******        Statistics on Transfer (Write)                 ******

*******************************************************************
******        Transfer Mode = 0  I.E.  As Is       ******

******        Transferring Shape, ShapeType = 2                      ******

** WorkSession : Sending all data

 Step File Name : blob.step(350 ents)  Write  Done


*******************************************************************
******        Statistics on Transfer (Write)                 ******

*******************************************************************
******        Transfer Mode = 0  I.E.  As Is       ******

******        Transferring Shape, ShapeType = 2                      ******

** WorkSession : Sending all data

 Step File Name : blob.step(350 ents)  Write  Done


*******************************************************************
******        Statistics on Transfer (Write)                 ******

*******************************************************************
******        Transfer Mode = 0  I.E.  As Is       ******

******        Transferring Shape, ShapeType = 2                      ******

** WorkSession : Sending all data

 Step File Name : blob.step(350 ents)  Write  Done


*******************************************************************
******        Statistics on Transfer (Write)                 ******

*******************************************************************
******        Transfer Mode = 0  I.E.  As Is       ******

******        Transferring Shape, ShapeType = 2                      ******

** WorkSession : Sending all data

 Step File Name : blob.step(350 ents)  Write  Done


*******************************************************************
******        Statistics on Transfer (Write)                 ******

*******************************************************************
******        Transfer Mode = 0  I.E.  As Is       ******

******        Transferring Shape, ShapeType = 2                      ******

** WorkSession : Sending all data

 Step File Name : blob.step(350 ents)  Write  Done


*******************************************************************
******        Statistics on Transfer (Write)                 ******

*******************************************************************
******        Transfer Mode = 0  I.E.  As Is       ******

******        Transferring Shape, ShapeType = 2                      ******

** WorkSession : Sending all data

 Step File Name : blob.step(350 ents)  Write  Done


*******************************************************************
******        Statistics on Transfer (Write)                 ******

*******************************************************************
******        Transfer Mode = 0  I.E.  As Is       ******

******        Transferring Shape, ShapeType = 0                      ******

** WorkSession : Sending all data

 Step File Name : blob.step(208 ents)  Write  Done


*******************************************************************
******        Statistics on Transfer (Write)                 ******

*******************************************************************
******        Transfer Mode = 0  I.E.  As Is       ******

******        Transferring Shape, ShapeType = 0                      ******

** WorkSession : Sending all data

 Step File Name : blob.step(208 ents)  Write  Done


*******************************************************************
******        Statistics on Transfer (Write)                 ******

*******************************************************************
******        Transfer Mode = 0  I.E.  As Is       ******

******        Transferring Shape, ShapeType = 0                      ******

** WorkSession : Sending all data

 Step File Name : blob.step(208 ents)  Write  Done


*******************************************************************
******        Statistics on Transfer (Write)                 ******

*******************************************************************
******        Transfer Mode = 0  I.E.  As Is       ******

******        Transferring Shape, ShapeType = 0                      ******

** WorkSession : Sending all data

 Step File Name : blob.step(208 ents)  Write  Done


*******************************************************************
******        Statistics on Transfer (Write)                 ******

*******************************************************************
******        Transfer Mode = 0  I.E.  As Is       ******

******        Transferring Shape, ShapeType = 0                      ******


*******************************************************************
******        Statistics on Transfer (Write)                 ******

*******************************************************************
******        Transfer Mode = 0  I.E.  As Is       ******

******        Transferring Shape, ShapeType = 0                      ******


*******************************************************************
******        Statistics on Transfer (Write)                 ******

*******************************************************************
******        Transfer Mode = 0  I.E.  As Is       ******

******        Transferring Shape, ShapeType = 0                      ******


*******************************************************************
******        Statistics on Transfer (Write)                 ******

*******************************************************************
******        Transfer Mode = 0  I.E.  As Is       ******

******        Transferring Shape, ShapeType = 2                      ******


*******************************************************************
******        Statistics on Transfer (Write)                 ******

*******************************************************************
******        Transfer Mode = 0  I.E.  As Is       ******

******        Transferring Shape, ShapeType = 2                      ******


*******************************************************************
******        Statistics on Transfer (Write)                 ******

*******************************************************************
******        Transfer Mode = 0  I.E.  As Is       ******

******        Transferring Shape, ShapeType = 2                      ******


*******************************************************************
******        Statistics on Transfer (Write)                 ******

*******************************************************************
******        Transfer Mode = 0  I.E.  As Is       ******

******        Transferring Shape, ShapeType = 2                      ******


*******************************************************************
******        Statistics on Transfer (Write)                 ******

*******************************************************************
******        Transfer Mode = 0  I.E.  As Is       ******

******        Transferring Shape, ShapeType = 2                      ******


*******************************************************************
******        Statistics on Transfer (Write)                 ******

*******************************************************************
******        Transfer Mode = 0  I.E.  As Is       ******

******        Transferring Shape, ShapeType = 2                      ******


*******************************************************************
******        Statistics on Transfer (Write)                 ******

*******************************************************************
******        Transfer Mode = 0  I.E.  As Is       ******

******        Transferring Shape, ShapeType = 0                      ******


*******************************************************************
******        Statistics on Transfer (Write)                 ******

*******************************************************************
******        Transfer Mode = 0  I.E.  As Is       ******

******        Transferring Shape, ShapeType = 0                      ******


*******************************************************************
******        Statistics on Transfer (Write)                 ******

*******************************************************************
******        Transfer Mode = 0  I.E.  As Is       ******

******        Transferring Shape, ShapeType = 0                      ******


*******************************************************************
******        Statistics on Transfer (Write)                 ******

*******************************************************************
******        Transfer Mode = 0  I.E.  As Is       ******

******        Transferring Shape, ShapeType = 0                      ******

** WorkSession : Sending all data

 Step File Name : export.step(26865 ents)  Write  Done

    ✔ creates usable gasket supports before CAD (5173ms)

*******************************************************************
******        Statistics on Transfer (Write)                 ******

*******************************************************************
******        Transfer Mode = 0  I.E.  As Is       ******

******        Transferring Shape, ShapeType = 0                      ******

** WorkSession : Sending all data

 Step File Name : blob.step(5358 ents)  Write  Done


*******************************************************************
******        Statistics on Transfer (Write)                 ******

*******************************************************************
******        Transfer Mode = 0  I.E.  As Is       ******

******        Transferring Shape, ShapeType = 0                      ******

** WorkSession : Sending all data

 Step File Name : blob.step(8838 ents)  Write  Done


*******************************************************************
******        Statistics on Transfer (Write)                 ******

*******************************************************************
******        Transfer Mode = 0  I.E.  As Is       ******

******        Transferring Shape, ShapeType = 0                      ******

** WorkSession : Sending all data

 Step File Name : blob.step(6748 ents)  Write  Done


*******************************************************************
******        Statistics on Transfer (Write)                 ******

*******************************************************************
******        Transfer Mode = 0  I.E.  As Is       ******

******        Transferring Shape, ShapeType = 0                      ******

** WorkSession : Sending all data

 Step File Name : blob.step(208 ents)  Write  Done


*******************************************************************
******        Statistics on Transfer (Write)                 ******

*******************************************************************
******        Transfer Mode = 0  I.E.  As Is       ******

******        Transferring Shape, ShapeType = 0                      ******

** WorkSession : Sending all data

 Step File Name : blob.step(208 ents)  Write  Done


*******************************************************************
******        Statistics on Transfer (Write)                 ******

*******************************************************************
******        Transfer Mode = 0  I.E.  As Is       ******

******        Transferring Shape, ShapeType = 0                      ******

** WorkSession : Sending all data

 Step File Name : blob.step(208 ents)  Write  Done


*******************************************************************
******        Statistics on Transfer (Write)                 ******

*******************************************************************
******        Transfer Mode = 0  I.E.  As Is       ******

******        Transferring Shape, ShapeType = 0                      ******

** WorkSession : Sending all data

 Step File Name : blob.step(208 ents)  Write  Done


*******************************************************************
******        Statistics on Transfer (Write)                 ******

*******************************************************************
******        Transfer Mode = 0  I.E.  As Is       ******

******        Transferring Shape, ShapeType = 0                      ******

** WorkSession : Sending all data

 Step File Name : blob.step(208 ents)  Write  Done


*******************************************************************
******        Statistics on Transfer (Write)                 ******

*******************************************************************
******        Transfer Mode = 0  I.E.  As Is       ******

******        Transferring Shape, ShapeType = 0                      ******

** WorkSession : Sending all data

 Step File Name : blob.step(208 ents)  Write  Done


*******************************************************************
******        Statistics on Transfer (Write)                 ******

*******************************************************************
******        Transfer Mode = 0  I.E.  As Is       ******

******        Transferring Shape, ShapeType = 0                      ******


*******************************************************************
******        Statistics on Transfer (Write)                 ******

*******************************************************************
******        Transfer Mode = 0  I.E.  As Is       ******

******        Transferring Shape, ShapeType = 0                      ******


*******************************************************************
******        Statistics on Transfer (Write)                 ******

*******************************************************************
******        Transfer Mode = 0  I.E.  As Is       ******

******        Transferring Shape, ShapeType = 0                      ******


*******************************************************************
******        Statistics on Transfer (Write)                 ******

*******************************************************************
******        Transfer Mode = 0  I.E.  As Is       ******

******        Transferring Shape, ShapeType = 0                      ******


*******************************************************************
******        Statistics on Transfer (Write)                 ******

*******************************************************************
******        Transfer Mode = 0  I.E.  As Is       ******

******        Transferring Shape, ShapeType = 0                      ******


*******************************************************************
******        Statistics on Transfer (Write)                 ******

*******************************************************************
******        Transfer Mode = 0  I.E.  As Is       ******

******        Transferring Shape, ShapeType = 0                      ******


*******************************************************************
******        Statistics on Transfer (Write)                 ******

*******************************************************************
******        Transfer Mode = 0  I.E.  As Is       ******

******        Transferring Shape, ShapeType = 0                      ******


*******************************************************************
******        Statistics on Transfer (Write)                 ******

*******************************************************************
******        Transfer Mode = 0  I.E.  As Is       ******

******        Transferring Shape, ShapeType = 0                      ******


*******************************************************************
******        Statistics on Transfer (Write)                 ******

*******************************************************************
******        Transfer Mode = 0  I.E.  As Is       ******

******        Transferring Shape, ShapeType = 0                      ******

** WorkSession : Sending all data

 Step File Name : export.step(22217 ents)  Write  Done

    ✔ creates usable top supports before CAD (5340ms)

*******************************************************************
******        Statistics on Transfer (Write)                 ******

*******************************************************************
******        Transfer Mode = 0  I.E.  As Is       ******

******        Transferring Shape, ShapeType = 0                      ******

** WorkSession : Sending all data

 Step File Name : blob.step(6220 ents)  Write  Done


*******************************************************************
******        Statistics on Transfer (Write)                 ******

*******************************************************************
******        Transfer Mode = 0  I.E.  As Is       ******

******        Transferring Shape, ShapeType = 0                      ******

** WorkSession : Sending all data

 Step File Name : blob.step(7488 ents)  Write  Done


*******************************************************************
******        Statistics on Transfer (Write)                 ******

*******************************************************************
******        Transfer Mode = 0  I.E.  As Is       ******

******        Transferring Shape, ShapeType = 0                      ******

** WorkSession : Sending all data

 Step File Name : blob.step(6748 ents)  Write  Done


*******************************************************************
******        Statistics on Transfer (Write)                 ******

*******************************************************************
******        Transfer Mode = 0  I.E.  As Is       ******

******        Transferring Shape, ShapeType = 0                      ******

** WorkSession : Sending all data

 Step File Name : blob.step(208 ents)  Write  Done


*******************************************************************
******        Statistics on Transfer (Write)                 ******

*******************************************************************
******        Transfer Mode = 0  I.E.  As Is       ******

******        Transferring Shape, ShapeType = 0                      ******

** WorkSession : Sending all data

 Step File Name : blob.step(208 ents)  Write  Done


*******************************************************************
******        Statistics on Transfer (Write)                 ******

*******************************************************************
******        Transfer Mode = 0  I.E.  As Is       ******

******        Transferring Shape, ShapeType = 0                      ******

** WorkSession : Sending all data

 Step File Name : blob.step(208 ents)  Write  Done


*******************************************************************
******        Statistics on Transfer (Write)                 ******

*******************************************************************
******        Transfer Mode = 0  I.E.  As Is       ******

******        Transferring Shape, ShapeType = 0                      ******

** WorkSession : Sending all data

 Step File Name : blob.step(208 ents)  Write  Done


*******************************************************************
******        Statistics on Transfer (Write)                 ******

*******************************************************************
******        Transfer Mode = 0  I.E.  As Is       ******

******        Transferring Shape, ShapeType = 0                      ******

** WorkSession : Sending all data

 Step File Name : blob.step(208 ents)  Write  Done


*******************************************************************
******        Statistics on Transfer (Write)                 ******

*******************************************************************
******        Transfer Mode = 0  I.E.  As Is       ******

******        Transferring Shape, ShapeType = 0                      ******

** WorkSession : Sending all data

 Step File Name : blob.step(208 ents)  Write  Done


*******************************************************************
******        Statistics on Transfer (Write)                 ******

*******************************************************************
******        Transfer Mode = 0  I.E.  As Is       ******

******        Transferring Shape, ShapeType = 0                      ******


*******************************************************************
******        Statistics on Transfer (Write)                 ******

*******************************************************************
******        Transfer Mode = 0  I.E.  As Is       ******

******        Transferring Shape, ShapeType = 0                      ******


*******************************************************************
******        Statistics on Transfer (Write)                 ******

*******************************************************************
******        Transfer Mode = 0  I.E.  As Is       ******

******        Transferring Shape, ShapeType = 0                      ******


*******************************************************************
******        Statistics on Transfer (Write)                 ******

*******************************************************************
******        Transfer Mode = 0  I.E.  As Is       ******

******        Transferring Shape, ShapeType = 0                      ******


*******************************************************************
******        Statistics on Transfer (Write)                 ******

*******************************************************************
******        Transfer Mode = 0  I.E.  As Is       ******

******        Transferring Shape, ShapeType = 0                      ******


*******************************************************************
******        Statistics on Transfer (Write)                 ******

*******************************************************************
******        Transfer Mode = 0  I.E.  As Is       ******

******        Transferring Shape, ShapeType = 0                      ******


*******************************************************************
******        Statistics on Transfer (Write)                 ******

*******************************************************************
******        Transfer Mode = 0  I.E.  As Is       ******

******        Transferring Shape, ShapeType = 0                      ******


*******************************************************************
******        Statistics on Transfer (Write)                 ******

*******************************************************************
******        Transfer Mode = 0  I.E.  As Is       ******

******        Transferring Shape, ShapeType = 0                      ******


*******************************************************************
******        Statistics on Transfer (Write)                 ******

*******************************************************************
******        Transfer Mode = 0  I.E.  As Is       ******

******        Transferring Shape, ShapeType = 0                      ******

** WorkSession : Sending all data

 Step File Name : export.step(21729 ents)  Write  Done

    ✔ creates usable bottom supports before CAD (5318ms)

*******************************************************************
******        Statistics on Transfer (Write)                 ******

*******************************************************************
******        Transfer Mode = 0  I.E.  As Is       ******

******        Transferring Shape, ShapeType = 0                      ******

** WorkSession : Sending all data

 Step File Name : blob.step(2686 ents)  Write  Done


*******************************************************************
******        Statistics on Transfer (Write)                 ******

*******************************************************************
******        Transfer Mode = 0  I.E.  As Is       ******

******        Transferring Shape, ShapeType = 0                      ******

** WorkSession : Sending all data

 Step File Name : blob.step(2200 ents)  Write  Done


*******************************************************************
******        Statistics on Transfer (Write)                 ******

*******************************************************************
******        Transfer Mode = 0  I.E.  As Is       ******

******        Transferring Shape, ShapeType = 0                      ******

** WorkSession : Sending all data

 Step File Name : blob.step(4166 ents)  Write  Done


*******************************************************************
******        Statistics on Transfer (Write)                 ******

*******************************************************************
******        Transfer Mode = 0  I.E.  As Is       ******

******        Transferring Shape, ShapeType = 0                      ******

** WorkSession : Sending all data

 Step File Name : blob.step(208 ents)  Write  Done


*******************************************************************
******        Statistics on Transfer (Write)                 ******

*******************************************************************
******        Transfer Mode = 0  I.E.  As Is       ******

******        Transferring Shape, ShapeType = 0                      ******

** WorkSession : Sending all data

 Step File Name : blob.step(208 ents)  Write  Done


*******************************************************************
******        Statistics on Transfer (Write)                 ******

*******************************************************************
******        Transfer Mode = 0  I.E.  As Is       ******

******        Transferring Shape, ShapeType = 0                      ******

** WorkSession : Sending all data

 Step File Name : blob.step(208 ents)  Write  Done


*******************************************************************
******        Statistics on Transfer (Write)                 ******

*******************************************************************
******        Transfer Mode = 0  I.E.  As Is       ******

******        Transferring Shape, ShapeType = 0                      ******

** WorkSession : Sending all data

 Step File Name : blob.step(208 ents)  Write  Done


*******************************************************************
******        Statistics on Transfer (Write)                 ******

*******************************************************************
******        Transfer Mode = 0  I.E.  As Is       ******

******        Transferring Shape, ShapeType = 0                      ******

** WorkSession : Sending all data

 Step File Name : blob.step(208 ents)  Write  Done


*******************************************************************
******        Statistics on Transfer (Write)                 ******

*******************************************************************
******        Transfer Mode = 0  I.E.  As Is       ******

******        Transferring Shape, ShapeType = 0                      ******

** WorkSession : Sending all data

 Step File Name : blob.step(208 ents)  Write  Done


*******************************************************************
******        Statistics on Transfer (Write)                 ******

*******************************************************************
******        Transfer Mode = 0  I.E.  As Is       ******

******        Transferring Shape, ShapeType = 0                      ******

** WorkSession : Sending all data

 Step File Name : blob.step(434 ents)  Write  Done


*******************************************************************
******        Statistics on Transfer (Write)                 ******

*******************************************************************
******        Transfer Mode = 0  I.E.  As Is       ******

******        Transferring Shape, ShapeType = 0                      ******


*******************************************************************
******        Statistics on Transfer (Write)                 ******

*******************************************************************
******        Transfer Mode = 0  I.E.  As Is       ******

******        Transferring Shape, ShapeType = 0                      ******


*******************************************************************
******        Statistics on Transfer (Write)                 ******

*******************************************************************
******        Transfer Mode = 0  I.E.  As Is       ******

******        Transferring Shape, ShapeType = 0                      ******


*******************************************************************
******        Statistics on Transfer (Write)                 ******

*******************************************************************
******        Transfer Mode = 0  I.E.  As Is       ******

******        Transferring Shape, ShapeType = 0                      ******


*******************************************************************
******        Statistics on Transfer (Write)                 ******

*******************************************************************
******        Transfer Mode = 0  I.E.  As Is       ******

******        Transferring Shape, ShapeType = 0                      ******


*******************************************************************
******        Statistics on Transfer (Write)                 ******

*******************************************************************
******        Transfer Mode = 0  I.E.  As Is       ******

******        Transferring Shape, ShapeType = 0                      ******


*******************************************************************
******        Statistics on Transfer (Write)                 ******

*******************************************************************
******        Transfer Mode = 0  I.E.  As Is       ******

******        Transferring Shape, ShapeType = 0                      ******


*******************************************************************
******        Statistics on Transfer (Write)                 ******

*******************************************************************
******        Transfer Mode = 0  I.E.  As Is       ******

******        Transferring Shape, ShapeType = 0                      ******


*******************************************************************
******        Statistics on Transfer (Write)                 ******

*******************************************************************
******        Transfer Mode = 0  I.E.  As Is       ******

******        Transferring Shape, ShapeType = 0                      ******


*******************************************************************
******        Statistics on Transfer (Write)                 ******

*******************************************************************
******        Transfer Mode = 0  I.E.  As Is       ******

******        Transferring Shape, ShapeType = 0                      ******

** WorkSession : Sending all data

 Step File Name : export.step(10761 ents)  Write  Done

    ✔ creates usable tray supports before CAD (2102ms)
    ✔ retains the candidate set across automatic redistribution (803ms)
    ✔ reports a manual contact in a switch opening without deleting it (392ms)

  Reusable footprint tools
    ✔ derives one envelope from all transformed cached models and keeps missing bounds unchecked
    ✔ groups electrical pads by number and leaves mechanical pads separate
    ✔ exports a standalone CommonJS module preserving geometry and mapped nets
    ✔ flips board layers, local coordinates and pad orientations on the back
    ✔ keeps unknown constructs but refuses unsafe transforms explicitly
    ✔ requires a unique target and preserves all unrelated bytes when binding models
    ✔ identifies a chosen emission independently of per-placement references
    ✔ updates multiple models on a routed board and accepts legacy single bindings
    ✔ wraps dynamic modules without changing their params, body branches or unrelated code

  Filter
    ✔ without points
    ✔ empty filter
    ✔ similar

  Solid enclosures

*******************************************************************
******        Statistics on Transfer (Write)                 ******

*******************************************************************
******        Transfer Mode = 0  I.E.  As Is       ******

******        Transferring Shape, ShapeType = 0                      ******

** WorkSession : Sending all data

 Step File Name : blob.step(1312 ents)  Write  Done


*******************************************************************
******        Statistics on Transfer (Write)                 ******

*******************************************************************
******        Transfer Mode = 0  I.E.  As Is       ******

******        Transferring Shape, ShapeType = 0                      ******

** WorkSession : Sending all data

 Step File Name : blob.step(1644 ents)  Write  Done


*******************************************************************
******        Statistics on Transfer (Write)                 ******

*******************************************************************
******        Transfer Mode = 0  I.E.  As Is       ******

******        Transferring Shape, ShapeType = 0                      ******

** WorkSession : Sending all data

 Step File Name : blob.step(666 ents)  Write  Done


*******************************************************************
******        Statistics on Transfer (Write)                 ******

*******************************************************************
******        Transfer Mode = 0  I.E.  As Is       ******

******        Transferring Shape, ShapeType = 0                      ******


*******************************************************************
******        Statistics on Transfer (Write)                 ******

*******************************************************************
******        Transfer Mode = 0  I.E.  As Is       ******

******        Transferring Shape, ShapeType = 0                      ******


*******************************************************************
******        Statistics on Transfer (Write)                 ******

*******************************************************************
******        Transfer Mode = 0  I.E.  As Is       ******

******        Transferring Shape, ShapeType = 0                      ******

** WorkSession : Sending all data

 Step File Name : export.step(3635 ents)  Write  Done

    ✔ builds closed top/bottom shells and a plate for tray (384ms)

*******************************************************************
******        Statistics on Transfer (Write)                 ******

*******************************************************************
******        Transfer Mode = 0  I.E.  As Is       ******

******        Transferring Shape, ShapeType = 0                      ******

** WorkSession : Sending all data

 Step File Name : blob.step(1312 ents)  Write  Done


*******************************************************************
******        Statistics on Transfer (Write)                 ******

*******************************************************************
******        Transfer Mode = 0  I.E.  As Is       ******

******        Transferring Shape, ShapeType = 0                      ******

** WorkSession : Sending all data

 Step File Name : blob.step(1644 ents)  Write  Done


*******************************************************************
******        Statistics on Transfer (Write)                 ******

*******************************************************************
******        Transfer Mode = 0  I.E.  As Is       ******

******        Transferring Shape, ShapeType = 0                      ******

** WorkSession : Sending all data

 Step File Name : blob.step(666 ents)  Write  Done


*******************************************************************
******        Statistics on Transfer (Write)                 ******

*******************************************************************
******        Transfer Mode = 0  I.E.  As Is       ******

******        Transferring Shape, ShapeType = 0                      ******


*******************************************************************
******        Statistics on Transfer (Write)                 ******

*******************************************************************
******        Transfer Mode = 0  I.E.  As Is       ******

******        Transferring Shape, ShapeType = 0                      ******


*******************************************************************
******        Statistics on Transfer (Write)                 ******

*******************************************************************
******        Transfer Mode = 0  I.E.  As Is       ******

******        Transferring Shape, ShapeType = 0                      ******

** WorkSession : Sending all data

 Step File Name : export.step(3635 ents)  Write  Done

    ✔ builds closed top/bottom shells and a plate for top (360ms)

*******************************************************************
******        Statistics on Transfer (Write)                 ******

*******************************************************************
******        Transfer Mode = 0  I.E.  As Is       ******

******        Transferring Shape, ShapeType = 0                      ******

** WorkSession : Sending all data

 Step File Name : blob.step(1312 ents)  Write  Done


*******************************************************************
******        Statistics on Transfer (Write)                 ******

*******************************************************************
******        Transfer Mode = 0  I.E.  As Is       ******

******        Transferring Shape, ShapeType = 0                      ******

** WorkSession : Sending all data

 Step File Name : blob.step(1644 ents)  Write  Done


*******************************************************************
******        Statistics on Transfer (Write)                 ******

*******************************************************************
******        Transfer Mode = 0  I.E.  As Is       ******

******        Transferring Shape, ShapeType = 0                      ******

** WorkSession : Sending all data

 Step File Name : blob.step(666 ents)  Write  Done


*******************************************************************
******        Statistics on Transfer (Write)                 ******

*******************************************************************
******        Transfer Mode = 0  I.E.  As Is       ******

******        Transferring Shape, ShapeType = 0                      ******


*******************************************************************
******        Statistics on Transfer (Write)                 ******

*******************************************************************
******        Transfer Mode = 0  I.E.  As Is       ******

******        Transferring Shape, ShapeType = 0                      ******


*******************************************************************
******        Statistics on Transfer (Write)                 ******

*******************************************************************
******        Transfer Mode = 0  I.E.  As Is       ******

******        Transferring Shape, ShapeType = 0                      ******

** WorkSession : Sending all data

 Step File Name : export.step(3635 ents)  Write  Done

    ✔ builds closed top/bottom shells and a plate for bottom (365ms)

*******************************************************************
******        Statistics on Transfer (Write)                 ******

*******************************************************************
******        Transfer Mode = 0  I.E.  As Is       ******

******        Transferring Shape, ShapeType = 0                      ******

** WorkSession : Sending all data

 Step File Name : blob.step(2216 ents)  Write  Done


*******************************************************************
******        Statistics on Transfer (Write)                 ******

*******************************************************************
******        Transfer Mode = 0  I.E.  As Is       ******

******        Transferring Shape, ShapeType = 0                      ******

** WorkSession : Sending all data

 Step File Name : blob.step(2548 ents)  Write  Done


*******************************************************************
******        Statistics on Transfer (Write)                 ******

*******************************************************************
******        Transfer Mode = 0  I.E.  As Is       ******

******        Transferring Shape, ShapeType = 0                      ******

** WorkSession : Sending all data

 Step File Name : blob.step(978 ents)  Write  Done


*******************************************************************
******        Statistics on Transfer (Write)                 ******

*******************************************************************
******        Transfer Mode = 0  I.E.  As Is       ******

******        Transferring Shape, ShapeType = 2                      ******

** WorkSession : Sending all data

 Step File Name : blob.step(350 ents)  Write  Done


*******************************************************************
******        Statistics on Transfer (Write)                 ******

*******************************************************************
******        Transfer Mode = 0  I.E.  As Is       ******

******        Transferring Shape, ShapeType = 2                      ******

** WorkSession : Sending all data

 Step File Name : blob.step(350 ents)  Write  Done


*******************************************************************
******        Statistics on Transfer (Write)                 ******

*******************************************************************
******        Transfer Mode = 0  I.E.  As Is       ******

******        Transferring Shape, ShapeType = 0                      ******


*******************************************************************
******        Statistics on Transfer (Write)                 ******

*******************************************************************
******        Transfer Mode = 0  I.E.  As Is       ******

******        Transferring Shape, ShapeType = 0                      ******


*******************************************************************
******        Statistics on Transfer (Write)                 ******

*******************************************************************
******        Transfer Mode = 0  I.E.  As Is       ******

******        Transferring Shape, ShapeType = 0                      ******


*******************************************************************
******        Statistics on Transfer (Write)                 ******

*******************************************************************
******        Transfer Mode = 0  I.E.  As Is       ******

******        Transferring Shape, ShapeType = 2                      ******


*******************************************************************
******        Statistics on Transfer (Write)                 ******

*******************************************************************
******        Transfer Mode = 0  I.E.  As Is       ******

******        Transferring Shape, ShapeType = 2                      ******

** WorkSession : Sending all data

 Step File Name : export.step(6459 ents)  Write  Done

    ✔ builds closed top/bottom shells and a plate for gasket (491ms)

*******************************************************************
******        Statistics on Transfer (Write)                 ******

*******************************************************************
******        Transfer Mode = 0  I.E.  As Is       ******

******        Transferring Shape, ShapeType = 0                      ******

** WorkSession : Sending all data

 Step File Name : blob.step(3216 ents)  Write  Done


*******************************************************************
******        Statistics on Transfer (Write)                 ******

*******************************************************************
******        Transfer Mode = 0  I.E.  As Is       ******

******        Transferring Shape, ShapeType = 0                      ******

** WorkSession : Sending all data

 Step File Name : blob.step(4852 ents)  Write  Done


*******************************************************************
******        Statistics on Transfer (Write)                 ******

*******************************************************************
******        Transfer Mode = 0  I.E.  As Is       ******

******        Transferring Shape, ShapeType = 0                      ******

** WorkSession : Sending all data

 Step File Name : blob.step(2886 ents)  Write  Done


*******************************************************************
******        Statistics on Transfer (Write)                 ******

*******************************************************************
******        Transfer Mode = 0  I.E.  As Is       ******

******        Transferring Shape, ShapeType = 0                      ******


*******************************************************************
******        Statistics on Transfer (Write)                 ******

*******************************************************************
******        Transfer Mode = 0  I.E.  As Is       ******

******        Transferring Shape, ShapeType = 0                      ******


*******************************************************************
******        Statistics on Transfer (Write)                 ******

*******************************************************************
******        Transfer Mode = 0  I.E.  As Is       ******

******        Transferring Shape, ShapeType = 0                      ******

** WorkSession : Sending all data

 Step File Name : export.step(10967 ents)  Write  Done

    ✔ offsets a close-spaced four-key layout into continuous walls (1969ms)

*******************************************************************
******        Statistics on Transfer (Write)                 ******

*******************************************************************
******        Transfer Mode = 0  I.E.  As Is       ******

******        Transferring Shape, ShapeType = 0                      ******

** WorkSession : Sending all data

 Step File Name : blob.step(3216 ents)  Write  Done


*******************************************************************
******        Statistics on Transfer (Write)                 ******

*******************************************************************
******        Transfer Mode = 0  I.E.  As Is       ******

******        Transferring Shape, ShapeType = 0                      ******

** WorkSession : Sending all data

 Step File Name : blob.step(3210 ents)  Write  Done


*******************************************************************
******        Statistics on Transfer (Write)                 ******

*******************************************************************
******        Transfer Mode = 0  I.E.  As Is       ******

******        Transferring Shape, ShapeType = 0                      ******

** WorkSession : Sending all data

 Step File Name : blob.step(4166 ents)  Write  Done


*******************************************************************
******        Statistics on Transfer (Write)                 ******

*******************************************************************
******        Transfer Mode = 0  I.E.  As Is       ******

******        Transferring Shape, ShapeType = 0                      ******


*******************************************************************
******        Statistics on Transfer (Write)                 ******

*******************************************************************
******        Transfer Mode = 0  I.E.  As Is       ******

******        Transferring Shape, ShapeType = 0                      ******


*******************************************************************
******        Statistics on Transfer (Write)                 ******

*******************************************************************
******        Transfer Mode = 0  I.E.  As Is       ******

******        Transferring Shape, ShapeType = 0                      ******

** WorkSession : Sending all data

 Step File Name : export.step(10605 ents)  Write  Done

    ✔ machines a four-key case without treating outward corners as pocket limits (2412ms)

*******************************************************************
******        Statistics on Transfer (Write)                 ******

*******************************************************************
******        Transfer Mode = 0  I.E.  As Is       ******

******        Transferring Shape, ShapeType = 0                      ******

** WorkSession : Sending all data

 Step File Name : blob.step(1312 ents)  Write  Done


*******************************************************************
******        Statistics on Transfer (Write)                 ******

*******************************************************************
******        Transfer Mode = 0  I.E.  As Is       ******

******        Transferring Shape, ShapeType = 0                      ******

** WorkSession : Sending all data

 Step File Name : blob.step(1644 ents)  Write  Done


*******************************************************************
******        Statistics on Transfer (Write)                 ******

*******************************************************************
******        Transfer Mode = 0  I.E.  As Is       ******

******        Transferring Shape, ShapeType = 0                      ******

** WorkSession : Sending all data

 Step File Name : blob.step(666 ents)  Write  Done


*******************************************************************
******        Statistics on Transfer (Write)                 ******

*******************************************************************
******        Transfer Mode = 0  I.E.  As Is       ******

******        Transferring Shape, ShapeType = 0                      ******


*******************************************************************
******        Statistics on Transfer (Write)                 ******

*******************************************************************
******        Transfer Mode = 0  I.E.  As Is       ******

******        Transferring Shape, ShapeType = 0                      ******


*******************************************************************
******        Statistics on Transfer (Write)                 ******

*******************************************************************
******        Transfer Mode = 0  I.E.  As Is       ******

******        Transferring Shape, ShapeType = 0                      ******

** WorkSession : Sending all data

 Step File Name : export.step(3635 ents)  Write  Done


*******************************************************************
******        Statistics on Transfer (Write)                 ******

*******************************************************************
******        Transfer Mode = 0  I.E.  As Is       ******

******        Transferring Shape, ShapeType = 0                      ******

** WorkSession : Sending all data

 Step File Name : blob.step(1328 ents)  Write  Done


*******************************************************************
******        Statistics on Transfer (Write)                 ******

*******************************************************************
******        Transfer Mode = 0  I.E.  As Is       ******

******        Transferring Shape, ShapeType = 0                      ******

** WorkSession : Sending all data

 Step File Name : blob.step(2842 ents)  Write  Done


*******************************************************************
******        Statistics on Transfer (Write)                 ******

*******************************************************************
******        Transfer Mode = 0  I.E.  As Is       ******

******        Transferring Shape, ShapeType = 0                      ******

** WorkSession : Sending all data

 Step File Name : blob.step(986 ents)  Write  Done


*******************************************************************
******        Statistics on Transfer (Write)                 ******

*******************************************************************
******        Transfer Mode = 0  I.E.  As Is       ******

******        Transferring Shape, ShapeType = 0                      ******


*******************************************************************
******        Statistics on Transfer (Write)                 ******

*******************************************************************
******        Transfer Mode = 0  I.E.  As Is       ******

******        Transferring Shape, ShapeType = 0                      ******


*******************************************************************
******        Statistics on Transfer (Write)                 ******

*******************************************************************
******        Transfer Mode = 0  I.E.  As Is       ******

******        Transferring Shape, ShapeType = 0                      ******

** WorkSession : Sending all data

 Step File Name : export.step(5169 ents)  Write  Done


*******************************************************************
******        Statistics on Transfer (Write)                 ******

*******************************************************************
******        Transfer Mode = 0  I.E.  As Is       ******

******        Transferring Shape, ShapeType = 0                      ******

** WorkSession : Sending all data

 Step File Name : blob.step(1328 ents)  Write  Done


*******************************************************************
******        Statistics on Transfer (Write)                 ******

*******************************************************************
******        Transfer Mode = 0  I.E.  As Is       ******

******        Transferring Shape, ShapeType = 0                      ******

** WorkSession : Sending all data

 Step File Name : blob.step(1644 ents)  Write  Done


*******************************************************************
******        Statistics on Transfer (Write)                 ******

*******************************************************************
******        Transfer Mode = 0  I.E.  As Is       ******

******        Transferring Shape, ShapeType = 0                      ******

** WorkSession : Sending all data

 Step File Name : blob.step(986 ents)  Write  Done


*******************************************************************
******        Statistics on Transfer (Write)                 ******

*******************************************************************
******        Transfer Mode = 0  I.E.  As Is       ******

******        Transferring Shape, ShapeType = 0                      ******


*******************************************************************
******        Statistics on Transfer (Write)                 ******

*******************************************************************
******        Transfer Mode = 0  I.E.  As Is       ******

******        Transferring Shape, ShapeType = 0                      ******


*******************************************************************
******        Statistics on Transfer (Write)                 ******

*******************************************************************
******        Transfer Mode = 0  I.E.  As Is       ******

******        Transferring Shape, ShapeType = 0                      ******

** WorkSession : Sending all data

 Step File Name : export.step(3971 ents)  Write  Done

    ✔ automatically relieves CNC shells and switch pockets while preserving FDM (1899ms)

*******************************************************************
******        Statistics on Transfer (Write)                 ******

*******************************************************************
******        Transfer Mode = 0  I.E.  As Is       ******

******        Transferring Shape, ShapeType = 0                      ******

** WorkSession : Sending all data

 Step File Name : blob.step(1312 ents)  Write  Done


*******************************************************************
******        Statistics on Transfer (Write)                 ******

*******************************************************************
******        Transfer Mode = 0  I.E.  As Is       ******

******        Transferring Shape, ShapeType = 0                      ******

** WorkSession : Sending all data

 Step File Name : blob.step(1644 ents)  Write  Done


*******************************************************************
******        Statistics on Transfer (Write)                 ******

*******************************************************************
******        Transfer Mode = 0  I.E.  As Is       ******

******        Transferring Shape, ShapeType = 0                      ******

** WorkSession : Sending all data

 Step File Name : blob.step(986 ents)  Write  Done


*******************************************************************
******        Statistics on Transfer (Write)                 ******

*******************************************************************
******        Transfer Mode = 0  I.E.  As Is       ******

******        Transferring Shape, ShapeType = 0                      ******


*******************************************************************
******        Statistics on Transfer (Write)                 ******

*******************************************************************
******        Transfer Mode = 0  I.E.  As Is       ******

******        Transferring Shape, ShapeType = 0                      ******


*******************************************************************
******        Statistics on Transfer (Write)                 ******

*******************************************************************
******        Transfer Mode = 0  I.E.  As Is       ******

******        Transferring Shape, ShapeType = 0                      ******

** WorkSession : Sending all data

 Step File Name : export.step(3955 ents)  Write  Done


*******************************************************************
******        Statistics on Transfer (Write)                 ******

*******************************************************************
******        Transfer Mode = 0  I.E.  As Is       ******

******        Transferring Shape, ShapeType = 0                      ******

** WorkSession : Sending all data

 Step File Name : blob.step(1312 ents)  Write  Done


*******************************************************************
******        Statistics on Transfer (Write)                 ******

*******************************************************************
******        Transfer Mode = 0  I.E.  As Is       ******

******        Transferring Shape, ShapeType = 0                      ******

** WorkSession : Sending all data

 Step File Name : blob.step(1644 ents)  Write  Done


*******************************************************************
******        Statistics on Transfer (Write)                 ******

*******************************************************************
******        Transfer Mode = 0  I.E.  As Is       ******

******        Transferring Shape, ShapeType = 0                      ******

** WorkSession : Sending all data

 Step File Name : blob.step(986 ents)  Write  Done


*******************************************************************
******        Statistics on Transfer (Write)                 ******

*******************************************************************
******        Transfer Mode = 0  I.E.  As Is       ******

******        Transferring Shape, ShapeType = 0                      ******


*******************************************************************
******        Statistics on Transfer (Write)                 ******

*******************************************************************
******        Transfer Mode = 0  I.E.  As Is       ******

******        Transferring Shape, ShapeType = 0                      ******


*******************************************************************
******        Statistics on Transfer (Write)                 ******

*******************************************************************
******        Transfer Mode = 0  I.E.  As Is       ******

******        Transferring Shape, ShapeType = 0                      ******

** WorkSession : Sending all data

 Step File Name : export.step(3955 ents)  Write  Done

    ✔ relieves holes already defined in a plate profile (886ms)

*******************************************************************
******        Statistics on Transfer (Write)                 ******

*******************************************************************
******        Transfer Mode = 0  I.E.  As Is       ******

******        Transferring Shape, ShapeType = 0                      ******

** WorkSession : Sending all data

 Step File Name : blob.step(1312 ents)  Write  Done


*******************************************************************
******        Statistics on Transfer (Write)                 ******

*******************************************************************
******        Transfer Mode = 0  I.E.  As Is       ******

******        Transferring Shape, ShapeType = 0                      ******

** WorkSession : Sending all data

 Step File Name : blob.step(1644 ents)  Write  Done


*******************************************************************
******        Statistics on Transfer (Write)                 ******

*******************************************************************
******        Transfer Mode = 0  I.E.  As Is       ******

******        Transferring Shape, ShapeType = 0                      ******

** WorkSession : Sending all data

 Step File Name : blob.step(986 ents)  Write  Done


*******************************************************************
******        Statistics on Transfer (Write)                 ******

*******************************************************************
******        Transfer Mode = 0  I.E.  As Is       ******

******        Transferring Shape, ShapeType = 0                      ******


*******************************************************************
******        Statistics on Transfer (Write)                 ******

*******************************************************************
******        Transfer Mode = 0  I.E.  As Is       ******

******        Transferring Shape, ShapeType = 0                      ******


*******************************************************************
******        Statistics on Transfer (Write)                 ******

*******************************************************************
******        Transfer Mode = 0  I.E.  As Is       ******

******        Transferring Shape, ShapeType = 0                      ******

** WorkSession : Sending all data

 Step File Name : export.step(3955 ents)  Write  Done

    ✔ merges overlapping plate cutouts before checking webs (459ms)

*******************************************************************
******        Statistics on Transfer (Write)                 ******

*******************************************************************
******        Transfer Mode = 0  I.E.  As Is       ******

******        Transferring Shape, ShapeType = 0                      ******

** WorkSession : Sending all data

 Step File Name : blob.step(1312 ents)  Write  Done


*******************************************************************
******        Statistics on Transfer (Write)                 ******

*******************************************************************
******        Transfer Mode = 0  I.E.  As Is       ******

******        Transferring Shape, ShapeType = 0                      ******

** WorkSession : Sending all data

 Step File Name : blob.step(1644 ents)  Write  Done


*******************************************************************
******        Statistics on Transfer (Write)                 ******

*******************************************************************
******        Transfer Mode = 0  I.E.  As Is       ******

******        Transferring Shape, ShapeType = 0                      ******

** WorkSession : Sending all data

 Step File Name : blob.step(666 ents)  Write  Done


*******************************************************************
******        Statistics on Transfer (Write)                 ******

*******************************************************************
******        Transfer Mode = 0  I.E.  As Is       ******

******        Transferring Shape, ShapeType = 0                      ******


*******************************************************************
******        Statistics on Transfer (Write)                 ******

*******************************************************************
******        Transfer Mode = 0  I.E.  As Is       ******

******        Transferring Shape, ShapeType = 0                      ******


*******************************************************************
******        Statistics on Transfer (Write)                 ******

*******************************************************************
******        Transfer Mode = 0  I.E.  As Is       ******

******        Transferring Shape, ShapeType = 0                      ******

** WorkSession : Sending all data

 Step File Name : export.step(3635 ents)  Write  Done

    ✔ reports unsafe relief for holes embedded in a plate profile (378ms)

*******************************************************************
******        Statistics on Transfer (Write)                 ******

*******************************************************************
******        Transfer Mode = 0  I.E.  As Is       ******

******        Transferring Shape, ShapeType = 0                      ******

** WorkSession : Sending all data

 Step File Name : blob.step(1490 ents)  Write  Done


*******************************************************************
******        Statistics on Transfer (Write)                 ******

*******************************************************************
******        Transfer Mode = 0  I.E.  As Is       ******

******        Transferring Shape, ShapeType = 0                      ******

** WorkSession : Sending all data

 Step File Name : blob.step(1644 ents)  Write  Done


*******************************************************************
******        Statistics on Transfer (Write)                 ******

*******************************************************************
******        Transfer Mode = 0  I.E.  As Is       ******

******        Transferring Shape, ShapeType = 0                      ******

** WorkSession : Sending all data

 Step File Name : blob.step(1070 ents)  Write  Done


*******************************************************************
******        Statistics on Transfer (Write)                 ******

*******************************************************************
******        Transfer Mode = 0  I.E.  As Is       ******

******        Transferring Shape, ShapeType = 0                      ******


*******************************************************************
******        Statistics on Transfer (Write)                 ******

*******************************************************************
******        Transfer Mode = 0  I.E.  As Is       ******

******        Transferring Shape, ShapeType = 0                      ******


*******************************************************************
******        Statistics on Transfer (Write)                 ******

*******************************************************************
******        Transfer Mode = 0  I.E.  As Is       ******

******        Transferring Shape, ShapeType = 0                      ******

** WorkSession : Sending all data

 Step File Name : export.step(4217 ents)  Write  Done

    ✔ preserves circular plate mounting holes during CNC preparation (562ms)

*******************************************************************
******        Statistics on Transfer (Write)                 ******

*******************************************************************
******        Transfer Mode = 0  I.E.  As Is       ******

******        Transferring Shape, ShapeType = 0                      ******

** WorkSession : Sending all data

 Step File Name : blob.step(1312 ents)  Write  Done


*******************************************************************
******        Statistics on Transfer (Write)                 ******

*******************************************************************
******        Transfer Mode = 0  I.E.  As Is       ******

******        Transferring Shape, ShapeType = 0                      ******

** WorkSession : Sending all data

 Step File Name : blob.step(1644 ents)  Write  Done


*******************************************************************
******        Statistics on Transfer (Write)                 ******

*******************************************************************
******        Transfer Mode = 0  I.E.  As Is       ******

******        Transferring Shape, ShapeType = 0                      ******

** WorkSession : Sending all data

 Step File Name : blob.step(982 ents)  Write  Done


*******************************************************************
******        Statistics on Transfer (Write)                 ******

*******************************************************************
******        Transfer Mode = 0  I.E.  As Is       ******

******        Transferring Shape, ShapeType = 0                      ******


*******************************************************************
******        Statistics on Transfer (Write)                 ******

*******************************************************************
******        Transfer Mode = 0  I.E.  As Is       ******

******        Transferring Shape, ShapeType = 0                      ******


*******************************************************************
******        Statistics on Transfer (Write)                 ******

*******************************************************************
******        Transfer Mode = 0  I.E.  As Is       ******

******        Transferring Shape, ShapeType = 0                      ******

** WorkSession : Sending all data

 Step File Name : export.step(3951 ents)  Write  Done

    ✔ blocks relief that would thin the web between switch openings (433ms)
    ✔ rejects gasket tabs that fill switch cutouts (127ms)
    ✔ rejects a plate mount inside a switch cutout (195ms)
    ✔ rejects insufficient gasket movement clearance (44ms)

*******************************************************************
******        Statistics on Transfer (Write)                 ******

*******************************************************************
******        Transfer Mode = 0  I.E.  As Is       ******

******        Transferring Shape, ShapeType = 0                      ******

** WorkSession : Sending all data

 Step File Name : blob.step(1312 ents)  Write  Done


*******************************************************************
******        Statistics on Transfer (Write)                 ******

*******************************************************************
******        Transfer Mode = 0  I.E.  As Is       ******

******        Transferring Shape, ShapeType = 0                      ******

** WorkSession : Sending all data

 Step File Name : blob.step(1644 ents)  Write  Done


*******************************************************************
******        Statistics on Transfer (Write)                 ******

*******************************************************************
******        Transfer Mode = 0  I.E.  As Is       ******

******        Transferring Shape, ShapeType = 0                      ******

** WorkSession : Sending all data

 Step File Name : blob.step(986 ents)  Write  Done


*******************************************************************
******        Statistics on Transfer (Write)                 ******

*******************************************************************
******        Transfer Mode = 0  I.E.  As Is       ******

******        Transferring Shape, ShapeType = 0                      ******


*******************************************************************
******        Statistics on Transfer (Write)                 ******

*******************************************************************
******        Transfer Mode = 0  I.E.  As Is       ******

******        Transferring Shape, ShapeType = 0                      ******


*******************************************************************
******        Statistics on Transfer (Write)                 ******

*******************************************************************
******        Transfer Mode = 0  I.E.  As Is       ******

******        Transferring Shape, ShapeType = 0                      ******

** WorkSession : Sending all data

 Step File Name : export.step(3955 ents)  Write  Done

    ✔ machines rounded switch cutouts without changing their nominal size (395ms)

*******************************************************************
******        Statistics on Transfer (Write)                 ******

*******************************************************************
******        Transfer Mode = 0  I.E.  As Is       ******

******        Transferring Shape, ShapeType = 0                      ******

** WorkSession : Sending all data

 Step File Name : blob.step(2216 ents)  Write  Done


*******************************************************************
******        Statistics on Transfer (Write)                 ******

*******************************************************************
******        Transfer Mode = 0  I.E.  As Is       ******

******        Transferring Shape, ShapeType = 0                      ******

** WorkSession : Sending all data

 Step File Name : blob.step(3108 ents)  Write  Done


*******************************************************************
******        Statistics on Transfer (Write)                 ******

*******************************************************************
******        Transfer Mode = 0  I.E.  As Is       ******

******        Transferring Shape, ShapeType = 0                      ******

** WorkSession : Sending all data

 Step File Name : blob.step(978 ents)  Write  Done


*******************************************************************
******        Statistics on Transfer (Write)                 ******

*******************************************************************
******        Transfer Mode = 0  I.E.  As Is       ******

******        Transferring Shape, ShapeType = 2                      ******

** WorkSession : Sending all data

 Step File Name : blob.step(350 ents)  Write  Done


*******************************************************************
******        Statistics on Transfer (Write)                 ******

*******************************************************************
******        Transfer Mode = 0  I.E.  As Is       ******

******        Transferring Shape, ShapeType = 2                      ******

** WorkSession : Sending all data

 Step File Name : blob.step(350 ents)  Write  Done


*******************************************************************
******        Statistics on Transfer (Write)                 ******

*******************************************************************
******        Transfer Mode = 0  I.E.  As Is       ******

******        Transferring Shape, ShapeType = 0                      ******


*******************************************************************
******        Statistics on Transfer (Write)                 ******

*******************************************************************
******        Transfer Mode = 0  I.E.  As Is       ******

******        Transferring Shape, ShapeType = 0                      ******


*******************************************************************
******        Statistics on Transfer (Write)                 ******

*******************************************************************
******        Transfer Mode = 0  I.E.  As Is       ******

******        Transferring Shape, ShapeType = 0                      ******


*******************************************************************
******        Statistics on Transfer (Write)                 ******

*******************************************************************
******        Transfer Mode = 0  I.E.  As Is       ******

******        Transferring Shape, ShapeType = 2                      ******


*******************************************************************
******        Statistics on Transfer (Write)                 ******

*******************************************************************
******        Transfer Mode = 0  I.E.  As Is       ******

******        Transferring Shape, ShapeType = 2                      ******

** WorkSession : Sending all data

 Step File Name : export.step(7019 ents)  Write  Done

    ✔ cuts CNC gasket pockets with the requested internal radius (567ms)

*******************************************************************
******        Statistics on Transfer (Write)                 ******

*******************************************************************
******        Transfer Mode = 0  I.E.  As Is       ******

******        Transferring Shape, ShapeType = 0                      ******

** WorkSession : Sending all data

 Step File Name : blob.step(2232 ents)  Write  Done


*******************************************************************
******        Statistics on Transfer (Write)                 ******

*******************************************************************
******        Transfer Mode = 0  I.E.  As Is       ******

******        Transferring Shape, ShapeType = 0                      ******

** WorkSession : Sending all data

 Step File Name : blob.step(2868 ents)  Write  Done


*******************************************************************
******        Statistics on Transfer (Write)                 ******

*******************************************************************
******        Transfer Mode = 0  I.E.  As Is       ******

******        Transferring Shape, ShapeType = 0                      ******

** WorkSession : Sending all data

 Step File Name : blob.step(1298 ents)  Write  Done


*******************************************************************
******        Statistics on Transfer (Write)                 ******

*******************************************************************
******        Transfer Mode = 0  I.E.  As Is       ******

******        Transferring Shape, ShapeType = 2                      ******

** WorkSession : Sending all data

 Step File Name : blob.step(350 ents)  Write  Done


*******************************************************************
******        Statistics on Transfer (Write)                 ******

*******************************************************************
******        Transfer Mode = 0  I.E.  As Is       ******

******        Transferring Shape, ShapeType = 2                      ******

** WorkSession : Sending all data

 Step File Name : blob.step(350 ents)  Write  Done


*******************************************************************
******        Statistics on Transfer (Write)                 ******

*******************************************************************
******        Transfer Mode = 0  I.E.  As Is       ******

******        Transferring Shape, ShapeType = 0                      ******


*******************************************************************
******        Statistics on Transfer (Write)                 ******

*******************************************************************
******        Transfer Mode = 0  I.E.  As Is       ******

******        Transferring Shape, ShapeType = 0                      ******


*******************************************************************
******        Statistics on Transfer (Write)                 ******

*******************************************************************
******        Transfer Mode = 0  I.E.  As Is       ******

******        Transferring Shape, ShapeType = 0                      ******


*******************************************************************
******        Statistics on Transfer (Write)                 ******

*******************************************************************
******        Transfer Mode = 0  I.E.  As Is       ******

******        Transferring Shape, ShapeType = 2                      ******


*******************************************************************
******        Statistics on Transfer (Write)                 ******

*******************************************************************
******        Transfer Mode = 0  I.E.  As Is       ******

******        Transferring Shape, ShapeType = 2                      ******

** WorkSession : Sending all data

 Step File Name : export.step(7115 ents)  Write  Done

    ✔ adapts gasket pockets without a manually configured internal radius (1132ms)

*******************************************************************
******        Statistics on Transfer (Write)                 ******

*******************************************************************
******        Transfer Mode = 0  I.E.  As Is       ******

******        Transferring Shape, ShapeType = 0                      ******

** WorkSession : Sending all data

 Step File Name : blob.step(1312 ents)  Write  Done


*******************************************************************
******        Statistics on Transfer (Write)                 ******

*******************************************************************
******        Transfer Mode = 0  I.E.  As Is       ******

******        Transferring Shape, ShapeType = 0                      ******

** WorkSession : Sending all data

 Step File Name : blob.step(1644 ents)  Write  Done


*******************************************************************
******        Statistics on Transfer (Write)                 ******

*******************************************************************
******        Transfer Mode = 0  I.E.  As Is       ******

******        Transferring Shape, ShapeType = 0                      ******

** WorkSession : Sending all data

 Step File Name : blob.step(666 ents)  Write  Done


*******************************************************************
******        Statistics on Transfer (Write)                 ******

*******************************************************************
******        Transfer Mode = 0  I.E.  As Is       ******

******        Transferring Shape, ShapeType = 0                      ******


*******************************************************************
******        Statistics on Transfer (Write)                 ******

*******************************************************************
******        Transfer Mode = 0  I.E.  As Is       ******

******        Transferring Shape, ShapeType = 0                      ******


*******************************************************************
******        Statistics on Transfer (Write)                 ******

*******************************************************************
******        Transfer Mode = 0  I.E.  As Is       ******

******        Transferring Shape, ShapeType = 0                      ******

** WorkSession : Sending all data

 Step File Name : export.step(3635 ents)  Write  Done

    ✔ reports machining limits without claiming unconfigured features passed (377ms)
    ✔ retains legacy case generation

*******************************************************************
******        Statistics on Transfer (Write)                 ******

*******************************************************************
******        Transfer Mode = 0  I.E.  As Is       ******

******        Transferring Shape, ShapeType = 0                      ******

** WorkSession : Sending all data

 Step File Name : blob.step(2216 ents)  Write  Done


*******************************************************************
******        Statistics on Transfer (Write)                 ******

*******************************************************************
******        Transfer Mode = 0  I.E.  As Is       ******

******        Transferring Shape, ShapeType = 0                      ******

** WorkSession : Sending all data

 Step File Name : blob.step(2548 ents)  Write  Done


*******************************************************************
******        Statistics on Transfer (Write)                 ******

*******************************************************************
******        Transfer Mode = 0  I.E.  As Is       ******

******        Transferring Shape, ShapeType = 0                      ******

** WorkSession : Sending all data

 Step File Name : blob.step(978 ents)  Write  Done


*******************************************************************
******        Statistics on Transfer (Write)                 ******

*******************************************************************
******        Transfer Mode = 0  I.E.  As Is       ******

******        Transferring Shape, ShapeType = 0                      ******

** WorkSession : Sending all data

 Step File Name : blob.step(1320 ents)  Write  Done


*******************************************************************
******        Statistics on Transfer (Write)                 ******

*******************************************************************
******        Transfer Mode = 0  I.E.  As Is       ******

******        Transferring Shape, ShapeType = 0                      ******


*******************************************************************
******        Statistics on Transfer (Write)                 ******

*******************************************************************
******        Transfer Mode = 0  I.E.  As Is       ******

******        Transferring Shape, ShapeType = 0                      ******


*******************************************************************
******        Statistics on Transfer (Write)                 ******

*******************************************************************
******        Transfer Mode = 0  I.E.  As Is       ******

******        Transferring Shape, ShapeType = 0                      ******


*******************************************************************
******        Statistics on Transfer (Write)                 ******

*******************************************************************
******        Transfer Mode = 0  I.E.  As Is       ******

******        Transferring Shape, ShapeType = 0                      ******

** WorkSession : Sending all data

 Step File Name : export.step(7077 ents)  Write  Done

    ✔ shows sleeve solids and preserves wall material around their pockets (528ms)

*******************************************************************
******        Statistics on Transfer (Write)                 ******

*******************************************************************
******        Transfer Mode = 0  I.E.  As Is       ******

******        Transferring Shape, ShapeType = 0                      ******

** WorkSession : Sending all data

 Step File Name : blob.step(1312 ents)  Write  Done


*******************************************************************
******        Statistics on Transfer (Write)                 ******

*******************************************************************
******        Transfer Mode = 0  I.E.  As Is       ******

******        Transferring Shape, ShapeType = 0                      ******

** WorkSession : Sending all data

 Step File Name : blob.step(2298 ents)  Write  Done


*******************************************************************
******        Statistics on Transfer (Write)                 ******

*******************************************************************
******        Transfer Mode = 0  I.E.  As Is       ******

******        Transferring Shape, ShapeType = 0                      ******

** WorkSession : Sending all data

 Step File Name : blob.step(908 ents)  Write  Done


*******************************************************************
******        Statistics on Transfer (Write)                 ******

*******************************************************************
******        Transfer Mode = 0  I.E.  As Is       ******

******        Transferring Shape, ShapeType = 0                      ******


*******************************************************************
******        Statistics on Transfer (Write)                 ******

*******************************************************************
******        Transfer Mode = 0  I.E.  As Is       ******

******        Transferring Shape, ShapeType = 0                      ******


*******************************************************************
******        Statistics on Transfer (Write)                 ******

*******************************************************************
******        Transfer Mode = 0  I.E.  As Is       ******

******        Transferring Shape, ShapeType = 0                      ******

** WorkSession : Sending all data

 Step File Name : export.step(4531 ents)  Write  Done

    ✔ adds a mounting tab and insert pocket to a top-mounted plate (569ms)

*******************************************************************
******        Statistics on Transfer (Write)                 ******

*******************************************************************
******        Transfer Mode = 0  I.E.  As Is       ******

******        Transferring Shape, ShapeType = 0                      ******

** WorkSession : Sending all data

 Step File Name : blob.step(1312 ents)  Write  Done


*******************************************************************
******        Statistics on Transfer (Write)                 ******

*******************************************************************
******        Transfer Mode = 0  I.E.  As Is       ******

******        Transferring Shape, ShapeType = 0                      ******

** WorkSession : Sending all data

 Step File Name : blob.step(2294 ents)  Write  Done


*******************************************************************
******        Statistics on Transfer (Write)                 ******

*******************************************************************
******        Transfer Mode = 0  I.E.  As Is       ******

******        Transferring Shape, ShapeType = 0                      ******

** WorkSession : Sending all data

 Step File Name : blob.step(908 ents)  Write  Done


*******************************************************************
******        Statistics on Transfer (Write)                 ******

*******************************************************************
******        Transfer Mode = 0  I.E.  As Is       ******

******        Transferring Shape, ShapeType = 0                      ******


*******************************************************************
******        Statistics on Transfer (Write)                 ******

*******************************************************************
******        Transfer Mode = 0  I.E.  As Is       ******

******        Transferring Shape, ShapeType = 0                      ******


*******************************************************************
******        Statistics on Transfer (Write)                 ******

*******************************************************************
******        Transfer Mode = 0  I.E.  As Is       ******

******        Transferring Shape, ShapeType = 0                      ******

** WorkSession : Sending all data

 Step File Name : export.step(4527 ents)  Write  Done

    ✔ opens a top-inserted hardware pocket on the declared face (560ms)

*******************************************************************
******        Statistics on Transfer (Write)                 ******

*******************************************************************
******        Transfer Mode = 0  I.E.  As Is       ******

******        Transferring Shape, ShapeType = 0                      ******

** WorkSession : Sending all data

 Step File Name : blob.step(1312 ents)  Write  Done


*******************************************************************
******        Statistics on Transfer (Write)                 ******

*******************************************************************
******        Transfer Mode = 0  I.E.  As Is       ******

******        Transferring Shape, ShapeType = 0                      ******

** WorkSession : Sending all data

 Step File Name : blob.step(1644 ents)  Write  Done


*******************************************************************
******        Statistics on Transfer (Write)                 ******

*******************************************************************
******        Transfer Mode = 0  I.E.  As Is       ******

******        Transferring Shape, ShapeType = 0                      ******

** WorkSession : Sending all data

 Step File Name : blob.step(666 ents)  Write  Done


*******************************************************************
******        Statistics on Transfer (Write)                 ******

*******************************************************************
******        Transfer Mode = 0  I.E.  As Is       ******

******        Transferring Shape, ShapeType = 0                      ******


*******************************************************************
******        Statistics on Transfer (Write)                 ******

*******************************************************************
******        Transfer Mode = 0  I.E.  As Is       ******

******        Transferring Shape, ShapeType = 0                      ******


*******************************************************************
******        Statistics on Transfer (Write)                 ******

*******************************************************************
******        Transfer Mode = 0  I.E.  As Is       ******

******        Transferring Shape, ShapeType = 0                      ******

** WorkSession : Sending all data

 Step File Name : export.step(3635 ents)  Write  Done

    ✔ extends the floor to the datum when front height increases (369ms)

*******************************************************************
******        Statistics on Transfer (Write)                 ******

*******************************************************************
******        Transfer Mode = 0  I.E.  As Is       ******

******        Transferring Shape, ShapeType = 0                      ******

** WorkSession : Sending all data

 Step File Name : blob.step(1326 ents)  Write  Done


*******************************************************************
******        Statistics on Transfer (Write)                 ******

*******************************************************************
******        Transfer Mode = 0  I.E.  As Is       ******

******        Transferring Shape, ShapeType = 0                      ******

** WorkSession : Sending all data

 Step File Name : blob.step(1644 ents)  Write  Done


*******************************************************************
******        Statistics on Transfer (Write)                 ******

*******************************************************************
******        Transfer Mode = 0  I.E.  As Is       ******

******        Transferring Shape, ShapeType = 0                      ******

** WorkSession : Sending all data

 Step File Name : blob.step(666 ents)  Write  Done


*******************************************************************
******        Statistics on Transfer (Write)                 ******

*******************************************************************
******        Transfer Mode = 0  I.E.  As Is       ******

******        Transferring Shape, ShapeType = 0                      ******


*******************************************************************
******        Statistics on Transfer (Write)                 ******

*******************************************************************
******        Transfer Mode = 0  I.E.  As Is       ******

******        Transferring Shape, ShapeType = 0                      ******


*******************************************************************
******        Statistics on Transfer (Write)                 ******

*******************************************************************
******        Transfer Mode = 0  I.E.  As Is       ******

******        Transferring Shape, ShapeType = 0                      ******

** WorkSession : Sending all data

 Step File Name : export.step(3649 ents)  Write  Done

    ✔ keeps the bottom flat while tilting the mechanical stack (391ms)

*******************************************************************
******        Statistics on Transfer (Write)                 ******

*******************************************************************
******        Transfer Mode = 0  I.E.  As Is       ******

******        Transferring Shape, ShapeType = 0                      ******

** WorkSession : Sending all data

 Step File Name : blob.step(10762 ents)  Write  Done


*******************************************************************
******        Statistics on Transfer (Write)                 ******

*******************************************************************
******        Transfer Mode = 0  I.E.  As Is       ******

******        Transferring Shape, ShapeType = 0                      ******

** WorkSession : Sending all data

 Step File Name : blob.step(17302 ents)  Write  Done


*******************************************************************
******        Statistics on Transfer (Write)                 ******

*******************************************************************
******        Transfer Mode = 0  I.E.  As Is       ******

******        Transferring Shape, ShapeType = 0                      ******

** WorkSession : Sending all data

 Step File Name : blob.step(17282 ents)  Write  Done


*******************************************************************
******        Statistics on Transfer (Write)                 ******

*******************************************************************
******        Transfer Mode = 0  I.E.  As Is       ******

******        Transferring Shape, ShapeType = 0                      ******


*******************************************************************
******        Statistics on Transfer (Write)                 ******

*******************************************************************
******        Transfer Mode = 0  I.E.  As Is       ******

******        Transferring Shape, ShapeType = 0                      ******


*******************************************************************
******        Statistics on Transfer (Write)                 ******

*******************************************************************
******        Transfer Mode = 0  I.E.  As Is       ******

******        Transferring Shape, ShapeType = 0                      ******

** WorkSession : Sending all data

 Step File Name : export.step(45359 ents)  Write  Done


*******************************************************************
******        Statistics on Transfer (Write)                 ******

*******************************************************************
******        Transfer Mode = 0  I.E.  As Is       ******

******        Transferring Shape, ShapeType = 0                      ******

** WorkSession : Sending all data

 Step File Name : blob.step(14120 ents)  Write  Done


*******************************************************************
******        Statistics on Transfer (Write)                 ******

*******************************************************************
******        Transfer Mode = 0  I.E.  As Is       ******

******        Transferring Shape, ShapeType = 0                      ******

** WorkSession : Sending all data

 Step File Name : blob.step(20684 ents)  Write  Done


*******************************************************************
******        Statistics on Transfer (Write)                 ******

*******************************************************************
******        Transfer Mode = 0  I.E.  As Is       ******

******        Transferring Shape, ShapeType = 0                      ******

** WorkSession : Sending all data

 Step File Name : blob.step(18530 ents)  Write  Done


*******************************************************************
******        Statistics on Transfer (Write)                 ******

*******************************************************************
******        Transfer Mode = 0  I.E.  As Is       ******

******        Transferring Shape, ShapeType = 2                      ******

** WorkSession : Sending all data

 Step File Name : blob.step(350 ents)  Write  Done


*******************************************************************
******        Statistics on Transfer (Write)                 ******

*******************************************************************
******        Transfer Mode = 0  I.E.  As Is       ******

******        Transferring Shape, ShapeType = 2                      ******

** WorkSession : Sending all data

 Step File Name : blob.step(350 ents)  Write  Done


*******************************************************************
******        Statistics on Transfer (Write)                 ******

*******************************************************************
******        Transfer Mode = 0  I.E.  As Is       ******

******        Transferring Shape, ShapeType = 2                      ******

** WorkSession : Sending all data

 Step File Name : blob.step(350 ents)  Write  Done


*******************************************************************
******        Statistics on Transfer (Write)                 ******

*******************************************************************
******        Transfer Mode = 0  I.E.  As Is       ******

******        Transferring Shape, ShapeType = 2                      ******

** WorkSession : Sending all data

 Step File Name : blob.step(350 ents)  Write  Done


*******************************************************************
******        Statistics on Transfer (Write)                 ******

*******************************************************************
******        Transfer Mode = 0  I.E.  As Is       ******

******        Transferring Shape, ShapeType = 2                      ******

** WorkSession : Sending all data

 Step File Name : blob.step(350 ents)  Write  Done


*******************************************************************
******        Statistics on Transfer (Write)                 ******

*******************************************************************
******        Transfer Mode = 0  I.E.  As Is       ******

******        Transferring Shape, ShapeType = 2                      ******

** WorkSession : Sending all data

 Step File Name : blob.step(350 ents)  Write  Done


*******************************************************************
******        Statistics on Transfer (Write)                 ******

*******************************************************************
******        Transfer Mode = 0  I.E.  As Is       ******

******        Transferring Shape, ShapeType = 2                      ******

** WorkSession : Sending all data

 Step File Name : blob.step(350 ents)  Write  Done


*******************************************************************
******        Statistics on Transfer (Write)                 ******

*******************************************************************
******        Transfer Mode = 0  I.E.  As Is       ******

******        Transferring Shape, ShapeType = 2                      ******

** WorkSession : Sending all data

 Step File Name : blob.step(350 ents)  Write  Done


*******************************************************************
******        Statistics on Transfer (Write)                 ******

*******************************************************************
******        Transfer Mode = 0  I.E.  As Is       ******

******        Transferring Shape, ShapeType = 0                      ******

** WorkSession : Sending all data

 Step File Name : blob.step(6854 ents)  Write  Done


*******************************************************************
******        Statistics on Transfer (Write)                 ******

*******************************************************************
******        Transfer Mode = 0  I.E.  As Is       ******

******        Transferring Shape, ShapeType = 0                      ******


*******************************************************************
******        Statistics on Transfer (Write)                 ******

*******************************************************************
******        Transfer Mode = 0  I.E.  As Is       ******

******        Transferring Shape, ShapeType = 0                      ******


*******************************************************************
******        Statistics on Transfer (Write)                 ******

*******************************************************************
******        Transfer Mode = 0  I.E.  As Is       ******

******        Transferring Shape, ShapeType = 0                      ******


*******************************************************************
******        Statistics on Transfer (Write)                 ******

*******************************************************************
******        Transfer Mode = 0  I.E.  As Is       ******

******        Transferring Shape, ShapeType = 2                      ******


*******************************************************************
******        Statistics on Transfer (Write)                 ******

*******************************************************************
******        Transfer Mode = 0  I.E.  As Is       ******

******        Transferring Shape, ShapeType = 2                      ******


*******************************************************************
******        Statistics on Transfer (Write)                 ******

*******************************************************************
******        Transfer Mode = 0  I.E.  As Is       ******

******        Transferring Shape, ShapeType = 2                      ******


*******************************************************************
******        Statistics on Transfer (Write)                 ******

*******************************************************************
******        Transfer Mode = 0  I.E.  As Is       ******

******        Transferring Shape, ShapeType = 2                      ******


*******************************************************************
******        Statistics on Transfer (Write)                 ******

*******************************************************************
******        Transfer Mode = 0  I.E.  As Is       ******

******        Transferring Shape, ShapeType = 2                      ******


*******************************************************************
******        Statistics on Transfer (Write)                 ******

*******************************************************************
******        Transfer Mode = 0  I.E.  As Is       ******

******        Transferring Shape, ShapeType = 2                      ******


*******************************************************************
******        Statistics on Transfer (Write)                 ******

*******************************************************************
******        Transfer Mode = 0  I.E.  As Is       ******

******        Transferring Shape, ShapeType = 2                      ******


*******************************************************************
******        Statistics on Transfer (Write)                 ******

*******************************************************************
******        Transfer Mode = 0  I.E.  As Is       ******

******        Transferring Shape, ShapeType = 2                      ******


*******************************************************************
******        Statistics on Transfer (Write)                 ******

*******************************************************************
******        Transfer Mode = 0  I.E.  As Is       ******

******        Transferring Shape, ShapeType = 0                      ******

** WorkSession : Sending all data

 Step File Name : export.step(63019 ents)  Write  Done


*******************************************************************
******        Statistics on Transfer (Write)                 ******

*******************************************************************
******        Transfer Mode = 0  I.E.  As Is       ******

******        Transferring Shape, ShapeType = 0                      ******

** WorkSession : Sending all data

 Step File Name : blob.step(14906 ents)  Write  Done

Warning: 1 face has been skipped due to null triangulation

*******************************************************************
******        Statistics on Transfer (Write)                 ******

*******************************************************************
******        Transfer Mode = 0  I.E.  As Is       ******

******        Transferring Shape, ShapeType = 0                      ******

** WorkSession : Sending all data

 Step File Name : blob.step(21060 ents)  Write  Done


*******************************************************************
******        Statistics on Transfer (Write)                 ******

*******************************************************************
******        Transfer Mode = 0  I.E.  As Is       ******

******        Transferring Shape, ShapeType = 0                      ******

** WorkSession : Sending all data

 Step File Name : blob.step(18530 ents)  Write  Done


*******************************************************************
******        Statistics on Transfer (Write)                 ******

*******************************************************************
******        Transfer Mode = 0  I.E.  As Is       ******

******        Transferring Shape, ShapeType = 2                      ******

** WorkSession : Sending all data

 Step File Name : blob.step(350 ents)  Write  Done


*******************************************************************
******        Statistics on Transfer (Write)                 ******

*******************************************************************
******        Transfer Mode = 0  I.E.  As Is       ******

******        Transferring Shape, ShapeType = 2                      ******

** WorkSession : Sending all data

 Step File Name : blob.step(350 ents)  Write  Done


*******************************************************************
******        Statistics on Transfer (Write)                 ******

*******************************************************************
******        Transfer Mode = 0  I.E.  As Is       ******

******        Transferring Shape, ShapeType = 2                      ******

** WorkSession : Sending all data

 Step File Name : blob.step(350 ents)  Write  Done


*******************************************************************
******        Statistics on Transfer (Write)                 ******

*******************************************************************
******        Transfer Mode = 0  I.E.  As Is       ******

******        Transferring Shape, ShapeType = 2                      ******

** WorkSession : Sending all data

 Step File Name : blob.step(350 ents)  Write  Done


*******************************************************************
******        Statistics on Transfer (Write)                 ******

*******************************************************************
******        Transfer Mode = 0  I.E.  As Is       ******

******        Transferring Shape, ShapeType = 2                      ******

** WorkSession : Sending all data

 Step File Name : blob.step(350 ents)  Write  Done


*******************************************************************
******        Statistics on Transfer (Write)                 ******

*******************************************************************
******        Transfer Mode = 0  I.E.  As Is       ******

******        Transferring Shape, ShapeType = 2                      ******

** WorkSession : Sending all data

 Step File Name : blob.step(350 ents)  Write  Done


*******************************************************************
******        Statistics on Transfer (Write)                 ******

*******************************************************************
******        Transfer Mode = 0  I.E.  As Is       ******

******        Transferring Shape, ShapeType = 2                      ******

** WorkSession : Sending all data

 Step File Name : blob.step(350 ents)  Write  Done


*******************************************************************
******        Statistics on Transfer (Write)                 ******

*******************************************************************
******        Transfer Mode = 0  I.E.  As Is       ******

******        Transferring Shape, ShapeType = 2                      ******

** WorkSession : Sending all data

 Step File Name : blob.step(350 ents)  Write  Done


*******************************************************************
******        Statistics on Transfer (Write)                 ******

*******************************************************************
******        Transfer Mode = 0  I.E.  As Is       ******

******        Transferring Shape, ShapeType = 0                      ******

** WorkSession : Sending all data

 Step File Name : blob.step(208 ents)  Write  Done


*******************************************************************
******        Statistics on Transfer (Write)                 ******

*******************************************************************
******        Transfer Mode = 0  I.E.  As Is       ******

******        Transferring Shape, ShapeType = 0                      ******

** WorkSession : Sending all data

 Step File Name : blob.step(208 ents)  Write  Done


*******************************************************************
******        Statistics on Transfer (Write)                 ******

*******************************************************************
******        Transfer Mode = 0  I.E.  As Is       ******

******        Transferring Shape, ShapeType = 0                      ******

** WorkSession : Sending all data

 Step File Name : blob.step(208 ents)  Write  Done


*******************************************************************
******        Statistics on Transfer (Write)                 ******

*******************************************************************
******        Transfer Mode = 0  I.E.  As Is       ******

******        Transferring Shape, ShapeType = 0                      ******

** WorkSession : Sending all data

 Step File Name : blob.step(208 ents)  Write  Done


*******************************************************************
******        Statistics on Transfer (Write)                 ******

*******************************************************************
******        Transfer Mode = 0  I.E.  As Is       ******

******        Transferring Shape, ShapeType = 0                      ******

** WorkSession : Sending all data

 Step File Name : blob.step(6854 ents)  Write  Done


*******************************************************************
******        Statistics on Transfer (Write)                 ******

*******************************************************************
******        Transfer Mode = 0  I.E.  As Is       ******

******        Transferring Shape, ShapeType = 0                      ******


*******************************************************************
******        Statistics on Transfer (Write)                 ******

*******************************************************************
******        Transfer Mode = 0  I.E.  As Is       ******

******        Transferring Shape, ShapeType = 0                      ******


*******************************************************************
******        Statistics on Transfer (Write)                 ******

*******************************************************************
******        Transfer Mode = 0  I.E.  As Is       ******

******        Transferring Shape, ShapeType = 0                      ******


*******************************************************************
******        Statistics on Transfer (Write)                 ******

*******************************************************************
******        Transfer Mode = 0  I.E.  As Is       ******

******        Transferring Shape, ShapeType = 2                      ******


*******************************************************************
******        Statistics on Transfer (Write)                 ******

*******************************************************************
******        Transfer Mode = 0  I.E.  As Is       ******

******        Transferring Shape, ShapeType = 2                      ******


*******************************************************************
******        Statistics on Transfer (Write)                 ******

*******************************************************************
******        Transfer Mode = 0  I.E.  As Is       ******

******        Transferring Shape, ShapeType = 2                      ******


*******************************************************************
******        Statistics on Transfer (Write)                 ******

*******************************************************************
******        Transfer Mode = 0  I.E.  As Is       ******

******        Transferring Shape, ShapeType = 2                      ******


*******************************************************************
******        Statistics on Transfer (Write)                 ******

*******************************************************************
******        Transfer Mode = 0  I.E.  As Is       ******

******        Transferring Shape, ShapeType = 2                      ******


*******************************************************************
******        Statistics on Transfer (Write)                 ******

*******************************************************************
******        Transfer Mode = 0  I.E.  As Is       ******

******        Transferring Shape, ShapeType = 2                      ******


*******************************************************************
******        Statistics on Transfer (Write)                 ******

*******************************************************************
******        Transfer Mode = 0  I.E.  As Is       ******

******        Transferring Shape, ShapeType = 2                      ******


*******************************************************************
******        Statistics on Transfer (Write)                 ******

*******************************************************************
******        Transfer Mode = 0  I.E.  As Is       ******

******        Transferring Shape, ShapeType = 2                      ******


*******************************************************************
******        Statistics on Transfer (Write)                 ******

*******************************************************************
******        Transfer Mode = 0  I.E.  As Is       ******

******        Transferring Shape, ShapeType = 0                      ******


*******************************************************************
******        Statistics on Transfer (Write)                 ******

*******************************************************************
******        Transfer Mode = 0  I.E.  As Is       ******

******        Transferring Shape, ShapeType = 0                      ******


*******************************************************************
******        Statistics on Transfer (Write)                 ******

*******************************************************************
******        Transfer Mode = 0  I.E.  As Is       ******

******        Transferring Shape, ShapeType = 0                      ******


*******************************************************************
******        Statistics on Transfer (Write)                 ******

*******************************************************************
******        Transfer Mode = 0  I.E.  As Is       ******

******        Transferring Shape, ShapeType = 0                      ******


*******************************************************************
******        Statistics on Transfer (Write)                 ******

*******************************************************************
******        Transfer Mode = 0  I.E.  As Is       ******

******        Transferring Shape, ShapeType = 0                      ******

** WorkSession : Sending all data

 Step File Name : export.step(65021 ents)  Write  Done

    ✔ builds the complete BHK boundary as valid solids (54527ms)

  Guided enclosure construction

*******************************************************************
******        Statistics on Transfer (Write)                 ******

*******************************************************************
******        Transfer Mode = 0  I.E.  As Is       ******

******        Transferring Shape, ShapeType = 0                      ******

** WorkSession : Sending all data

 Step File Name : blob.step(2216 ents)  Write  Done


*******************************************************************
******        Statistics on Transfer (Write)                 ******

*******************************************************************
******        Transfer Mode = 0  I.E.  As Is       ******

******        Transferring Shape, ShapeType = 0                      ******

** WorkSession : Sending all data

 Step File Name : blob.step(3912 ents)  Write  Done


*******************************************************************
******        Statistics on Transfer (Write)                 ******

*******************************************************************
******        Transfer Mode = 0  I.E.  As Is       ******

******        Transferring Shape, ShapeType = 0                      ******

** WorkSession : Sending all data

 Step File Name : blob.step(978 ents)  Write  Done


*******************************************************************
******        Statistics on Transfer (Write)                 ******

*******************************************************************
******        Transfer Mode = 0  I.E.  As Is       ******

******        Transferring Shape, ShapeType = 0                      ******

** WorkSession : Sending all data

 Step File Name : blob.step(3518 ents)  Write  Done


*******************************************************************
******        Statistics on Transfer (Write)                 ******

*******************************************************************
******        Transfer Mode = 0  I.E.  As Is       ******

******        Transferring Shape, ShapeType = 2                      ******

** WorkSession : Sending all data

 Step File Name : blob.step(350 ents)  Write  Done


*******************************************************************
******        Statistics on Transfer (Write)                 ******

*******************************************************************
******        Transfer Mode = 0  I.E.  As Is       ******

******        Transferring Shape, ShapeType = 2                      ******

** WorkSession : Sending all data

 Step File Name : blob.step(350 ents)  Write  Done


*******************************************************************
******        Statistics on Transfer (Write)                 ******

*******************************************************************
******        Transfer Mode = 0  I.E.  As Is       ******

******        Transferring Shape, ShapeType = 0                      ******


*******************************************************************
******        Statistics on Transfer (Write)                 ******

*******************************************************************
******        Transfer Mode = 0  I.E.  As Is       ******

******        Transferring Shape, ShapeType = 0                      ******


*******************************************************************
******        Statistics on Transfer (Write)                 ******

*******************************************************************
******        Transfer Mode = 0  I.E.  As Is       ******

******        Transferring Shape, ShapeType = 0                      ******


*******************************************************************
******        Statistics on Transfer (Write)                 ******

*******************************************************************
******        Transfer Mode = 0  I.E.  As Is       ******

******        Transferring Shape, ShapeType = 0                      ******


*******************************************************************
******        Statistics on Transfer (Write)                 ******

*******************************************************************
******        Transfer Mode = 0  I.E.  As Is       ******

******        Transferring Shape, ShapeType = 2                      ******


*******************************************************************
******        Statistics on Transfer (Write)                 ******

*******************************************************************
******        Transfer Mode = 0  I.E.  As Is       ******

******        Transferring Shape, ShapeType = 2                      ******

** WorkSession : Sending all data

 Step File Name : export.step(11343 ents)  Write  Done

    ✔ exports a connected middle frame and separate top cover (915ms)

*******************************************************************
******        Statistics on Transfer (Write)                 ******

*******************************************************************
******        Transfer Mode = 0  I.E.  As Is       ******

******        Transferring Shape, ShapeType = 0                      ******

** WorkSession : Sending all data

 Step File Name : blob.step(1490 ents)  Write  Done


*******************************************************************
******        Statistics on Transfer (Write)                 ******

*******************************************************************
******        Transfer Mode = 0  I.E.  As Is       ******

******        Transferring Shape, ShapeType = 0                      ******

** WorkSession : Sending all data

 Step File Name : blob.step(1734 ents)  Write  Done


*******************************************************************
******        Statistics on Transfer (Write)                 ******

*******************************************************************
******        Transfer Mode = 0  I.E.  As Is       ******

******        Transferring Shape, ShapeType = 0                      ******

** WorkSession : Sending all data

 Step File Name : blob.step(666 ents)  Write  Done


*******************************************************************
******        Statistics on Transfer (Write)                 ******

*******************************************************************
******        Transfer Mode = 0  I.E.  As Is       ******

******        Transferring Shape, ShapeType = 0                      ******


*******************************************************************
******        Statistics on Transfer (Write)                 ******

*******************************************************************
******        Transfer Mode = 0  I.E.  As Is       ******

******        Transferring Shape, ShapeType = 0                      ******


*******************************************************************
******        Statistics on Transfer (Write)                 ******

*******************************************************************
******        Transfer Mode = 0  I.E.  As Is       ******

******        Transferring Shape, ShapeType = 0                      ******

** WorkSession : Sending all data

 Step File Name : export.step(3903 ents)  Write  Done

    ✔ cuts a screw clearance bore and head access separately from an M3 receiver (460ms)

  Enclosure analysis before solids
    ✔ offers a complete mounting set without any contacts or CAD initialization (395ms)
    ✔ reports missing mounting as a repairable finding while retaining the outline (350ms)
    ✔ keeps a disconnected outline visible and reports the invalid case boundary (230ms)

  CNC switch engagement
    ✔ relieves corners without removing the nominal switch opening (794ms)

  Gasket support spans
    ✔ keeps flat contacts clear of short steps and curved corners

  Parametric designs
    ✔ publishes profiles to the existing outline and case pipeline (76ms)
    ✔ follows rotated, nonstandard keys and formula spacing (105ms)
    ✔ keeps mirrored halves separate during gap closing (114ms)
    ✔ rejects missing references, cycles and output collisions with feature paths (92ms)
    ✔ rejects recesses that remove occupied area (44ms)
    ✔ preserves holes from existing outlines

  Design offset regression
    ✔ expands rounded profiles farther than their original corner radius

  Design rejection diagnostics
    ✔ names excessive smoothing and disconnected profile failures (70ms)

  Design sketch solver
    ✔ solves fixed dimensions and produces repeatable results
    ✔ rejects impossible fixed constraints and missing named points
    ✔ reports flexible adjustments and rejects out-of-range relaxation
Sketcher::RedundantSolving-DogLeg-

Sketcher Redundant solving: 1 redundants

    ✔ constrains a cubic tangent at a named endpoint
    ✔ solves tangency between circles and exposes measured dimensions
    ✔ exports a closed cubic Bézier sketch with bounded chord error

  Design assemblies
    ✔ compiles plate into separate existing case operations
    ✔ compiles tray into separate existing case operations
    ✔ compiles stacked into separate existing case operations
    ✔ compiles gasket into separate existing case operations
    ✔ rejects posts outside the enclosure and colliding component envelopes
    ✔ suggests gasket tabs along clear edges with editable anchors (53ms)
    ✔ returns repeatable suggestions without silently installing mounts

  Board inventory
    ✔ reads board outline, thickness, flipped switch and model transforms
    ✔ does not infer an unknown component height
    ✔ changes only the chosen model association and preserves pad/net text

  Assert
    ✔ mathnum
    ✔ assert
    ✔ type
    ✔ sane
    ✔ unexpected
    ✔ in
    ✔ arr

  Anchor
    ✔ params
    ✔ recursive
    ✔ aggregate
    ✔ intersect
    ✔ shift
    ✔ orient
    ✔ rotate
    ✔ affect
    ✔ resist
    ✔ string
    ✔ array

  Points
    ✔ units
    ✔ samename
    ✔ rotations
    ✔ overrides
    ✔ mirrors
    ✔ mirror variable
    ✔ default
    ✔ basic 2x2
    ✔ autobind
    ✔ adjustments

  Outlines
    ✔ rectangles
    ✔ polygons
    ✔ path
    ✔ outlines
    ✔ hull
    ✔ expand
    ✔ circles
    ✔ binding
    ✔ basic
    ✔ affect mirror

  Cases
    ✔ operations
    ✔ cube

  Pcbs
    ✔ references
    ✔ outlines
    ✔ mock template
    ✔ mock footprints
    ✔ kicad8 template

  Footprints
    ✔ trrs
    ✔ rest
    ✔ promicro
    ✔ pad
    ✔ mx
    ✔ diode
    ✔ chocmini
    ✔ choc
    ✔ button


  335 passing (4m)

$ pnpm --dir footprints test
$ node scripts/inventory.test.mjs && node scripts/defaultModels.test.mjs && node scripts/verify.mjs && node scripts/coverage.mjs --check && node scripts/smdModels.test.mjs && node scripts/jstModels.test.mjs && node scripts/mxModels.test.mjs && node scripts/resetTht.test.mjs && node scripts/superminiModels.test.mjs && node scripts/niceviewModels.test.mjs && node scripts/nanoAngles.test.mjs && node scripts/gateronModels.test.mjs && node scripts/trackpointModels.test.mjs && node scripts/chocModels.test.mjs && node scripts/chocV2Models.test.mjs && node scripts/chocStabilizers.test.mjs && node scripts/encoderDrills.test.mjs && node scripts/modelPaths.test.mjs
{
  "footprints": {
    "missing": [],
    "changed": []
  },
  "models": {
    "missing": [],
    "changed": []
  },
  "invalidKeys": [],
  "unlisted": {
    "ceoloide": [],
    "infused-kim": [],
    "models": []
  },
  "invalidCandidates": [],
  "mappingsUnverified": true,
  "nonphysical": 9
}
Verified 45 model path tokens
$ pnpm --dir app test:release
$ node --test scripts/tests/*.test.cjs
✔ resolves engine and footprints from the shared workspace lockfile (45.663614ms)
✔ default adapters emit portable models without changing copper or nets (776.55596ms)
✔ new releases cannot reuse the old dependency cache (152.173716ms)
✔ revisioned viewer requests use the current precache (20.164704ms)
✔ offline assets resolve under /boardstudio/ (12.516504ms)
✔ offline assets resolve under /custom/ (11.118853ms)
✔ production assets and router share the Pages path (91.533236ms)
✔ legacy preview channel preserves its storage identity (19.465186ms)
✔ browser tests serve the production artifact without reusing a server (16.684791ms)
✔ configured asset and router base overrides remain supported (21.594568ms)
✔ production converts CommonJS workspace engine modules (20.017092ms)
✔ exposes the Infused-Kim diode under its library namespace (2.275475ms)
✔ only explicit KiCad 5 produces the legacy warning (97.123147ms)
✔ Infused-Kim point debugger emits parseable reference text (1.629975ms)
✔ CI verifies the whole workspace without deployment or package publication (5.267498ms)
✔ stages verified modular sources and preserves native files (3.248497ms)
✔ rejects unlisted files before changing output (1.100996ms)
✔ rejects modified files before changing output (0.760345ms)
✔ stages a linked generator without changing its source (3.946185ms)
✔ builds outside the workspace using the resolved Rollup executable (55.956469ms)
ℹ tests 20
ℹ suites 0
ℹ pass 20
ℹ fail 0
ℹ cancelled 0
ℹ skipped 0
ℹ todo 0
ℹ duration_ms 1375.536188
$ pnpm --dir app precommit
$ pnpm format && pnpm lint && pnpm typecheck && pnpm test:footprints && pnpm test:unit
$ prettier --write "*.{js,ts,json,md}" "{src,e2e,patch}/**/*.{ts,tsx,js,jsx,json,css,md}"
.markdownlint.json 20ms (unchanged)
AGENTS.md 34ms
CAD-WORKSPACE-VALIDATION.md 22ms (unchanged)
CAD-WORKSPACE.md 16ms (unchanged)
CASE-DESIGNER-VALIDATION.md 10ms (unchanged)
CHANGELOG.md 168ms (unchanged)
design-qa.md 27ms (unchanged)
DESIGN.md 41ms (unchanged)
DEVELOPMENT.md 175ms (unchanged)
ENCLOSURES.md 14ms (unchanged)
package.json 4ms (unchanged)
playwright.config.ts 40ms (unchanged)
PRODUCT.md 4ms (unchanged)
README.md 1ms (unchanged)
RELEASE-KICAD10.md 9ms (unchanged)
tsconfig.json 2ms (unchanged)
vitest.config.ts 3ms (unchanged)
e2e/app.spec.ts 11ms (unchanged)
e2e/bhk-matrix.spec.ts 20ms (unchanged)
e2e/bhk.spec.ts 14ms (unchanged)
e2e/bundled-model-export.spec.ts 26ms (unchanged)
e2e/debug.spec.ts 2ms (unchanged)
e2e/default-model-assembly.spec.ts 18ms (unchanged)
e2e/designs.spec.ts 18ms (unchanged)
e2e/enclosures.spec.ts 30ms (unchanged)
e2e/ergogen.spec.ts 10ms (unchanged)
e2e/fixtures/footprint-library/LICENSE.md 5ms (unchanged)
e2e/fixtures/footprint-library/model-volumes.json 3ms (unchanged)
e2e/fixtures/footprint-library/README.md 3ms (unchanged)
e2e/fixtures/gasket-case.ts 1ms (unchanged)
e2e/fixtures/native-grid.ts 1ms (unchanged)
e2e/footprint-library.spec.ts 31ms (unchanged)
e2e/gasket-plan.spec.ts 22ms (unchanged)
e2e/github-loading.spec.ts 19ms (unchanged)
e2e/guided-case.spec.ts 34ms (unchanged)
e2e/icons.spec.ts 8ms (unchanged)
e2e/inspector-preview.spec.ts 9ms (unchanged)
e2e/inspector-resize.spec.ts 14ms (unchanged)
e2e/inspector-style.spec.ts 8ms (unchanged)
e2e/kicad10.spec.ts 11ms (unchanged)
e2e/layout-redesign.spec.ts 13ms (unchanged)
e2e/layout-units.spec.ts 28ms (unchanged)
e2e/model-worker.spec.ts 24ms (unchanged)
e2e/native-layout.spec.ts 33ms (unchanged)
e2e/native-regressions.spec.ts 18ms (unchanged)
e2e/offline.spec.ts 9ms (unchanged)
e2e/outline-recovery.spec.ts 9ms (unchanged)
e2e/responsive.spec.ts 2ms (unchanged)
e2e/routing.spec.ts 5ms (unchanged)
e2e/settings-consolidation.spec.ts 23ms (unchanged)
e2e/snapping-disclosure.spec.ts 14ms (unchanged)
e2e/studio-continuous.spec.ts 34ms (unchanged)
e2e/studio-performance.spec.ts 20ms (unchanged)
e2e/studio-settings-and-svg.spec.ts 4ms (unchanged)
e2e/studio-workflow.spec.ts 12ms (unchanged)
e2e/utils/githubMocks.ts 11ms (unchanged)
e2e/utils/screenshots.ts 4ms (unchanged)
e2e/utils/studio.ts 8ms (unchanged)
e2e/utils/studioPerformance.ts 11ms (unchanged)
e2e/utils/studioPerformanceProbe.ts 7ms (unchanged)
e2e/workbench-layout.spec.ts 7ms (unchanged)
e2e/workbench-status.spec.ts 5ms (unchanged)
e2e/workbench.spec.ts 10ms (unchanged)
patch/AGENTS.md 5ms
patch/footprints_index.js 8ms (unchanged)
patch/kicanvas/LICENSE.md 3ms (unchanged)
patch/kicanvas/README.md 2ms (unchanged)
patch/stage_ergogen.js 6ms (unchanged)
patch/stage_footprints.js 3ms (unchanged)
src/App.test.tsx 15ms (unchanged)
src/App.tsx 48ms (unchanged)
src/atoms/Button.test.tsx 8ms (unchanged)
src/atoms/Button.tsx 14ms (unchanged)
src/atoms/CodebergIcon.tsx 3ms (unchanged)
src/atoms/DevChip.test.tsx 6ms (unchanged)
src/atoms/DevChip.tsx 15ms (unchanged)
src/atoms/DiscordIcon.tsx 1ms (unchanged)
src/atoms/DownloadRow.tsx 15ms (unchanged)
src/atoms/ForgejoIcon.tsx 2ms (unchanged)
src/atoms/GenOption.test.tsx 3ms (unchanged)
src/atoms/GenOption.tsx 11ms (unchanged)
src/atoms/GithubIcon.tsx 1ms (unchanged)
src/atoms/GrowButton.tsx 3ms (unchanged)
src/atoms/Header.test.tsx 12ms (unchanged)
src/atoms/Header.tsx 38ms (unchanged)
src/atoms/Icon.tsx 4ms (unchanged)
src/atoms/InjectionRow.test.tsx 6ms (unchanged)
src/atoms/InjectionRow.tsx 10ms (unchanged)
src/atoms/Input.tsx 4ms (unchanged)
src/atoms/InstallChip.test.tsx 3ms (unchanged)
src/atoms/InstallChip.tsx 5ms (unchanged)
src/atoms/LoadingBar.test.tsx 2ms (unchanged)
src/atoms/LoadingBar.tsx 3ms (unchanged)
src/atoms/OfflineOption.test.tsx 4ms (unchanged)
src/atoms/OfflineOption.tsx 7ms (unchanged)
src/atoms/OutlineIconButton.tsx 4ms (unchanged)
src/atoms/PcbPreview.test.tsx 5ms (unchanged)
src/atoms/PcbPreview.tsx 5ms (unchanged)
src/atoms/PreviewLoader.test.tsx 2ms (unchanged)
src/atoms/PreviewLoader.tsx 8ms (unchanged)
src/atoms/SettingsLayout.tsx 4ms (unchanged)
src/atoms/StlPreview.test.tsx 12ms (unchanged)
src/atoms/StlPreview.tsx 28ms (unchanged)
src/atoms/SvgPreview.tsx 4ms (unchanged)
src/atoms/TextPreview.test.tsx 1ms (unchanged)
src/atoms/TextPreview.tsx 2ms (unchanged)
src/atoms/Title.tsx 2ms (unchanged)
src/atoms/UpdateChip.test.tsx 4ms (unchanged)
src/atoms/UpdateChip.tsx 6ms (unchanged)
src/catalogue/footprints.json 3ms (unchanged)
src/context/ConfigContext.test.tsx 95ms (unchanged)
src/context/ConfigContext.tsx 92ms (unchanged)
src/context/constants.ts 2ms (unchanged)
src/context/ProjectSession.test.tsx 20ms (unchanged)
src/ergogen.d.ts 2ms (unchanged)
src/Ergogen.test.tsx 12ms (unchanged)
src/Ergogen.tsx 43ms (unchanged)
src/examples/bhk-layout.json 8ms (unchanged)
src/examples/bhk.test.ts 8ms (unchanged)
src/examples/bhk.ts 1ms (unchanged)
src/examples/columns.ts 1ms (unchanged)
src/examples/constrained.ts 1ms (unchanged)
src/examples/imported-pcb.ts 1ms (unchanged)
src/examples/index.test.ts 5ms (unchanged)
src/examples/index.ts 2ms (unchanged)
src/examples/physical-stack.ts 1ms (unchanged)
src/examples/split.ts 1ms (unchanged)
src/examples/starter.ts 1ms (unchanged)
src/examples/thumbs.ts 1ms (unchanged)
src/gtag.d.ts 1ms (unchanged)
src/hooks/useBundledPreviews.test.ts 7ms (unchanged)
src/hooks/useBundledPreviews.ts 5ms (unchanged)
src/hooks/useCasePreview.test.ts 25ms (unchanged)
src/hooks/useCasePreview.ts 11ms (unchanged)
src/hooks/useConfigLoader.ts 4ms (unchanged)
src/hooks/useFootprintLibrary.ts 1ms (unchanged)
src/hooks/useInjectionConflictResolution.test.ts 3ms (unchanged)
src/hooks/useInjectionConflictResolution.ts 12ms (unchanged)
src/hooks/useProjectMode.ts 2ms (unchanged)
src/hooks/useServiceWorkerUpdate.test.ts 8ms (unchanged)
src/hooks/useSnapOptions.tsx 2ms (unchanged)
src/hooks/useStudio.test.ts 9ms (unchanged)
src/hooks/useStudio.ts 9ms (unchanged)
src/index.tsx 4ms (unchanged)
src/jscad.d.ts 0ms (unchanged)
src/kicanvas.d.ts 1ms (unchanged)
src/molecules/AssemblyPreview.test.tsx 2ms (unchanged)
src/molecules/AssemblyPreview.tsx 13ms (unchanged)
src/molecules/AssemblyScopePanel.tsx 8ms (unchanged)
src/molecules/AssemblyTree.test.tsx 3ms (unchanged)
src/molecules/AssemblyTree.tsx 14ms (unchanged)
src/molecules/BoardStudio.test.tsx 37ms (unchanged)
src/molecules/BoardStudio.tsx 75ms (unchanged)
src/molecules/BulkDownloadDialog.test.tsx 8ms (unchanged)
src/molecules/BulkDownloadDialog.tsx 36ms (unchanged)
src/molecules/CanvasTools.tsx 11ms (unchanged)
src/molecules/CaseComponents.test.tsx 10ms (unchanged)
src/molecules/CaseComponents.tsx 33ms (unchanged)
src/molecules/CaseControlHelp.test.tsx 4ms (unchanged)
src/molecules/CaseControlHelp.tsx 9ms (unchanged)
src/molecules/CaseField.tsx 14ms (unchanged)
src/molecules/CaseModelInset.test.tsx 8ms (unchanged)
src/molecules/CaseModelInset.tsx 11ms (unchanged)
src/molecules/CasePlanPreview.test.tsx 9ms (unchanged)
src/molecules/CasePlanPreview.tsx 46ms (unchanged)
src/molecules/CaseReview.tsx 5ms (unchanged)
src/molecules/CaseWizard.test.tsx 20ms (unchanged)
src/molecules/CaseWizard.tsx 116ms (unchanged)
src/molecules/ClusterTree.tsx 16ms (unchanged)
src/molecules/ColumnInspector.tsx 11ms (unchanged)
src/molecules/ConfigEditor.test.tsx 3ms (unchanged)
src/molecules/ConfigEditor.tsx 6ms (unchanged)
src/molecules/ConflictResolutionDialog.test.tsx 6ms (unchanged)
src/molecules/ConflictResolutionDialog.tsx 14ms (unchanged)
src/molecules/DesignSetupPanel.tsx 19ms (unchanged)
src/molecules/DesignView.test.tsx 5ms (unchanged)
src/molecules/DesignView.tsx 40ms (unchanged)
src/molecules/DesignWorkspace.tsx 4ms (unchanged)
src/molecules/DimensionField.test.tsx 4ms (unchanged)
src/molecules/DimensionField.tsx 8ms (unchanged)
src/molecules/Downloads.test.tsx 9ms (unchanged)
src/molecules/Downloads.tsx 11ms (unchanged)
src/molecules/FilePreview.tsx 7ms (unchanged)
src/molecules/FootprintCanvas.tsx 20ms (unchanged)
src/molecules/FootprintLibrary.test.tsx 6ms (unchanged)
src/molecules/FootprintLibrary.tsx 68ms (unchanged)
src/molecules/GithubVersionButton.tsx 8ms (unchanged)
src/molecules/InjectionEditor.tsx 3ms (unchanged)
src/molecules/Injections.test.tsx 3ms (unchanged)
src/molecules/Injections.tsx 24ms (unchanged)
src/molecules/InspectorSection.tsx 2ms (unchanged)
src/molecules/LayoutDefaults.tsx 4ms (unchanged)
src/molecules/LayoutView.tsx 20ms (unchanged)
src/molecules/ModelEditor.test.tsx 10ms (unchanged)
src/molecules/ModelEditor.tsx 20ms (unchanged)
src/molecules/NativeCaseObjects.tsx 7ms (unchanged)
src/molecules/NewDesignWorkspace.test.tsx 6ms (unchanged)
src/molecules/NewDesignWorkspace.tsx 50ms (unchanged)
src/molecules/ProjectMenu.test.tsx 3ms (unchanged)
src/molecules/ProjectMenu.tsx 6ms (unchanged)
src/molecules/RelationshipPanel.tsx 9ms (unchanged)
src/molecules/ResizablePanel.tsx 13ms (unchanged)
src/molecules/ResizeReviewDialog.tsx 4ms (unchanged)
src/molecules/RowInspector.test.tsx 4ms (unchanged)
src/molecules/RowInspector.tsx 6ms (unchanged)
src/molecules/SelectionControls.tsx 18ms (unchanged)
src/molecules/SettingsOptions.tsx 4ms (unchanged)
src/molecules/ShareDialog.test.tsx 11ms (unchanged)
src/molecules/ShareDialog.tsx 38ms (unchanged)
src/molecules/ShareVersionCompatibilityDialog.test.tsx 6ms (unchanged)
src/molecules/ShareVersionCompatibilityDialog.tsx 15ms (unchanged)
src/molecules/SideNavigation.test.tsx 11ms (unchanged)
src/molecules/SideNavigation.tsx 50ms (unchanged)
src/molecules/SketchDimensions.tsx 6ms (unchanged)
src/molecules/SnapControls.test.tsx 4ms (unchanged)
src/molecules/SnapControls.tsx 16ms (unchanged)
src/molecules/StackDimensions.tsx 3ms (unchanged)
src/molecules/StackupPanel.tsx 22ms (unchanged)
src/molecules/StudioCanvas.test.tsx 17ms (unchanged)
src/molecules/StudioCanvas.tsx 37ms (unchanged)
src/molecules/StudioExport.test.tsx 5ms (unchanged)
src/molecules/StudioExport.tsx 10ms (unchanged)
src/molecules/StudioInspector.test.tsx 8ms (unchanged)
src/molecules/StudioInspector.tsx 38ms (unchanged)
src/molecules/StudioSettings.test.tsx 4ms (unchanged)
src/molecules/StudioSettings.tsx 8ms (unchanged)
src/molecules/StudioStyles.tsx 37ms (unchanged)
src/organisms/Banners.test.tsx 4ms (unchanged)
src/organisms/Banners.tsx 8ms (unchanged)
src/pages/Welcome.tsx 45ms (unchanged)
src/service-worker.ts 6ms (unchanged)
src/serviceWorkerRegistration.test.ts 5ms (unchanged)
src/serviceWorkerRegistration.ts 5ms (unchanged)
src/setupTests.tsx 3ms (unchanged)
src/theme/theme.ts 3ms (unchanged)
src/types/case.ts 2ms (unchanged)
src/types/design.ts 3ms (unchanged)
src/types/footprint.ts 2ms (unchanged)
src/types/results.ts 2ms (unchanged)
src/types/stackup.ts 2ms (unchanged)
src/utils/addCellBatch.test.ts 5ms (unchanged)
src/utils/analytics.test.ts 12ms (unchanged)
src/utils/analytics.ts 6ms (unchanged)
src/utils/appendSourceFields.test.ts 8ms (unchanged)
src/utils/applyAssembly.test.ts 6ms (unchanged)
src/utils/applyAssembly.ts 14ms (unchanged)
src/utils/assemblyMirrors.ts 6ms (unchanged)
src/utils/assemblyNets.ts 11ms (unchanged)
src/utils/assemblyRegression.test.ts 25ms (unchanged)
src/utils/assemblyScope.test.ts 5ms (unchanged)
src/utils/assemblyScope.ts 10ms (unchanged)
src/utils/assemblySupport.ts 4ms (unchanged)
src/utils/assemblyTemplates.test.ts 1ms (unchanged)
src/utils/assemblyTemplates.ts 2ms (unchanged)
src/utils/assemblyTree.test.ts 5ms (unchanged)
src/utils/assemblyTree.ts 7ms (unchanged)
src/utils/assemblyWiring.ts 4ms (unchanged)
src/utils/boardDefaults.test.ts 10ms (unchanged)
src/utils/boardDefaults.ts 8ms (unchanged)
src/utils/boardOutlines.ts 2ms (unchanged)
src/utils/boardTopology.ts 5ms (unchanged)
src/utils/bundledModels.test.ts 4ms (unchanged)
src/utils/bundledModels.ts 6ms (unchanged)
src/utils/bundledPreviews.test.ts 9ms (unchanged)
src/utils/bundledPreviews.ts 5ms (unchanged)
src/utils/cachedModelPreview.test.ts 2ms (unchanged)
src/utils/cachedModelPreview.ts 2ms (unchanged)
src/utils/caseAssets.test.ts 4ms (unchanged)
src/utils/caseAssets.ts 13ms (unchanged)
src/utils/casePresets.ts 4ms (unchanged)
src/utils/caseReadiness.ts 3ms (unchanged)
src/utils/caseSelection.test.ts 2ms (unchanged)
src/utils/caseSelection.ts 2ms (unchanged)
src/utils/codeberg.ts 7ms (unchanged)
src/utils/componentModels.ts 3ms (unchanged)
src/utils/componentPackage.ts 2ms (unchanged)
src/utils/componentPlacement.test.ts 3ms (unchanged)
src/utils/componentPlacement.ts 8ms (unchanged)
src/utils/configAnalyzer.test.ts 9ms (unchanged)
src/utils/configAnalyzer.ts 18ms (unchanged)
src/utils/designGeometry.ts 6ms (unchanged)
src/utils/designSetup.test.ts 8ms (unchanged)
src/utils/designSetup.ts 24ms (unchanged)
src/utils/designSource.test.ts 4ms (unchanged)
src/utils/designSource.ts 12ms (unchanged)
src/utils/designUnits.test.ts 3ms (unchanged)
src/utils/designUnits.ts 5ms (unchanged)
src/utils/enclosureSource.test.ts 12ms (unchanged)
src/utils/enclosureSource.ts 19ms (unchanged)
src/utils/ergogenBundleLoader.test.ts 7ms (unchanged)
src/utils/ergogenBundleLoader.ts 7ms (unchanged)
src/utils/featureFlags.test.ts 8ms (unchanged)
src/utils/featureFlags.ts 3ms (unchanged)
src/utils/findingTarget.test.ts 1ms (unchanged)
src/utils/findingTarget.ts 2ms (unchanged)
src/utils/footprintEngine.test.ts 1ms (unchanged)
src/utils/footprintEngine.ts 5ms (unchanged)
src/utils/footprintGeometry.test.ts 4ms (unchanged)
src/utils/footprintGeometry.ts 10ms (unchanged)
src/utils/footprintLibrary.test.ts 3ms (unchanged)
src/utils/footprintLibrary.ts 15ms (unchanged)
src/utils/footprintLinks.test.ts 2ms (unchanged)
src/utils/footprintLinks.ts 3ms (unchanged)
src/utils/footprintService.test.ts 6ms (unchanged)
src/utils/footprintService.ts 12ms (unchanged)
src/utils/forgejo.ts 6ms (unchanged)
src/utils/generationHelpers.test.ts 7ms (unchanged)
src/utils/generationHelpers.ts 6ms (unchanged)
src/utils/github.test.ts 18ms (unchanged)
src/utils/github.ts 12ms (unchanged)
src/utils/gitProvider.test.ts 9ms (unchanged)
src/utils/gitProvider.ts 24ms (unchanged)
src/utils/injectionEvaluator.test.ts 4ms (unchanged)
src/utils/injectionEvaluator.ts 3ms (unchanged)
src/utils/injections.test.ts 16ms (unchanged)
src/utils/injections.ts 9ms (unchanged)
src/utils/insetModels.test.ts 4ms (unchanged)
src/utils/insetModels.ts 3ms (unchanged)
src/utils/jlccnc-6061-2026-09.json 2ms (unchanged)
src/utils/keyAssembly.test.ts 2ms (unchanged)
src/utils/keyAssembly.ts 8ms (unchanged)
src/utils/keyOptions.test.ts 7ms (unchanged)
src/utils/keyOptions.ts 17ms (unchanged)
src/utils/keyResize.test.ts 3ms (unchanged)
src/utils/keyResize.ts 8ms (unchanged)
src/utils/keySizes.ts 2ms (unchanged)
src/utils/layoutDrawing.ts 4ms (unchanged)
src/utils/layoutRelations.test.ts 8ms (unchanged)
src/utils/layoutRelations.ts 12ms (unchanged)
src/utils/layoutSnapping.test.ts 8ms (unchanged)
src/utils/layoutSnapping.ts 10ms (unchanged)
src/utils/layoutSource.test.ts 7ms (unchanged)
src/utils/layoutSource.ts 9ms (unchanged)
src/utils/localFiles.test.ts 18ms (unchanged)
src/utils/localFiles.ts 4ms (unchanged)
src/utils/modelExport.test.ts 1ms (unchanged)
src/utils/modelExport.ts 2ms (unchanged)
src/utils/modelGeometry.test.ts 3ms (unchanged)
src/utils/modelGeometry.ts 2ms (unchanged)
src/utils/modelPreview.test.ts 4ms (unchanged)
src/utils/modelPreview.ts 6ms (unchanged)
src/utils/modelSources.test.ts 3ms (unchanged)
src/utils/modelSources.ts 7ms (unchanged)
src/utils/monaco.ts 1ms (unchanged)
src/utils/nativeBoardSource.test.ts 2ms (unchanged)
src/utils/nativeBoardSource.ts 3ms (unchanged)
src/utils/object.test.ts 2ms (unchanged)
src/utils/object.ts 2ms (unchanged)
src/utils/outlineDefaults.ts 1ms (unchanged)
src/utils/pcbViewer.ts 3ms (unchanged)
src/utils/platform.test.ts 6ms (unchanged)
src/utils/platform.ts 3ms (unchanged)
src/utils/portableExport.test.ts 5ms (unchanged)
src/utils/portableProject.test.ts 2ms (unchanged)
src/utils/previewBounds.test.ts 2ms (unchanged)
src/utils/previewBounds.ts 1ms (unchanged)
src/utils/projectHistory.test.ts 3ms (unchanged)
src/utils/projectHistory.ts 3ms (unchanged)
src/utils/removeSourceValues.test.ts 4ms (unchanged)
src/utils/removeSourceValues.ts 8ms (unchanged)
src/utils/resizeReview.ts 6ms (unchanged)
src/utils/resizeSpacing.test.ts 19ms (unchanged)
src/utils/resizeSpacing.ts 17ms (unchanged)
src/utils/setupDraft.test.ts 2ms (unchanged)
src/utils/setupDraft.ts 3ms (unchanged)
src/utils/setupGeneration.test.ts 5ms (unchanged)
src/utils/setupRepair.test.ts 2ms (unchanged)
src/utils/setupRepair.ts 7ms (unchanged)
src/utils/share.test.ts 31ms (unchanged)
src/utils/share.ts 11ms (unchanged)
src/utils/snapFrame.test.ts 2ms (unchanged)
src/utils/snapFrame.ts 1ms (unchanged)
src/utils/snapSpacing.test.ts 3ms (unchanged)
src/utils/snapSpacing.ts 10ms (unchanged)
src/utils/snapTargets.ts 2ms (unchanged)
src/utils/solidExports.ts 2ms (unchanged)
src/utils/sourceSnapshot.test.ts 2ms (unchanged)
src/utils/sourceSnapshot.ts 2ms (unchanged)
src/utils/stackDimensions.test.ts 3ms (unchanged)
src/utils/stackDimensions.ts 5ms (unchanged)
src/utils/storageKey.test.ts 1ms (unchanged)
src/utils/storageKey.ts 1ms (unchanged)
src/utils/studioDelete.test.ts 4ms (unchanged)
src/utils/studioDelete.ts 5ms (unchanged)
src/utils/studioLatency.test.ts 4ms (unchanged)
src/utils/studioMove.test.ts 7ms (unchanged)
src/utils/studioMove.ts 15ms (unchanged)
src/utils/studioOutline.test.ts 6ms (unchanged)
src/utils/studioOutline.ts 10ms (unchanged)
src/utils/studioPlacement.test.ts 2ms (unchanged)
src/utils/studioPlacement.ts 3ms (unchanged)
src/utils/studioQueue.test.ts 5ms (unchanged)
src/utils/studioQueue.ts 6ms (unchanged)
src/utils/studioSelection.test.ts 3ms (unchanged)
src/utils/studioSelection.ts 8ms (unchanged)
src/utils/studioSource.test.ts 15ms (unchanged)
src/utils/studioSource.ts 55ms (unchanged)
src/utils/studioSourceBatch.test.ts 11ms (unchanged)
src/utils/studioTargets.test.ts 5ms (unchanged)
src/utils/studioTargets.ts 11ms (unchanged)
src/utils/svgParser.test.ts 2ms (unchanged)
src/utils/svgParser.ts 2ms (unchanged)
src/utils/updateSetup.test.ts 2ms (unchanged)
src/utils/updateSetup.ts 4ms (unchanged)
src/utils/version.test.ts 7ms (unchanged)
src/utils/version.ts 7ms (unchanged)
src/utils/vrmlNames.test.ts 2ms (unchanged)
src/utils/vrmlNames.ts 2ms (unchanged)
src/utils/zip.test.ts 12ms (unchanged)
src/utils/zip.ts 30ms (unchanged)
src/vite-env.d.ts 1ms (unchanged)
src/workers/AGENTS.md 6ms
src/workers/ergogen.worker.ts 7ms (unchanged)
src/workers/ergogen.worker.types.ts 2ms (unchanged)
src/workers/footprint.worker.ts 2ms (unchanged)
src/workers/jscad.worker.test.ts 5ms (unchanged)
src/workers/jscad.worker.ts 8ms (unchanged)
src/workers/jscad.worker.types.ts 1ms (unchanged)
src/workers/model.worker.test.ts 4ms (unchanged)
src/workers/model.worker.ts 6ms (unchanged)
src/workers/studioPipeline.stages.test.ts 2ms (unchanged)
src/workers/studioPipeline.test.ts 6ms (unchanged)
src/workers/studioPipeline.ts 4ms (unchanged)
src/workers/workerFactory.test.ts 7ms (unchanged)
src/workers/workerFactory.ts 3ms (unchanged)
$ pnpm lint:md && pnpm lint:js && pnpm knip
$ markdownlint --fix "**/*.md"
$ eslint --fix "{src,e2e,patch}/**/*.{ts,tsx,js,jsx}"
$ tsc --noEmit
$ pnpm --dir ../footprints test
$ node scripts/inventory.test.mjs && node scripts/defaultModels.test.mjs && node scripts/verify.mjs && node scripts/coverage.mjs --check && node scripts/smdModels.test.mjs && node scripts/jstModels.test.mjs && node scripts/mxModels.test.mjs && node scripts/resetTht.test.mjs && node scripts/superminiModels.test.mjs && node scripts/niceviewModels.test.mjs && node scripts/nanoAngles.test.mjs && node scripts/gateronModels.test.mjs && node scripts/trackpointModels.test.mjs && node scripts/chocModels.test.mjs && node scripts/chocV2Models.test.mjs && node scripts/chocStabilizers.test.mjs && node scripts/encoderDrills.test.mjs && node scripts/modelPaths.test.mjs
{
  "footprints": {
    "missing": [],
    "changed": []
  },
  "models": {
    "missing": [],
    "changed": []
  },
  "invalidKeys": [],
  "unlisted": {
    "ceoloide": [],
    "infused-kim": [],
    "models": []
  },
  "invalidCandidates": [],
  "mappingsUnverified": true,
  "nonphysical": 9
}
Verified 45 model path tokens
$ vitest run
[33mThe CJS build of Vite's Node API is deprecated. See https://vite.dev/guide/troubleshooting.html#vite-cjs-node-api-deprecated for more details.[39m

 RUN  v2.1.9 /home/chris/projects/ts-boardstudio2/app

stdout | src/context/ConfigContext.test.tsx > edits and undoes a design without a mounted code editor
Version 1 or legacy configuration detected on load. Triggering background preview generation for all configs missing a preview SVG...

stderr | src/context/ConfigContext.test.tsx > edits and undoes a design without a mounted code editor
Warning: An update to ConfigContextProvider inside a test was not wrapped in act(...).

When testing, code that causes React state updates should be wrapped into act(...):

act(() => {
  /* fire events that update state */
});
/* assert on the output */

This ensures that you're testing the behavior the user would see in the browser. Learn more at https://reactjs.org/link/wrap-tests-with-act
    at ConfigContextProvider (/home/chris/projects/ts-boardstudio2/app/src/context/ConfigContext.tsx:244:3)
Warning: An update to ConfigContextProvider inside a test was not wrapped in act(...).

When testing, code that causes React state updates should be wrapped into act(...):

act(() => {
  /* fire events that update state */
});
/* assert on the output */

This ensures that you're testing the behavior the user would see in the browser. Learn more at https://reactjs.org/link/wrap-tests-with-act
    at ConfigContextProvider (/home/chris/projects/ts-boardstudio2/app/src/context/ConfigContext.tsx:244:3)

stderr | src/context/ConfigContext.test.tsx > uses the native project title when creating an unnamed project
Warning: An update to ConfigContextProvider inside a test was not wrapped in act(...).

When testing, code that causes React state updates should be wrapped into act(...):

act(() => {
  /* fire events that update state */
});
/* assert on the output */

This ensures that you're testing the behavior the user would see in the browser. Learn more at https://reactjs.org/link/wrap-tests-with-act
    at ConfigContextProvider (/home/chris/projects/ts-boardstudio2/app/src/context/ConfigContext.tsx:244:3)

stdout | src/context/ConfigContext.test.tsx > ConfigContextProvider > does not generate solids for native thumbnails during storage migration
Version 1 or legacy configuration detected on load. Triggering background preview generation for all configs missing a preview SVG...

stdout | src/context/ConfigContext.test.tsx > ConfigContextProvider > should fetch config from github url parameter and update the config
[useConfigLoader] Loading from URL parameter: https://github.com/ceoloide/corney-island/blob/main/ergogen/config.yaml
[GitHub] Starting fetch from URL: https://github.com/ceoloide/corney-island/blob/main/ergogen/config.yaml
Version 1 or legacy configuration detected on load. Triggering background preview generation for all configs missing a preview SVG...
[GitHub Rate Limit] Limit: unknown, Remaining: unknown, Used: unknown, Reset: unknown
[GitHub Rate Limit] Limit: unknown, Remaining: unknown, Used: unknown, Reset: unknown
[GitHub Rate Limit] Limit: unknown, Remaining: unknown, Used: unknown, Reset: unknown
[GitHub] Checking for .gitmodules file
[useConfigLoader] Fetch result: {
  configLength: 10,
  footprintsCount: 0,
  outlinesCount: 0,
  configPath: 'config.yaml',
  rateLimitWarning: undefined
}

stdout | src/context/ConfigContext.test.tsx > ConfigContextProvider > should fetch config from github url parameter without protocol and update the config
[useConfigLoader] Loading from URL parameter: github.com/ceoloide/corney-island/blob/main/ergogen/config.yaml
[GitHub] Starting fetch from URL: github.com/ceoloide/corney-island/blob/main/ergogen/config.yaml
Version 1 or legacy configuration detected on load. Triggering background preview generation for all configs missing a preview SVG...
[GitHub Rate Limit] Limit: unknown, Remaining: unknown, Used: unknown, Reset: unknown
[GitHub Rate Limit] Limit: unknown, Remaining: unknown, Used: unknown, Reset: unknown
[GitHub Rate Limit] Limit: unknown, Remaining: unknown, Used: unknown, Reset: unknown
[GitHub] Checking for .gitmodules file
[useConfigLoader] Fetch result: {
  configLength: 10,
  footprintsCount: 0,
  outlinesCount: 0,
  configPath: 'config.yaml',
  rateLimitWarning: undefined
}

stdout | src/context/ConfigContext.test.tsx > ConfigContextProvider > should load footprints from github url parameter and merge them
[useConfigLoader] Loading from URL parameter: https://github.com/ceoloide/test-repo
[GitHub] Starting fetch from URL: https://github.com/ceoloide/test-repo
Version 1 or legacy configuration detected on load. Triggering background preview generation for all configs missing a preview SVG...
[GitHub Rate Limit] Limit: unknown, Remaining: unknown, Used: unknown, Reset: unknown
[GitHub] Loaded footprint: test_footprint
[GitHub Rate Limit] Limit: unknown, Remaining: unknown, Used: unknown, Reset: unknown
[GitHub Rate Limit] Limit: unknown, Remaining: unknown, Used: unknown, Reset: unknown
[GitHub] Checking for .gitmodules file
[useConfigLoader] Fetch result: {
  configLength: 10,
  footprintsCount: 1,
  outlinesCount: 0,
  configPath: '',
  rateLimitWarning: undefined
}

stderr | src/context/ConfigContext.test.tsx > ConfigContextProvider > Settings Panel Interaction > should inhibit auto-generation when showSettings is true
Warning: An update to ConfigContextProvider inside a test was not wrapped in act(...).

When testing, code that causes React state updates should be wrapped into act(...):

act(() => {
  /* fire events that update state */
});
/* assert on the output */

This ensures that you're testing the behavior the user would see in the browser. Learn more at https://reactjs.org/link/wrap-tests-with-act
    at ConfigContextProvider (/home/chris/projects/ts-boardstudio2/app/src/context/ConfigContext.tsx:244:3)

stdout | src/context/ConfigContext.test.tsx > ConfigContextProvider > Settings Panel Interaction > should terminate the old worker, create a new one, and trigger generation when showSettings transitions from true to false
Settings panel closed. Restarting Ergogen worker to clear stale custom libraries...
Ergogen worker terminated.
Initializing fresh Ergogen worker...
Ergogen worker initialized.

stderr | src/context/ConfigContext.test.tsx > ConfigContextProvider > Settings Panel Interaction > should terminate the old worker, create a new one, and trigger generation when showSettings transitions from true to false
Warning: An update to ConfigContextProvider inside a test was not wrapped in act(...).

When testing, code that causes React state updates should be wrapped into act(...):

act(() => {
  /* fire events that update state */
});
/* assert on the output */

This ensures that you're testing the behavior the user would see in the browser. Learn more at https://reactjs.org/link/wrap-tests-with-act
    at ConfigContextProvider (/home/chris/projects/ts-boardstudio2/app/src/context/ConfigContext.tsx:244:3)

stdout | src/context/ConfigContext.test.tsx > ConfigContextProvider > multi-configuration management actions > should switch between configurations and update values correctly without cross-contamination
Version 1 or legacy configuration detected on load. Triggering background preview generation for all configs missing a preview SVG...

stderr | src/context/ConfigContext.test.tsx > ConfigContextProvider > multi-configuration management actions > should switch between configurations and update values correctly without cross-contamination
Warning: An update to ConfigContextProvider inside a test was not wrapped in act(...).

When testing, code that causes React state updates should be wrapped into act(...):

act(() => {
  /* fire events that update state */
});
/* assert on the output */

This ensures that you're testing the behavior the user would see in the browser. Learn more at https://reactjs.org/link/wrap-tests-with-act
    at ConfigContextProvider (/home/chris/projects/ts-boardstudio2/app/src/context/ConfigContext.tsx:244:3)

stdout | src/context/ConfigContext.test.tsx > ConfigContextProvider > multi-configuration management actions > should not allow renaming a configuration to an existing name and should set error
Version 1 or legacy configuration detected on load. Triggering background preview generation for all configs missing a preview SVG...

stderr | src/context/ConfigContext.test.tsx > ConfigContextProvider > multi-configuration management actions > should not allow renaming a configuration to an existing name and should set error
Warning: An update to ConfigContextProvider inside a test was not wrapped in act(...).

When testing, code that causes React state updates should be wrapped into act(...):

act(() => {
  /* fire events that update state */
});
/* assert on the output */

This ensures that you're testing the behavior the user would see in the browser. Learn more at https://reactjs.org/link/wrap-tests-with-act
    at ConfigContextProvider (/home/chris/projects/ts-boardstudio2/app/src/context/ConfigContext.tsx:244:3)

stdout | src/context/ConfigContext.test.tsx > ConfigContextProvider > multi-configuration management actions > should convert a preview configuration into a saved configuration when savePreviewConfig is called
Version 1 or legacy configuration detected on load. Triggering background preview generation for all configs missing a preview SVG...

stderr | src/context/ConfigContext.test.tsx > ConfigContextProvider > multi-configuration management actions > should convert a preview configuration into a saved configuration when savePreviewConfig is called
Warning: An update to ConfigContextProvider inside a test was not wrapped in act(...).

When testing, code that causes React state updates should be wrapped into act(...):

act(() => {
  /* fire events that update state */
});
/* assert on the output */

This ensures that you're testing the behavior the user would see in the browser. Learn more at https://reactjs.org/link/wrap-tests-with-act
    at ConfigContextProvider (/home/chris/projects/ts-boardstudio2/app/src/context/ConfigContext.tsx:244:3)

stdout | src/context/ConfigContext.test.tsx > ConfigContextProvider > multi-configuration management actions > should backup deleted configurations in ergogen:deleted-config and prune them correctly
Version 1 or legacy configuration detected on load. Triggering background preview generation for all configs missing a preview SVG...

stderr | src/context/ConfigContext.test.tsx > ConfigContextProvider > multi-configuration management actions > should backup deleted configurations in ergogen:deleted-config and prune them correctly
Warning: An update to ConfigContextProvider inside a test was not wrapped in act(...).

When testing, code that causes React state updates should be wrapped into act(...):

act(() => {
  /* fire events that update state */
});
/* assert on the output */

This ensures that you're testing the behavior the user would see in the browser. Learn more at https://reactjs.org/link/wrap-tests-with-act
    at ConfigContextProvider (/home/chris/projects/ts-boardstudio2/app/src/context/ConfigContext.tsx:244:3)

stdout | src/context/ConfigContext.test.tsx > ConfigContextProvider > multi-configuration management actions > should upgrade version 1 to version 2 on load and trigger background generation for configurations missing preview SVG
Version 1 or legacy configuration detected on load. Triggering background preview generation for all configs missing a preview SVG...
Triggering background preview generation for: V1 Config

stderr | src/context/ConfigContext.test.tsx > ConfigContextProvider > multi-configuration management actions > should upgrade version 1 to version 2 on load and trigger background generation for configurations missing preview SVG
Warning: An update to ConfigContextProvider inside a test was not wrapped in act(...).

When testing, code that causes React state updates should be wrapped into act(...):

act(() => {
  /* fire events that update state */
});
/* assert on the output */

This ensures that you're testing the behavior the user would see in the browser. Learn more at https://reactjs.org/link/wrap-tests-with-act
    at ConfigContextProvider (/home/chris/projects/ts-boardstudio2/app/src/context/ConfigContext.tsx:244:3)

stderr | src/context/ConfigContext.test.tsx > ConfigContextProvider > multi-configuration management actions > should process background generation worker success message and update previewSvg in local storage without triggering STL conversion
Warning: An update to ConfigContextProvider inside a test was not wrapped in act(...).

When testing, code that causes React state updates should be wrapped into act(...):

act(() => {
  /* fire events that update state */
});
/* assert on the output */

This ensures that you're testing the behavior the user would see in the browser. Learn more at https://reactjs.org/link/wrap-tests-with-act
    at ConfigContextProvider (/home/chris/projects/ts-boardstudio2/app/src/context/ConfigContext.tsx:244:3)

stderr | src/context/ConfigContext.test.tsx > ConfigContextProvider > realtime config input functions > should retrieve and update the realtime config input value
Warning: An update to ConfigContextProvider inside a test was not wrapped in act(...).

When testing, code that causes React state updates should be wrapped into act(...):

act(() => {
  /* fire events that update state */
});
/* assert on the output */

This ensures that you're testing the behavior the user would see in the browser. Learn more at https://reactjs.org/link/wrap-tests-with-act
    at ConfigContextProvider (/home/chris/projects/ts-boardstudio2/app/src/context/ConfigContext.tsx:244:3)

stderr | src/context/ConfigContext.test.tsx > ConfigContextProvider > GA4 Keyboard Generation Tracking & Debouncing > should debounce tracking by 5 seconds and only send the latest event
Warning: An update to ConfigContextProvider inside a test was not wrapped in act(...).

When testing, code that causes React state updates should be wrapped into act(...):

act(() => {
  /* fire events that update state */
});
/* assert on the output */

This ensures that you're testing the behavior the user would see in the browser. Learn more at https://reactjs.org/link/wrap-tests-with-act
    at ConfigContextProvider (/home/chris/projects/ts-boardstudio2/app/src/context/ConfigContext.tsx:244:3)

stderr | src/context/ConfigContext.test.tsx > ConfigContextProvider > GA4 Keyboard Generation Tracking & Debouncing > should correctly chain lineages across multiple distinct generations
Warning: An update to ConfigContextProvider inside a test was not wrapped in act(...).

When testing, code that causes React state updates should be wrapped into act(...):

act(() => {
  /* fire events that update state */
});
/* assert on the output */

This ensures that you're testing the behavior the user would see in the browser. Learn more at https://reactjs.org/link/wrap-tests-with-act
    at ConfigContextProvider (/home/chris/projects/ts-boardstudio2/app/src/context/ConfigContext.tsx:244:3)

stderr | src/context/ConfigContext.test.tsx > ConfigContextProvider > GA4 Keyboard Generation Tracking & Debouncing > should ignore duplicate compilation results with identical layout geometries
Warning: An update to ConfigContextProvider inside a test was not wrapped in act(...).

When testing, code that causes React state updates should be wrapped into act(...):

act(() => {
  /* fire events that update state */
});
/* assert on the output */

This ensures that you're testing the behavior the user would see in the browser. Learn more at https://reactjs.org/link/wrap-tests-with-act
    at ConfigContextProvider (/home/chris/projects/ts-boardstudio2/app/src/context/ConfigContext.tsx:244:3)

stderr | src/context/ConfigContext.test.tsx > ConfigContextProvider > GA4 Keyboard Generation Tracking & Debouncing > should reset lineage when a config lifecycle action (like selectConfig) is triggered
Warning: An update to ConfigContextProvider inside a test was not wrapped in act(...).

When testing, code that causes React state updates should be wrapped into act(...):

act(() => {
  /* fire events that update state */
});
/* assert on the output */

This ensures that you're testing the behavior the user would see in the browser. Learn more at https://reactjs.org/link/wrap-tests-with-act
    at ConfigContextProvider (/home/chris/projects/ts-boardstudio2/app/src/context/ConfigContext.tsx:244:3)

stdout | src/context/ConfigContext.test.tsx > ConfigContextProvider > KiCad 5 deprecation warning detection > should set deprecationWarning when a PCB uses kicad5 template and ceoloide footprint
Version 1 or legacy configuration detected on load. Triggering background preview generation for all configs missing a preview SVG...

stdout | src/context/ConfigContext.test.tsx > ConfigContextProvider > KiCad 5 deprecation warning detection > should NOT set deprecationWarning when a PCB uses kicad8 template and ceoloide footprint
Version 1 or legacy configuration detected on load. Triggering background preview generation for all configs missing a preview SVG...

stderr | src/context/ConfigContext.test.tsx > publishes a design only after every STL part succeeds
--- JSCAD worker error: Invalid tray mesh

stderr | src/context/ConfigContext.test.tsx > clears a previous generation error when creating another project
Warning: An update to ConfigContextProvider inside a test was not wrapped in act(...).

When testing, code that causes React state updates should be wrapped into act(...):

act(() => {
  /* fire events that update state */
});
/* assert on the output */

This ensures that you're testing the behavior the user would see in the browser. Learn more at https://reactjs.org/link/wrap-tests-with-act
    at ConfigContextProvider (/home/chris/projects/ts-boardstudio2/app/src/context/ConfigContext.tsx:244:3)

 ✓ src/context/ConfigContext.test.tsx (33 tests) 168ms
stderr | src/utils/share.test.ts > share utilities > decodeConfig > returns decode error for invalid encoded string
[Share] DECODE_ERROR: Failed to decompress encoded string

stderr | src/utils/share.test.ts > share utilities > decodeConfig > returns decode error for empty string
[Share] DECODE_ERROR: Failed to decompress encoded string

stderr | src/utils/share.test.ts > share utilities > decodeConfig > returns validation error for invalid object structure
[Share] VALIDATION_ERROR: Invalid object structure { parsed: { notConfig: 'test' }, hasConfig: false, configType: 'N/A' }

stderr | src/utils/share.test.ts > share utilities > decodeConfig > returns validation error for invalid injections structure
[Share] VALIDATION_ERROR: Invalid injections structure { injections: 'not-an-array', isArray: false }

stderr | src/utils/share.test.ts > share utilities > getConfigFromHash > returns decode error for invalid hash fragment
[Share] DECODE_ERROR: Failed to decompress encoded string

 ✓ src/utils/share.test.ts (46 tests) 26ms
stderr | src/molecules/BoardStudio.test.tsx
WARNING: Multiple instances of Three.js being imported.

 ✓ src/molecules/BoardStudio.test.tsx (26 tests) 5797ms
   ✓ keeps the Inspector closed until explicitly opened on desktop 473ms
   ✓ creates and edits a parametric thumb cluster without opening Code 496ms
   ✓ creates a 5 by 4 matrix and edits a whole column and its individual cells 1009ms
   ✓ shows authored cluster counts even before outline analysis succeeds 325ms
   ✓ keeps an empty free cluster selectable and deletable 345ms
   ✓ reviews an edited column removal and preserves the source on Cancel 634ms
   ✓ project status copy > opens the controller picker from a missing-controller blocker 382ms
 ✓ src/utils/assemblyRegression.test.ts (26 tests) 12892ms
   ✓ can grow the matrix after default onboarding 303ms
   ✓ preserves the LED chain when changing a key assembly placement 745ms
   ✓ updates linked mirrored bindings and adds new right-board keys 382ms
   ✓ keeps new mirrored keys and assembly offsets valid in native PCB and body geometry 901ms
   ✓ keeps a managed LED chain connected when reopening setup after layout edits 395ms
   ✓ reproduces resized 7x5 geometry and the automatic outline with a separate 2x2 matrix 6799ms
   ✓ generates PCB files after populating an empty mirrored board 755ms
stdout | src/utils/github.test.ts > github utilities > fetchConfigFromUrl with submodules > should fetch footprints from submodules when .gitmodules exists
[GitHub] Starting fetch from URL: ceoloide/test-repo
[GitHub Rate Limit] Limit: unknown, Remaining: unknown, Used: unknown, Reset: unknown
[GitHub Rate Limit] Limit: unknown, Remaining: unknown, Used: unknown, Reset: unknown
[GitHub Rate Limit] Limit: unknown, Remaining: unknown, Used: unknown, Reset: unknown
[GitHub] Checking for .gitmodules file
[GitHub] .gitmodules found, parsing submodules
[GitHub Rate Limit] Limit: unknown, Remaining: unknown, Used: unknown, Reset: unknown
[GitHub] Loaded footprint: test_footprint

stdout | src/utils/github.test.ts > github utilities > fetchConfigFromUrl with submodules > should handle submodules with nested folders
[GitHub] Starting fetch from URL: test/repo
[GitHub Rate Limit] Limit: unknown, Remaining: unknown, Used: unknown, Reset: unknown
[GitHub Rate Limit] Limit: unknown, Remaining: unknown, Used: unknown, Reset: unknown
[GitHub Rate Limit] Limit: unknown, Remaining: unknown, Used: unknown, Reset: unknown
[GitHub] Checking for .gitmodules file
[GitHub] .gitmodules found, parsing submodules
[GitHub Rate Limit] Limit: unknown, Remaining: unknown, Used: unknown, Reset: unknown
[GitHub Rate Limit] Limit: unknown, Remaining: unknown, Used: unknown, Reset: unknown
[GitHub] Loaded footprint: switches/mx

stdout | src/utils/github.test.ts > github utilities > fetchConfigFromUrl with submodules > should skip submodules that are not in the footprints folder
[GitHub] Starting fetch from URL: test/repo
[GitHub Rate Limit] Limit: unknown, Remaining: unknown, Used: unknown, Reset: unknown
[GitHub Rate Limit] Limit: unknown, Remaining: unknown, Used: unknown, Reset: unknown
[GitHub Rate Limit] Limit: unknown, Remaining: unknown, Used: unknown, Reset: unknown
[GitHub] Checking for .gitmodules file
[GitHub] .gitmodules found, parsing submodules

stdout | src/utils/github.test.ts > github utilities > fetchConfigFromUrl with submodules > should handle missing .gitmodules gracefully
[GitHub] Starting fetch from URL: test/repo
[GitHub Rate Limit] Limit: unknown, Remaining: unknown, Used: unknown, Reset: unknown
[GitHub Rate Limit] Limit: unknown, Remaining: unknown, Used: unknown, Reset: unknown
[GitHub Rate Limit] Limit: unknown, Remaining: unknown, Used: unknown, Reset: unknown
[GitHub] Checking for .gitmodules file

stdout | src/utils/github.test.ts > github utilities > fetchConfigFromUrl with submodules > should skip outlines and templates when they are disabled by feature flags
[GitHub] Starting fetch from URL: test/repo
[GitHub Rate Limit] Limit: unknown, Remaining: unknown, Used: unknown, Reset: unknown
[GitHub] Checking for .gitmodules file

stderr | src/utils/github.test.ts > github utilities > checkRateLimit > should identify rate limit exceeded for raw content (HTTP 429)
[GitHub] Raw content rate limit exceeded (429). Please wait 30 minutes and try again.

stdout | src/utils/github.test.ts > github utilities > checkRateLimit > should identify rate limit exceeded for API (HTTP 403 and remaining 0)
[GitHub Rate Limit] Limit: 60, Remaining: 0, Used: 60, Reset: 1234567890

stderr | src/utils/github.test.ts > github utilities > checkRateLimit > should identify rate limit exceeded for API (HTTP 403 and remaining 0)
[GitHub] Rate limit exceeded. Please wait and try again in about an hour.

stdout | src/utils/github.test.ts > github utilities > checkRateLimit > should identify approaching rate limit for API (80% used)
[GitHub Rate Limit] Limit: 100, Remaining: 20, Used: 80, Reset: 1234567890

stderr | src/utils/github.test.ts > github utilities > checkRateLimit > should identify approaching rate limit for API (80% used)
[GitHub] Approaching rate limit: 80.0% used

stdout | src/utils/github.test.ts > github utilities > checkRateLimit > should handle missing headers gracefully
[GitHub Rate Limit] Limit: unknown, Remaining: unknown, Used: unknown, Reset: unknown

stdout | src/utils/github.test.ts > github utilities > fetchConfigFromUrl rate limit integration > should throw error when rate limit is exceeded on all branches
[GitHub] Starting fetch from URL: test/repo

stderr | src/utils/github.test.ts > github utilities > fetchConfigFromUrl rate limit integration > should throw error when rate limit is exceeded on all branches
[GitHub] Raw content rate limit exceeded (429). Please wait 30 minutes and try again.

stdout | src/utils/github.test.ts > github utilities > fetchConfigFromUrl rate limit integration > should return rate limit warning when approaching limit
[GitHub] Starting fetch from URL: test/repo
[GitHub Rate Limit] Limit: 100, Remaining: 20, Used: 80, Reset: 1234567890
[GitHub Rate Limit] Limit: 100, Remaining: 20, Used: 80, Reset: 1234567890
[GitHub Rate Limit] Limit: 100, Remaining: 20, Used: 80, Reset: 1234567890
[GitHub] Checking for .gitmodules file

stderr | src/utils/github.test.ts > github utilities > fetchConfigFromUrl rate limit integration > should return rate limit warning when approaching limit
[GitHub] Approaching rate limit: 80.0% used
[GitHub] Approaching rate limit: 80.0% used
[GitHub] Approaching rate limit: 80.0% used

 ✓ src/utils/github.test.ts (17 tests) 18ms
 ✓ src/utils/localFiles.test.ts (21 tests) 26ms
 ✓ src/utils/injections.test.ts (22 tests) 12ms
stderr | src/molecules/CaseWizard.test.tsx
WARNING: Multiple instances of Three.js being imported.

stderr | src/molecules/CaseWizard.test.tsx > Case wizard > can inspect a selected part before an assembly is generated
Warning: An update to CaseDraft inside a test was not wrapped in act(...).

When testing, code that causes React state updates should be wrapped into act(...):

act(() => {
  /* fire events that update state */
});
/* assert on the output */

This ensures that you're testing the behavior the user would see in the browser. Learn more at https://reactjs.org/link/wrap-tests-with-act
    at CaseDraft (/home/chris/projects/ts-boardstudio2/app/src/molecules/CaseWizard.tsx:453:22)
    at CaseWizard (/home/chris/projects/ts-boardstudio2/app/src/molecules/CaseWizard.tsx:357:3)
Warning: An update to CaseDraft inside a test was not wrapped in act(...).

When testing, code that causes React state updates should be wrapped into act(...):

act(() => {
  /* fire events that update state */
});
/* assert on the output */

This ensures that you're testing the behavior the user would see in the browser. Learn more at https://reactjs.org/link/wrap-tests-with-act
    at CaseDraft (/home/chris/projects/ts-boardstudio2/app/src/molecules/CaseWizard.tsx:453:22)
    at CaseWizard (/home/chris/projects/ts-boardstudio2/app/src/molecules/CaseWizard.tsx:357:3)

stderr | src/molecules/CaseWizard.test.tsx > Case wizard > keeps edits in the draft and cancels without generating the saved design
Warning: An update to CaseDraft inside a test was not wrapped in act(...).

When testing, code that causes React state updates should be wrapped into act(...):

act(() => {
  /* fire events that update state */
});
/* assert on the output */

This ensures that you're testing the behavior the user would see in the browser. Learn more at https://reactjs.org/link/wrap-tests-with-act
    at CaseDraft (/home/chris/projects/ts-boardstudio2/app/src/molecules/CaseWizard.tsx:453:22)
    at CaseWizard (/home/chris/projects/ts-boardstudio2/app/src/molecules/CaseWizard.tsx:357:3)
Warning: An update to CaseDraft inside a test was not wrapped in act(...).

When testing, code that causes React state updates should be wrapped into act(...):

act(() => {
  /* fire events that update state */
});
/* assert on the output */

This ensures that you're testing the behavior the user would see in the browser. Learn more at https://reactjs.org/link/wrap-tests-with-act
    at CaseDraft (/home/chris/projects/ts-boardstudio2/app/src/molecules/CaseWizard.tsx:453:22)
    at CaseWizard (/home/chris/projects/ts-boardstudio2/app/src/molecules/CaseWizard.tsx:357:3)

stderr | src/molecules/CaseWizard.test.tsx > Case wizard > blocks applying a draft until its geometry is current
Warning: An update to CaseDraft inside a test was not wrapped in act(...).

When testing, code that causes React state updates should be wrapped into act(...):

act(() => {
  /* fire events that update state */
});
/* assert on the output */

This ensures that you're testing the behavior the user would see in the browser. Learn more at https://reactjs.org/link/wrap-tests-with-act
    at CaseDraft (/home/chris/projects/ts-boardstudio2/app/src/molecules/CaseWizard.tsx:453:22)
    at CaseWizard (/home/chris/projects/ts-boardstudio2/app/src/molecules/CaseWizard.tsx:357:3)
Warning: An update to CaseDraft inside a test was not wrapped in act(...).

When testing, code that causes React state updates should be wrapped into act(...):

act(() => {
  /* fire events that update state */
});
/* assert on the output */

This ensures that you're testing the behavior the user would see in the browser. Learn more at https://reactjs.org/link/wrap-tests-with-act
    at CaseDraft (/home/chris/projects/ts-boardstudio2/app/src/molecules/CaseWizard.tsx:453:22)
    at CaseWizard (/home/chris/projects/ts-boardstudio2/app/src/molecules/CaseWizard.tsx:357:3)

stderr | src/molecules/CaseWizard.test.tsx > uses resolved dimensions for the preview when a field contains a formula
Warning: An update to CaseDraft inside a test was not wrapped in act(...).

When testing, code that causes React state updates should be wrapped into act(...):

act(() => {
  /* fire events that update state */
});
/* assert on the output */

This ensures that you're testing the behavior the user would see in the browser. Learn more at https://reactjs.org/link/wrap-tests-with-act
    at CaseDraft (/home/chris/projects/ts-boardstudio2/app/src/molecules/CaseWizard.tsx:453:22)
    at CaseWizard (/home/chris/projects/ts-boardstudio2/app/src/molecules/CaseWizard.tsx:357:3)
Warning: An update to CaseDraft inside a test was not wrapped in act(...).

When testing, code that causes React state updates should be wrapped into act(...):

act(() => {
  /* fire events that update state */
});
/* assert on the output */

This ensures that you're testing the behavior the user would see in the browser. Learn more at https://reactjs.org/link/wrap-tests-with-act
    at CaseDraft (/home/chris/projects/ts-boardstudio2/app/src/molecules/CaseWizard.tsx:453:22)
    at CaseWizard (/home/chris/projects/ts-boardstudio2/app/src/molecules/CaseWizard.tsx:357:3)

stderr | src/molecules/CaseWizard.test.tsx > unchecks only the clicked layout point and permits selecting it again
Warning: An update to CaseDraft inside a test was not wrapped in act(...).

When testing, code that causes React state updates should be wrapped into act(...):

act(() => {
  /* fire events that update state */
});
/* assert on the output */

This ensures that you're testing the behavior the user would see in the browser. Learn more at https://reactjs.org/link/wrap-tests-with-act
    at CaseDraft (/home/chris/projects/ts-boardstudio2/app/src/molecules/CaseWizard.tsx:453:22)
    at CaseWizard (/home/chris/projects/ts-boardstudio2/app/src/molecules/CaseWizard.tsx:357:3)
Warning: An update to CaseDraft inside a test was not wrapped in act(...).

When testing, code that causes React state updates should be wrapped into act(...):

act(() => {
  /* fire events that update state */
});
/* assert on the output */

This ensures that you're testing the behavior the user would see in the browser. Learn more at https://reactjs.org/link/wrap-tests-with-act
    at CaseDraft (/home/chris/projects/ts-boardstudio2/app/src/molecules/CaseWizard.tsx:453:22)
    at CaseWizard (/home/chris/projects/ts-boardstudio2/app/src/molecules/CaseWizard.tsx:357:3)

stderr | src/molecules/CaseWizard.test.tsx > keeps layout controls usable before a disconnected case has a preview
Warning: An update to CaseDraft inside a test was not wrapped in act(...).

When testing, code that causes React state updates should be wrapped into act(...):

act(() => {
  /* fire events that update state */
});
/* assert on the output */

This ensures that you're testing the behavior the user would see in the browser. Learn more at https://reactjs.org/link/wrap-tests-with-act
    at CaseDraft (/home/chris/projects/ts-boardstudio2/app/src/molecules/CaseWizard.tsx:453:22)
    at CaseWizard (/home/chris/projects/ts-boardstudio2/app/src/molecules/CaseWizard.tsx:357:3)
Warning: An update to CaseDraft inside a test was not wrapped in act(...).

When testing, code that causes React state updates should be wrapped into act(...):

act(() => {
  /* fire events that update state */
});
/* assert on the output */

This ensures that you're testing the behavior the user would see in the browser. Learn more at https://reactjs.org/link/wrap-tests-with-act
    at CaseDraft (/home/chris/projects/ts-boardstudio2/app/src/molecules/CaseWizard.tsx:453:22)
    at CaseWizard (/home/chris/projects/ts-boardstudio2/app/src/molecules/CaseWizard.tsx:357:3)

stderr | src/molecules/CaseWizard.test.tsx > provides named help for wizard and advanced controls across every step
Warning: An update to CaseDraft inside a test was not wrapped in act(...).

When testing, code that causes React state updates should be wrapped into act(...):

act(() => {
  /* fire events that update state */
});
/* assert on the output */

This ensures that you're testing the behavior the user would see in the browser. Learn more at https://reactjs.org/link/wrap-tests-with-act
    at CaseDraft (/home/chris/projects/ts-boardstudio2/app/src/molecules/CaseWizard.tsx:453:22)
    at CaseWizard (/home/chris/projects/ts-boardstudio2/app/src/molecules/CaseWizard.tsx:357:3)
Warning: An update to CaseDraft inside a test was not wrapped in act(...).

When testing, code that causes React state updates should be wrapped into act(...):

act(() => {
  /* fire events that update state */
});
/* assert on the output */

This ensures that you're testing the behavior the user would see in the browser. Learn more at https://reactjs.org/link/wrap-tests-with-act
    at CaseDraft (/home/chris/projects/ts-boardstudio2/app/src/molecules/CaseWizard.tsx:453:22)
    at CaseWizard (/home/chris/projects/ts-boardstudio2/app/src/molecules/CaseWizard.tsx:357:3)

stderr | src/molecules/CaseWizard.test.tsx > keeps repeated component findings out of Layout and groups them in Review
Warning: An update to CaseDraft inside a test was not wrapped in act(...).

When testing, code that causes React state updates should be wrapped into act(...):

act(() => {
  /* fire events that update state */
});
/* assert on the output */

This ensures that you're testing the behavior the user would see in the browser. Learn more at https://reactjs.org/link/wrap-tests-with-act
    at CaseDraft (/home/chris/projects/ts-boardstudio2/app/src/molecules/CaseWizard.tsx:453:22)
    at CaseWizard (/home/chris/projects/ts-boardstudio2/app/src/molecules/CaseWizard.tsx:357:3)
Warning: An update to CaseDraft inside a test was not wrapped in act(...).

When testing, code that causes React state updates should be wrapped into act(...):

act(() => {
  /* fire events that update state */
});
/* assert on the output */

This ensures that you're testing the behavior the user would see in the browser. Learn more at https://reactjs.org/link/wrap-tests-with-act
    at CaseDraft (/home/chris/projects/ts-boardstudio2/app/src/molecules/CaseWizard.tsx:453:22)
    at CaseWizard (/home/chris/projects/ts-boardstudio2/app/src/molecules/CaseWizard.tsx:357:3)

stderr | src/molecules/CaseWizard.test.tsx > offers a mount count beneath the mounting system
Warning: An update to CaseDraft inside a test was not wrapped in act(...).

When testing, code that causes React state updates should be wrapped into act(...):

act(() => {
  /* fire events that update state */
});
/* assert on the output */

This ensures that you're testing the behavior the user would see in the browser. Learn more at https://reactjs.org/link/wrap-tests-with-act
    at CaseDraft (/home/chris/projects/ts-boardstudio2/app/src/molecules/CaseWizard.tsx:453:22)
    at CaseWizard (/home/chris/projects/ts-boardstudio2/app/src/molecules/CaseWizard.tsx:357:3)
Warning: An update to CaseDraft inside a test was not wrapped in act(...).

When testing, code that causes React state updates should be wrapped into act(...):

act(() => {
  /* fire events that update state */
});
/* assert on the output */

This ensures that you're testing the behavior the user would see in the browser. Learn more at https://reactjs.org/link/wrap-tests-with-act
    at CaseDraft (/home/chris/projects/ts-boardstudio2/app/src/molecules/CaseWizard.tsx:453:22)
    at CaseWizard (/home/chris/projects/ts-boardstudio2/app/src/molecules/CaseWizard.tsx:357:3)

stderr | src/molecules/CaseWizard.test.tsx > clears the requested count to restore spacing-based placement
Warning: An update to CaseDraft inside a test was not wrapped in act(...).

When testing, code that causes React state updates should be wrapped into act(...):

act(() => {
  /* fire events that update state */
});
/* assert on the output */

This ensures that you're testing the behavior the user would see in the browser. Learn more at https://reactjs.org/link/wrap-tests-with-act
    at CaseDraft (/home/chris/projects/ts-boardstudio2/app/src/molecules/CaseWizard.tsx:453:22)
    at CaseWizard (/home/chris/projects/ts-boardstudio2/app/src/molecules/CaseWizard.tsx:357:3)
Warning: An update to CaseDraft inside a test was not wrapped in act(...).

When testing, code that causes React state updates should be wrapped into act(...):

act(() => {
  /* fire events that update state */
});
/* assert on the output */

This ensures that you're testing the behavior the user would see in the browser. Learn more at https://reactjs.org/link/wrap-tests-with-act
    at CaseDraft (/home/chris/projects/ts-boardstudio2/app/src/molecules/CaseWizard.tsx:453:22)
    at CaseWizard (/home/chris/projects/ts-boardstudio2/app/src/molecules/CaseWizard.tsx:357:3)

stderr | src/molecules/CaseWizard.test.tsx > opens manufacturing from an affected finding
Warning: An update to CaseDraft inside a test was not wrapped in act(...).

When testing, code that causes React state updates should be wrapped into act(...):

act(() => {
  /* fire events that update state */
});
/* assert on the output */

This ensures that you're testing the behavior the user would see in the browser. Learn more at https://reactjs.org/link/wrap-tests-with-act
    at CaseDraft (/home/chris/projects/ts-boardstudio2/app/src/molecules/CaseWizard.tsx:453:22)
    at CaseWizard (/home/chris/projects/ts-boardstudio2/app/src/molecules/CaseWizard.tsx:357:3)
Warning: An update to CaseDraft inside a test was not wrapped in act(...).

When testing, code that causes React state updates should be wrapped into act(...):

act(() => {
  /* fire events that update state */
});
/* assert on the output */

This ensures that you're testing the behavior the user would see in the browser. Learn more at https://reactjs.org/link/wrap-tests-with-act
    at CaseDraft (/home/chris/projects/ts-boardstudio2/app/src/molecules/CaseWizard.tsx:453:22)
    at CaseWizard (/home/chris/projects/ts-boardstudio2/app/src/molecules/CaseWizard.tsx:357:3)

stderr | src/molecules/CaseWizard.test.tsx > waits for automatic mounting edits before enabling generation
Warning: An update to CaseDraft inside a test was not wrapped in act(...).

When testing, code that causes React state updates should be wrapped into act(...):

act(() => {
  /* fire events that update state */
});
/* assert on the output */

This ensures that you're testing the behavior the user would see in the browser. Learn more at https://reactjs.org/link/wrap-tests-with-act
    at CaseDraft (/home/chris/projects/ts-boardstudio2/app/src/molecules/CaseWizard.tsx:453:22)
    at CaseWizard (/home/chris/projects/ts-boardstudio2/app/src/molecules/CaseWizard.tsx:357:3)
Warning: An update to CaseDraft inside a test was not wrapped in act(...).

When testing, code that causes React state updates should be wrapped into act(...):

act(() => {
  /* fire events that update state */
});
/* assert on the output */

This ensures that you're testing the behavior the user would see in the browser. Learn more at https://reactjs.org/link/wrap-tests-with-act
    at CaseDraft (/home/chris/projects/ts-boardstudio2/app/src/molecules/CaseWizard.tsx:453:22)
    at CaseWizard (/home/chris/projects/ts-boardstudio2/app/src/molecules/CaseWizard.tsx:357:3)

stderr | src/molecules/CaseWizard.test.tsx > removes rigid supports in one undoable gasket switch
Warning: An update to CaseDraft inside a test was not wrapped in act(...).

When testing, code that causes React state updates should be wrapped into act(...):

act(() => {
  /* fire events that update state */
});
/* assert on the output */

This ensures that you're testing the behavior the user would see in the browser. Learn more at https://reactjs.org/link/wrap-tests-with-act
    at CaseDraft (/home/chris/projects/ts-boardstudio2/app/src/molecules/CaseWizard.tsx:453:22)
    at CaseWizard (/home/chris/projects/ts-boardstudio2/app/src/molecules/CaseWizard.tsx:357:3)
Warning: An update to CaseDraft inside a test was not wrapped in act(...).

When testing, code that causes React state updates should be wrapped into act(...):

act(() => {
  /* fire events that update state */
});
/* assert on the output */

This ensures that you're testing the behavior the user would see in the browser. Learn more at https://reactjs.org/link/wrap-tests-with-act
    at CaseDraft (/home/chris/projects/ts-boardstudio2/app/src/molecules/CaseWizard.tsx:453:22)
    at CaseWizard (/home/chris/projects/ts-boardstudio2/app/src/molecules/CaseWizard.tsx:357:3)

stderr | src/molecules/CaseWizard.test.tsx > repairs saved gasket conflicts without redistributing contacts
Warning: An update to CaseDraft inside a test was not wrapped in act(...).

When testing, code that causes React state updates should be wrapped into act(...):

act(() => {
  /* fire events that update state */
});
/* assert on the output */

This ensures that you're testing the behavior the user would see in the browser. Learn more at https://reactjs.org/link/wrap-tests-with-act
    at CaseDraft (/home/chris/projects/ts-boardstudio2/app/src/molecules/CaseWizard.tsx:453:22)
    at CaseWizard (/home/chris/projects/ts-boardstudio2/app/src/molecules/CaseWizard.tsx:357:3)
Warning: An update to CaseDraft inside a test was not wrapped in act(...).

When testing, code that causes React state updates should be wrapped into act(...):

act(() => {
  /* fire events that update state */
});
/* assert on the output */

This ensures that you're testing the behavior the user would see in the browser. Learn more at https://reactjs.org/link/wrap-tests-with-act
    at CaseDraft (/home/chris/projects/ts-boardstudio2/app/src/molecules/CaseWizard.tsx:453:22)
    at CaseWizard (/home/chris/projects/ts-boardstudio2/app/src/molecules/CaseWizard.tsx:357:3)

stderr | src/molecules/CaseWizard.test.tsx > explains automatic CNC relief and chooses a smaller default plate cutter
Warning: An update to CaseDraft inside a test was not wrapped in act(...).

When testing, code that causes React state updates should be wrapped into act(...):

act(() => {
  /* fire events that update state */
});
/* assert on the output */

This ensures that you're testing the behavior the user would see in the browser. Learn more at https://reactjs.org/link/wrap-tests-with-act
    at CaseDraft (/home/chris/projects/ts-boardstudio2/app/src/molecules/CaseWizard.tsx:453:22)
    at CaseWizard (/home/chris/projects/ts-boardstudio2/app/src/molecules/CaseWizard.tsx:357:3)
Warning: An update to CaseDraft inside a test was not wrapped in act(...).

When testing, code that causes React state updates should be wrapped into act(...):

act(() => {
  /* fire events that update state */
});
/* assert on the output */

This ensures that you're testing the behavior the user would see in the browser. Learn more at https://reactjs.org/link/wrap-tests-with-act
    at CaseDraft (/home/chris/projects/ts-boardstudio2/app/src/molecules/CaseWizard.tsx:453:22)
    at CaseWizard (/home/chris/projects/ts-boardstudio2/app/src/molecules/CaseWizard.tsx:357:3)

 ✓ src/molecules/CaseWizard.test.tsx (18 tests) 4581ms
   ✓ Case wizard > can inspect a selected part before an assembly is generated 451ms
   ✓ Case wizard > keeps edits in the draft and cancels without generating the saved design 328ms
   ✓ uses resolved dimensions for the preview when a field contains a formula 307ms
   ✓ provides named help for wizard and advanced controls across every step 1024ms
   ✓ repairs saved gasket conflicts without redistributing contacts 331ms
   ✓ explains automatic CNC relief and chooses a smaller default plate cutter 527ms
stderr | src/molecules/StudioCanvas.test.tsx > keeps the viewport stable while selecting a column to move
Warning: An update to StudioCanvas inside a test was not wrapped in act(...).

When testing, code that causes React state updates should be wrapped into act(...):

act(() => {
  /* fire events that update state */
});
/* assert on the output */

This ensures that you're testing the behavior the user would see in the browser. Learn more at https://reactjs.org/link/wrap-tests-with-act
    at StudioCanvas (/home/chris/projects/ts-boardstudio2/app/src/molecules/StudioCanvas.tsx:35:3)

stderr | src/molecules/StudioCanvas.test.tsx > starts an object move in Select mode without changing tools
Warning: An update to StudioCanvas inside a test was not wrapped in act(...).

When testing, code that causes React state updates should be wrapped into act(...):

act(() => {
  /* fire events that update state */
});
/* assert on the output */

This ensures that you're testing the behavior the user would see in the browser. Learn more at https://reactjs.org/link/wrap-tests-with-act
    at StudioCanvas (/home/chris/projects/ts-boardstudio2/app/src/molecules/StudioCanvas.tsx:35:3)

stderr | src/molecules/StudioCanvas.test.tsx > keeps the camera fixed when a dropped object changes the layout bounds
Warning: An update to StudioCanvas inside a test was not wrapped in act(...).

When testing, code that causes React state updates should be wrapped into act(...):

act(() => {
  /* fire events that update state */
});
/* assert on the output */

This ensures that you're testing the behavior the user would see in the browser. Learn more at https://reactjs.org/link/wrap-tests-with-act
    at StudioCanvas (/home/chris/projects/ts-boardstudio2/app/src/molecules/StudioCanvas.tsx:35:3)

stderr | src/molecules/StudioCanvas.test.tsx > commits keyboard nudges while analysis is stale
Warning: An update to StudioCanvas inside a test was not wrapped in act(...).

When testing, code that causes React state updates should be wrapped into act(...):

act(() => {
  /* fire events that update state */
});
/* assert on the output */

This ensures that you're testing the behavior the user would see in the browser. Learn more at https://reactjs.org/link/wrap-tests-with-act
    at StudioCanvas (/home/chris/projects/ts-boardstudio2/app/src/molecules/StudioCanvas.tsx:35:3)

stderr | src/molecules/StudioCanvas.test.tsx > draws each accepted draft pose while background analysis is pending
Warning: An update to StudioCanvas inside a test was not wrapped in act(...).

When testing, code that causes React state updates should be wrapped into act(...):

act(() => {
  /* fire events that update state */
});
/* assert on the output */

This ensures that you're testing the behavior the user would see in the browser. Learn more at https://reactjs.org/link/wrap-tests-with-act
    at StudioCanvas (/home/chris/projects/ts-boardstudio2/app/src/molecules/StudioCanvas.tsx:35:3)
    at Draft (/home/chris/projects/ts-boardstudio2/app/src/molecules/StudioCanvas.test.tsx:210:53)

stderr | src/molecules/StudioCanvas.test.tsx > opens selection controls after a click without opening them during pointer movement
Warning: An update to StudioCanvas inside a test was not wrapped in act(...).

When testing, code that causes React state updates should be wrapped into act(...):

act(() => {
  /* fire events that update state */
});
/* assert on the output */

This ensures that you're testing the behavior the user would see in the browser. Learn more at https://reactjs.org/link/wrap-tests-with-act
    at StudioCanvas (/home/chris/projects/ts-boardstudio2/app/src/molecules/StudioCanvas.tsx:35:3)

stderr | src/molecules/StudioCanvas.test.tsx > preserves the chosen scope when selection changes outside the canvas
Warning: An update to StudioCanvas inside a test was not wrapped in act(...).

When testing, code that causes React state updates should be wrapped into act(...):

act(() => {
  /* fire events that update state */
});
/* assert on the output */

This ensures that you're testing the behavior the user would see in the browser. Learn more at https://reactjs.org/link/wrap-tests-with-act
    at StudioCanvas (/home/chris/projects/ts-boardstudio2/app/src/molecules/StudioCanvas.tsx:35:3)

stderr | src/molecules/StudioCanvas.test.tsx > flushes the final pointer delta on release before its animation frame
Warning: An update to StudioCanvas inside a test was not wrapped in act(...).

When testing, code that causes React state updates should be wrapped into act(...):

act(() => {
  /* fire events that update state */
});
/* assert on the output */

This ensures that you're testing the behavior the user would see in the browser. Learn more at https://reactjs.org/link/wrap-tests-with-act
    at StudioCanvas (/home/chris/projects/ts-boardstudio2/app/src/molecules/StudioCanvas.tsx:35:3)

stderr | src/molecules/StudioCanvas.test.tsx > selects the physical row from the canvas row tool
Warning: An update to StudioCanvas inside a test was not wrapped in act(...).

When testing, code that causes React state updates should be wrapped into act(...):

act(() => {
  /* fire events that update state */
});
/* assert on the output */

This ensures that you're testing the behavior the user would see in the browser. Learn more at https://reactjs.org/link/wrap-tests-with-act
    at StudioCanvas (/home/chris/projects/ts-boardstudio2/app/src/molecules/StudioCanvas.tsx:35:3)

 ✓ src/molecules/StudioCanvas.test.tsx (9 tests) 938ms
   ✓ keeps the viewport stable while selecting a column to move 325ms
 ✓ src/utils/analytics.test.ts (19 tests) 32ms
 ✓ src/utils/studioSource.test.ts (20 tests) 2489ms
   ✓ mounts a new matrix on its PCB top surface 449ms
   ✓ mounts new thumb clusters and loose keys on the existing PCB layer 512ms
   ✓ deletes a cluster and its own members together 502ms
stderr | src/hooks/useCasePreview.test.ts > finishes tray STL conversion before publishing a generated result
Warning: An update to TestComponent inside a test was not wrapped in act(...).

When testing, code that causes React state updates should be wrapped into act(...):

act(() => {
  /* fire events that update state */
});
/* assert on the output */

This ensures that you're testing the behavior the user would see in the browser. Learn more at https://reactjs.org/link/wrap-tests-with-act
    at TestComponent (/home/chris/projects/ts-boardstudio2/node_modules/.pnpm/@testing-library+react@15.0.7_@types+react@18.3.28_react-dom@18.3.1_react@18.3.1__react@18.3.1/node_modules/@testing-library/react/dist/pure.js:307:5)

stderr | src/hooks/useCasePreview.test.ts > rejects late tray conversion after cancellation and retry
Warning: An update to TestComponent inside a test was not wrapped in act(...).

When testing, code that causes React state updates should be wrapped into act(...):

act(() => {
  /* fire events that update state */
});
/* assert on the output */

This ensures that you're testing the behavior the user would see in the browser. Learn more at https://reactjs.org/link/wrap-tests-with-act
    at TestComponent (/home/chris/projects/ts-boardstudio2/node_modules/.pnpm/@testing-library+react@15.0.7_@types+react@18.3.28_react-dom@18.3.1_react@18.3.1__react@18.3.1/node_modules/@testing-library/react/dist/pure.js:307:5)

 ✓ src/hooks/useCasePreview.test.ts (15 tests) 45ms
 ✓ src/utils/configAnalyzer.test.ts (13 tests) 22ms
 ✓ src/utils/zip.test.ts (9 tests) 13ms
stderr | src/molecules/ShareDialog.test.tsx > ShareDialog > displays no custom libraries message and proceeds directly when injections array is empty
Failed to copy shareable URI to clipboard: TypeError: Cannot read properties of undefined (reading 'writeText')
    at copyToClipboardWithFallback (/home/chris/projects/ts-boardstudio2/app/src/molecules/ShareDialog.tsx:35:31)
    at /home/chris/projects/ts-boardstudio2/app/src/molecules/ShareDialog.tsx:191:7
    at commitHookEffectListMount (/home/chris/projects/ts-boardstudio2/node_modules/.pnpm/react-dom@18.3.1_react@18.3.1/node_modules/react-dom/cjs/react-dom.development.js:23189:26)
    at commitPassiveMountOnFiber (/home/chris/projects/ts-boardstudio2/node_modules/.pnpm/react-dom@18.3.1_react@18.3.1/node_modules/react-dom/cjs/react-dom.development.js:24970:11)
    at commitPassiveMountEffects_complete (/home/chris/projects/ts-boardstudio2/node_modules/.pnpm/react-dom@18.3.1_react@18.3.1/node_modules/react-dom/cjs/react-dom.development.js:24930:9)
    at commitPassiveMountEffects_begin (/home/chris/projects/ts-boardstudio2/node_modules/.pnpm/react-dom@18.3.1_react@18.3.1/node_modules/react-dom/cjs/react-dom.development.js:24917:7)
    at commitPassiveMountEffects (/home/chris/projects/ts-boardstudio2/node_modules/.pnpm/react-dom@18.3.1_react@18.3.1/node_modules/react-dom/cjs/react-dom.development.js:24905:3)
    at flushPassiveEffectsImpl (/home/chris/projects/ts-boardstudio2/node_modules/.pnpm/react-dom@18.3.1_react@18.3.1/node_modules/react-dom/cjs/react-dom.development.js:27078:3)
    at flushPassiveEffects (/home/chris/projects/ts-boardstudio2/node_modules/.pnpm/react-dom@18.3.1_react@18.3.1/node_modules/react-dom/cjs/react-dom.development.js:27023:14)
    at commitRootImpl (/home/chris/projects/ts-boardstudio2/node_modules/.pnpm/react-dom@18.3.1_react@18.3.1/node_modules/react-dom/cjs/react-dom.development.js:26974:5)
Fallback copy method also failed: TypeError: document.execCommand is not a function
    at copyToClipboardWithFallback (/home/chris/projects/ts-boardstudio2/app/src/molecules/ShareDialog.tsx:55:16)
    at /home/chris/projects/ts-boardstudio2/app/src/molecules/ShareDialog.tsx:191:7
    at commitHookEffectListMount (/home/chris/projects/ts-boardstudio2/node_modules/.pnpm/react-dom@18.3.1_react@18.3.1/node_modules/react-dom/cjs/react-dom.development.js:23189:26)
    at commitPassiveMountOnFiber (/home/chris/projects/ts-boardstudio2/node_modules/.pnpm/react-dom@18.3.1_react@18.3.1/node_modules/react-dom/cjs/react-dom.development.js:24970:11)
    at commitPassiveMountEffects_complete (/home/chris/projects/ts-boardstudio2/node_modules/.pnpm/react-dom@18.3.1_react@18.3.1/node_modules/react-dom/cjs/react-dom.development.js:24930:9)
    at commitPassiveMountEffects_begin (/home/chris/projects/ts-boardstudio2/node_modules/.pnpm/react-dom@18.3.1_react@18.3.1/node_modules/react-dom/cjs/react-dom.development.js:24917:7)
    at commitPassiveMountEffects (/home/chris/projects/ts-boardstudio2/node_modules/.pnpm/react-dom@18.3.1_react@18.3.1/node_modules/react-dom/cjs/react-dom.development.js:24905:3)
    at flushPassiveEffectsImpl (/home/chris/projects/ts-boardstudio2/node_modules/.pnpm/react-dom@18.3.1_react@18.3.1/node_modules/react-dom/cjs/react-dom.development.js:27078:3)
    at flushPassiveEffects (/home/chris/projects/ts-boardstudio2/node_modules/.pnpm/react-dom@18.3.1_react@18.3.1/node_modules/react-dom/cjs/react-dom.development.js:27023:14)
    at commitRootImpl (/home/chris/projects/ts-boardstudio2/node_modules/.pnpm/react-dom@18.3.1_react@18.3.1/node_modules/react-dom/cjs/react-dom.development.js:26974:5)

stderr | src/molecules/ShareDialog.test.tsx > ShareDialog > allows unchecking libraries and sharing only the checked ones
Failed to copy shareable URI to clipboard: TypeError: Cannot read properties of undefined (reading 'writeText')
    at copyToClipboardWithFallback (/home/chris/projects/ts-boardstudio2/app/src/molecules/ShareDialog.tsx:35:31)
    at /home/chris/projects/ts-boardstudio2/app/src/molecules/ShareDialog.tsx:191:7
    at commitHookEffectListMount (/home/chris/projects/ts-boardstudio2/node_modules/.pnpm/react-dom@18.3.1_react@18.3.1/node_modules/react-dom/cjs/react-dom.development.js:23189:26)
    at commitPassiveMountOnFiber (/home/chris/projects/ts-boardstudio2/node_modules/.pnpm/react-dom@18.3.1_react@18.3.1/node_modules/react-dom/cjs/react-dom.development.js:24970:11)
    at commitPassiveMountEffects_complete (/home/chris/projects/ts-boardstudio2/node_modules/.pnpm/react-dom@18.3.1_react@18.3.1/node_modules/react-dom/cjs/react-dom.development.js:24930:9)
    at commitPassiveMountEffects_begin (/home/chris/projects/ts-boardstudio2/node_modules/.pnpm/react-dom@18.3.1_react@18.3.1/node_modules/react-dom/cjs/react-dom.development.js:24917:7)
    at commitPassiveMountEffects (/home/chris/projects/ts-boardstudio2/node_modules/.pnpm/react-dom@18.3.1_react@18.3.1/node_modules/react-dom/cjs/react-dom.development.js:24905:3)
    at flushPassiveEffectsImpl (/home/chris/projects/ts-boardstudio2/node_modules/.pnpm/react-dom@18.3.1_react@18.3.1/node_modules/react-dom/cjs/react-dom.development.js:27078:3)
    at flushPassiveEffects (/home/chris/projects/ts-boardstudio2/node_modules/.pnpm/react-dom@18.3.1_react@18.3.1/node_modules/react-dom/cjs/react-dom.development.js:27023:14)
    at commitRootImpl (/home/chris/projects/ts-boardstudio2/node_modules/.pnpm/react-dom@18.3.1_react@18.3.1/node_modules/react-dom/cjs/react-dom.development.js:26974:5)
Fallback copy method also failed: TypeError: document.execCommand is not a function
    at copyToClipboardWithFallback (/home/chris/projects/ts-boardstudio2/app/src/molecules/ShareDialog.tsx:55:16)
    at /home/chris/projects/ts-boardstudio2/app/src/molecules/ShareDialog.tsx:191:7
    at commitHookEffectListMount (/home/chris/projects/ts-boardstudio2/node_modules/.pnpm/react-dom@18.3.1_react@18.3.1/node_modules/react-dom/cjs/react-dom.development.js:23189:26)
    at commitPassiveMountOnFiber (/home/chris/projects/ts-boardstudio2/node_modules/.pnpm/react-dom@18.3.1_react@18.3.1/node_modules/react-dom/cjs/react-dom.development.js:24970:11)
    at commitPassiveMountEffects_complete (/home/chris/projects/ts-boardstudio2/node_modules/.pnpm/react-dom@18.3.1_react@18.3.1/node_modules/react-dom/cjs/react-dom.development.js:24930:9)
    at commitPassiveMountEffects_begin (/home/chris/projects/ts-boardstudio2/node_modules/.pnpm/react-dom@18.3.1_react@18.3.1/node_modules/react-dom/cjs/react-dom.development.js:24917:7)
    at commitPassiveMountEffects (/home/chris/projects/ts-boardstudio2/node_modules/.pnpm/react-dom@18.3.1_react@18.3.1/node_modules/react-dom/cjs/react-dom.development.js:24905:3)
    at flushPassiveEffectsImpl (/home/chris/projects/ts-boardstudio2/node_modules/.pnpm/react-dom@18.3.1_react@18.3.1/node_modules/react-dom/cjs/react-dom.development.js:27078:3)
    at flushPassiveEffects (/home/chris/projects/ts-boardstudio2/node_modules/.pnpm/react-dom@18.3.1_react@18.3.1/node_modules/react-dom/cjs/react-dom.development.js:27023:14)
    at commitRootImpl (/home/chris/projects/ts-boardstudio2/node_modules/.pnpm/react-dom@18.3.1_react@18.3.1/node_modules/react-dom/cjs/react-dom.development.js:26974:5)

stderr | src/molecules/ShareDialog.test.tsx > ShareDialog > ignores injections when Include custom libraries is toggled OFF
Failed to copy shareable URI to clipboard: TypeError: Cannot read properties of undefined (reading 'writeText')
    at copyToClipboardWithFallback (/home/chris/projects/ts-boardstudio2/app/src/molecules/ShareDialog.tsx:35:31)
    at /home/chris/projects/ts-boardstudio2/app/src/molecules/ShareDialog.tsx:191:7
    at commitHookEffectListMount (/home/chris/projects/ts-boardstudio2/node_modules/.pnpm/react-dom@18.3.1_react@18.3.1/node_modules/react-dom/cjs/react-dom.development.js:23189:26)
    at commitPassiveMountOnFiber (/home/chris/projects/ts-boardstudio2/node_modules/.pnpm/react-dom@18.3.1_react@18.3.1/node_modules/react-dom/cjs/react-dom.development.js:24970:11)
    at commitPassiveMountEffects_complete (/home/chris/projects/ts-boardstudio2/node_modules/.pnpm/react-dom@18.3.1_react@18.3.1/node_modules/react-dom/cjs/react-dom.development.js:24930:9)
    at commitPassiveMountEffects_begin (/home/chris/projects/ts-boardstudio2/node_modules/.pnpm/react-dom@18.3.1_react@18.3.1/node_modules/react-dom/cjs/react-dom.development.js:24917:7)
    at commitPassiveMountEffects (/home/chris/projects/ts-boardstudio2/node_modules/.pnpm/react-dom@18.3.1_react@18.3.1/node_modules/react-dom/cjs/react-dom.development.js:24905:3)
    at flushPassiveEffectsImpl (/home/chris/projects/ts-boardstudio2/node_modules/.pnpm/react-dom@18.3.1_react@18.3.1/node_modules/react-dom/cjs/react-dom.development.js:27078:3)
    at flushPassiveEffects (/home/chris/projects/ts-boardstudio2/node_modules/.pnpm/react-dom@18.3.1_react@18.3.1/node_modules/react-dom/cjs/react-dom.development.js:27023:14)
    at commitRootImpl (/home/chris/projects/ts-boardstudio2/node_modules/.pnpm/react-dom@18.3.1_react@18.3.1/node_modules/react-dom/cjs/react-dom.development.js:26974:5)
Fallback copy method also failed: TypeError: document.execCommand is not a function
    at copyToClipboardWithFallback (/home/chris/projects/ts-boardstudio2/app/src/molecules/ShareDialog.tsx:55:16)
    at /home/chris/projects/ts-boardstudio2/app/src/molecules/ShareDialog.tsx:191:7
    at commitHookEffectListMount (/home/chris/projects/ts-boardstudio2/node_modules/.pnpm/react-dom@18.3.1_react@18.3.1/node_modules/react-dom/cjs/react-dom.development.js:23189:26)
    at commitPassiveMountOnFiber (/home/chris/projects/ts-boardstudio2/node_modules/.pnpm/react-dom@18.3.1_react@18.3.1/node_modules/react-dom/cjs/react-dom.development.js:24970:11)
    at commitPassiveMountEffects_complete (/home/chris/projects/ts-boardstudio2/node_modules/.pnpm/react-dom@18.3.1_react@18.3.1/node_modules/react-dom/cjs/react-dom.development.js:24930:9)
    at commitPassiveMountEffects_begin (/home/chris/projects/ts-boardstudio2/node_modules/.pnpm/react-dom@18.3.1_react@18.3.1/node_modules/react-dom/cjs/react-dom.development.js:24917:7)
    at commitPassiveMountEffects (/home/chris/projects/ts-boardstudio2/node_modules/.pnpm/react-dom@18.3.1_react@18.3.1/node_modules/react-dom/cjs/react-dom.development.js:24905:3)
    at flushPassiveEffectsImpl (/home/chris/projects/ts-boardstudio2/node_modules/.pnpm/react-dom@18.3.1_react@18.3.1/node_modules/react-dom/cjs/react-dom.development.js:27078:3)
    at flushPassiveEffects (/home/chris/projects/ts-boardstudio2/node_modules/.pnpm/react-dom@18.3.1_react@18.3.1/node_modules/react-dom/cjs/react-dom.development.js:27023:14)
    at commitRootImpl (/home/chris/projects/ts-boardstudio2/node_modules/.pnpm/react-dom@18.3.1_react@18.3.1/node_modules/react-dom/cjs/react-dom.development.js:26974:5)

 ✓ src/molecules/ShareDialog.test.tsx (9 tests) 354ms
 ✓ src/utils/studioSourceBatch.test.ts (9 tests) 747ms
 ✓ src/utils/resizeSpacing.test.ts (21 tests) 5303ms
   ✓ restores spacing after repeated grow and shrink 740ms
   ✓ clears clusters resizing including taller keys 426ms
   ✓ preserves authored offset expressions across grow and shrink 538ms
   ✓ retains splay, stagger and expressions in rotated matrices 335ms
   ✓ keeps mirrors and attached electronics in their native relationships 431ms
 ✓ src/utils/enclosureSource.test.ts (14 tests) 203ms
 ✓ src/molecules/SideNavigation.test.tsx (12 tests) 705ms
stdout | src/utils/gitProvider.test.ts > gitProviderRegistry > should fetch direct file URLs from Codeberg without searching config.yaml
[GitHub] Starting fetch from URL: https://codeberg.org/cerement/cinereus-pe/src/branch/main/cinereus-pe/cinereus-pe.yaml

stdout | src/utils/gitProvider.test.ts > gitProviderRegistry > should find quokka.yaml in root via BFS on Codeberg
[GitHub] Starting fetch from URL: https://codeberg.org/dlford/quokka

stdout | src/utils/gitProvider.test.ts > gitProviderRegistry > should ignore yaml/yml files starting with a dot during BFS
[GitHub] Starting fetch from URL: https://codeberg.org/dlford/quokka

 ✓ src/utils/gitProvider.test.ts (8 tests) 10ms
stdout | src/utils/gitProvider.test.ts > gitProviderRegistry > ForgejoProvider > should fetch config using the correct derived custom host API URL
[GitHub] Starting fetch from URL: https://git.gay/MrsFreckles/lunera/src/branch/main/config.yaml
[GitHub] Checking for .gitmodules file
[GitHub] .gitmodules found, parsing submodules

 ✓ src/utils/generationHelpers.test.ts (16 tests) 7ms
 ✓ src/utils/version.test.ts (21 tests) 8ms
stderr | src/Ergogen.test.tsx
WARNING: Multiple instances of Three.js being imported.

stderr | src/Ergogen.test.tsx > Ergogen Subheader Buttons > renders mobile share button and triggers share logic on click when showConfig is true
Failed to copy shareable URI to clipboard: TypeError: Cannot read properties of undefined (reading 'writeText')
    at copyToClipboardWithFallback (/home/chris/projects/ts-boardstudio2/app/src/molecules/ShareDialog.tsx:35:31)
    at /home/chris/projects/ts-boardstudio2/app/src/molecules/ShareDialog.tsx:191:7
    at commitHookEffectListMount (/home/chris/projects/ts-boardstudio2/node_modules/.pnpm/react-dom@18.3.1_react@18.3.1/node_modules/react-dom/cjs/react-dom.development.js:23189:26)
    at commitPassiveMountOnFiber (/home/chris/projects/ts-boardstudio2/node_modules/.pnpm/react-dom@18.3.1_react@18.3.1/node_modules/react-dom/cjs/react-dom.development.js:24970:11)
    at commitPassiveMountEffects_complete (/home/chris/projects/ts-boardstudio2/node_modules/.pnpm/react-dom@18.3.1_react@18.3.1/node_modules/react-dom/cjs/react-dom.development.js:24930:9)
    at commitPassiveMountEffects_begin (/home/chris/projects/ts-boardstudio2/node_modules/.pnpm/react-dom@18.3.1_react@18.3.1/node_modules/react-dom/cjs/react-dom.development.js:24917:7)
    at commitPassiveMountEffects (/home/chris/projects/ts-boardstudio2/node_modules/.pnpm/react-dom@18.3.1_react@18.3.1/node_modules/react-dom/cjs/react-dom.development.js:24905:3)
    at flushPassiveEffectsImpl (/home/chris/projects/ts-boardstudio2/node_modules/.pnpm/react-dom@18.3.1_react@18.3.1/node_modules/react-dom/cjs/react-dom.development.js:27078:3)
    at flushPassiveEffects (/home/chris/projects/ts-boardstudio2/node_modules/.pnpm/react-dom@18.3.1_react@18.3.1/node_modules/react-dom/cjs/react-dom.development.js:27023:14)
    at commitRootImpl (/home/chris/projects/ts-boardstudio2/node_modules/.pnpm/react-dom@18.3.1_react@18.3.1/node_modules/react-dom/cjs/react-dom.development.js:26974:5)
Fallback copy method also failed: TypeError: document.execCommand is not a function
    at copyToClipboardWithFallback (/home/chris/projects/ts-boardstudio2/app/src/molecules/ShareDialog.tsx:55:16)
    at /home/chris/projects/ts-boardstudio2/app/src/molecules/ShareDialog.tsx:191:7
    at commitHookEffectListMount (/home/chris/projects/ts-boardstudio2/node_modules/.pnpm/react-dom@18.3.1_react@18.3.1/node_modules/react-dom/cjs/react-dom.development.js:23189:26)
    at commitPassiveMountOnFiber (/home/chris/projects/ts-boardstudio2/node_modules/.pnpm/react-dom@18.3.1_react@18.3.1/node_modules/react-dom/cjs/react-dom.development.js:24970:11)
    at commitPassiveMountEffects_complete (/home/chris/projects/ts-boardstudio2/node_modules/.pnpm/react-dom@18.3.1_react@18.3.1/node_modules/react-dom/cjs/react-dom.development.js:24930:9)
    at commitPassiveMountEffects_begin (/home/chris/projects/ts-boardstudio2/node_modules/.pnpm/react-dom@18.3.1_react@18.3.1/node_modules/react-dom/cjs/react-dom.development.js:24917:7)
    at commitPassiveMountEffects (/home/chris/projects/ts-boardstudio2/node_modules/.pnpm/react-dom@18.3.1_react@18.3.1/node_modules/react-dom/cjs/react-dom.development.js:24905:3)
    at flushPassiveEffectsImpl (/home/chris/projects/ts-boardstudio2/node_modules/.pnpm/react-dom@18.3.1_react@18.3.1/node_modules/react-dom/cjs/react-dom.development.js:27078:3)
    at flushPassiveEffects (/home/chris/projects/ts-boardstudio2/node_modules/.pnpm/react-dom@18.3.1_react@18.3.1/node_modules/react-dom/cjs/react-dom.development.js:27023:14)
    at commitRootImpl (/home/chris/projects/ts-boardstudio2/node_modules/.pnpm/react-dom@18.3.1_react@18.3.1/node_modules/react-dom/cjs/react-dom.development.js:26974:5)

 ✓ src/Ergogen.test.tsx (5 tests) 376ms
stderr | src/atoms/Header.test.tsx > Header > triggers share dialog on click
Failed to copy shareable URI to clipboard: TypeError: Cannot read properties of undefined (reading 'writeText')
    at copyToClipboardWithFallback (/home/chris/projects/ts-boardstudio2/app/src/molecules/ShareDialog.tsx:35:31)
    at /home/chris/projects/ts-boardstudio2/app/src/molecules/ShareDialog.tsx:191:7
    at commitHookEffectListMount (/home/chris/projects/ts-boardstudio2/node_modules/.pnpm/react-dom@18.3.1_react@18.3.1/node_modules/react-dom/cjs/react-dom.development.js:23189:26)
    at commitPassiveMountOnFiber (/home/chris/projects/ts-boardstudio2/node_modules/.pnpm/react-dom@18.3.1_react@18.3.1/node_modules/react-dom/cjs/react-dom.development.js:24970:11)
    at commitPassiveMountEffects_complete (/home/chris/projects/ts-boardstudio2/node_modules/.pnpm/react-dom@18.3.1_react@18.3.1/node_modules/react-dom/cjs/react-dom.development.js:24930:9)
    at commitPassiveMountEffects_begin (/home/chris/projects/ts-boardstudio2/node_modules/.pnpm/react-dom@18.3.1_react@18.3.1/node_modules/react-dom/cjs/react-dom.development.js:24917:7)
    at commitPassiveMountEffects (/home/chris/projects/ts-boardstudio2/node_modules/.pnpm/react-dom@18.3.1_react@18.3.1/node_modules/react-dom/cjs/react-dom.development.js:24905:3)
    at flushPassiveEffectsImpl (/home/chris/projects/ts-boardstudio2/node_modules/.pnpm/react-dom@18.3.1_react@18.3.1/node_modules/react-dom/cjs/react-dom.development.js:27078:3)
    at flushPassiveEffects (/home/chris/projects/ts-boardstudio2/node_modules/.pnpm/react-dom@18.3.1_react@18.3.1/node_modules/react-dom/cjs/react-dom.development.js:27023:14)
    at commitRootImpl (/home/chris/projects/ts-boardstudio2/node_modules/.pnpm/react-dom@18.3.1_react@18.3.1/node_modules/react-dom/cjs/react-dom.development.js:26974:5)
Fallback copy method also failed: TypeError: document.execCommand is not a function
    at copyToClipboardWithFallback (/home/chris/projects/ts-boardstudio2/app/src/molecules/ShareDialog.tsx:55:16)
    at /home/chris/projects/ts-boardstudio2/app/src/molecules/ShareDialog.tsx:191:7
    at commitHookEffectListMount (/home/chris/projects/ts-boardstudio2/node_modules/.pnpm/react-dom@18.3.1_react@18.3.1/node_modules/react-dom/cjs/react-dom.development.js:23189:26)
    at commitPassiveMountOnFiber (/home/chris/projects/ts-boardstudio2/node_modules/.pnpm/react-dom@18.3.1_react@18.3.1/node_modules/react-dom/cjs/react-dom.development.js:24970:11)
    at commitPassiveMountEffects_complete (/home/chris/projects/ts-boardstudio2/node_modules/.pnpm/react-dom@18.3.1_react@18.3.1/node_modules/react-dom/cjs/react-dom.development.js:24930:9)
    at commitPassiveMountEffects_begin (/home/chris/projects/ts-boardstudio2/node_modules/.pnpm/react-dom@18.3.1_react@18.3.1/node_modules/react-dom/cjs/react-dom.development.js:24917:7)
    at commitPassiveMountEffects (/home/chris/projects/ts-boardstudio2/node_modules/.pnpm/react-dom@18.3.1_react@18.3.1/node_modules/react-dom/cjs/react-dom.development.js:24905:3)
    at flushPassiveEffectsImpl (/home/chris/projects/ts-boardstudio2/node_modules/.pnpm/react-dom@18.3.1_react@18.3.1/node_modules/react-dom/cjs/react-dom.development.js:27078:3)
    at flushPassiveEffects (/home/chris/projects/ts-boardstudio2/node_modules/.pnpm/react-dom@18.3.1_react@18.3.1/node_modules/react-dom/cjs/react-dom.development.js:27023:14)
    at commitRootImpl (/home/chris/projects/ts-boardstudio2/node_modules/.pnpm/react-dom@18.3.1_react@18.3.1/node_modules/react-dom/cjs/react-dom.development.js:26974:5)

 ✓ src/atoms/Header.test.tsx (11 tests) 487ms
stdout | src/context/ProjectSession.test.tsx > keeps imported assets when creation and import share one event
Version 1 or legacy configuration detected on load. Triggering background preview generation for all configs missing a preview SVG...

stdout | src/context/ProjectSession.test.tsx > merges an asset edit with a pending project load
Version 1 or legacy configuration detected on load. Triggering background preview generation for all configs missing a preview SVG...

stdout | src/context/ProjectSession.test.tsx > undoes source, assets and custom footprints in one project history
Version 1 or legacy configuration detected on load. Triggering background preview generation for all configs missing a preview SVG...

stdout | src/context/ProjectSession.test.tsx > copies project assets when duplicating a saved design
Version 1 or legacy configuration detected on load. Triggering background preview generation for all configs missing a preview SVG...

stdout | src/context/ProjectSession.test.tsx > does not build native solids when Studio is closed
Version 1 or legacy configuration detected on load. Triggering background preview generation for all configs missing a preview SVG...

stdout | src/context/ProjectSession.test.tsx > clears a previous generation error when the source changes
Version 1 or legacy configuration detected on load. Triggering background preview generation for all configs missing a preview SVG...

stderr | src/context/ProjectSession.test.tsx > clears a previous generation error when the source changes
Warning: An update to ConfigContextProvider inside a test was not wrapped in act(...).

When testing, code that causes React state updates should be wrapped into act(...):

act(() => {
  /* fire events that update state */
});
/* assert on the output */

This ensures that you're testing the behavior the user would see in the browser. Learn more at https://reactjs.org/link/wrap-tests-with-act
    at ConfigContextProvider (/home/chris/projects/ts-boardstudio2/app/src/context/ConfigContext.tsx:244:3)
Warning: An update to ConfigContextProvider inside a test was not wrapped in act(...).

When testing, code that causes React state updates should be wrapped into act(...):

act(() => {
  /* fire events that update state */
});
/* assert on the output */

This ensures that you're testing the behavior the user would see in the browser. Learn more at https://reactjs.org/link/wrap-tests-with-act
    at ConfigContextProvider (/home/chris/projects/ts-boardstudio2/app/src/context/ConfigContext.tsx:244:3)

stdout | src/context/ProjectSession.test.tsx > releases the generate control when edits supersede a running request
Version 1 or legacy configuration detected on load. Triggering background preview generation for all configs missing a preview SVG...

stdout | src/context/ProjectSession.test.tsx > undoes an assembly source, model and footprint update as one transaction
Version 1 or legacy configuration detected on load. Triggering background preview generation for all configs missing a preview SVG...

stdout | src/context/ProjectSession.test.tsx > cancels queued generation when the project session unmounts
Version 1 or legacy configuration detected on load. Triggering background preview generation for all configs missing a preview SVG...

 ✓ src/context/ProjectSession.test.tsx (9 tests) 67ms
 ✓ src/utils/ergogenBundleLoader.test.ts (15 tests) 15ms
stdout | src/hooks/useServiceWorkerUpdate.test.ts > useServiceWorkerUpdate hook > should return a reload callback when ?force_update is present
[SW] Force-update triggered via ?force_update URL parameter.

 ✓ src/hooks/useServiceWorkerUpdate.test.ts (6 tests) 24ms
 ✓ src/molecules/StudioInspector.test.tsx (8 tests) 328ms
 ✓ src/molecules/ModelEditor.test.tsx (5 tests) 319ms
 ✓ src/molecules/Downloads.test.tsx (5 tests) 55ms
 ✓ src/utils/layoutSource.test.ts (10 tests) 50ms
 ✓ src/workers/workerFactory.test.ts (8 tests) 9ms
 ✓ src/utils/platform.test.ts (18 tests) 7ms
 ✓ src/molecules/ShareVersionCompatibilityDialog.test.tsx (6 tests) 119ms
stderr | src/molecules/CaseComponents.test.tsx > keeps automatic model transforms specific to each footprint instance
Warning: An update to CaseComponents inside a test was not wrapped in act(...).

When testing, code that causes React state updates should be wrapped into act(...):

act(() => {
  /* fire events that update state */
});
/* assert on the output */

This ensures that you're testing the behavior the user would see in the browser. Learn more at https://reactjs.org/link/wrap-tests-with-act
    at CaseComponents (/home/chris/projects/ts-boardstudio2/app/src/molecules/CaseComponents.tsx:17:3)
Warning: An update to CaseComponents inside a test was not wrapped in act(...).

When testing, code that causes React state updates should be wrapped into act(...):

act(() => {
  /* fire events that update state */
});
/* assert on the output */

This ensures that you're testing the behavior the user would see in the browser. Learn more at https://reactjs.org/link/wrap-tests-with-act
    at CaseComponents (/home/chris/projects/ts-boardstudio2/app/src/molecules/CaseComponents.tsx:17:3)
Warning: An update to CaseComponents inside a test was not wrapped in act(...).

When testing, code that causes React state updates should be wrapped into act(...):

act(() => {
  /* fire events that update state */
});
/* assert on the output */

This ensures that you're testing the behavior the user would see in the browser. Learn more at https://reactjs.org/link/wrap-tests-with-act
    at CaseComponents (/home/chris/projects/ts-boardstudio2/app/src/molecules/CaseComponents.tsx:17:3)
Warning: An update to CaseComponents inside a test was not wrapped in act(...).

When testing, code that causes React state updates should be wrapped into act(...):

act(() => {
  /* fire events that update state */
});
/* assert on the output */

This ensures that you're testing the behavior the user would see in the browser. Learn more at https://reactjs.org/link/wrap-tests-with-act
    at CaseComponents (/home/chris/projects/ts-boardstudio2/app/src/molecules/CaseComponents.tsx:17:3)

 ✓ src/molecules/CaseComponents.test.tsx (4 tests) 244ms
stdout | src/App.test.tsx > App shared version compatibility checks > verifies version checking workflow during mount and subsequent hash changes
Version 1 or legacy configuration detected on load. Triggering background preview generation for all configs missing a preview SVG...

stderr | src/App.test.tsx > App shared version compatibility checks > verifies version checking workflow during mount and subsequent hash changes
Warning: An update to ConfigContextProvider inside a test was not wrapped in act(...).

When testing, code that causes React state updates should be wrapped into act(...):

act(() => {
  /* fire events that update state */
});
/* assert on the output */

This ensures that you're testing the behavior the user would see in the browser. Learn more at https://reactjs.org/link/wrap-tests-with-act
    at ConfigContextProvider (/home/chris/projects/ts-boardstudio2/app/src/context/ConfigContext.tsx:244:3)
    at App (/home/chris/projects/ts-boardstudio2/app/src/App.tsx:59:56)

 ✓ src/App.test.tsx (1 test) 182ms
 ✓ src/utils/layoutSnapping.test.ts (8 tests) 29ms
 ✓ src/utils/layoutRelations.test.ts (6 tests) 210ms
 ✓ src/molecules/BulkDownloadDialog.test.tsx (6 tests) 333ms
 ✓ src/utils/studioMove.test.ts (9 tests) 189ms
 ✓ src/utils/featureFlags.test.ts (10 tests) 8ms
 ✓ src/utils/boardDefaults.test.ts (10 tests) 1799ms
   ✓ creates PCB outlines when an empty mirrored board receives keys 462ms
 ✓ src/molecules/ConflictResolutionDialog.test.tsx (8 tests) 147ms
 ✓ src/utils/bundledPreviews.test.ts (6 tests) 226ms
 ✓ src/utils/studioOutline.test.ts (7 tests) 143ms
stderr | src/atoms/StlPreview.test.tsx > StlPreview > renders the STL preview container
Warning: <ambientLight /> is using incorrect casing. Use PascalCase for React components, or lowercase for HTML elements.
    at ambientLight
    at Suspense
    at div
    at Canvas (/home/chris/projects/ts-boardstudio2/app/src/atoms/StlPreview.test.tsx:6:16)
    at CanvasErrorBoundary (/home/chris/projects/ts-boardstudio2/app/src/atoms/StlPreview.tsx:24:5)
    at div
    at S (/home/chris/projects/ts-boardstudio2/node_modules/.pnpm/styled-components@6.4.1_react-dom@18.3.1_react@18.3.1__react@18.3.1/node_modules/styled-components/dist/styled-components.cjs.js:1:27742)
    at StlPreview (/home/chris/projects/ts-boardstudio2/app/src/atoms/StlPreview.tsx:367:3)
Warning: The tag <ambientLight> is unrecognized in this browser. If you meant to render a React component, start its name with an uppercase letter.
    at ambientLight
    at Suspense
    at div
    at Canvas (/home/chris/projects/ts-boardstudio2/app/src/atoms/StlPreview.test.tsx:6:16)
    at CanvasErrorBoundary (/home/chris/projects/ts-boardstudio2/app/src/atoms/StlPreview.tsx:24:5)
    at div
    at S (/home/chris/projects/ts-boardstudio2/node_modules/.pnpm/styled-components@6.4.1_react-dom@18.3.1_react@18.3.1__react@18.3.1/node_modules/styled-components/dist/styled-components.cjs.js:1:27742)
    at StlPreview (/home/chris/projects/ts-boardstudio2/app/src/atoms/StlPreview.tsx:367:3)
Warning: <directionalLight /> is using incorrect casing. Use PascalCase for React components, or lowercase for HTML elements.
    at directionalLight
    at Suspense
    at div
    at Canvas (/home/chris/projects/ts-boardstudio2/app/src/atoms/StlPreview.test.tsx:6:16)
    at CanvasErrorBoundary (/home/chris/projects/ts-boardstudio2/app/src/atoms/StlPreview.tsx:24:5)
    at div
    at S (/home/chris/projects/ts-boardstudio2/node_modules/.pnpm/styled-components@6.4.1_react-dom@18.3.1_react@18.3.1__react@18.3.1/node_modules/styled-components/dist/styled-components.cjs.js:1:27742)
    at StlPreview (/home/chris/projects/ts-boardstudio2/app/src/atoms/StlPreview.tsx:367:3)
Warning: The tag <directionalLight> is unrecognized in this browser. If you meant to render a React component, start its name with an uppercase letter.
    at directionalLight
    at Suspense
    at div
    at Canvas (/home/chris/projects/ts-boardstudio2/app/src/atoms/StlPreview.test.tsx:6:16)
    at CanvasErrorBoundary (/home/chris/projects/ts-boardstudio2/app/src/atoms/StlPreview.tsx:24:5)
    at div
    at S (/home/chris/projects/ts-boardstudio2/node_modules/.pnpm/styled-components@6.4.1_react-dom@18.3.1_react@18.3.1__react@18.3.1/node_modules/styled-components/dist/styled-components.cjs.js:1:27742)
    at StlPreview (/home/chris/projects/ts-boardstudio2/app/src/atoms/StlPreview.tsx:367:3)
Warning: <directionalLight /> is using incorrect casing. Use PascalCase for React components, or lowercase for HTML elements.
    at directionalLight
    at Suspense
    at div
    at Canvas (/home/chris/projects/ts-boardstudio2/app/src/atoms/StlPreview.test.tsx:6:16)
    at CanvasErrorBoundary (/home/chris/projects/ts-boardstudio2/app/src/atoms/StlPreview.tsx:24:5)
    at div
    at S (/home/chris/projects/ts-boardstudio2/node_modules/.pnpm/styled-components@6.4.1_react-dom@18.3.1_react@18.3.1__react@18.3.1/node_modules/styled-components/dist/styled-components.cjs.js:1:27742)
    at StlPreview (/home/chris/projects/ts-boardstudio2/app/src/atoms/StlPreview.tsx:367:3)
Warning: <meshStandardMaterial /> is using incorrect casing. Use PascalCase for React components, or lowercase for HTML elements.
    at meshStandardMaterial
    at mesh
    at SceneContent (/home/chris/projects/ts-boardstudio2/app/src/atoms/StlPreview.tsx:160:3)
    at Suspense
    at div
    at Canvas (/home/chris/projects/ts-boardstudio2/app/src/atoms/StlPreview.test.tsx:6:16)
    at CanvasErrorBoundary (/home/chris/projects/ts-boardstudio2/app/src/atoms/StlPreview.tsx:24:5)
    at div
    at S (/home/chris/projects/ts-boardstudio2/node_modules/.pnpm/styled-components@6.4.1_react-dom@18.3.1_react@18.3.1__react@18.3.1/node_modules/styled-components/dist/styled-components.cjs.js:1:27742)
    at StlPreview (/home/chris/projects/ts-boardstudio2/app/src/atoms/StlPreview.tsx:367:3)
Warning: The tag <meshStandardMaterial> is unrecognized in this browser. If you meant to render a React component, start its name with an uppercase letter.
    at meshStandardMaterial
    at mesh
    at SceneContent (/home/chris/projects/ts-boardstudio2/app/src/atoms/StlPreview.tsx:160:3)
    at Suspense
    at div
    at Canvas (/home/chris/projects/ts-boardstudio2/app/src/atoms/StlPreview.test.tsx:6:16)
    at CanvasErrorBoundary (/home/chris/projects/ts-boardstudio2/app/src/atoms/StlPreview.tsx:24:5)
    at div
    at S (/home/chris/projects/ts-boardstudio2/node_modules/.pnpm/styled-components@6.4.1_react-dom@18.3.1_react@18.3.1__react@18.3.1/node_modules/styled-components/dist/styled-components.cjs.js:1:27742)
    at StlPreview (/home/chris/projects/ts-boardstudio2/app/src/atoms/StlPreview.tsx:367:3)
Warning: The tag <mesh> is unrecognized in this browser. If you meant to render a React component, start its name with an uppercase letter.
    at mesh
    at SceneContent (/home/chris/projects/ts-boardstudio2/app/src/atoms/StlPreview.tsx:160:3)
    at Suspense
    at div
    at Canvas (/home/chris/projects/ts-boardstudio2/app/src/atoms/StlPreview.test.tsx:6:16)
    at CanvasErrorBoundary (/home/chris/projects/ts-boardstudio2/app/src/atoms/StlPreview.tsx:24:5)
    at div
    at S (/home/chris/projects/ts-boardstudio2/node_modules/.pnpm/styled-components@6.4.1_react-dom@18.3.1_react@18.3.1__react@18.3.1/node_modules/styled-components/dist/styled-components.cjs.js:1:27742)
    at StlPreview (/home/chris/projects/ts-boardstudio2/app/src/atoms/StlPreview.tsx:367:3)

stderr | src/atoms/StlPreview.test.tsx > StlPreview > renders with correct aria-label
Warning: <ambientLight /> is using incorrect casing. Use PascalCase for React components, or lowercase for HTML elements.
    at ambientLight
    at Suspense
    at div
    at Canvas (/home/chris/projects/ts-boardstudio2/app/src/atoms/StlPreview.test.tsx:6:16)
    at CanvasErrorBoundary (/home/chris/projects/ts-boardstudio2/app/src/atoms/StlPreview.tsx:24:5)
    at div
    at S (/home/chris/projects/ts-boardstudio2/node_modules/.pnpm/styled-components@6.4.1_react-dom@18.3.1_react@18.3.1__react@18.3.1/node_modules/styled-components/dist/styled-components.cjs.js:1:27742)
    at StlPreview (/home/chris/projects/ts-boardstudio2/app/src/atoms/StlPreview.tsx:367:3)
Warning: <directionalLight /> is using incorrect casing. Use PascalCase for React components, or lowercase for HTML elements.
    at directionalLight
    at Suspense
    at div
    at Canvas (/home/chris/projects/ts-boardstudio2/app/src/atoms/StlPreview.test.tsx:6:16)
    at CanvasErrorBoundary (/home/chris/projects/ts-boardstudio2/app/src/atoms/StlPreview.tsx:24:5)
    at div
    at S (/home/chris/projects/ts-boardstudio2/node_modules/.pnpm/styled-components@6.4.1_react-dom@18.3.1_react@18.3.1__react@18.3.1/node_modules/styled-components/dist/styled-components.cjs.js:1:27742)
    at StlPreview (/home/chris/projects/ts-boardstudio2/app/src/atoms/StlPreview.tsx:367:3)
Warning: <directionalLight /> is using incorrect casing. Use PascalCase for React components, or lowercase for HTML elements.
    at directionalLight
    at Suspense
    at div
    at Canvas (/home/chris/projects/ts-boardstudio2/app/src/atoms/StlPreview.test.tsx:6:16)
    at CanvasErrorBoundary (/home/chris/projects/ts-boardstudio2/app/src/atoms/StlPreview.tsx:24:5)
    at div
    at S (/home/chris/projects/ts-boardstudio2/node_modules/.pnpm/styled-components@6.4.1_react-dom@18.3.1_react@18.3.1__react@18.3.1/node_modules/styled-components/dist/styled-components.cjs.js:1:27742)
    at StlPreview (/home/chris/projects/ts-boardstudio2/app/src/atoms/StlPreview.tsx:367:3)
Warning: <meshStandardMaterial /> is using incorrect casing. Use PascalCase for React components, or lowercase for HTML elements.
    at meshStandardMaterial
    at mesh
    at SceneContent (/home/chris/projects/ts-boardstudio2/app/src/atoms/StlPreview.tsx:160:3)
    at Suspense
    at div
    at Canvas (/home/chris/projects/ts-boardstudio2/app/src/atoms/StlPreview.test.tsx:6:16)
    at CanvasErrorBoundary (/home/chris/projects/ts-boardstudio2/app/src/atoms/StlPreview.tsx:24:5)
    at div
    at S (/home/chris/projects/ts-boardstudio2/node_modules/.pnpm/styled-components@6.4.1_react-dom@18.3.1_react@18.3.1__react@18.3.1/node_modules/styled-components/dist/styled-components.cjs.js:1:27742)
    at StlPreview (/home/chris/projects/ts-boardstudio2/app/src/atoms/StlPreview.tsx:367:3)

stderr | src/atoms/StlPreview.test.tsx > StlPreview > renders the Canvas component
Warning: <ambientLight /> is using incorrect casing. Use PascalCase for React components, or lowercase for HTML elements.
    at ambientLight
    at Suspense
    at div
    at Canvas (/home/chris/projects/ts-boardstudio2/app/src/atoms/StlPreview.test.tsx:6:16)
    at CanvasErrorBoundary (/home/chris/projects/ts-boardstudio2/app/src/atoms/StlPreview.tsx:24:5)
    at div
    at S (/home/chris/projects/ts-boardstudio2/node_modules/.pnpm/styled-components@6.4.1_react-dom@18.3.1_react@18.3.1__react@18.3.1/node_modules/styled-components/dist/styled-components.cjs.js:1:27742)
    at StlPreview (/home/chris/projects/ts-boardstudio2/app/src/atoms/StlPreview.tsx:367:3)
Warning: <directionalLight /> is using incorrect casing. Use PascalCase for React components, or lowercase for HTML elements.
    at directionalLight
    at Suspense
    at div
    at Canvas (/home/chris/projects/ts-boardstudio2/app/src/atoms/StlPreview.test.tsx:6:16)
    at CanvasErrorBoundary (/home/chris/projects/ts-boardstudio2/app/src/atoms/StlPreview.tsx:24:5)
    at div
    at S (/home/chris/projects/ts-boardstudio2/node_modules/.pnpm/styled-components@6.4.1_react-dom@18.3.1_react@18.3.1__react@18.3.1/node_modules/styled-components/dist/styled-components.cjs.js:1:27742)
    at StlPreview (/home/chris/projects/ts-boardstudio2/app/src/atoms/StlPreview.tsx:367:3)
Warning: <directionalLight /> is using incorrect casing. Use PascalCase for React components, or lowercase for HTML elements.
    at directionalLight
    at Suspense
    at div
    at Canvas (/home/chris/projects/ts-boardstudio2/app/src/atoms/StlPreview.test.tsx:6:16)
    at CanvasErrorBoundary (/home/chris/projects/ts-boardstudio2/app/src/atoms/StlPreview.tsx:24:5)
    at div
    at S (/home/chris/projects/ts-boardstudio2/node_modules/.pnpm/styled-components@6.4.1_react-dom@18.3.1_react@18.3.1__react@18.3.1/node_modules/styled-components/dist/styled-components.cjs.js:1:27742)
    at StlPreview (/home/chris/projects/ts-boardstudio2/app/src/atoms/StlPreview.tsx:367:3)
Warning: <meshStandardMaterial /> is using incorrect casing. Use PascalCase for React components, or lowercase for HTML elements.
    at meshStandardMaterial
    at mesh
    at SceneContent (/home/chris/projects/ts-boardstudio2/app/src/atoms/StlPreview.tsx:160:3)
    at Suspense
    at div
    at Canvas (/home/chris/projects/ts-boardstudio2/app/src/atoms/StlPreview.test.tsx:6:16)
    at CanvasErrorBoundary (/home/chris/projects/ts-boardstudio2/app/src/atoms/StlPreview.tsx:24:5)
    at div
    at S (/home/chris/projects/ts-boardstudio2/node_modules/.pnpm/styled-components@6.4.1_react-dom@18.3.1_react@18.3.1__react@18.3.1/node_modules/styled-components/dist/styled-components.cjs.js:1:27742)
    at StlPreview (/home/chris/projects/ts-boardstudio2/app/src/atoms/StlPreview.tsx:367:3)

stderr | src/atoms/StlPreview.test.tsx > StlPreview > renders a binary STL preview
Warning: <ambientLight /> is using incorrect casing. Use PascalCase for React components, or lowercase for HTML elements.
    at ambientLight
    at Suspense
    at div
    at Canvas (/home/chris/projects/ts-boardstudio2/app/src/atoms/StlPreview.test.tsx:6:16)
    at CanvasErrorBoundary (/home/chris/projects/ts-boardstudio2/app/src/atoms/StlPreview.tsx:24:5)
    at div
    at S (/home/chris/projects/ts-boardstudio2/node_modules/.pnpm/styled-components@6.4.1_react-dom@18.3.1_react@18.3.1__react@18.3.1/node_modules/styled-components/dist/styled-components.cjs.js:1:27742)
    at StlPreview (/home/chris/projects/ts-boardstudio2/app/src/atoms/StlPreview.tsx:367:3)
Warning: <directionalLight /> is using incorrect casing. Use PascalCase for React components, or lowercase for HTML elements.
    at directionalLight
    at Suspense
    at div
    at Canvas (/home/chris/projects/ts-boardstudio2/app/src/atoms/StlPreview.test.tsx:6:16)
    at CanvasErrorBoundary (/home/chris/projects/ts-boardstudio2/app/src/atoms/StlPreview.tsx:24:5)
    at div
    at S (/home/chris/projects/ts-boardstudio2/node_modules/.pnpm/styled-components@6.4.1_react-dom@18.3.1_react@18.3.1__react@18.3.1/node_modules/styled-components/dist/styled-components.cjs.js:1:27742)
    at StlPreview (/home/chris/projects/ts-boardstudio2/app/src/atoms/StlPreview.tsx:367:3)
Warning: <directionalLight /> is using incorrect casing. Use PascalCase for React components, or lowercase for HTML elements.
    at directionalLight
    at Suspense
    at div
    at Canvas (/home/chris/projects/ts-boardstudio2/app/src/atoms/StlPreview.test.tsx:6:16)
    at CanvasErrorBoundary (/home/chris/projects/ts-boardstudio2/app/src/atoms/StlPreview.tsx:24:5)
    at div
    at S (/home/chris/projects/ts-boardstudio2/node_modules/.pnpm/styled-components@6.4.1_react-dom@18.3.1_react@18.3.1__react@18.3.1/node_modules/styled-components/dist/styled-components.cjs.js:1:27742)
    at StlPreview (/home/chris/projects/ts-boardstudio2/app/src/atoms/StlPreview.tsx:367:3)
Warning: <meshStandardMaterial /> is using incorrect casing. Use PascalCase for React components, or lowercase for HTML elements.
    at meshStandardMaterial
    at mesh
    at SceneContent (/home/chris/projects/ts-boardstudio2/app/src/atoms/StlPreview.tsx:160:3)
    at Suspense
    at div
    at Canvas (/home/chris/projects/ts-boardstudio2/app/src/atoms/StlPreview.test.tsx:6:16)
    at CanvasErrorBoundary (/home/chris/projects/ts-boardstudio2/app/src/atoms/StlPreview.tsx:24:5)
    at div
    at S (/home/chris/projects/ts-boardstudio2/node_modules/.pnpm/styled-components@6.4.1_react-dom@18.3.1_react@18.3.1__react@18.3.1/node_modules/styled-components/dist/styled-components.cjs.js:1:27742)
    at StlPreview (/home/chris/projects/ts-boardstudio2/app/src/atoms/StlPreview.tsx:367:3)

stderr | src/atoms/StlPreview.test.tsx > StlPreview > renders a binary STL preview using ArrayBuffer directly
Warning: <ambientLight /> is using incorrect casing. Use PascalCase for React components, or lowercase for HTML elements.
    at ambientLight
    at Suspense
    at div
    at Canvas (/home/chris/projects/ts-boardstudio2/app/src/atoms/StlPreview.test.tsx:6:16)
    at CanvasErrorBoundary (/home/chris/projects/ts-boardstudio2/app/src/atoms/StlPreview.tsx:24:5)
    at div
    at S (/home/chris/projects/ts-boardstudio2/node_modules/.pnpm/styled-components@6.4.1_react-dom@18.3.1_react@18.3.1__react@18.3.1/node_modules/styled-components/dist/styled-components.cjs.js:1:27742)
    at StlPreview (/home/chris/projects/ts-boardstudio2/app/src/atoms/StlPreview.tsx:367:3)
Warning: <directionalLight /> is using incorrect casing. Use PascalCase for React components, or lowercase for HTML elements.
    at directionalLight
    at Suspense
    at div
    at Canvas (/home/chris/projects/ts-boardstudio2/app/src/atoms/StlPreview.test.tsx:6:16)
    at CanvasErrorBoundary (/home/chris/projects/ts-boardstudio2/app/src/atoms/StlPreview.tsx:24:5)
    at div
    at S (/home/chris/projects/ts-boardstudio2/node_modules/.pnpm/styled-components@6.4.1_react-dom@18.3.1_react@18.3.1__react@18.3.1/node_modules/styled-components/dist/styled-components.cjs.js:1:27742)
    at StlPreview (/home/chris/projects/ts-boardstudio2/app/src/atoms/StlPreview.tsx:367:3)
Warning: <directionalLight /> is using incorrect casing. Use PascalCase for React components, or lowercase for HTML elements.
    at directionalLight
    at Suspense
    at div
    at Canvas (/home/chris/projects/ts-boardstudio2/app/src/atoms/StlPreview.test.tsx:6:16)
    at CanvasErrorBoundary (/home/chris/projects/ts-boardstudio2/app/src/atoms/StlPreview.tsx:24:5)
    at div
    at S (/home/chris/projects/ts-boardstudio2/node_modules/.pnpm/styled-components@6.4.1_react-dom@18.3.1_react@18.3.1__react@18.3.1/node_modules/styled-components/dist/styled-components.cjs.js:1:27742)
    at StlPreview (/home/chris/projects/ts-boardstudio2/app/src/atoms/StlPreview.tsx:367:3)
Warning: <meshStandardMaterial /> is using incorrect casing. Use PascalCase for React components, or lowercase for HTML elements.
    at meshStandardMaterial
    at mesh
    at SceneContent (/home/chris/projects/ts-boardstudio2/app/src/atoms/StlPreview.tsx:160:3)
    at Suspense
    at div
    at Canvas (/home/chris/projects/ts-boardstudio2/app/src/atoms/StlPreview.test.tsx:6:16)
    at CanvasErrorBoundary (/home/chris/projects/ts-boardstudio2/app/src/atoms/StlPreview.tsx:24:5)
    at div
    at S (/home/chris/projects/ts-boardstudio2/node_modules/.pnpm/styled-components@6.4.1_react-dom@18.3.1_react@18.3.1__react@18.3.1/node_modules/styled-components/dist/styled-components.cjs.js:1:27742)
    at StlPreview (/home/chris/projects/ts-boardstudio2/app/src/atoms/StlPreview.tsx:367:3)

stderr | src/atoms/StlPreview.test.tsx > StlPreview > renders a binary STL preview using Uint8Array directly
Warning: <ambientLight /> is using incorrect casing. Use PascalCase for React components, or lowercase for HTML elements.
    at ambientLight
    at Suspense
    at div
    at Canvas (/home/chris/projects/ts-boardstudio2/app/src/atoms/StlPreview.test.tsx:6:16)
    at CanvasErrorBoundary (/home/chris/projects/ts-boardstudio2/app/src/atoms/StlPreview.tsx:24:5)
    at div
    at S (/home/chris/projects/ts-boardstudio2/node_modules/.pnpm/styled-components@6.4.1_react-dom@18.3.1_react@18.3.1__react@18.3.1/node_modules/styled-components/dist/styled-components.cjs.js:1:27742)
    at StlPreview (/home/chris/projects/ts-boardstudio2/app/src/atoms/StlPreview.tsx:367:3)
Warning: <directionalLight /> is using incorrect casing. Use PascalCase for React components, or lowercase for HTML elements.
    at directionalLight
    at Suspense
    at div
    at Canvas (/home/chris/projects/ts-boardstudio2/app/src/atoms/StlPreview.test.tsx:6:16)
    at CanvasErrorBoundary (/home/chris/projects/ts-boardstudio2/app/src/atoms/StlPreview.tsx:24:5)
    at div
    at S (/home/chris/projects/ts-boardstudio2/node_modules/.pnpm/styled-components@6.4.1_react-dom@18.3.1_react@18.3.1__react@18.3.1/node_modules/styled-components/dist/styled-components.cjs.js:1:27742)
    at StlPreview (/home/chris/projects/ts-boardstudio2/app/src/atoms/StlPreview.tsx:367:3)
Warning: <directionalLight /> is using incorrect casing. Use PascalCase for React components, or lowercase for HTML elements.
    at directionalLight
    at Suspense
    at div
    at Canvas (/home/chris/projects/ts-boardstudio2/app/src/atoms/StlPreview.test.tsx:6:16)
    at CanvasErrorBoundary (/home/chris/projects/ts-boardstudio2/app/src/atoms/StlPreview.tsx:24:5)
    at div
    at S (/home/chris/projects/ts-boardstudio2/node_modules/.pnpm/styled-components@6.4.1_react-dom@18.3.1_react@18.3.1__react@18.3.1/node_modules/styled-components/dist/styled-components.cjs.js:1:27742)
    at StlPreview (/home/chris/projects/ts-boardstudio2/app/src/atoms/StlPreview.tsx:367:3)
Warning: <meshStandardMaterial /> is using incorrect casing. Use PascalCase for React components, or lowercase for HTML elements.
    at meshStandardMaterial
    at mesh
    at SceneContent (/home/chris/projects/ts-boardstudio2/app/src/atoms/StlPreview.tsx:160:3)
    at Suspense
    at div
    at Canvas (/home/chris/projects/ts-boardstudio2/app/src/atoms/StlPreview.test.tsx:6:16)
    at CanvasErrorBoundary (/home/chris/projects/ts-boardstudio2/app/src/atoms/StlPreview.tsx:24:5)
    at div
    at S (/home/chris/projects/ts-boardstudio2/node_modules/.pnpm/styled-components@6.4.1_react-dom@18.3.1_react@18.3.1__react@18.3.1/node_modules/styled-components/dist/styled-components.cjs.js:1:27742)
    at StlPreview (/home/chris/projects/ts-boardstudio2/app/src/atoms/StlPreview.tsx:367:3)

 ✓ src/atoms/StlPreview.test.tsx (6 tests) 67ms
 ✓ src/hooks/useStudio.test.ts (4 tests) 32ms
 ✓ src/utils/appendSourceFields.test.ts (15 tests) 41ms
 ✓ src/utils/designSetup.test.ts (7 tests) 4466ms
   ✓ deletes a key and its owned components together 450ms
   ✓ duplicates a matrix with exactly one owned diode per copied key 3593ms
 ✓ src/workers/studioPipeline.test.ts (5 tests) 4011ms
   ✓ reconciles a 7 by 5 matrix plus a 2 by 2 matrix without manual recipes 3610ms
 ✓ src/molecules/CasePlanPreview.test.tsx (3 tests) 223ms
 ✓ src/organisms/Banners.test.tsx (5 tests) 89ms
 ✓ src/utils/assemblyTree.test.ts (6 tests) 5ms
stderr | src/molecules/CaseModelInset.test.tsx > converts a canvas edit back to object coordinates and keeps other models
Warning: An update to CaseModelInset inside a test was not wrapped in act(...).

When testing, code that causes React state updates should be wrapped into act(...):

act(() => {
  /* fire events that update state */
});
/* assert on the output */

This ensures that you're testing the behavior the user would see in the browser. Learn more at https://reactjs.org/link/wrap-tests-with-act
    at CaseModelInset (/home/chris/projects/ts-boardstudio2/app/src/molecules/CaseModelInset.tsx:53:3)

stderr | src/molecules/CaseModelInset.test.tsx > does not author a transient preview asset when moving a bundled model
Warning: An update to CaseModelInset inside a test was not wrapped in act(...).

When testing, code that causes React state updates should be wrapped into act(...):

act(() => {
  /* fire events that update state */
});
/* assert on the output */

This ensures that you're testing the behavior the user would see in the browser. Learn more at https://reactjs.org/link/wrap-tests-with-act
    at CaseModelInset (/home/chris/projects/ts-boardstudio2/app/src/molecules/CaseModelInset.tsx:53:3)

 ✓ src/molecules/CaseModelInset.test.tsx (4 tests) 171ms
 ✓ src/examples/bhk.test.ts (5 tests) 796ms
   ✓ changes matrix pitch parametrically without filling intentional holes 385ms
 ✓ src/utils/keyOptions.test.ts (5 tests) 503ms
   ✓ compiles managed switch, diode and LED footprints with separate nets 302ms
 ✓ src/utils/applyAssembly.test.ts (6 tests) 1661ms
   ✓ changes selected keys without changing their layout or neighbours 327ms
   ✓ keeps owned components in a mirrored source cluster 436ms
   ✓ preserves explicit switch placement until replacement is requested 533ms
 ✓ src/utils/footprintService.test.ts (4 tests) 134ms
 ✓ src/atoms/DevChip.test.tsx (4 tests) 90ms
stdout | src/serviceWorkerRegistration.test.ts > normalizes public URL undefined
[SW] This web app is being served cache-first by a service worker. See https://cra.link/PWA for more details.

stdout | src/serviceWorkerRegistration.test.ts > normalizes public URL 
[SW] This web app is being served cache-first by a service worker. See https://cra.link/PWA for more details.

stdout | src/serviceWorkerRegistration.test.ts > normalizes public URL /
[SW] This web app is being served cache-first by a service worker. See https://cra.link/PWA for more details.

stdout | src/serviceWorkerRegistration.test.ts > normalizes public URL /ergogen-gui
[SW] This web app is being served cache-first by a service worker. See https://cra.link/PWA for more details.

stdout | src/serviceWorkerRegistration.test.ts > normalizes public URL /ergogen-gui/
[SW] This web app is being served cache-first by a service worker. See https://cra.link/PWA for more details.

stdout | src/serviceWorkerRegistration.test.ts > registers when React mounts after the window load event
[SW] This web app is being served cache-first by a service worker. See https://cra.link/PWA for more details.

stdout | src/serviceWorkerRegistration.test.ts > reports an update already waiting when the page reloads
[SW] This web app is being served cache-first by a service worker. See https://cra.link/PWA for more details.

 ✓ src/serviceWorkerRegistration.test.ts (8 tests) 378ms
 ✓ src/utils/studioTargets.test.ts (7 tests) 14ms
 ✓ src/molecules/StudioExport.test.tsx (4 tests) 195ms
 ✓ src/utils/injectionEvaluator.test.ts (7 tests) 5ms
 ✓ src/atoms/Button.test.tsx (8 tests) 185ms
 ✓ src/utils/modelPreview.test.ts (3 tests) 8ms
 ✓ src/utils/modelSources.test.ts (7 tests) 14ms
 ✓ src/atoms/InjectionRow.test.tsx (6 tests) 174ms
 ✓ src/utils/designSource.test.ts (8 tests) 22ms
 ✓ src/hooks/useBundledPreviews.test.ts (3 tests) 124ms
 ✓ src/utils/assemblyScope.test.ts (4 tests) 1201ms
   ✓ preserves explicit column and key recipes when changing the board 643ms
   ✓ resets a matrix to its board recipe while retaining a column override 334ms
stderr | src/molecules/NewDesignWorkspace.test.tsx > cancels without creating a project and keeps sections freely accessible
Warning: An update to NewDesignWorkspace inside a test was not wrapped in act(...).

When testing, code that causes React state updates should be wrapped into act(...):

act(() => {
  /* fire events that update state */
});
/* assert on the output */

This ensures that you're testing the behavior the user would see in the browser. Learn more at https://reactjs.org/link/wrap-tests-with-act
    at NewDesignWorkspace (/home/chris/projects/ts-boardstudio2/app/src/molecules/NewDesignWorkspace.tsx:132:3)

 ✓ src/molecules/NewDesignWorkspace.test.tsx (3 tests) 746ms
   ✓ creates a draft with edited matrix and diode placement 523ms
 ✓ src/molecules/FootprintLibrary.test.tsx (1 test) 512ms
   ✓ loads attached library models automatically into the canvas and editor 511ms
 ✓ src/utils/setupGeneration.test.ts (7 tests) 3044ms
   ✓ compiles single topology with owned components 585ms
   ✓ compiles mirrored topology with owned components 772ms
   ✓ compiles reversible topology with owned components 658ms
   ✓ compiles the pinned Pico module with assigned header pins and portable model 363ms
   ✓ compiles the XIAO RP2040 module 336ms
 ✓ src/utils/snapSpacing.test.ts (5 tests) 114ms
 ✓ src/utils/bundledModels.test.ts (6 tests) 12ms
 ✓ src/atoms/OfflineOption.test.tsx (6 tests) 183ms
 ✓ src/utils/addCellBatch.test.ts (2 tests) 393ms
   ✓ fills only the requested native cell with its exact defaults and free identity 322ms
 ✓ src/utils/studioDelete.test.ts (5 tests) 59ms
 ✓ src/utils/studioQueue.test.ts (3 tests) 7ms
 ✓ src/atoms/PcbPreview.test.tsx (3 tests) 150ms
 ✓ src/utils/studioLatency.test.ts (1 test) 1205ms
   ✓ commits cumulative 39-key source targets without awaiting geometry 1205ms
 ✓ src/workers/model.worker.test.ts (3 tests) 74ms
 ✓ src/utils/removeSourceValues.test.ts (11 tests) 18ms
 ✓ src/utils/portableExport.test.ts (2 tests) 23ms
 ✓ src/molecules/StudioSettings.test.tsx (2 tests) 219ms
 ✓ src/molecules/RowInspector.test.tsx (3 tests) 282ms
 ✓ src/utils/caseAssets.test.ts (4 tests) 13ms
 ✓ src/utils/insetModels.test.ts (4 tests) 4ms
 ✓ src/utils/keyResize.test.ts (4 tests) 71ms
 ✓ src/molecules/SnapControls.test.tsx (1 test) 239ms
 ✓ src/molecules/DimensionField.test.tsx (3 tests) 135ms
 ✓ src/utils/footprintGeometry.test.ts (2 tests) 4ms
 ✓ src/hooks/useInjectionConflictResolution.test.ts (1 test) 15ms
 ✓ src/utils/footprintLibrary.test.ts (3 tests) 11ms
 ✓ src/utils/studioSelection.test.ts (4 tests) 81ms
stdout | src/workers/jscad.worker.test.ts > rejects a design batch when any part cannot be converted
<-> JSCAD worker module starting...
<-> OpenJSCAD convert API loaded in worker
[JSCAD Worker] Converting case: tray format stlb

stderr | src/workers/jscad.worker.test.ts > rejects a design batch when any part cannot be converted
Failed to convert case tray: Invalid mesh

 ✓ src/workers/jscad.worker.test.ts (2 tests) 17ms
stdout | src/workers/jscad.worker.test.ts > loads the converter from production module exports
<-> JSCAD worker module starting...
<-> OpenJSCAD convert API loaded in worker
[JSCAD Worker] Converting case: tray format stlb
[JSCAD Worker] Convert result: { mimeType: 'application/sla', dataLength: 1 }
[JSCAD Worker] Part 0: ArrayBuffer {
  [Uint8Contents]: <00 00 00 00 00 00 00 00 00 00 00 00 00 00 00 00 00 00 00 00 00 00 00 00 00 00 00 00 00 00 00 00 00 00 00 00 00 00 00 00 00 00 00 00 00 00 00 00 00 00 00 00 00 00 00 00 00 00 00 00 00 00 00 00 00 00 00 00 00 00 00 00 00 00 00 00 00 00 00 00 00 00 00 00>,
  [byteLength]: 84
} type: object isView: false isBuffer: true

 ✓ src/examples/index.test.ts (2 tests) 131ms
 ✓ src/utils/projectHistory.test.ts (4 tests) 3ms
stderr | src/molecules/DesignView.test.tsx
WARNING: Multiple instances of Three.js being imported.

 ✓ src/molecules/DesignView.test.tsx (1 test) 217ms
 ✓ src/utils/stackDimensions.test.ts (3 tests) 62ms
 ✓ src/utils/svgParser.test.ts (4 tests) 17ms
 ✓ src/molecules/AssemblyTree.test.tsx (2 tests) 204ms
 ✓ src/atoms/UpdateChip.test.tsx (5 tests) 164ms
 ✓ src/utils/componentPlacement.test.ts (3 tests) 265ms
 ✓ src/molecules/Injections.test.tsx (2 tests) 435ms
   ✓ exposes bundled BHK footprints and creates a separate editable override 317ms
 ✓ src/utils/modelGeometry.test.ts (3 tests) 4ms
 ✓ src/utils/designUnits.test.ts (3 tests) 33ms
 ✓ src/atoms/GenOption.test.tsx (4 tests) 143ms
 ✓ src/atoms/InstallChip.test.tsx (4 tests) 140ms
 ✓ src/utils/nativeBoardSource.test.ts (2 tests) 19ms
 ✓ src/molecules/ConfigEditor.test.tsx (1 test) 14ms
 ✓ src/molecules/ProjectMenu.test.tsx (2 tests) 141ms
 ✓ src/utils/setupRepair.test.ts (1 test) 182ms
 ✓ src/utils/object.test.ts (8 tests) 4ms
 ✓ src/utils/portableProject.test.ts (1 test) 11ms
 ✓ src/atoms/LoadingBar.test.tsx (3 tests) 101ms
 ✓ src/utils/vrmlNames.test.ts (2 tests) 3ms
 ✓ src/molecules/AssemblyPreview.test.tsx (1 test) 119ms
 ✓ src/utils/cachedModelPreview.test.ts (3 tests) 2ms
 ✓ src/utils/footprintLinks.test.ts (1 test) 12ms
 ✓ src/utils/snapFrame.test.ts (1 test) 9ms
 ✓ src/utils/studioPlacement.test.ts (1 test) 113ms
 ✓ src/utils/updateSetup.test.ts (1 test) 795ms
   ✓ applies setup changes without replacing manual layout edits 795ms
 ✓ src/utils/keyAssembly.test.ts (1 test) 2ms
 ✓ src/molecules/CaseControlHelp.test.tsx (1 test) 137ms
 ✓ src/utils/footprintEngine.test.ts (1 test) 81ms
 ✓ src/workers/studioPipeline.stages.test.ts (1 test) 6ms
 ✓ src/utils/setupDraft.test.ts (1 test) 201ms
 ✓ src/utils/caseSelection.test.ts (1 test) 2ms
 ✓ src/atoms/PreviewLoader.test.tsx (3 tests) 63ms
 ✓ src/utils/previewBounds.test.ts (1 test) 4ms
 ✓ src/utils/sourceSnapshot.test.ts (2 tests) 10ms
 ✓ src/utils/storageKey.test.ts (1 test) 2ms
 ✓ src/utils/assemblyTemplates.test.ts (1 test) 3ms
 ✓ src/utils/findingTarget.test.ts (9 tests) 3ms
 ✓ src/utils/modelExport.test.ts (1 test) 2ms
 ✓ src/atoms/TextPreview.test.tsx (1 test) 2ms

 Test Files  137 passed (137)
      Tests  913 passed (913)
   Start at  04:28:13
   Duration  201.24s (transform 2.32s, setup 6.48s, collect 32.26s, tests 65.87s, environment 73.99s, prepare 6.87s)

$ pnpm --dir engine build && pnpm --dir app build
$ pnpm run build:schema && rollup -c
$ node scripts/build-schema.js

src/ergogen.js → dist/ergogen.js...
(!) Circular dependencies
src/utils.js -> src/assert.js -> src/utils.js
src/utils.js -> src/assert.js -> src/point.js -> src/utils.js
created dist/ergogen.js in 1.7s
$ pnpm run build-ergogen && pnpm run generate-previews
$ ./patch/patch_ergogen.sh
{"ceoloide":24,"infusedKim":15}

src/ergogen.js → dist/ergogen.js...
(!) Circular dependencies
src/utils.js -> src/assert.js -> src/utils.js
src/utils.js -> src/assert.js -> src/point.js -> src/utils.js
created dist/ergogen.js in 1.9s
$ ts-node --project scripts/tsconfig.json scripts/generate-previews.js
Generating preview for Starter...
  -> Saved to /home/chris/projects/ts-boardstudio2/app/public/images/previews/starter.svg
Generating preview for Column layout...
  -> Saved to /home/chris/projects/ts-boardstudio2/app/public/images/previews/column_layout.svg
Generating preview for Irregular thumbs...
  -> Saved to /home/chris/projects/ts-boardstudio2/app/public/images/previews/irregular_thumbs.svg
Generating preview for Split layout...
  -> Saved to /home/chris/projects/ts-boardstudio2/app/public/images/previews/split_layout.svg
Generating preview for Physical stack...
  -> Saved to /home/chris/projects/ts-boardstudio2/app/public/images/previews/physical_stack.svg
Generating preview for Imported PCB...
  -> Saved to /home/chris/projects/ts-boardstudio2/app/public/images/previews/imported_pcb.svg
Generating preview for BHK...
  -> Saved to /home/chris/projects/ts-boardstudio2/app/public/images/previews/bhk.svg
Generating preview for Constrained layout...
  -> Saved to /home/chris/projects/ts-boardstudio2/app/public/images/previews/constrained_layout.svg
Generated previews:
a._dux.svg
absolem.svg
alpha.svg
atreus.svg
bhk.svg
column_layout.svg
constrained_layout.svg
corney_island.svg
curly-45.svg
imported_pcb.svg
irregular_thumbs.svg
physical_stack.svg
plank.svg
reviung41.svg
split_layout.svg
starter.svg
sweep-like.svg
tiny20.svg
wubbo.svg
$ vite build
vite v5.4.21 building for production...
<script src="/boardstudio/dependencies/maker.js"> in "/index.html" can't be bundled without type="module" attribute
<script src="/boardstudio/dependencies/bezier.js"> in "/index.html" can't be bundled without type="module" attribute
<script src="/boardstudio/dependencies/hull.js"> in "/index.html" can't be bundled without type="module" attribute
<script src="/boardstudio/dependencies/kle.js"> in "/index.html" can't be bundled without type="module" attribute
transforming...

new URL("./",import.meta.url) doesn't exist at build time, it will remain unchanged to be resolved at runtime. If this is intended, you can use the /* @vite-ignore */ comment to suppress this warning.
[plugin:vite:resolve] [plugin vite:resolve] Module "module" has been externalized for browser compatibility, imported by "/home/chris/projects/ts-boardstudio2/node_modules/.pnpm/@salusoft89+planegcs@1.2.0/node_modules/@salusoft89/planegcs/dist/planegcs_dist/planegcs.js". See https://vite.dev/guide/troubleshooting.html#module-externalized-for-browser-compatibility for more details.
[plugin:vite:resolve] [plugin vite:resolve] Module "node:module" has been externalized for browser compatibility, imported by "/home/chris/projects/ts-boardstudio2/node_modules/.pnpm/replicad-opencascadejs@1.1.0/node_modules/replicad-opencascadejs/dist/replicad_single.js". See https://vite.dev/guide/troubleshooting.html#module-externalized-for-browser-compatibility for more details.
[plugin:vite:resolve] [plugin vite:resolve] Module "node:module" has been externalized for browser compatibility, imported by "/home/chris/projects/ts-boardstudio2/node_modules/.pnpm/replicad-opencascadejs@1.1.0/node_modules/replicad-opencascadejs/dist/replicad_single.js". See https://vite.dev/guide/troubleshooting.html#module-externalized-for-browser-compatibility for more details.
[plugin:vite:resolve] [plugin vite:resolve] Module "node:module" has been externalized for browser compatibility, imported by "/home/chris/projects/ts-boardstudio2/node_modules/.pnpm/replicad-opencascadejs@1.1.0/node_modules/replicad-opencascadejs/dist/replicad_single.js". See https://vite.dev/guide/troubleshooting.html#module-externalized-for-browser-compatibility for more details.
[plugin:vite:resolve] [plugin vite:resolve] Module "module" has been externalized for browser compatibility, imported by "/home/chris/projects/ts-boardstudio2/node_modules/.pnpm/@salusoft89+planegcs@1.2.0/node_modules/@salusoft89/planegcs/dist/planegcs_dist/planegcs.js". See https://vite.dev/guide/troubleshooting.html#module-externalized-for-browser-compatibility for more details.
../node_modules/.pnpm/makerjs@0.18.1/node_modules/makerjs/dist/index.js (66:24): Use of eval in "../node_modules/.pnpm/makerjs@0.18.1/node_modules/makerjs/dist/index.js" is strongly discouraged as it poses security risks and may cause issues with minification.
[plugin:vite:resolve] [plugin vite:resolve] Module "node:module" has been externalized for browser compatibility, imported by "/home/chris/projects/ts-boardstudio2/node_modules/.pnpm/replicad-opencascadejs@1.1.0/node_modules/replicad-opencascadejs/dist/replicad_single.js". See https://vite.dev/guide/troubleshooting.html#module-externalized-for-browser-compatibility for more details.
../node_modules/.pnpm/makerjs@0.18.1/node_modules/makerjs/dist/index.js (66:24): Use of eval in "../node_modules/.pnpm/makerjs@0.18.1/node_modules/makerjs/dist/index.js" is strongly discouraged as it poses security risks and may cause issues with minification.
[plugin:vite:resolve] [plugin vite:resolve] Module "node:module" has been externalized for browser compatibility, imported by "/home/chris/projects/ts-boardstudio2/node_modules/.pnpm/replicad-opencascadejs@1.1.0/node_modules/replicad-opencascadejs/dist/replicad_single.js". See https://vite.dev/guide/troubleshooting.html#module-externalized-for-browser-compatibility for more details.
✓ 5936 modules transformed.
../node_modules/.pnpm/makerjs@0.18.1/node_modules/makerjs/dist/index.js (66:24): Use of eval in "../node_modules/.pnpm/makerjs@0.18.1/node_modules/makerjs/dist/index.js" is strongly discouraged as it poses security risks and may cause issues with minification.
rendering chunks...
[plugin:vite:reporter] [plugin vite:reporter] 
(!) /home/chris/projects/ts-boardstudio2/app/src/utils/caseAssets.ts is dynamically imported by /home/chris/projects/ts-boardstudio2/app/src/utils/footprintService.ts but also statically imported by /home/chris/projects/ts-boardstudio2/app/src/context/ConfigContext.tsx, /home/chris/projects/ts-boardstudio2/app/src/molecules/CaseComponents.tsx, /home/chris/projects/ts-boardstudio2/app/src/molecules/CaseWizard.tsx, /home/chris/projects/ts-boardstudio2/app/src/molecules/FootprintCanvas.tsx, /home/chris/projects/ts-boardstudio2/app/src/molecules/FootprintLibrary.tsx, /home/chris/projects/ts-boardstudio2/app/src/molecules/ModelEditor.tsx, /home/chris/projects/ts-boardstudio2/app/src/utils/cachedModelPreview.ts, /home/chris/projects/ts-boardstudio2/app/src/utils/componentModels.ts, /home/chris/projects/ts-boardstudio2/app/src/utils/ergogenBundleLoader.ts, /home/chris/projects/ts-boardstudio2/app/src/utils/footprintService.ts, /home/chris/projects/ts-boardstudio2/app/src/utils/modelPreview.ts, /home/chris/projects/ts-boardstudio2/app/src/utils/modelSources.ts, /home/chris/projects/ts-boardstudio2/app/src/utils/zip.ts, dynamic import will not move module into another chunk.

[plugin:vite:reporter] [plugin vite:reporter] 
(!) /home/chris/projects/ts-boardstudio2/app/src/molecules/DesignView.tsx is dynamically imported by /home/chris/projects/ts-boardstudio2/app/src/molecules/BoardStudio.tsx but also statically imported by /home/chris/projects/ts-boardstudio2/app/src/molecules/DesignWorkspace.tsx, dynamic import will not move module into another chunk.

computing gzip size...
dist/index.html                                                             1.82 kB │ gzip:   0.74 kB
dist/assets/nunito-latin-700-normal-Dort48En.woff2                         16.23 kB
dist/assets/nunito-latin-400-normal-r8SDr6Up.woff2                         16.32 kB
dist/assets/nunito-latin-600-normal-Br8yIETf.woff2                         16.56 kB
dist/assets/nunito-latin-700-normal-OcDqTBcA.woff                          19.99 kB
dist/assets/nunito-latin-400-normal-DKg4f3fz.woff                          20.33 kB
dist/assets/nunito-latin-600-normal-Cd0eNu1l.woff                          20.49 kB
dist/assets/roboto-latin-400-normal-D27F5sTu.woff                          21.06 kB
dist/assets/roboto-latin-500-normal-fsTFPL3E.woff                          21.17 kB
dist/assets/roboto-latin-700-normal-YuyVweIx.woff                          21.22 kB
dist/assets/roboto-latin-400-normal-BqEyEoaF.woff2                         21.88 kB
dist/assets/roboto-latin-500-normal-7RbcRiD8.woff2                         22.20 kB
dist/assets/roboto-latin-700-normal-BZpUvMxY.woff2                         22.24 kB
dist/assets/index-Cnqw9dxi.js                                              57.17 kB
dist/assets/index-B3-f1_uI.js                                              57.17 kB
dist/assets/replicad_single-Br73wbsd.js                                    60.20 kB
dist/assets/replicad_single-DWki7Nb_.js                                    60.20 kB
dist/assets/replicad_single-C6KmGDXh.js                                    60.22 kB
dist/assets/jscad.worker-BVgkQPxZ.js                                      294.75 kB
dist/assets/material-symbols-outlined-latin-400-normal-Dunlt1EY.woff2     321.39 kB
dist/assets/material-symbols-outlined-latin-400-normal-BkxxhYGd.woff      377.18 kB
dist/assets/model.worker-CZ2UtJ9y.js                                      406.30 kB
dist/assets/planegcs-r8EUavAY.wasm                                        508.14 kB
dist/assets/footprint.worker-CVutdiZU.js                                2,826.15 kB
dist/assets/ergogen.worker-CNWhRibc.js                                  3,850.21 kB
dist/assets/replicad_single-B_1cTsn_.wasm                              22,980.27 kB
dist/assets/index-DQYfQHCM.css                                              1.77 kB │ gzip:   0.38 kB
dist/assets/PcbPreview-DC2v0AJf.js                                          1.63 kB │ gzip:   0.86 kB
dist/assets/StlPreview-DOJqfnz9.js                                         13.08 kB │ gzip:   5.34 kB
dist/assets/FootprintLibrary-Cu_lcdGs.js                                   19.63 kB │ gzip:   6.47 kB
dist/assets/replicad_single-CwvemClP.js                                    60.31 kB │ gzip:  22.75 kB
dist/assets/replicad-z_ocCytR.js                                          295.70 kB │ gzip:  89.18 kB
dist/assets/math-CCywmkuP.js                                            1,055.60 kB │ gzip: 269.02 kB
dist/assets/index-CbFdhHoC.js                                           4,132.26 kB │ gzip: 918.58 kB

(!) Some chunks are larger than 500 kB after minification. Consider:
- Using dynamic import() to code-split the application
- Use build.rollupOptions.output.manualChunks to improve chunking: https://rollupjs.org/configuration-options/#output-manualchunks
- Adjust chunk size limit for this warning via build.chunkSizeWarningLimit.
✓ built in 43.36s

PWA v0.21.2
Building src/service-worker.ts service worker ("es" format)...
vite v5.4.21 building for production...
transforming...
✓ 104 modules transformed.
rendering chunks...
computing gzip size...
dist/service-worker.mjs  33.33 kB │ gzip: 10.50 kB
✓ built in 196ms

PWA v0.21.2
mode      injectManifest
format:   es
precache  66 entries (34649.10 KiB)
files generated
  dist/service-worker.js
$ pnpm --dir app test:e2e
$ playwright test
[WebServer] (node:1791337) Warning: The 'NO_COLOR' env is ignored due to the 'FORCE_COLOR' env being set.
[WebServer] (Use `node --trace-warnings ...` to show where the warning was created)
[WebServer] (node:1791353) Warning: The 'NO_COLOR' env is ignored due to the 'FORCE_COLOR' env being set.
[WebServer] (Use `node --trace-warnings ...` to show where the warning was created)

Running 193 tests using 3 workers

(node:1791377) Warning: The 'NO_COLOR' env is ignored due to the 'FORCE_COLOR' env being set.
(Use `node --trace-warnings ...` to show where the warning was created)
(node:1791376) Warning: The 'NO_COLOR' env is ignored due to the 'FORCE_COLOR' env being set.
(Use `node --trace-warnings ...` to show where the warning was created)
(node:1791383) Warning: The 'NO_COLOR' env is ignored due to the 'FORCE_COLOR' env being set.
(Use `node --trace-warnings ...` to show where the warning was created)
(node:1791377) Warning: The 'NO_COLOR' env is ignored due to the 'FORCE_COLOR' env being set.
(Use `node --trace-warnings ...` to show where the warning was created)
(node:1791383) Warning: The 'NO_COLOR' env is ignored due to the 'FORCE_COLOR' env being set.
(Use `node --trace-warnings ...` to show where the warning was created)
(node:1791376) Warning: The 'NO_COLOR' env is ignored due to the 'FORCE_COLOR' env being set.
(Use `node --trace-warnings ...` to show where the warning was created)
  ✘    3 [chromium] › e2e/bhk-matrix.spec.ts:9:7 › edits BHK rows and columns at 390px (8.0s)
  ✘    2 [chromium] › e2e/bhk-matrix.spec.ts:9:7 › edits BHK rows and columns at 1440px (8.0s)
(node:1791639) Warning: The 'NO_COLOR' env is ignored due to the 'FORCE_COLOR' env being set.
(Use `node --trace-warnings ...` to show where the warning was created)
(node:1791640) Warning: The 'NO_COLOR' env is ignored due to the 'FORCE_COLOR' env being set.
(Use `node --trace-warnings ...` to show where the warning was created)
(node:1791640) Warning: The 'NO_COLOR' env is ignored due to the 'FORCE_COLOR' env being set.
(Use `node --trace-warnings ...` to show where the warning was created)
(node:1791639) Warning: The 'NO_COLOR' env is ignored due to the 'FORCE_COLOR' env being set.
(Use `node --trace-warnings ...` to show where the warning was created)
  ✓    5 [chromium] › e2e/bundled-model-export.spec.ts:28:5 › blocks export for an incompatible trackpoint extension (2.2s)
  ✓    6 [chromium] › e2e/bundled-model-export.spec.ts:60:5 › invalidates and restores export after a model compatibility edit (5.7s)
  ✓    7 [chromium] › e2e/bundled-model-export.spec.ts:256:7 › exports a koktoh/Choc_V2_Red.step default model without manual import (3.9s)
  ✓    8 [chromium] › e2e/bundled-model-export.spec.ts:256:7 › exports a infused-kim/trackpoint/TP_Red_T460S_platform_z_offset_+0.0_pcb_offset_-2.0.step default model without manual import (4.1s)
  ✓    9 [chromium] › e2e/bundled-model-export.spec.ts:256:7 › exports a infused-kim/Choc_V1_Keycap_MBK_Black_1u.step default model without manual import (3.0s)
  ✓    4 [chromium] › e2e/bhk.spec.ts:9:5 › loads the BHK example and regenerates it offline (20.8s)
  ✘    1 [chromium] › e2e/app.spec.ts:4:5 › creates a matrix draft and previews its PCB (30.1s)
(node:1792044) Warning: The 'NO_COLOR' env is ignored due to the 'FORCE_COLOR' env being set.
(Use `node --trace-warnings ...` to show where the warning was created)
  ✓   10 [chromium] › e2e/bundled-model-export.spec.ts:256:7 › exports a gdek/KS33.stp default model without manual import (2.9s)
(node:1792044) Warning: The 'NO_COLOR' env is ignored due to the 'FORCE_COLOR' env being set.
(Use `node --trace-warnings ...` to show where the warning was created)
  ✓   12 [chromium] › e2e/bundled-model-export.spec.ts:256:7 › exports a tsuki/nrf52840.step default model without manual import (2.8s)
  ✓   13 [chromium] › e2e/bundled-model-export.spec.ts:256:7 › exports a kicad/PinSocket_1x05_P2.54mm_Vertical.step default model without manual import (2.9s)
  ✓   11 [chromium] › e2e/bundled-model-export.spec.ts:256:7 › exports a kicad/PinSocket_2x12_W15.24mm_Vertical.step default model without manual import (4.6s)
  ✓   14 [chromium] › e2e/bundled-model-export.spec.ts:256:7 › exports a infused-kim/Switch_Reset.step default model without manual import (2.8s)
  ✓   16 [chromium] › e2e/bundled-model-export.spec.ts:256:7 › exports a infused-kim/Choc_V1_Switch.step default model without manual import (3.9s)
  ✓   18 [chromium] › e2e/bundled-model-export.spec.ts:256:7 › exports a kicad/Panasonic_EVQPUL_EVQPUC.step default model without manual import (2.8s)
  ✓   17 [chromium] › e2e/bundled-model-export.spec.ts:256:7 › exports a infused-kim/Nice_Nano_V2.step default model without manual import (4.7s)
  ✓   15 [chromium] › e2e/bundled-model-export.spec.ts:256:7 › exports a kiswitch/SW_Cherry_MX_PCB.stp default model without manual import (7.2s)
  ✓   21 [chromium] › e2e/debug.spec.ts:4:5 › minimal test: page loads and has welcome text (1.5s)
  ✓   20 [chromium] › e2e/bundled-model-export.spec.ts:256:7 › exports a keebio/SK6812MINI-E v1.step default model without manual import (2.7s)
  ✓   19 [chromium] › e2e/bundled-model-export.spec.ts:256:7 › exports a foostan/OLED-Module-with-Pins.step default model without manual import (4.4s)
  ✓   22 [chromium] › e2e/default-model-assembly.spec.ts:136:7 › builds a native assembly from the default trackpoint model (15.9s)
  ✓   23 [chromium] › e2e/default-model-assembly.spec.ts:216:7 › renders the default trackpoint assembly (17.3s)
  ✓   24 [chromium] › e2e/default-model-assembly.spec.ts:136:7 › builds a native assembly from the default Choc-solder model (15.7s)
  ✓   26 [chromium] › e2e/default-model-assembly.spec.ts:136:7 › builds a native assembly from the default KS33 model (12.2s)
  ✓   25 [chromium] › e2e/default-model-assembly.spec.ts:216:7 › renders the default Choc-solder assembly (16.0s)
  ✓   27 [chromium] › e2e/default-model-assembly.spec.ts:216:7 › renders the default KS33 assembly (15.4s)
  ✓   30 [chromium] › e2e/default-model-assembly.spec.ts:136:7 › builds a native assembly from the default infused-niceview model (9.9s)
  ✓   28 [chromium] › e2e/default-model-assembly.spec.ts:136:7 › builds a native assembly from the default infused-nano model (16.2s)
  ✓   31 [chromium] › e2e/default-model-assembly.spec.ts:216:7 › renders the default infused-niceview assembly (9.0s)
  ✓   29 [chromium] › e2e/default-model-assembly.spec.ts:216:7 › renders the default infused-nano assembly (20.9s)
  ✓   32 [chromium] › e2e/default-model-assembly.spec.ts:136:7 › builds a native assembly from the default niceview model (7.9s)
  ✓   34 [chromium] › e2e/default-model-assembly.spec.ts:136:7 › builds a native assembly from the default reset model (9.6s)
  ✓   33 [chromium] › e2e/default-model-assembly.spec.ts:216:7 › renders the default niceview assembly (11.5s)
  ✓   35 [chromium] › e2e/default-model-assembly.spec.ts:216:7 › renders the default reset assembly (11.3s)
  ✓   36 [chromium] › e2e/default-model-assembly.spec.ts:136:7 › builds a native assembly from the default Supermini model (8.9s)
  ✓   37 [chromium] › e2e/default-model-assembly.spec.ts:216:7 › renders the default Supermini assembly (10.7s)
  ✓   38 [chromium] › e2e/designs.spec.ts:116:1 › edits YAML through undo/redo and retains the preview on a broken reference (10.8s)
  ✓   39 [chromium] › e2e/designs.spec.ts:169:1 › constrained dragging preserves formulas and hard dimensions (6.8s)
  ✓   40 [chromium] › e2e/designs.spec.ts:197:1 › renders assembled and exploded STL parts (5.7s)
  ✓   42 [chromium] › e2e/enclosures.spec.ts:133:5 › reopens a gasket enclosure offline without touching production storage (15.6s)
  ✓   43 [chromium] › e2e/enclosures.spec.ts:181:5 › uses the supplier CNC preset with explicit corner relief (18.0s)
  ✓   41 [chromium] › e2e/enclosures.spec.ts:67:5 › autosaves gasket case edits, restores them with undo and exports solids (22.8s)
  ✓   44 [chromium] › e2e/enclosures.spec.ts:206:5 › keeps the native BHK boundary and limits switch selections to typed keys (9.8s)
  ✓   47 [chromium] › e2e/ergogen.spec.ts:19:5 › loads the physical stack source and export controls (5.3s)
  ✓   45 [chromium] › e2e/enclosures.spec.ts:231:5 › inspects a native gasket case in every 3D view and selects a gasket in 3D (10.6s)
  ✓   48 [chromium] › e2e/ergogen.spec.ts:35:5 › downloads the physical stack board outline (4.4s)
  ✓   49 [chromium] › e2e/ergogen.spec.ts:48:5 › renders the physical stack KiCad PCB (4.5s)
  ✓   50 [chromium] › e2e/ergogen.spec.ts:60:5 › generates distinct physical stack STL parts and previews them (13.4s)
  ✘   46 [chromium] › e2e/enclosures.spec.ts:281:5 › generates BHK CNC relief from the process controls (4.4m)
  ✘   51 [chromium] › e2e/footprint-library.spec.ts:71:5 › imports a KiCad bundle, aligns models, links placements, and exports a portable project (4.2m)
  ✘   52 [chromium] › e2e/footprint-library.spec.ts:244:5 › assigns a model to a native BHK controller and exports the object binding (4.0m)
(node:1793971) Warning: The 'NO_COLOR' env is ignored due to the 'FORCE_COLOR' env being set.
(Use `node --trace-warnings ...` to show where the warning was created)
(node:1793960) Warning: The 'NO_COLOR' env is ignored due to the 'FORCE_COLOR' env being set.
(Use `node --trace-warnings ...` to show where the warning was created)
(node:1794003) Warning: The 'NO_COLOR' env is ignored due to the 'FORCE_COLOR' env being set.
(Use `node --trace-warnings ...` to show where the warning was created)
(node:1793971) Warning: The 'NO_COLOR' env is ignored due to the 'FORCE_COLOR' env being set.
(Use `node --trace-warnings ...` to show where the warning was created)
(node:1793960) Warning: The 'NO_COLOR' env is ignored due to the 'FORCE_COLOR' env being set.
(Use `node --trace-warnings ...` to show where the warning was created)
(node:1794003) Warning: The 'NO_COLOR' env is ignored due to the 'FORCE_COLOR' env being set.
(Use `node --trace-warnings ...` to show where the warning was created)
[GitHub Rate Limit] Limit: unknown, Remaining: unknown, Used: unknown, Reset: unknown
[GitHub Rate Limit] Limit: unknown, Remaining: unknown, Used: unknown, Reset: unknown
[GitHub Rate Limit] Limit: unknown, Remaining: unknown, Used: unknown, Reset: unknown
[GitHub Rate Limit] Limit: unknown, Remaining: unknown, Used: unknown, Reset: unknown
  ✓   53 [chromium] › e2e/github-loading.spec.ts:10:7 › GitHub Loading › should load config and footprints from ceoloide/mr_useful (3.8s)
  -   56 [chromium] › e2e/github-loading.spec.ts:83:8 › GitHub Loading › should load config with URL parameter and footprints
[GitHub Rate Limit] Limit: unknown, Remaining: unknown, Used: unknown, Reset: unknown
[GitHub Rate Limit] Limit: unknown, Remaining: unknown, Used: unknown, Reset: unknown
[GitHub Rate Limit] Limit: unknown, Remaining: unknown, Used: unknown, Reset: unknown
[GitHub Rate Limit] Limit: unknown, Remaining: unknown, Used: unknown, Reset: unknown
[GitHub Rate Limit] Limit: unknown, Remaining: unknown, Used: unknown, Reset: unknown
[GitHub Rate Limit] Limit: unknown, Remaining: unknown, Used: unknown, Reset: unknown
[GitHub Rate Limit] Limit: unknown, Remaining: unknown, Used: unknown, Reset: unknown
[GitHub Rate Limit] Limit: unknown, Remaining: unknown, Used: unknown, Reset: unknown
[GitHub Rate Limit] Limit: unknown, Remaining: unknown, Used: unknown, Reset: unknown
[GitHub Rate Limit] Limit: unknown, Remaining: unknown, Used: unknown, Reset: unknown
[GitHub Rate Limit] Limit: unknown, Remaining: unknown, Used: unknown, Reset: unknown
[GitHub Rate Limit] Limit: unknown, Remaining: unknown, Used: unknown, Reset: unknown
[GitHub Rate Limit] Limit: unknown, Remaining: unknown, Used: unknown, Reset: unknown
[GitHub Rate Limit] Limit: unknown, Remaining: unknown, Used: unknown, Reset: unknown
[GitHub Rate Limit] Limit: unknown, Remaining: unknown, Used: unknown, Reset: unknown
[GitHub Rate Limit] Limit: unknown, Remaining: unknown, Used: unknown, Reset: unknown
[GitHub Rate Limit] Limit: unknown, Remaining: unknown, Used: unknown, Reset: unknown
  ✓   57 [chromium] › e2e/github-loading.spec.ts:151:7 › GitHub Loading › should accumulate footprints from sequential loads and reset conflict dialog (5.7s)
  ✓   58 [chromium] › e2e/guided-case.spec.ts:21:5 › plans gasket mounting before solids and only generates explicitly (14.4s)
  ✓   59 [chromium] › e2e/guided-case.spec.ts:102:5 › edits contacts with the keyboard and preserves manual ownership during redistribution (6.3s)
  ✓   60 [chromium] › e2e/guided-case.spec.ts:155:5 › exports a middle frame and rejects an outdated result (15.7s)
  ✓   54 [chromium] › e2e/gasket-plan.spec.ts:11:7 › edits BHK gaskets with pan and zoom at 1280px (46.7s)
  ✓   55 [chromium] › e2e/gasket-plan.spec.ts:11:7 › edits BHK gaskets with pan and zoom at 412px (47.0s)
  ✓   63 [chromium] › e2e/guided-case.spec.ts:328:5 › redistributes a requested contact count without generating solids (6.3s)
  ✓   62 [chromium] › e2e/guided-case.spec.ts:292:5 › drags a gasket without generating and can undo the move (7.3s)
  ✓   65 [chromium] › e2e/icons.spec.ts:4:5 › hosts fonts locally, including the PCB viewer (1.5s)
  ✓   66 [chromium] › e2e/icons.spec.ts:21:5 › renders icons when the browser cannot use web fonts (1.5s)
  ✓   61 [chromium] › e2e/guided-case.spec.ts:204:5 › imports an STL for a PCB component and packages its KiCad model association (13.6s)
  ✓   64 [chromium] › e2e/guided-case.spec.ts:351:5 › generates with optional missing component envelopes and groups review (9.1s)
  ✓   68 [chromium] › e2e/icons.spec.ts:87:5 › loads the bundled icon font offline (4.4s)
  ✓   69 [chromium] › e2e/inspector-preview.spec.ts:11:7 › Inspector preview retains draft, focus and scroll at 320px (2.4s)
  ✓   70 [chromium] › e2e/inspector-preview.spec.ts:11:7 › Inspector preview retains draft, focus and scroll at 390px (2.7s)
  ✓   71 [chromium] › e2e/inspector-preview.spec.ts:11:7 › Inspector preview retains draft, focus and scroll at 844px (2.7s)
  ✓   73 [chromium] › e2e/inspector-resize.spec.ts:16:7 › manual inspector and batched resizing at 390px (11.7s)
  ✓   72 [chromium] › e2e/inspector-resize.spec.ts:16:7 › manual inspector and batched resizing at 1440px (12.6s)
  ✓   74 [chromium] › e2e/inspector-style.spec.ts:14:9 › Column Inspector keeps its palette and key actions usable at 1440px (1.9s)
  ✓   75 [chromium] › e2e/inspector-style.spec.ts:14:9 › Column Inspector keeps its palette and key actions usable at 390px (2.2s)
  ✓   76 [chromium] › e2e/inspector-style.spec.ts:14:9 › Row Inspector keeps its palette and key actions usable at 1440px (2.1s)
  ✓   77 [chromium] › e2e/inspector-style.spec.ts:14:9 › Row Inspector keeps its palette and key actions usable at 390px (2.2s)
  ✓   78 [chromium] › e2e/kicad10.spec.ts:12:5 › viewer reports malformed input then loads a native board (2.1s)
  ✓   79 [chromium] › e2e/kicad10.spec.ts:75:5 › viewer reports unavailable WebGL (1.5s)
  ✘   67 [chromium] › e2e/icons.spec.ts:44:5 › renders menu icons with external fonts blocked (30.1s)
(node:1795294) Warning: The 'NO_COLOR' env is ignored due to the 'FORCE_COLOR' env being set.
(Use `node --trace-warnings ...` to show where the warning was created)
(node:1795294) Warning: The 'NO_COLOR' env is ignored due to the 'FORCE_COLOR' env being set.
(Use `node --trace-warnings ...` to show where the warning was created)
  ✓   80 [chromium] › e2e/layout-redesign.spec.ts:10:5 › stages expressions and keycap dimensions without losing the canvas (3.4s)
  ✓   81 [chromium] › e2e/layout-redesign.spec.ts:67:5 › selects a distance target on the canvas and preserves its position (4.3s)
  ✓   82 [chromium] › e2e/layout-redesign.spec.ts:128:5 › keeps the narrow snapping menu above camera controls (2.2s)
  ✘   84 [chromium] › e2e/layout-units.spec.ts:145:7 › keeps setup and the layout usable at 320px (6.6s)
(node:1795496) Warning: The 'NO_COLOR' env is ignored due to the 'FORCE_COLOR' env being set.
(Use `node --trace-warnings ...` to show where the warning was created)
  ✘   85 [chromium] › e2e/layout-units.spec.ts:145:7 › keeps setup and the layout usable at 390px (6.5s)
(node:1795504) Warning: The 'NO_COLOR' env is ignored due to the 'FORCE_COLOR' env being set.
(Use `node --trace-warnings ...` to show where the warning was created)
(node:1795496) Warning: The 'NO_COLOR' env is ignored due to the 'FORCE_COLOR' env being set.
(Use `node --trace-warnings ...` to show where the warning was created)
(node:1795504) Warning: The 'NO_COLOR' env is ignored due to the 'FORCE_COLOR' env being set.
(Use `node --trace-warnings ...` to show where the warning was created)
  ✘   86 [chromium] › e2e/layout-units.spec.ts:192:5 › snaps a component to a column center and optionally keeps the alignment (6.7s)
(node:1795719) Warning: The 'NO_COLOR' env is ignored due to the 'FORCE_COLOR' env being set.
(Use `node --trace-warnings ...` to show where the warning was created)
  ✘   87 [chromium] › e2e/layout-units.spec.ts:258:5 › exports fitting material separately from an interfering layer (6.7s)
(node:1795727) Warning: The 'NO_COLOR' env is ignored due to the 'FORCE_COLOR' env being set.
(Use `node --trace-warnings ...` to show where the warning was created)
(node:1795719) Warning: The 'NO_COLOR' env is ignored due to the 'FORCE_COLOR' env being set.
(Use `node --trace-warnings ...` to show where the warning was created)
(node:1795727) Warning: The 'NO_COLOR' env is ignored due to the 'FORCE_COLOR' env being set.
(Use `node --trace-warnings ...` to show where the warning was created)
  ✓   88 [chromium] › e2e/model-worker.spec.ts:18:5 › imports real WRL, STEP, and STP models in the worker (14.3s)
  ✓   90 [chromium] › e2e/model-worker.spec.ts:221:7 › imports bundled boardstudio/foostan/OLED-Module-with-Pins.step (4.5s)
  ✓   91 [chromium] › e2e/model-worker.spec.ts:221:7 › imports bundled boardstudio/gdek/KS33.stp (3.6s)
  ✓   92 [chromium] › e2e/model-worker.spec.ts:221:7 › imports bundled boardstudio/infused-kim/Choc_V1_Hotswap.step (3.2s)
  ✓   93 [chromium] › e2e/model-worker.spec.ts:221:7 › imports bundled boardstudio/infused-kim/Choc_V1_Keycap_MBK_Black_1u.step (2.6s)
  ✓   94 [chromium] › e2e/model-worker.spec.ts:221:7 › imports bundled boardstudio/infused-kim/Choc_V1_Keycap_MBK_Red_1u.step (2.9s)
  ✓   95 [chromium] › e2e/model-worker.spec.ts:221:7 › imports bundled boardstudio/infused-kim/Choc_V1_Keycap_MBK_White_1u.step (3.0s)
  ✓   96 [chromium] › e2e/model-worker.spec.ts:221:7 › imports bundled boardstudio/infused-kim/Choc_V1_Switch.step (3.5s)
  ✓   97 [chromium] › e2e/model-worker.spec.ts:221:7 › imports bundled boardstudio/infused-kim/Diode_1N4148W.step (2.1s)
  ✓   98 [chromium] › e2e/model-worker.spec.ts:221:7 › imports bundled boardstudio/infused-kim/Molex_Ezmate_Pico_Cable_2pin.step (2.3s)
  ✓   99 [chromium] › e2e/model-worker.spec.ts:221:7 › imports bundled boardstudio/infused-kim/Molex_Ezmate_Pico_Cable_5pin.step (2.6s)
  ✓  100 [chromium] › e2e/model-worker.spec.ts:221:7 › imports bundled boardstudio/infused-kim/Molex_Ezmate_Pico_Socket_2pin.step (2.2s)
  ✓  101 [chromium] › e2e/model-worker.spec.ts:221:7 › imports bundled boardstudio/infused-kim/Molex_Ezmate_Pico_Socket_5pin.step (2.4s)
  ✓  102 [chromium] › e2e/model-worker.spec.ts:221:7 › imports bundled boardstudio/infused-kim/Nice_Nano_V2.step (3.7s)
  ✓  103 [chromium] › e2e/model-worker.spec.ts:221:7 › imports bundled boardstudio/infused-kim/Nice_View.step (3.1s)
  ✓  104 [chromium] › e2e/model-worker.spec.ts:221:7 › imports bundled boardstudio/infused-kim/PinHeader_2.54mm_1x-4.step (2.5s)
  ✓  105 [chromium] › e2e/model-worker.spec.ts:221:7 › imports bundled boardstudio/infused-kim/PinHeader_2.54mm_1x-5.step (2.5s)
  ✓  106 [chromium] › e2e/model-worker.spec.ts:221:7 › imports bundled boardstudio/infused-kim/PinHeader_2.54mm_2x-12.step (2.8s)
  ✓  107 [chromium] › e2e/model-worker.spec.ts:221:7 › imports bundled boardstudio/infused-kim/PinSocket_2.54mm_5mm_1x-4.step (2.1s)
  ✓  108 [chromium] › e2e/model-worker.spec.ts:221:7 › imports bundled boardstudio/infused-kim/PinSocket_2.54mm_5mm_1x-5.step (2.4s)
  ✓  109 [chromium] › e2e/model-worker.spec.ts:221:7 › imports bundled boardstudio/infused-kim/PinSocket_2.54mm_5mm_2x-12.step (2.9s)
  ✓  110 [chromium] › e2e/model-worker.spec.ts:221:7 › imports bundled boardstudio/infused-kim/SMD_0805_Capacitor.step (1.8s)
  ✓  111 [chromium] › e2e/model-worker.spec.ts:221:7 › imports bundled boardstudio/infused-kim/SMD_0805_Resistor.step (1.8s)
  ✓  112 [chromium] › e2e/model-worker.spec.ts:221:7 › imports bundled boardstudio/infused-kim/Switch_Power.step (2.1s)
  ✓  113 [chromium] › e2e/model-worker.spec.ts:221:7 › imports bundled boardstudio/infused-kim/Switch_Reset.step (2.8s)
  ✓  114 [chromium] › e2e/model-worker.spec.ts:221:7 › imports bundled boardstudio/infused-kim/trackpoint/TP_Cap_Green_T430.step (3.2s)
  ✓  115 [chromium] › e2e/model-worker.spec.ts:221:7 › imports bundled boardstudio/infused-kim/trackpoint/TP_Cap_Red_T460S.step (3.3s)
  ✓  116 [chromium] › e2e/model-worker.spec.ts:221:7 › imports bundled boardstudio/infused-kim/trackpoint/TP_Extension_Red_T460S_h10.5_md0.0_pcb1.6.step (2.7s)
  ✓  117 [chromium] › e2e/model-worker.spec.ts:221:7 › imports bundled boardstudio/infused-kim/trackpoint/TP_Extension_Red_T460S_h10.5_md0.5_pcb1.6.step (3.0s)
  ✓  118 [chromium] › e2e/model-worker.spec.ts:221:7 › imports bundled boardstudio/infused-kim/trackpoint/TP_Extension_Red_T460S_h10.5_md1.0_pcb1.6.step (2.7s)
  ✓  119 [chromium] › e2e/model-worker.spec.ts:221:7 › imports bundled boardstudio/infused-kim/trackpoint/TP_Extension_Red_T460S_h10.5_md2.0_pcb1.6.step (2.7s)
  ✘   83 [chromium] › e2e/layout-units.spec.ts:14:5 › sets up an empty board, edits stagger, inserts and aligns an encoder (2.0m)
(node:1797200) Warning: The 'NO_COLOR' env is ignored due to the 'FORCE_COLOR' env being set.
(Use `node --trace-warnings ...` to show where the warning was created)
(node:1797200) Warning: The 'NO_COLOR' env is ignored due to the 'FORCE_COLOR' env being set.
(Use `node --trace-warnings ...` to show where the warning was created)
  ✓  120 [chromium] › e2e/model-worker.spec.ts:221:7 › imports bundled boardstudio/infused-kim/trackpoint/TP_Keycap_MBK_Black_stagger_2.375_large.step (14.2s)
  ✓  122 [chromium] › e2e/model-worker.spec.ts:221:7 › imports bundled boardstudio/infused-kim/trackpoint/TP_Red_T460S_platform_z_offset_+0.0_pcb_offset_-2.0.step (4.5s)
  ✓  121 [chromium] › e2e/model-worker.spec.ts:221:7 › imports bundled boardstudio/infused-kim/trackpoint/TP_Keycap_MBK_Black_stagger_2.375_small.step (15.2s)
  ✓  123 [chromium] › e2e/model-worker.spec.ts:221:7 › imports bundled boardstudio/infused-kim/trackpoint/TP_Red_T460S_screw_mount_z_offset_+0.0_pcb_-2.0.step (3.5s)
  ✘   89 [chromium] › e2e/layout-units.spec.ts:327:5 › shows named material layers and gap fit in setup (2.0m)
(node:1797467) Warning: The 'NO_COLOR' env is ignored due to the 'FORCE_COLOR' env being set.
(Use `node --trace-warnings ...` to show where the warning was created)
(node:1797467) Warning: The 'NO_COLOR' env is ignored due to the 'FORCE_COLOR' env being set.
(Use `node --trace-warnings ...` to show where the warning was created)
  ✓  125 [chromium] › e2e/model-worker.spec.ts:221:7 › imports bundled boardstudio/keebio/PJ-320A.step (4.3s)
  ✓  124 [chromium] › e2e/model-worker.spec.ts:221:7 › imports bundled boardstudio/infused-kim/trackpoint/TP_Red_T460S_screw_mount_z_offset_-2.0_pcb_+0.0.step (5.2s)
  ✓  126 [chromium] › e2e/model-worker.spec.ts:221:7 › imports bundled boardstudio/keebio/SK6812MINI-E v1.step (4.2s)
  ✓  127 [chromium] › e2e/model-worker.spec.ts:221:7 › imports bundled boardstudio/kicad/JST_PH_S2B-PH-K_1x02_P2.00mm_Horizontal.step (3.3s)
  ✓  129 [chromium] › e2e/model-worker.spec.ts:221:7 › imports bundled boardstudio/kicad/Panasonic_EVQPUL_EVQPUC.step (4.2s)
  ✓  128 [chromium] › e2e/model-worker.spec.ts:221:7 › imports bundled boardstudio/kicad/Panasonic_EVQPUJ_EVQPUA.step (5.5s)
  ✓  130 [chromium] › e2e/model-worker.spec.ts:221:7 › imports bundled boardstudio/kicad/PinSocket_1x05_P2.54mm_Vertical.step (3.8s)
  ✓  131 [chromium] › e2e/model-worker.spec.ts:221:7 › imports bundled boardstudio/kicad/PinSocket_1x12_P2.54mm_Vertical.step (4.9s)
  ✓  132 [chromium] › e2e/model-worker.spec.ts:221:7 › imports bundled boardstudio/kicad/PinSocket_2x12_W15.24mm_Vertical.step (5.8s)
  ✓  134 [chromium] › e2e/model-worker.spec.ts:221:7 › imports bundled boardstudio/kiswitch/SW_Cherry_MX_PCB.stp.stl (5.3s)
  ✓  135 [chromium] › e2e/model-worker.spec.ts:221:7 › imports bundled boardstudio/kiswitch/SW_Hotswap_Kailh_Choc_V1.stp (6.2s)
  ✓  136 [chromium] › e2e/model-worker.spec.ts:221:7 › imports bundled boardstudio/kiswitch/SW_Hotswap_Kailh_Choc_V1.stp.stl (2.6s)
  ✓  133 [chromium] › e2e/model-worker.spec.ts:221:7 › imports bundled boardstudio/kiswitch/SW_Cherry_MX_PCB.stp (11.6s)
  ✓  138 [chromium] › e2e/model-worker.spec.ts:221:7 › imports bundled boardstudio/kiswitch/SW_Hotswap_Kailh_MX.stp.stl (2.6s)
  ✓  140 [chromium] › e2e/model-worker.spec.ts:221:7 › imports bundled boardstudio/kiswitch/SW_Kailh_Choc_V1.stp.stl (4.2s)
  ✓  139 [chromium] › e2e/model-worker.spec.ts:221:7 › imports bundled boardstudio/kiswitch/SW_Kailh_Choc_V1.stp (7.4s)
  ✓  137 [chromium] › e2e/model-worker.spec.ts:221:7 › imports bundled boardstudio/kiswitch/SW_Hotswap_Kailh_MX.stp (8.8s)
  ✓  143 [chromium] › e2e/model-worker.spec.ts:221:7 › imports bundled boardstudio/tsuki/nrf52840.step (4.9s)
  ✓  142 [chromium] › e2e/model-worker.spec.ts:221:7 › imports bundled boardstudio/koktoh/Choc_V2_Red.wrl (6.4s)
  ✓  141 [chromium] › e2e/model-worker.spec.ts:221:7 › imports bundled boardstudio/koktoh/Choc_V2_Red.step (11.7s)
  ✓  146 [chromium] › e2e/native-layout.spec.ts:208:5 › preserves a legacy source while rejecting generation (1.4s)
  ✓  147 [chromium] › e2e/native-layout.spec.ts:222:5 › moves an alias from its existing offset and restores the alias with undo (1.5s)
  ✘  145 [chromium] › e2e/native-layout.spec.ts:157:5 › shows independent floor and PCB layers in side view and generates their assembly (7.2s)
(node:1798311) Warning: The 'NO_COLOR' env is ignored due to the 'FORCE_COLOR' env being set.
(Use `node --trace-warnings ...` to show where the warning was created)
(node:1798311) Warning: The 'NO_COLOR' env is ignored due to the 'FORCE_COLOR' env being set.
(Use `node --trace-warnings ...` to show where the warning was created)
  ✓  149 [chromium] › e2e/native-layout.spec.ts:291:5 › cancels, confirms and undoes removal of an edited column (2.7s)
  ✓  150 [chromium] › e2e/native-layout.spec.ts:325:5 › repairs a published setup draft on a narrow screen without touching custom nets (2.3s)
  ✓  151 [chromium] › e2e/native-regressions.spec.ts:70:5 › retains height blockers after cached mounting changes (2.3s)
  ✓  152 [chromium] › e2e/native-regressions.spec.ts:122:5 › generates imported PCB with a native battery and shell opening (7.5s)
  ✓  153 [chromium] › e2e/offline.spec.ts:3:5 › reloads the application offline under the deployment path (3.6s)
  ✓  154 [chromium] › e2e/offline.spec.ts:30:5 › ignores a stale dependency cache after upgrading (3.5s)
  ✓  155 [chromium] › e2e/offline.spec.ts:122:5 › opens the PCB viewer for the first time offline (6.1s)
  ✓  156 [chromium] › e2e/outline-recovery.spec.ts:39:5 › creates, moves, and rebuilds a matrix outline as one undoable edit (10.1s)
  ✓  157 [chromium] › e2e/outline-recovery.spec.ts:95:5 › repairs an imported legacy component region only on request and undoes exactly (3.0s)
  ✘  158 [chromium] › e2e/responsive.spec.ts:4:5 › opens the shared mobile inspector and opens YAML (30.1s)
(node:1798913) Warning: The 'NO_COLOR' env is ignored due to the 'FORCE_COLOR' env being set.
(Use `node --trace-warnings ...` to show where the warning was created)
(node:1798913) Warning: The 'NO_COLOR' env is ignored due to the 'FORCE_COLOR' env being set.
(Use `node --trace-warnings ...` to show where the warning was created)
  ✘  159 [chromium] › e2e/routing.spec.ts:5:5 › opens native Board Studio on a fresh root route (30.1s)
(node:1799085) Warning: The 'NO_COLOR' env is ignored due to the 'FORCE_COLOR' env being set.
(Use `node --trace-warnings ...` to show where the warning was created)
(node:1799085) Warning: The 'NO_COLOR' env is ignored due to the 'FORCE_COLOR' env being set.
(Use `node --trace-warnings ...` to show where the warning was created)
  ✘  144 [chromium] › e2e/native-layout.spec.ts:76:5 › edits local key overrides, preserves arrangements, and enforces locks (2.0m)
(node:1799255) Warning: The 'NO_COLOR' env is ignored due to the 'FORCE_COLOR' env being set.
(Use `node --trace-warnings ...` to show where the warning was created)
(node:1799255) Warning: The 'NO_COLOR' env is ignored due to the 'FORCE_COLOR' env being set.
(Use `node --trace-warnings ...` to show where the warning was created)
  ✓  161 [chromium] › e2e/routing.spec.ts:17:5 › restores a saved native project at the root route (1.1s)
  ✘  148 [chromium] › e2e/native-layout.spec.ts:252:5 › grows an onboarding matrix and adds an owned thumb assembly (2.0m)
(node:1799392) Warning: The 'NO_COLOR' env is ignored due to the 'FORCE_COLOR' env being set.
(Use `node --trace-warnings ...` to show where the warning was created)
(node:1799392) Warning: The 'NO_COLOR' env is ignored due to the 'FORCE_COLOR' env being set.
(Use `node --trace-warnings ...` to show where the warning was created)
  ✓  163 [chromium] › e2e/routing.spec.ts:60:5 › keeps legacy points sources in the legacy editor (1.1s)
  ✓  164 [chromium] › e2e/routing.spec.ts:68:5 › loads examples from /import into native Studio (1.2s)
  ✘  160 [chromium] › e2e/routing.spec.ts:11:5 › opens native Board Studio directly at /new (30.1s)
(node:1799563) Warning: The 'NO_COLOR' env is ignored due to the 'FORCE_COLOR' env being set.
(Use `node --trace-warnings ...` to show where the warning was created)
(node:1799563) Warning: The 'NO_COLOR' env is ignored due to the 'FORCE_COLOR' env being set.
(Use `node --trace-warnings ...` to show where the warning was created)
  ✓  166 [chromium] › e2e/settings-consolidation.spec.ts:72:5 › edits column and key assembly scopes and resets a key to inheritance (4.4s)
  ✘  162 [chromium] › e2e/routing.spec.ts:39:5 › creates a second project while retaining the first (30.1s)
(node:1799673) Warning: The 'NO_COLOR' env is ignored due to the 'FORCE_COLOR' env being set.
(Use `node --trace-warnings ...` to show where the warning was created)
(node:1799673) Warning: The 'NO_COLOR' env is ignored due to the 'FORCE_COLOR' env being set.
(Use `node --trace-warnings ...` to show where the warning was created)
  ✘  167 [chromium] › e2e/settings-consolidation.spec.ts:133:5 › retains an edge relationship only after the snapped drop (7.7s)
(node:1799754) Warning: The 'NO_COLOR' env is ignored due to the 'FORCE_COLOR' env being set.
(Use `node --trace-warnings ...` to show where the warning was created)
(node:1799754) Warning: The 'NO_COLOR' env is ignored due to the 'FORCE_COLOR' env being set.
(Use `node --trace-warnings ...` to show where the warning was created)
  ✓  168 [chromium] › e2e/settings-consolidation.spec.ts:213:5 › shares mechanical stack editing between Case and Design setup (4.7s)
  ✘  165 [chromium] › e2e/settings-consolidation.spec.ts:33:5 › keeps one matrix spacing editor and preserves defaults through a rename (2.0m)
(node:1800255) Warning: The 'NO_COLOR' env is ignored due to the 'FORCE_COLOR' env being set.
(Use `node --trace-warnings ...` to show where the warning was created)
(node:1800255) Warning: The 'NO_COLOR' env is ignored due to the 'FORCE_COLOR' env being set.
(Use `node --trace-warnings ...` to show where the warning was created)
  ✓  171 [chromium] › e2e/snapping-disclosure.spec.ts:12:7 › snapping folds below its tool and fits at 1440px (2.2s)
  ✓  172 [chromium] › e2e/snapping-disclosure.spec.ts:12:7 › snapping folds below its tool and fits at 390px (1.5s)
  ✓  173 [chromium] › e2e/snapping-disclosure.spec.ts:12:7 › snapping folds below its tool and fits at 320px (1.6s)
  ✓  174 [chromium] › e2e/snapping-disclosure.spec.ts:12:7 › snapping folds below its tool and fits at 844px (1.5s)
  ✓  175 [chromium] › e2e/studio-continuous.spec.ts:98:5 › persists rapid moves through delayed analysis, undo and reload (6.0s)
  ✘  169 [chromium] › e2e/settings-consolidation.spec.ts:255:7 › keeps consolidated controls usable at 320px (2.0m)
(node:1800428) Warning: The 'NO_COLOR' env is ignored due to the 'FORCE_COLOR' env being set.
(Use `node --trace-warnings ...` to show where the warning was created)
(node:1800428) Warning: The 'NO_COLOR' env is ignored due to the 'FORCE_COLOR' env being set.
(Use `node --trace-warnings ...` to show where the warning was created)
  ✘  170 [chromium] › e2e/settings-consolidation.spec.ts:255:7 › keeps consolidated controls usable at 390px (2.0m)
(node:1800521) Warning: The 'NO_COLOR' env is ignored due to the 'FORCE_COLOR' env being set.
(Use `node --trace-warnings ...` to show where the warning was created)
(node:1800521) Warning: The 'NO_COLOR' env is ignored due to the 'FORCE_COLOR' env being set.
(Use `node --trace-warnings ...` to show where the warning was created)
  ✘  176 [chromium] › e2e/studio-continuous.spec.ts:164:5 › keeps drags, nudges and inspector edits through delayed outline updates (14.9s)
(node:1800601) Warning: The 'NO_COLOR' env is ignored due to the 'FORCE_COLOR' env being set.
(Use `node --trace-warnings ...` to show where the warning was created)
(node:1800601) Warning: The 'NO_COLOR' env is ignored due to the 'FORCE_COLOR' env being set.
(Use `node --trace-warnings ...` to show where the warning was created)
  ✓  177 [chromium] › e2e/studio-continuous.spec.ts:290:5 › freezes exact contours across reload and rebuilds while remaining frozen (10.2s)
  ✓  180 [chromium] › e2e/studio-settings-and-svg.spec.ts:22:5 › uploads an SVG outline and generates its output (2.9s)
  ✘  179 [chromium] › e2e/studio-settings-and-svg.spec.ts:5:5 › shows the Offline App control in native Settings (30.1s)
(node:1800803) Warning: The 'NO_COLOR' env is ignored due to the 'FORCE_COLOR' env being set.
(Use `node --trace-warnings ...` to show where the warning was created)
(node:1800803) Warning: The 'NO_COLOR' env is ignored due to the 'FORCE_COLOR' env being set.
(Use `node --trace-warnings ...` to show where the warning was created)
  ✓  182 [chromium] › e2e/studio-workflow.spec.ts:86:5 › retains generated case outputs across Code, library and Export (11.6s)
  ✓  183 [chromium] › e2e/workbench-layout.spec.ts:12:7 › keeps outline controls clear of canvas tools at 1440px (3.3s)
  ✓  184 [chromium] › e2e/workbench-layout.spec.ts:12:7 › keeps outline controls clear of canvas tools at 390px (3.8s)
  ✓  185 [chromium] › e2e/workbench-layout.spec.ts:12:7 › keeps outline controls clear of canvas tools at 320px (3.9s)
  ✓  186 [chromium] › e2e/workbench-layout.spec.ts:12:7 › keeps outline controls clear of canvas tools at 844px (3.9s)
  ✓  187 [chromium] › e2e/workbench-status.spec.ts:7:7 › explains current layout and blocked downloads at 1440px (3.5s)
  ✓  188 [chromium] › e2e/workbench-status.spec.ts:7:7 › explains current layout and blocked downloads at 320px (3.3s)
  ✓  189 [chromium] › e2e/workbench.spec.ts:6:5 › keeps mobile library actions out of the desktop editor (1.4s)
  ✓  190 [chromium] › e2e/workbench.spec.ts:29:5 › retains an edited bundled part when browsing other parts (3.0s)
  ✓  191 [chromium] › e2e/workbench.spec.ts:60:5 › retains the part editor draft when returning from board editing (2.8s)
  ✘  192 [chromium] › e2e/workbench.spec.ts:87:7 › uses complete mobile drawers at 320px (7.1s)
(node:1801523) Warning: The 'NO_COLOR' env is ignored due to the 'FORCE_COLOR' env being set.
(Use `node --trace-warnings ...` to show where the warning was created)
(node:1801523) Warning: The 'NO_COLOR' env is ignored due to the 'FORCE_COLOR' env being set.
(Use `node --trace-warnings ...` to show where the warning was created)
  ✘  193 [chromium] › e2e/workbench.spec.ts:87:7 › uses complete mobile drawers at 390px (7.1s)
  ✓  178 [chromium] › e2e/studio-performance.spec.ts:26:5 › measures real keyboard editing response and source correctness (1.7m)
  ✘  181 [chromium] › e2e/studio-workflow.spec.ts:15:5 › keeps navigation, selection and camera through Settings without editing source (2.0m)


  1) [chromium] › e2e/app.spec.ts:4:5 › creates a matrix draft and previews its PCB ────────────────

    [31mTest timeout of 30000ms exceeded.[39m

    Error: locator.click: Test timeout of 30000ms exceeded.
    Call log:
    [2m  - waiting for getByRole('button', { name: 'New native design', exact: true })[22m


       at utils/studio.ts:76

      74 |   await page
      75 |     .getByRole('button', { name: 'New native design', exact: true })
    > 76 |     .click();
         |      ^
      77 |   await page.getByRole('button', { name: 'Apply setup', exact: true }).click();
      78 |   await expect(studio(page)).toBeVisible();
      79 | }
        at createDraft (/home/chris/projects/ts-boardstudio2/app/e2e/utils/studio.ts:76:6)
        at /home/chris/projects/ts-boardstudio2/app/e2e/app.spec.ts:6:20

    Error Context: test-results/app-creates-a-matrix-draft-and-previews-its-PCB-chromium/error-context.md

  2) [chromium] › e2e/bhk-matrix.spec.ts:9:7 › edits BHK rows and columns at 1440px ────────────────

    Error: [2mexpect([22m[31mlocator[39m[2m).[22mtoBeVisible[2m([22m[2m)[22m failed

    Locator: getByRole('button', { name: 'Add key in column 7' })
    Expected: visible
    Timeout: 5000ms
    Error: element(s) not found

    Call log:
    [2m  - Expect "toBeVisible" with timeout 5000ms[22m
    [2m  - waiting for getByRole('button', { name: 'Add key in column 7' })[22m


      37 |     await expect(
      38 |       page.getByRole('button', { name: 'Add key in column 7' })
    > 39 |     ).toBeVisible();
         |       ^
      40 |     await page.getByLabel('Relative x', { exact: true }).fill('1');
      41 |     await page
      42 |       .getByRole('button', { name: 'Apply relative adjustment' })
        at /home/chris/projects/ts-boardstudio2/app/e2e/bhk-matrix.spec.ts:39:7

    Error Context: test-results/bhk-matrix-edits-BHK-rows-and-columns-at-1440px-chromium/error-context.md

  3) [chromium] › e2e/bhk-matrix.spec.ts:9:7 › edits BHK rows and columns at 390px ─────────────────

    Error: [2mexpect([22m[31mlocator[39m[2m).[22mtoBeVisible[2m([22m[2m)[22m failed

    Locator: getByRole('button', { name: 'Add key in column 7' })
    Expected: visible
    Timeout: 5000ms
    Error: element(s) not found

    Call log:
    [2m  - Expect "toBeVisible" with timeout 5000ms[22m
    [2m  - waiting for getByRole('button', { name: 'Add key in column 7' })[22m


      37 |     await expect(
      38 |       page.getByRole('button', { name: 'Add key in column 7' })
    > 39 |     ).toBeVisible();
         |       ^
      40 |     await page.getByLabel('Relative x', { exact: true }).fill('1');
      41 |     await page
      42 |       .getByRole('button', { name: 'Apply relative adjustment' })
        at /home/chris/projects/ts-boardstudio2/app/e2e/bhk-matrix.spec.ts:39:7

    Error Context: test-results/bhk-matrix-edits-BHK-rows-and-columns-at-390px-chromium/error-context.md

  4) [chromium] › e2e/enclosures.spec.ts:281:5 › generates BHK CNC relief from the process controls 

    [31mTest timeout of 180000ms exceeded.[39m

    Error: [2mexpect([22m[31mlocator[39m[2m).[22mtoBeVisible[2m([22m[2m)[22m failed

    Locator: getByRole('region', { name: 'Case designer' }).getByRole('status').filter({ hasText: /Current geometry/ })
    Expected: visible
    Timeout: 90000ms
    Error: element(s) not found

    Call log:
    [2m  - Expect "toBeVisible" with timeout 90000ms[22m
    [2m  - waiting for getByRole('region', { name: 'Case designer' }).getByRole('status').filter({ hasText: /Current geometry/ })[22m


      54 |   await expect(
      55 |     dialog.getByRole('status').filter({ hasText: /Current geometry/ })
    > 56 |   ).toBeVisible({ timeout: GEOMETRY_TIMEOUT });
         |     ^
      57 |   await expect(dialog.getByRole('alert')).toHaveCount(0);
      58 |   await dialog.getByRole('button', { name: 'assembled', exact: true }).click();
      59 |   await expect(dialog.getByLabel('3D assembly preview')).toHaveAttribute(
        at ready (/home/chris/projects/ts-boardstudio2/app/e2e/enclosures.spec.ts:56:5)
        at /home/chris/projects/ts-boardstudio2/app/e2e/enclosures.spec.ts:298:3

    Error Context: test-results/enclosures-generates-BHK-C-cd4a9-f-from-the-process-controls-chromium/error-context.md

  5) [chromium] › e2e/footprint-library.spec.ts:71:5 › imports a KiCad bundle, aligns models, links placements, and exports a portable project 

    [31mTest timeout of 240000ms exceeded.[39m

    Error: [2mexpect([22m[31mlocator[39m[2m).[22mtoBeVisible[2m([22m[2m)[22m failed

    Locator: getByRole('region', { name: 'Case designer' }).getByRole('status').filter({ hasText: /Current geometry/ })
    Expected: visible
    Timeout: 90000ms
    Error: element(s) not found

    Call log:
    [2m  - Expect "toBeVisible" with timeout 90000ms[22m
    [2m  - waiting for getByRole('region', { name: 'Case designer' }).getByRole('status').filter({ hasText: /Current geometry/ })[22m


      222 |     await expect(
      223 |       reopened.getByRole('status').filter({ hasText: /Current geometry/ })
    > 224 |     ).toBeVisible({ timeout: 90000 });
          |       ^
      225 |     await openLibrary(offlinePage);
      226 |     await studio(offlinePage)
      227 |       .getByRole('button', {
        at /home/chris/projects/ts-boardstudio2/app/e2e/footprint-library.spec.ts:224:7

    Error Context: test-results/footprint-library-imports--4398a--exports-a-portable-project-chromium/error-context.md

  6) [chromium] › e2e/footprint-library.spec.ts:244:5 › assigns a model to a native BHK controller and exports the object binding 

    TimeoutError: locator.selectOption: Timeout 15000ms exceeded.
    Call log:
    [2m  - waiting for getByRole('region', { name: 'Case designer' }).getByLabel('top process', { exact: true })[22m
    [2m    - locator resolved to <select id=":r4e:" aria-label="top process">…</select>[22m
    [2m  - attempting select option action[22m
    [2m    - waiting for element to be visible and enabled[22m


      277 |     await dialog
      278 |       .getByLabel(`${part} process`, { exact: true })
    > 279 |       .selectOption('fdm');
          |        ^
      280 |   }
      281 |   await dialog
      282 |     .getByRole('treeitem', { name: 'controller (1)', exact: true })
        at /home/chris/projects/ts-boardstudio2/app/e2e/footprint-library.spec.ts:279:8

    Error Context: test-results/footprint-library-assigns--71080--exports-the-object-binding-chromium/error-context.md

  7) [chromium] › e2e/icons.spec.ts:44:5 › renders menu icons with external fonts blocked ──────────

    [31mTest timeout of 30000ms exceeded.[39m

    Error: locator.click: Test timeout of 30000ms exceeded.
    Call log:
    [2m  - waiting for getByRole('button', { name: 'New native design', exact: true })[22m


       at utils/studio.ts:76

      74 |   await page
      75 |     .getByRole('button', { name: 'New native design', exact: true })
    > 76 |     .click();
         |      ^
      77 |   await page.getByRole('button', { name: 'Apply setup', exact: true }).click();
      78 |   await expect(studio(page)).toBeVisible();
      79 | }
        at createDraft (/home/chris/projects/ts-boardstudio2/app/e2e/utils/studio.ts:76:6)
        at /home/chris/projects/ts-boardstudio2/app/e2e/icons.spec.ts:71:20

    Error Context: test-results/icons-renders-menu-icons-with-external-fonts-blocked-chromium/error-context.md

  8) [chromium] › e2e/layout-units.spec.ts:14:5 › sets up an empty board, edits stagger, inserts and aligns an encoder 

    [31mTest timeout of 120000ms exceeded.[39m

    Error: locator.click: Test timeout of 120000ms exceeded.
    Call log:
    [2m  - waiting for getByRole('button', { name: 'New native design', exact: true })[22m


      21 |   await page
      22 |     .getByRole('button', { name: 'New native design', exact: true })
    > 23 |     .click();
         |      ^
      24 |   await expect(
      25 |     page.getByRole('region', { name: 'Design setup panel' })
      26 |   ).toBeVisible();
        at /home/chris/projects/ts-boardstudio2/app/e2e/layout-units.spec.ts:23:6

    Error Context: test-results/layout-units-sets-up-an-em-beea6-serts-and-aligns-an-encoder-chromium/error-context.md

  9) [chromium] › e2e/layout-units.spec.ts:145:7 › keeps setup and the layout usable at 320px ──────

    Error: [2mexpect([22m[31mlocator[39m[2m).[22mtoBeVisible[2m([22m[2m)[22m failed

    Locator: getByRole('region', { name: 'Design setup panel' })
    Expected: visible
    Timeout: 5000ms
    Error: element(s) not found

    Call log:
    [2m  - Expect "toBeVisible" with timeout 5000ms[22m
    [2m  - waiting for getByRole('region', { name: 'Design setup panel' })[22m


      152 |     await expect(
      153 |       page.getByRole('region', { name: 'Design setup panel' })
    > 154 |     ).toBeVisible();
          |       ^
      155 |     await expect(
      156 |       page.getByRole('status').filter({ hasText: 'Layout resolved' })
      157 |     ).toBeVisible();
        at /home/chris/projects/ts-boardstudio2/app/e2e/layout-units.spec.ts:154:7

    Error Context: test-results/layout-units-keeps-setup-and-the-layout-usable-at-320px-chromium/error-context.md

  10) [chromium] › e2e/layout-units.spec.ts:145:7 › keeps setup and the layout usable at 390px ─────

    Error: [2mexpect([22m[31mlocator[39m[2m).[22mtoBeVisible[2m([22m[2m)[22m failed

    Locator: getByRole('region', { name: 'Design setup panel' })
    Expected: visible
    Timeout: 5000ms
    Error: element(s) not found

    Call log:
    [2m  - Expect "toBeVisible" with timeout 5000ms[22m
    [2m  - waiting for getByRole('region', { name: 'Design setup panel' })[22m


      152 |     await expect(
      153 |       page.getByRole('region', { name: 'Design setup panel' })
    > 154 |     ).toBeVisible();
          |       ^
      155 |     await expect(
      156 |       page.getByRole('status').filter({ hasText: 'Layout resolved' })
      157 |     ).toBeVisible();
        at /home/chris/projects/ts-boardstudio2/app/e2e/layout-units.spec.ts:154:7

    Error Context: test-results/layout-units-keeps-setup-and-the-layout-usable-at-390px-chromium/error-context.md

  11) [chromium] › e2e/layout-units.spec.ts:192:5 › snaps a component to a column center and optionally keeps the alignment 

    Error: [2mexpect([22m[31mlocator[39m[2m).[22mtoBeVisible[2m([22m[2m)[22m failed

    Locator: getByRole('status').filter({ hasText: 'Layout resolved' })
    Expected: visible
    Timeout: 5000ms
    Error: element(s) not found

    Call log:
    [2m  - Expect "toBeVisible" with timeout 5000ms[22m
    [2m  - waiting for getByRole('status').filter({ hasText: 'Layout resolved' })[22m


      215 |   await expect(
      216 |     page.getByRole('status').filter({ hasText: 'Layout resolved' })
    > 217 |   ).toBeVisible();
          |     ^
      218 |   await openExport(page);
      219 |   await expect(
      220 |     page.getByRole('button', { name: 'main · KiCad PCB' })
        at /home/chris/projects/ts-boardstudio2/app/e2e/layout-units.spec.ts:217:5

    Error Context: test-results/layout-units-snaps-a-compo-601ea-ionally-keeps-the-alignment-chromium/error-context.md

  12) [chromium] › e2e/layout-units.spec.ts:258:5 › exports fitting material separately from an interfering layer 

    Error: [2mexpect([22m[31mlocator[39m[2m).[22mtoBeVisible[2m([22m[2m)[22m failed

    Locator: getByRole('status').filter({ hasText: 'Layout resolved' })
    Expected: visible
    Timeout: 5000ms
    Error: element(s) not found

    Call log:
    [2m  - Expect "toBeVisible" with timeout 5000ms[22m
    [2m  - waiting for getByRole('status').filter({ hasText: 'Layout resolved' })[22m


      290 |   await expect(
      291 |     page.getByRole('status').filter({ hasText: 'Layout resolved' })
    > 292 |   ).toBeVisible();
          |     ^
      293 |   await openExport(page);
      294 |   const foam = page.getByRole('button', { name: 'Download Plate foam DXF' });
      295 |   await expect(foam).toBeEnabled({ timeout: 60000 });
        at /home/chris/projects/ts-boardstudio2/app/e2e/layout-units.spec.ts:292:5

    Error Context: test-results/layout-units-exports-fitti-3d81a-y-from-an-interfering-layer-chromium/error-context.md

  13) [chromium] › e2e/layout-units.spec.ts:327:5 › shows named material layers and gap fit in setup 

    [31mTest timeout of 120000ms exceeded.[39m

    Error: locator.click: Test timeout of 120000ms exceeded.
    Call log:
    [2m  - waiting for getByRole('tab', { name: 'Stackup', exact: true })[22m


      361 |   await page.setViewportSize({ width: 1440, height: 1000 });
      362 |   await page.goto('./');
    > 363 |   await page.getByRole('tab', { name: 'Stackup', exact: true }).click();
          |                                                                 ^
      364 |   await expect(
      365 |     page.getByRole('button', {
      366 |       name: /Silicone sheet · silicone · 1 mm · Fits gap/,
        at /home/chris/projects/ts-boardstudio2/app/e2e/layout-units.spec.ts:363:65

    Error Context: test-results/layout-units-shows-named-m-d5458-layers-and-gap-fit-in-setup-chromium/error-context.md

  14) [chromium] › e2e/native-layout.spec.ts:76:5 › edits local key overrides, preserves arrangements, and enforces locks 

    [31mTest timeout of 120000ms exceeded.[39m

    Error: locator.check: Test timeout of 120000ms exceeded.
    Call log:
    [2m  - waiting for getByLabel('Locked', { exact: true })[22m
    [2m    - locator resolved to <input type="checkbox" aria-label="Locked"/>[22m
    [2m  - attempting click action[22m
    [2m    2 × waiting for element to be visible, enabled and stable[22m
    [2m      - element is not visible[22m
    [2m    - retrying click action[22m
    [2m    - waiting 20ms[22m
    [2m    2 × waiting for element to be visible, enabled and stable[22m
    [2m      - element is not visible[22m
    [2m    - retrying click action[22m
    [2m      - waiting 100ms[22m
    [2m    220 × waiting for element to be visible, enabled and stable[22m
    [2m        - element is not visible[22m
    [2m      - retrying click action[22m
    [2m        - waiting 500ms[22m


       98 |   );
       99 |   await expect(page.getByLabel('Locked', { exact: true })).toBeEnabled();
    > 100 |   await page.getByLabel('Locked', { exact: true }).check();
          |                                                    ^
      101 |   await expect(page.getByLabel('X', { exact: true })).toBeDisabled();
      102 |   await page.screenshot({
      103 |     path: test.info().outputPath('native-layout-top.png'),
        at /home/chris/projects/ts-boardstudio2/app/e2e/native-layout.spec.ts:100:52

    Error Context: test-results/native-layout-edits-local--b489a-ngements-and-enforces-locks-chromium/error-context.md

  15) [chromium] › e2e/native-layout.spec.ts:157:5 › shows independent floor and PCB layers in side view and generates their assembly 

    Error: [2mexpect([22m[31mlocator[39m[2m).[22mtoBeVisible[2m([22m[2m)[22m failed

    Locator: getByText('= 2.5 mm', { exact: true })
    Expected: visible
    Timeout: 5000ms
    Error: element(s) not found

    Call log:
    [2m  - Expect "toBeVisible" with timeout 5000ms[22m
    [2m  - waiting for getByText('= 2.5 mm', { exact: true })[22m


      167 |     'floor'
      168 |   );
    > 169 |   await expect(page.getByText('= 2.5 mm', { exact: true })).toBeVisible();
          |                                                             ^
      170 |   await page
      171 |     .getByRole('button', { name: 'Select screen', exact: true })
      172 |     .press('Enter');
        at /home/chris/projects/ts-boardstudio2/app/e2e/native-layout.spec.ts:169:61

    Error Context: test-results/native-layout-shows-indepe-9a193-nd-generates-their-assembly-chromium/error-context.md

  16) [chromium] › e2e/native-layout.spec.ts:252:5 › grows an onboarding matrix and adds an owned thumb assembly 

    [31mTest timeout of 120000ms exceeded.[39m

    Error: [2mexpect([22m[31mlocator[39m[2m).[22mtoBeVisible[2m([22m[2m)[22m failed

    Locator: getByRole('status').filter({ hasText: /Layout resolved/ })
    Expected: visible
    Error: element(s) not found

    Call log:
    [2m  - Expect "toBeVisible" with timeout 120000ms[22m
    [2m  - waiting for getByRole('status').filter({ hasText: /Layout resolved/ })[22m


      284 |   await expect(
      285 |     page.getByRole('status').filter({ hasText: /Layout resolved/ })
    > 286 |   ).toBeVisible({ timeout: TIMEOUT });
          |     ^
      287 |   await page.screenshot({
      288 |     path: test.info().outputPath('onboarding-growth.png'),
      289 |   });
        at /home/chris/projects/ts-boardstudio2/app/e2e/native-layout.spec.ts:286:5

    Error Context: test-results/native-layout-grows-an-onb-55208-dds-an-owned-thumb-assembly-chromium/error-context.md

  17) [chromium] › e2e/responsive.spec.ts:4:5 › opens the shared mobile inspector and opens YAML ───

    [31mTest timeout of 30000ms exceeded.[39m

    Error: locator.click: Test timeout of 30000ms exceeded.
    Call log:
    [2m  - waiting for getByRole('button', { name: 'New native design', exact: true })[22m


       at utils/studio.ts:76

      74 |   await page
      75 |     .getByRole('button', { name: 'New native design', exact: true })
    > 76 |     .click();
         |      ^
      77 |   await page.getByRole('button', { name: 'Apply setup', exact: true }).click();
      78 |   await expect(studio(page)).toBeVisible();
      79 | }
        at createDraft (/home/chris/projects/ts-boardstudio2/app/e2e/utils/studio.ts:76:6)
        at /home/chris/projects/ts-boardstudio2/app/e2e/responsive.spec.ts:7:20

    Error Context: test-results/responsive-opens-the-shared-mobile-inspector-and-opens-YAML-chromium/error-context.md

  18) [chromium] › e2e/routing.spec.ts:5:5 › opens native Board Studio on a fresh root route ───────

    [31mTest timeout of 30000ms exceeded.[39m

    Error: locator.click: Test timeout of 30000ms exceeded.
    Call log:
    [2m  - waiting for getByRole('button', { name: 'New native design', exact: true })[22m


       at utils/studio.ts:76

      74 |   await page
      75 |     .getByRole('button', { name: 'New native design', exact: true })
    > 76 |     .click();
         |      ^
      77 |   await page.getByRole('button', { name: 'Apply setup', exact: true }).click();
      78 |   await expect(studio(page)).toBeVisible();
      79 | }
        at createDraft (/home/chris/projects/ts-boardstudio2/app/e2e/utils/studio.ts:76:6)
        at /home/chris/projects/ts-boardstudio2/app/e2e/routing.spec.ts:7:20

    Error Context: test-results/routing-opens-native-Board-Studio-on-a-fresh-root-route-chromium/error-context.md

  19) [chromium] › e2e/routing.spec.ts:11:5 › opens native Board Studio directly at /new ───────────

    [31mTest timeout of 30000ms exceeded.[39m

    Error: locator.click: Test timeout of 30000ms exceeded.
    Call log:
    [2m  - waiting for getByRole('button', { name: 'New native design', exact: true })[22m


       at utils/studio.ts:76

      74 |   await page
      75 |     .getByRole('button', { name: 'New native design', exact: true })
    > 76 |     .click();
         |      ^
      77 |   await page.getByRole('button', { name: 'Apply setup', exact: true }).click();
      78 |   await expect(studio(page)).toBeVisible();
      79 | }
        at createDraft (/home/chris/projects/ts-boardstudio2/app/e2e/utils/studio.ts:76:6)
        at /home/chris/projects/ts-boardstudio2/app/e2e/routing.spec.ts:13:20

    Error Context: test-results/routing-opens-native-Board-Studio-directly-at-new-chromium/error-context.md

  20) [chromium] › e2e/routing.spec.ts:39:5 › creates a second project while retaining the first ───

    [31mTest timeout of 30000ms exceeded.[39m

    Error: locator.click: Test timeout of 30000ms exceeded.
    Call log:
    [2m  - waiting for getByRole('button', { name: 'New native design', exact: true })[22m


       at utils/studio.ts:76

      74 |   await page
      75 |     .getByRole('button', { name: 'New native design', exact: true })
    > 76 |     .click();
         |      ^
      77 |   await page.getByRole('button', { name: 'Apply setup', exact: true }).click();
      78 |   await expect(studio(page)).toBeVisible();
      79 | }
        at createDraft (/home/chris/projects/ts-boardstudio2/app/e2e/utils/studio.ts:76:6)
        at /home/chris/projects/ts-boardstudio2/app/e2e/routing.spec.ts:41:20

    Error Context: test-results/routing-creates-a-second-project-while-retaining-the-first-chromium/error-context.md

  21) [chromium] › e2e/settings-consolidation.spec.ts:33:5 › keeps one matrix spacing editor and preserves defaults through a rename 

    [31mTest timeout of 120000ms exceeded.[39m

    Error: locator.scrollIntoViewIfNeeded: Test timeout of 120000ms exceeded.
    Call log:
    [2m  - attempting scroll into view action[22m
    [2m    2 × waiting for element to be stable[22m
    [2m      - element is not visible[22m
    [2m    - retrying scroll into view action[22m
    [2m    - waiting 20ms[22m
    [2m    2 × waiting for element to be stable[22m
    [2m      - element is not visible[22m
    [2m    - retrying scroll into view action[22m
    [2m      - waiting 100ms[22m
    [2m    220 × waiting for element to be stable[22m
    [2m        - element is not visible[22m
    [2m      - retrying scroll into view action[22m
    [2m        - waiting 500ms[22m


      56 |   await page
      57 |     .getByLabel('Column spacing', { exact: true })
    > 58 |     .scrollIntoViewIfNeeded();
         |      ^
      59 |   await page.screenshot({ path: capture('desktop-matrix') });
      60 |   await page.getByRole('button', { name: 'Design setup', exact: true }).click();
      61 |   await expect(page.getByLabel('Horizontal pitch')).toHaveValue('18');
        at /home/chris/projects/ts-boardstudio2/app/e2e/settings-consolidation.spec.ts:58:6

    Error Context: test-results/settings-consolidation-kee-e8a62-s-defaults-through-a-rename-chromium/error-context.md

  22) [chromium] › e2e/settings-consolidation.spec.ts:133:5 › retains an edge relationship only after the snapped drop 

    Error: [2mexpect([22m[31mlocator[39m[2m).[22mtoBeEnabled[2m([22m[2m)[22m failed

    Locator: getByRole('button', { name: /Keep relationship · Edge offset/ })
    Expected: enabled
    Timeout: 5000ms
    Error: element(s) not found

    Call log:
    [2m  - Expect "toBeEnabled" with timeout 5000ms[22m
    [2m  - waiting for getByRole('button', { name: /Keep relationship · Edge offset/ })[22m
    [2m    3 × locator resolved to <button disabled>…</button>[22m
    [2m      - unexpected value "disabled"[22m


      186 |     name: /Keep relationship · Edge offset/,
      187 |   });
    > 188 |   await expect(keep).toBeEnabled();
          |                      ^
      189 |   expect(
      190 |     parse(await readSource(page)).layout.objects.follower.placement.ref
      191 |   ).toBeUndefined();
        at /home/chris/projects/ts-boardstudio2/app/e2e/settings-consolidation.spec.ts:188:22

    Error Context: test-results/settings-consolidation-ret-6b4b5-only-after-the-snapped-drop-chromium/error-context.md

  23) [chromium] › e2e/settings-consolidation.spec.ts:255:7 › keeps consolidated controls usable at 320px 

    [31mTest timeout of 120000ms exceeded.[39m

    Error: locator.click: Test timeout of 120000ms exceeded.
    Call log:
    [2m  - waiting for getByRole('button', { name: 'Design setup', exact: true })[22m


      280 |     await page
      281 |       .getByRole('button', { name: 'Design setup', exact: true })
    > 282 |       .click();
          |        ^
      283 |     await page.getByRole('tab', { name: 'Key assembly', exact: true }).click();
      284 |     await expect(
      285 |       page
        at /home/chris/projects/ts-boardstudio2/app/e2e/settings-consolidation.spec.ts:282:8

    Error Context: test-results/settings-consolidation-kee-57d6c-ed-controls-usable-at-320px-chromium/error-context.md

  24) [chromium] › e2e/settings-consolidation.spec.ts:255:7 › keeps consolidated controls usable at 390px 

    [31mTest timeout of 120000ms exceeded.[39m

    Error: locator.click: Test timeout of 120000ms exceeded.
    Call log:
    [2m  - waiting for getByRole('button', { name: 'Design setup', exact: true })[22m


      280 |     await page
      281 |       .getByRole('button', { name: 'Design setup', exact: true })
    > 282 |       .click();
          |        ^
      283 |     await page.getByRole('tab', { name: 'Key assembly', exact: true }).click();
      284 |     await expect(
      285 |       page
        at /home/chris/projects/ts-boardstudio2/app/e2e/settings-consolidation.spec.ts:282:8

    Error Context: test-results/settings-consolidation-kee-766cd-ed-controls-usable-at-390px-chromium/error-context.md

  25) [chromium] › e2e/studio-continuous.spec.ts:164:5 › keeps drags, nudges and inspector edits through delayed outline updates 

    Error: [2mexpect([22m[31mlocator[39m[2m).[22mtoBeVisible[2m([22m[2m)[22m failed

    Locator: getByRole('group', { name: 'Interactive board layout' }).locator(':scope > g[transform="scale(1,-1)"][pointer-events="none"]')
    Expected: visible
    Timeout: 5000ms
    Error: element(s) not found

    Call log:
    [2m  - Expect "toBeVisible" with timeout 5000ms[22m
    [2m  - waiting for getByRole('group', { name: 'Interactive board layout' }).locator(':scope > g[transform="scale(1,-1)"][pointer-events="none"]')[22m


      24 | async function visibleOutline(page: Page) {
      25 |   // Horizontal SVG segments have zero-height bounds; inspect their enclosing drawing.
    > 26 |   await expect(outline(page)).toBeVisible();
         |                               ^
      27 |   await expect(outline(page).locator('polyline').first()).toHaveAttribute(
      28 |     'points',
      29 |     /[-\d.]+,[-\d.]+/
        at visibleOutline (/home/chris/projects/ts-boardstudio2/app/e2e/studio-continuous.spec.ts:26:31)
        at /home/chris/projects/ts-boardstudio2/app/e2e/studio-continuous.spec.ts:278:9

    Error Context: test-results/studio-continuous-keeps-dr-02a59-ugh-delayed-outline-updates-chromium/error-context.md

  26) [chromium] › e2e/studio-settings-and-svg.spec.ts:5:5 › shows the Offline App control in native Settings 

    [31mTest timeout of 30000ms exceeded.[39m

    Error: locator.click: Test timeout of 30000ms exceeded.
    Call log:
    [2m  - waiting for getByRole('button', { name: 'New native design', exact: true })[22m


       at utils/studio.ts:76

      74 |   await page
      75 |     .getByRole('button', { name: 'New native design', exact: true })
    > 76 |     .click();
         |      ^
      77 |   await page.getByRole('button', { name: 'Apply setup', exact: true }).click();
      78 |   await expect(studio(page)).toBeVisible();
      79 | }
        at createDraft (/home/chris/projects/ts-boardstudio2/app/e2e/utils/studio.ts:76:6)
        at /home/chris/projects/ts-boardstudio2/app/e2e/studio-settings-and-svg.spec.ts:7:20

    Error Context: test-results/studio-settings-and-svg-sh-ba963--control-in-native-Settings-chromium/error-context.md

  27) [chromium] › e2e/studio-workflow.spec.ts:15:5 › keeps navigation, selection and camera through Settings without editing source 

    [31mTest timeout of 120000ms exceeded.[39m

    Error: locator.click: Test timeout of 120000ms exceeded.
    Call log:
    [2m  - waiting for getByRole('button', { name: 'Settings', exact: true })[22m


      72 |   ).toBeVisible();
      73 |   await page.screenshot({ path: test.info().outputPath('export-narrow.png') });
    > 74 |   await page.getByRole('button', { name: 'Settings', exact: true }).click();
         |                                                                     ^
      75 |   await expect(
      76 |     settings.getByRole('button', { name: 'Close settings' })
      77 |   ).toBeInViewport();
        at /home/chris/projects/ts-boardstudio2/app/e2e/studio-workflow.spec.ts:74:69

    Error Context: test-results/studio-workflow-keeps-navi-91434-ings-without-editing-source-chromium/error-context.md

  28) [chromium] › e2e/workbench.spec.ts:87:7 › uses complete mobile drawers at 320px ──────────────

    Error: [2mexpect([22m[31mlocator[39m[2m).[22mtoBeInViewport[2m([22m[2m)[22m failed

    Locator: getByRole('button', { name: 'Code', exact: true })
    Expected: in viewport
    Timeout: 5000ms
    Error: element(s) not found

    Call log:
    [2m  - Expect "toBeInViewport" with timeout 5000ms[22m
    [2m  - waiting for getByRole('button', { name: 'Code', exact: true })[22m


      131 |       await expect(
      132 |         page.getByRole('button', { name, exact: true })
    > 133 |       ).toBeInViewport();
          |         ^
      134 |     }
      135 |   });
      136 | }
        at /home/chris/projects/ts-boardstudio2/app/e2e/workbench.spec.ts:133:9

    Error Context: test-results/workbench-uses-complete-mobile-drawers-at-320px-chromium/error-context.md

  29) [chromium] › e2e/workbench.spec.ts:87:7 › uses complete mobile drawers at 390px ──────────────

    Error: [2mexpect([22m[31mlocator[39m[2m).[22mtoBeInViewport[2m([22m[2m)[22m failed

    Locator: getByRole('button', { name: 'Code', exact: true })
    Expected: in viewport
    Timeout: 5000ms
    Error: element(s) not found

    Call log:
    [2m  - Expect "toBeInViewport" with timeout 5000ms[22m
    [2m  - waiting for getByRole('button', { name: 'Code', exact: true })[22m


      131 |       await expect(
      132 |         page.getByRole('button', { name, exact: true })
    > 133 |       ).toBeInViewport();
          |         ^
      134 |     }
      135 |   });
      136 | }
        at /home/chris/projects/ts-boardstudio2/app/e2e/workbench.spec.ts:133:9

    Error Context: test-results/workbench-uses-complete-mobile-drawers-at-390px-chromium/error-context.md

  29 failed
    [chromium] › e2e/app.spec.ts:4:5 › creates a matrix draft and previews its PCB ─────────────────
    [chromium] › e2e/bhk-matrix.spec.ts:9:7 › edits BHK rows and columns at 1440px ─────────────────
    [chromium] › e2e/bhk-matrix.spec.ts:9:7 › edits BHK rows and columns at 390px ──────────────────
    [chromium] › e2e/enclosures.spec.ts:281:5 › generates BHK CNC relief from the process controls ─
    [chromium] › e2e/footprint-library.spec.ts:71:5 › imports a KiCad bundle, aligns models, links placements, and exports a portable project 
    [chromium] › e2e/footprint-library.spec.ts:244:5 › assigns a model to a native BHK controller and exports the object binding 
    [chromium] › e2e/icons.spec.ts:44:5 › renders menu icons with external fonts blocked ───────────
    [chromium] › e2e/layout-units.spec.ts:14:5 › sets up an empty board, edits stagger, inserts and aligns an encoder 
    [chromium] › e2e/layout-units.spec.ts:145:7 › keeps setup and the layout usable at 320px ───────
    [chromium] › e2e/layout-units.spec.ts:145:7 › keeps setup and the layout usable at 390px ───────
    [chromium] › e2e/layout-units.spec.ts:192:5 › snaps a component to a column center and optionally keeps the alignment 
    [chromium] › e2e/layout-units.spec.ts:258:5 › exports fitting material separately from an interfering layer 
    [chromium] › e2e/layout-units.spec.ts:327:5 › shows named material layers and gap fit in setup ─
    [chromium] › e2e/native-layout.spec.ts:76:5 › edits local key overrides, preserves arrangements, and enforces locks 
    [chromium] › e2e/native-layout.spec.ts:157:5 › shows independent floor and PCB layers in side view and generates their assembly 
    [chromium] › e2e/native-layout.spec.ts:252:5 › grows an onboarding matrix and adds an owned thumb assembly 
    [chromium] › e2e/responsive.spec.ts:4:5 › opens the shared mobile inspector and opens YAML ─────
    [chromium] › e2e/routing.spec.ts:5:5 › opens native Board Studio on a fresh root route ─────────
    [chromium] › e2e/routing.spec.ts:11:5 › opens native Board Studio directly at /new ─────────────
    [chromium] › e2e/routing.spec.ts:39:5 › creates a second project while retaining the first ─────
    [chromium] › e2e/settings-consolidation.spec.ts:33:5 › keeps one matrix spacing editor and preserves defaults through a rename 
    [chromium] › e2e/settings-consolidation.spec.ts:133:5 › retains an edge relationship only after the snapped drop 
    [chromium] › e2e/settings-consolidation.spec.ts:255:7 › keeps consolidated controls usable at 320px 
    [chromium] › e2e/settings-consolidation.spec.ts:255:7 › keeps consolidated controls usable at 390px 
    [chromium] › e2e/studio-continuous.spec.ts:164:5 › keeps drags, nudges and inspector edits through delayed outline updates 
    [chromium] › e2e/studio-settings-and-svg.spec.ts:5:5 › shows the Offline App control in native Settings 
    [chromium] › e2e/studio-workflow.spec.ts:15:5 › keeps navigation, selection and camera through Settings without editing source 
    [chromium] › e2e/workbench.spec.ts:87:7 › uses complete mobile drawers at 320px ────────────────
    [chromium] › e2e/workbench.spec.ts:87:7 › uses complete mobile drawers at 390px ────────────────
  1 skipped
  163 passed (18.1m)
[ELIFECYCLE] Command failed with exit code 1.
[ELIFECYCLE] Command failed with exit code 1.
[ELIFECYCLE] Command failed with exit code 1.
