repo,sha,path,contract,netParams,legacyNetParams,controls,fileLicense,sha256,url,verification
"Pipshag/goosekb","ed0fef52e41dc3ddbab6c6e5f7f4706600499ad9","footprints/custom/combo_diode.js","params/body","[""from"",""to""]","[]","{""side"":""\""B\"""",""reversible"":""false""}","null","1092b8b02d04cc1a9f3a5275fadb011d862a03f4c277db3148a1e37524937b4f","https://github.com/Pipshag/goosekb/blob/ed0fef52e41dc3ddbab6c6e5f7f4706600499ad9/footprints/custom/combo_diode.js","source inventory only; not runtime-qualified"
"Pipshag/goosekb","ed0fef52e41dc3ddbab6c6e5f7f4706600499ad9","footprints/custom/mounting_hole.js","params/body","[]","[]","{}","null","2d4908c44ea3cd162ce53f95915c6c3b44de88d1434442f17ec3a0edd62d44ef","https://github.com/Pipshag/goosekb/blob/ed0fef52e41dc3ddbab6c6e5f7f4706600499ad9/footprints/custom/mounting_hole.js","source inventory only; not runtime-qualified"
"Pipshag/goosekb","ed0fef52e41dc3ddbab6c6e5f7f4706600499ad9","footprints/custom/mx.js","params/body","[""from"",""to""]","[]","{""hotswap"":""false"",""reverse"":""false""}","null","4cefddd2aa58bf6eb02b0bb734411dcb1aa8b7757bc75588228153d126bc0f0d","https://github.com/Pipshag/goosekb/blob/ed0fef52e41dc3ddbab6c6e5f7f4706600499ad9/footprints/custom/mx.js","source inventory only; not runtime-qualified"
"Pipshag/goosekb","ed0fef52e41dc3ddbab6c6e5f7f4706600499ad9","footprints/custom/pads.js","params/body","[""net_1"",""net_2"",""net_3"",""net_4"",""net_5"",""net_6""]","[]","{""side"":""\""F\"""",""reverse"":""true""}","null","53249b068fd760d3a04edd93702de4dae37e5ef73f6bee225e1c0d2d9190cb37","https://github.com/Pipshag/goosekb/blob/ed0fef52e41dc3ddbab6c6e5f7f4706600499ad9/footprints/custom/pads.js","source inventory only; not runtime-qualified"
"Pipshag/goosekb","ed0fef52e41dc3ddbab6c6e5f7f4706600499ad9","footprints/custom/text.js","params/body","[]","[]","{""side"":""\""F\"""",""reverse"":""false""}","null","c4762d8eb6f1cf2b29ba4f1d902c7fc9c8575e63f16085594ecb4ad48ae102bb","https://github.com/Pipshag/goosekb/blob/ed0fef52e41dc3ddbab6c6e5f7f4706600499ad9/footprints/custom/text.js","source inventory only; not runtime-qualified"
"Pipshag/goosekb","ed0fef52e41dc3ddbab6c6e5f7f4706600499ad9","footprints/custom/xiao_ble.js","params/body","[""P0"",""P1"",""P2"",""P3"",""P4"",""P5"",""P6"",""P7"",""P8"",""P9"",""P10"",""RAW3V3"",""GND"",""RAW5V"",""BATP"",""BATN"",""RST"",""CLK"",""DIO"",""NFC0"",""NFC1""]","[]","{""side"":""\""F\""""}","null","a00d653ed5691f727e6b32a089b41f93488e759b5c37c4062f7b8d40da6f1ca4","https://github.com/Pipshag/goosekb/blob/ed0fef52e41dc3ddbab6c6e5f7f4706600499ad9/footprints/custom/xiao_ble.js","source inventory only; not runtime-qualified"
"Pipshag/goosekb","ed0fef52e41dc3ddbab6c6e5f7f4706600499ad9","footprints/custom/xiao_ble_smd_reversible.js","params/body","[""D0"",""D1"",""D2"",""D3"",""D4"",""D5"",""D6"",""D7"",""D8"",""D9"",""D10"",""_3V3"",""GND"",""_5V"",""RST"",""BATP""]","[]","{}","null","72cfa814b727a46a1ed196746ded27d43d769e0a42062fc075a6843d1ca7b1ad","https://github.com/Pipshag/goosekb/blob/ed0fef52e41dc3ddbab6c6e5f7f4706600499ad9/footprints/custom/xiao_ble_smd_reversible.js","source inventory only; not runtime-qualified"
"Pipshag/goosekb","ed0fef52e41dc3ddbab6c6e5f7f4706600499ad9","footprints/custom/xiao_reverse.js","params/body","[]","[]","{}","null","6134becdde4dbd2b6f55a7d724e753e5ea8e7e15c13e360abce4fba97752545d","https://github.com/Pipshag/goosekb/blob/ed0fef52e41dc3ddbab6c6e5f7f4706600499ad9/footprints/custom/xiao_reverse.js","source inventory only; not runtime-qualified"
"ceoloide/ergogen-footprints","48935f54b456ff1503d78d6b17d9d146b54e8ade","battery_connector_jst_ph_2.js","params/body","[""BAT_P"",""BAT_N""]","[]","{""side"":""'F'"",""reversible"":""false"",""include_traces"":""true""}","MIT","fafe9a53df11fd99a820c9571e1bcbf5a8aedda98774e700642af5af5f00d853","https://github.com/ceoloide/ergogen-footprints/blob/48935f54b456ff1503d78d6b17d9d146b54e8ade/battery_connector_jst_ph_2.js","source inventory only; not runtime-qualified"
"ceoloide/ergogen-footprints","48935f54b456ff1503d78d6b17d9d146b54e8ade","battery_connector_molex_pico_ezmate_1x02.js","params/body","[""BAT_P"",""BAT_N""]","[]","{""side"":""'F'"",""reversible"":""false""}","CC-BY-NC-SA-4.0","301a01a1d9041c417eabe09d1cad7fafb2f390501bba175d904960a1bba11ed6","https://github.com/ceoloide/ergogen-footprints/blob/48935f54b456ff1503d78d6b17d9d146b54e8ade/battery_connector_molex_pico_ezmate_1x02.js","source inventory only; not runtime-qualified"
"ceoloide/ergogen-footprints","48935f54b456ff1503d78d6b17d9d146b54e8ade","diode_tht_sod123.js","params/body","[""from"",""to""]","[]","{""side"":""'B'"",""reversible"":""false"",""include_traces_vias"":""false""}","CC-BY-NC-SA-4.0","f57b20d50876d2235682f820d818d5c599bec4f4b7adf559f20631e1018dfa46","https://github.com/ceoloide/ergogen-footprints/blob/48935f54b456ff1503d78d6b17d9d146b54e8ade/diode_tht_sod123.js","source inventory only; not runtime-qualified"
"ceoloide/ergogen-footprints","48935f54b456ff1503d78d6b17d9d146b54e8ade","display_nice_view.js","params/body","[""MOSI"",""SCK"",""VCC"",""GND"",""CS""]","[]","{""side"":""'F'"",""reversible"":""false"",""include_traces"":""true""}","CC-BY-NC-SA-4.0","bdb2080a9697fc9ddbc8ec41bd8e2b81bfbcea31f4e220cf39a0094a342a66c7","https://github.com/ceoloide/ergogen-footprints/blob/48935f54b456ff1503d78d6b17d9d146b54e8ade/display_nice_view.js","source inventory only; not runtime-qualified"
"ceoloide/ergogen-footprints","48935f54b456ff1503d78d6b17d9d146b54e8ade","display_ssd1306.js","params/body","[""SDA"",""SCL"",""VCC"",""GND""]","[]","{""side"":""'F'"",""reversible"":""false"",""include_traces"":""true""}","CC-BY-NC-SA-4.0","484fa0c1e8cc421e9f7100d1ff765f7646a59b9fe181415edcbf7be7c6db5065","https://github.com/ceoloide/ergogen-footprints/blob/48935f54b456ff1503d78d6b17d9d146b54e8ade/display_ssd1306.js","source inventory only; not runtime-qualified"
"ceoloide/ergogen-footprints","48935f54b456ff1503d78d6b17d9d146b54e8ade","led_sk6812mini-e.js","params/body","[""P1"",""P2"",""P3"",""P4""]","[]","{""side"":""'B'"",""reversible"":""false"",""reverse_mount"":""true"",""include_traces_vias"":""true""}","MIT","eb1e10b29771f5a8c6e6f120a528090eb95cd84d4241df6cc794ddd073ab657d","https://github.com/ceoloide/ergogen-footprints/blob/48935f54b456ff1503d78d6b17d9d146b54e8ade/led_sk6812mini-e.js","source inventory only; not runtime-qualified"
"ceoloide/ergogen-footprints","48935f54b456ff1503d78d6b17d9d146b54e8ade","mcu_nice_nano.js","params/body","[""RAW"",""GND"",""RST"",""VCC"",""P21"",""P20"",""P19"",""P18"",""P15"",""P14"",""P16"",""P10"",""P1"",""P0"",""P2"",""P3"",""P4"",""P5"",""P6"",""P7"",""P8"",""P9"",""P101"",""P102"",""P107""]","[]","{""side"":""'F'"",""reversible"":""false"",""reverse_mount"":""false"",""include_traces"":""true""}","CC-BY-NC-SA-4.0","435250311fedf4da930053bfbdc761b1181de0062afb2c85ba80458ea156622a","https://github.com/ceoloide/ergogen-footprints/blob/48935f54b456ff1503d78d6b17d9d146b54e8ade/mcu_nice_nano.js","source inventory only; not runtime-qualified"
"ceoloide/ergogen-footprints","48935f54b456ff1503d78d6b17d9d146b54e8ade","mcu_supermini_nrf52840.js","params/body","[""RAW"",""GND"",""RST"",""VCC"",""P21"",""P20"",""P19"",""P18"",""P15"",""P14"",""P16"",""P10"",""P1"",""P0"",""P2"",""P3"",""P4"",""P5"",""P6"",""P7"",""P8"",""P9"",""P101"",""P102"",""P107""]","[]","{""side"":""'F'"",""reversible"":""false"",""reverse_mount"":""false"",""include_traces"":""true""}","CC-BY-NC-SA-4.0","2ec5d1021a640179f5a6e098b8813f56937c2e4d26465d84ad20ec8ff2f50315","https://github.com/ceoloide/ergogen-footprints/blob/48935f54b456ff1503d78d6b17d9d146b54e8ade/mcu_supermini_nrf52840.js","source inventory only; not runtime-qualified"
"ceoloide/ergogen-footprints","48935f54b456ff1503d78d6b17d9d146b54e8ade","mounting_hole_npth.js","params/body","[]","[]","{""side"":""'F'""}","MIT","73d1dbff6ac90d29c819749c10942e634d89d66e5c8c8f3801b65a818159085d","https://github.com/ceoloide/ergogen-footprints/blob/48935f54b456ff1503d78d6b17d9d146b54e8ade/mounting_hole_npth.js","source inventory only; not runtime-qualified"
"ceoloide/ergogen-footprints","48935f54b456ff1503d78d6b17d9d146b54e8ade","mounting_hole_plated.js","params/body","[]","[]","{""side"":""'F'""}","CC-BY-NC-SA-4.0","775c2eada3c8003f50737ad37b4c227c07c8bc618438c58c5bd386cd1983818e","https://github.com/ceoloide/ergogen-footprints/blob/48935f54b456ff1503d78d6b17d9d146b54e8ade/mounting_hole_plated.js","source inventory only; not runtime-qualified"
"ceoloide/ergogen-footprints","48935f54b456ff1503d78d6b17d9d146b54e8ade","power_switch_smd_side.js","params/body","[""from"",""to""]","[]","{""side"":""'F'"",""reversible"":""false""}","CC-BY-NC-SA-4.0","4271a1e95ff82bfa490dcee4050927c81e0c5a517d1c24150bb07efde84f81fb","https://github.com/ceoloide/ergogen-footprints/blob/48935f54b456ff1503d78d6b17d9d146b54e8ade/power_switch_smd_side.js","source inventory only; not runtime-qualified"
"ceoloide/ergogen-footprints","48935f54b456ff1503d78d6b17d9d146b54e8ade","reset_switch_smd_side.js","params/body","[""from"",""to""]","[]","{""side"":""'F'"",""reversible"":""false""}","MIT","232943426b5320029bbd373c6710526bc3fadab474f7473c78d4bcdd65ff0785","https://github.com/ceoloide/ergogen-footprints/blob/48935f54b456ff1503d78d6b17d9d146b54e8ade/reset_switch_smd_side.js","source inventory only; not runtime-qualified"
"ceoloide/ergogen-footprints","48935f54b456ff1503d78d6b17d9d146b54e8ade","reset_switch_tht_top.js","params/body","[""from"",""to""]","[]","{""side"":""'F'"",""reversible"":""false""}","MIT","aeeea12c6ac89b7de5a7e4d73089aaf7aa752a924be50f201ce90675de4d9eb9","https://github.com/ceoloide/ergogen-footprints/blob/48935f54b456ff1503d78d6b17d9d146b54e8ade/reset_switch_tht_top.js","source inventory only; not runtime-qualified"
"ceoloide/ergogen-footprints","48935f54b456ff1503d78d6b17d9d146b54e8ade","rotary_encoder_ec11_ec12.js","params/body","[""S1"",""S2"",""A"",""B"",""C""]","[]","{""side"":""'F'"",""reversible"":""false""}","MIT","2e4ecbd9db3f15a7dee45ed6bdc337bb3d1fad4aff8b038b1107daa772312559","https://github.com/ceoloide/ergogen-footprints/blob/48935f54b456ff1503d78d6b17d9d146b54e8ade/rotary_encoder_ec11_ec12.js","source inventory only; not runtime-qualified"
"ceoloide/ergogen-footprints","48935f54b456ff1503d78d6b17d9d146b54e8ade","switch_choc_v1_v2.js","params/body","[""from"",""to"",""CENTERHOLE"",""LEFTSTAB"",""RIGHTSTAB""]","[]","{""side"":""'B'"",""reversible"":""false"",""hotswap_pads_same_side"":""false"",""include_traces_vias"":""true"",""hotswap"":""true"",""solder"":""false""}","CC-BY-NC-SA-4.0","26b32559b9724dc6106190aedcd710e19a304e6bb16036708f41d2d4369c36c9","https://github.com/ceoloide/ergogen-footprints/blob/48935f54b456ff1503d78d6b17d9d146b54e8ade/switch_choc_v1_v2.js","source inventory only; not runtime-qualified"
"ceoloide/ergogen-footprints","48935f54b456ff1503d78d6b17d9d146b54e8ade","switch_gateron_ks27_ks33.js","params/body","[""from"",""to"",""CENTERHOLE""]","[]","{""side"":""'B'"",""reversible"":""false"",""solder"":""true"",""hotswap"":""true""}","MIT","7292062fd420cd727d52b13fe0c1a8a5279fc046fb4bedbc926d54d0637e9d3e","https://github.com/ceoloide/ergogen-footprints/blob/48935f54b456ff1503d78d6b17d9d146b54e8ade/switch_gateron_ks27_ks33.js","source inventory only; not runtime-qualified"
"ceoloide/ergogen-footprints","48935f54b456ff1503d78d6b17d9d146b54e8ade","switch_mx.js","params/body","[""from"",""to"",""CENTERHOLE"",""LEFTSTAB"",""RIGHTSTAB""]","[]","{""side"":""'B'"",""reversible"":""false"",""hotswap"":""true"",""hotswap_pads_same_side"":""false"",""include_traces_vias"":""true"",""solder"":""false""}","MIT","6921ae4671c77292f5c970e726f15c93bd600f120b72a67167647cad64466156","https://github.com/ceoloide/ergogen-footprints/blob/48935f54b456ff1503d78d6b17d9d146b54e8ade/switch_mx.js","source inventory only; not runtime-qualified"
"ceoloide/ergogen-footprints","48935f54b456ff1503d78d6b17d9d146b54e8ade","trrs_pj320a.js","params/body","[""TP"",""R1"",""R2"",""SL""]","[]","{""side"":""'F'"",""reversible"":""false""}","MIT","45453176dbaeefd71e2e6dd9003b01b7f1648eed1e8738a032eee8ad2307831c","https://github.com/ceoloide/ergogen-footprints/blob/48935f54b456ff1503d78d6b17d9d146b54e8ade/trrs_pj320a.js","source inventory only; not runtime-qualified"
"ceoloide/ergogen-footprints","48935f54b456ff1503d78d6b17d9d146b54e8ade","utility_ergogen_logo.js","params/body","[]","[]","{""side"":""'F'"",""reversible"":""false""}","MIT","eaa818115cc5816c628360cb17a42c68047c0df10062c6c37786e7b988f732cf","https://github.com/ceoloide/ergogen-footprints/blob/48935f54b456ff1503d78d6b17d9d146b54e8ade/utility_ergogen_logo.js","source inventory only; not runtime-qualified"
"ceoloide/ergogen-footprints","48935f54b456ff1503d78d6b17d9d146b54e8ade","utility_filled_zone.js","params/body","[""net""]","[]","{""side"":""'F'""}","MIT","64e2669599303be72a40141454e8104a7ff30c5d0d5593ceb189f5002b3aaace","https://github.com/ceoloide/ergogen-footprints/blob/48935f54b456ff1503d78d6b17d9d146b54e8ade/utility_filled_zone.js","source inventory only; not runtime-qualified"
"ceoloide/ergogen-footprints","48935f54b456ff1503d78d6b17d9d146b54e8ade","utility_keepout_zone.js","params/body","[]","[]","{""side"":""'F&B'""}","MIT","cb38e5967a54e8951ebfa7922efe21669ac970d4152f5a046c9a079d27a52c58","https://github.com/ceoloide/ergogen-footprints/blob/48935f54b456ff1503d78d6b17d9d146b54e8ade/utility_keepout_zone.js","source inventory only; not runtime-qualified"
"ceoloide/ergogen-footprints","48935f54b456ff1503d78d6b17d9d146b54e8ade","utility_point_debugger.js","params/body","[]","[]","{}","CC-BY-NC-SA-4.0","b547ca344861efa0bc9f93c1160199e0c4035ad6545f4040f399acb394f825a4","https://github.com/ceoloide/ergogen-footprints/blob/48935f54b456ff1503d78d6b17d9d146b54e8ade/utility_point_debugger.js","source inventory only; not runtime-qualified"
"ceoloide/ergogen-footprints","48935f54b456ff1503d78d6b17d9d146b54e8ade","utility_router.js","params/body","[""net""]","[]","{}","MIT","9933af968b2e27b5d8e9c7d85b41cbdc247c10a4c31e10e8e3398cde1ff1aa05","https://github.com/ceoloide/ergogen-footprints/blob/48935f54b456ff1503d78d6b17d9d146b54e8ade/utility_router.js","source inventory only; not runtime-qualified"
"ceoloide/ergogen-footprints","48935f54b456ff1503d78d6b17d9d146b54e8ade","utility_text.js","params/body","[]","[]","{""side"":""'F'"",""reversible"":""false""}","CC-BY-NC-SA-4.0","f6b9369e6084a162712e8f37811a65501a4bfeabef07ea4276803133ff01a7a6","https://github.com/ceoloide/ergogen-footprints/blob/48935f54b456ff1503d78d6b17d9d146b54e8ade/utility_text.js","source inventory only; not runtime-qualified"
"ergogen/ergogen","8286e18f18ac064aa6d2ebca9c449bf2f6ba4d37","src/footprints/alps.js","params/body","[""from"",""to""]","[]","{}","null","03d6cba8467499756cc4622ec9065c05f0dab267ba9353bcecad9b8e9312329c","https://github.com/ergogen/ergogen/blob/8286e18f18ac064aa6d2ebca9c449bf2f6ba4d37/src/footprints/alps.js","source inventory only; not runtime-qualified"
"ergogen/ergogen","8286e18f18ac064aa6d2ebca9c449bf2f6ba4d37","src/footprints/button.js","params/body","[""from"",""to""]","[]","{""side"":""'F'""}","null","608f29676082c7f6573304614a870f4188fc416c80814bf49d9e79b2d1eb0647","https://github.com/ergogen/ergogen/blob/8286e18f18ac064aa6d2ebca9c449bf2f6ba4d37/src/footprints/button.js","source inventory only; not runtime-qualified"
"ergogen/ergogen","8286e18f18ac064aa6d2ebca9c449bf2f6ba4d37","src/footprints/choc.js","params/body","[""from"",""to""]","[]","{""hotswap"":""false"",""reverse"":""false""}","null","948c8487fc50887d4d3fdfbe062416468d7760932391cee67d1c9a0944d3c946","https://github.com/ergogen/ergogen/blob/8286e18f18ac064aa6d2ebca9c449bf2f6ba4d37/src/footprints/choc.js","source inventory only; not runtime-qualified"
"ergogen/ergogen","8286e18f18ac064aa6d2ebca9c449bf2f6ba4d37","src/footprints/chocmini.js","params/body","[""from"",""to""]","[]","{""side"":""'F'"",""reverse"":""false""}","null","27d719c15676694d365bf83e0dbf6222831c75bc255718a1c943b6d72ac6f0bd","https://github.com/ergogen/ergogen/blob/8286e18f18ac064aa6d2ebca9c449bf2f6ba4d37/src/footprints/chocmini.js","source inventory only; not runtime-qualified"
"ergogen/ergogen","8286e18f18ac064aa6d2ebca9c449bf2f6ba4d37","src/footprints/diode.js","params/body","[""from"",""to""]","[]","{}","null","ab412e94f3dc11af21d5856aed4fb66b2b685059e3f5338d699e2227314ce880","https://github.com/ergogen/ergogen/blob/8286e18f18ac064aa6d2ebca9c449bf2f6ba4d37/src/footprints/diode.js","source inventory only; not runtime-qualified"
"ergogen/ergogen","8286e18f18ac064aa6d2ebca9c449bf2f6ba4d37","src/footprints/jstph.js","params/body","[""pos"",""neg""]","[]","{""side"":""'F'""}","null","08c58456ac8a3c1c4b8fdfdfd71b5c1fffb3582d3d77cbb01e8bd220683f8ddf","https://github.com/ergogen/ergogen/blob/8286e18f18ac064aa6d2ebca9c449bf2f6ba4d37/src/footprints/jstph.js","source inventory only; not runtime-qualified"
"ergogen/ergogen","8286e18f18ac064aa6d2ebca9c449bf2f6ba4d37","src/footprints/jumper.js","params/body","[""from"",""to""]","[]","{""side"":""'F'""}","null","a519bef51c19a501d030b6ebcf555ec239bd66cb338e13fe0298124d9c5db894","https://github.com/ergogen/ergogen/blob/8286e18f18ac064aa6d2ebca9c449bf2f6ba4d37/src/footprints/jumper.js","source inventory only; not runtime-qualified"
"ergogen/ergogen","8286e18f18ac064aa6d2ebca9c449bf2f6ba4d37","src/footprints/mx.js","params/body","[""from"",""to""]","[]","{""hotswap"":""false"",""reverse"":""false""}","null","1692bdf70514286302eb4444d61361c54b3c52f352d3c3405c91089f8e1f906e","https://github.com/ergogen/ergogen/blob/8286e18f18ac064aa6d2ebca9c449bf2f6ba4d37/src/footprints/mx.js","source inventory only; not runtime-qualified"
"ergogen/ergogen","8286e18f18ac064aa6d2ebca9c449bf2f6ba4d37","src/footprints/oled.js","params/body","[""VCC"",""GND"",""SDA"",""SCL""]","[]","{""side"":""'F'""}","null","b88b5d632e8fc0c9db7e3cf233bac36a10aa9cb5f1034b4b80c08b9b6bd4497e","https://github.com/ergogen/ergogen/blob/8286e18f18ac064aa6d2ebca9c449bf2f6ba4d37/src/footprints/oled.js","source inventory only; not runtime-qualified"
"ergogen/ergogen","8286e18f18ac064aa6d2ebca9c449bf2f6ba4d37","src/footprints/omron.js","params/body","[""from"",""to""]","[]","{}","null","69e69e51693a69be31758ad199aef7e9ede65917ac96e1f642c5c64fe4d9706a","https://github.com/ergogen/ergogen/blob/8286e18f18ac064aa6d2ebca9c449bf2f6ba4d37/src/footprints/omron.js","source inventory only; not runtime-qualified"
"ergogen/ergogen","8286e18f18ac064aa6d2ebca9c449bf2f6ba4d37","src/footprints/pad.js","params/body","[""net""]","[]","{}","null","e9d6b9170d636c48a96991f62b8e614e127b448a6819327696aedfb1a66dc753","https://github.com/ergogen/ergogen/blob/8286e18f18ac064aa6d2ebca9c449bf2f6ba4d37/src/footprints/pad.js","source inventory only; not runtime-qualified"
"ergogen/ergogen","8286e18f18ac064aa6d2ebca9c449bf2f6ba4d37","src/footprints/promicro.js","params/body","[""RAW"",""GND"",""RST"",""VCC"",""P21"",""P20"",""P19"",""P18"",""P15"",""P14"",""P16"",""P10"",""P1"",""P0"",""P2"",""P3"",""P4"",""P5"",""P6"",""P7"",""P8"",""P9""]","[]","{}","null","487a40279579cd2086a70cc091196550962d5a7fed00b3580431ff54d4d560c4","https://github.com/ergogen/ergogen/blob/8286e18f18ac064aa6d2ebca9c449bf2f6ba4d37/src/footprints/promicro.js","source inventory only; not runtime-qualified"
"ergogen/ergogen","8286e18f18ac064aa6d2ebca9c449bf2f6ba4d37","src/footprints/rgb.js","params/body","[""din"",""dout"",""VCC"",""GND""]","[]","{""side"":""'F'""}","null","d2bd497058de6d07856f3cd72eb25e9917616f9bb047b0b46e2b509a42afce79","https://github.com/ergogen/ergogen/blob/8286e18f18ac064aa6d2ebca9c449bf2f6ba4d37/src/footprints/rgb.js","source inventory only; not runtime-qualified"
"ergogen/ergogen","8286e18f18ac064aa6d2ebca9c449bf2f6ba4d37","src/footprints/rotary.js","params/body","[""from"",""to"",""A"",""B"",""C""]","[]","{}","null","7aca7d23f3e5c5038b0267db3112f230089eaee76d0e32c58841d66661fe324d","https://github.com/ergogen/ergogen/blob/8286e18f18ac064aa6d2ebca9c449bf2f6ba4d37/src/footprints/rotary.js","source inventory only; not runtime-qualified"
"ergogen/ergogen","8286e18f18ac064aa6d2ebca9c449bf2f6ba4d37","src/footprints/scrollwheel.js","params/body","[""from"",""to"",""A"",""B"",""C"",""D""]","[]","{""reverse"":""false""}","null","fa6a53f148bd6956d7af3f8d5f91eb0127496911f32a9151f275f5ce2e8127dd","https://github.com/ergogen/ergogen/blob/8286e18f18ac064aa6d2ebca9c449bf2f6ba4d37/src/footprints/scrollwheel.js","source inventory only; not runtime-qualified"
"ergogen/ergogen","8286e18f18ac064aa6d2ebca9c449bf2f6ba4d37","src/footprints/slider.js","params/body","[""from"",""to""]","[]","{""side"":""'F'""}","null","ff3ab869a54066cd8628332a19a5ba992e6aad6b40868ad10a48641c87ddc1e7","https://github.com/ergogen/ergogen/blob/8286e18f18ac064aa6d2ebca9c449bf2f6ba4d37/src/footprints/slider.js","source inventory only; not runtime-qualified"
"ergogen/ergogen","8286e18f18ac064aa6d2ebca9c449bf2f6ba4d37","src/footprints/trrs.js","params/body","[""A"",""B"",""C"",""D""]","[]","{""reverse"":""false""}","null","2b9e00343c21b35c86c6f737b3389e696187ad1934ff5a7e10f369d234b73439","https://github.com/ergogen/ergogen/blob/8286e18f18ac064aa6d2ebca9c449bf2f6ba4d37/src/footprints/trrs.js","source inventory only; not runtime-qualified"
"ergogen/ergogen","8286e18f18ac064aa6d2ebca9c449bf2f6ba4d37","src/footprints/via.js","params/body","[""net""]","[]","{}","null","3f997c126912d0accc31e97fa008e4713a53d24040fbce60a95408c836fe532e","https://github.com/ergogen/ergogen/blob/8286e18f18ac064aa6d2ebca9c449bf2f6ba4d37/src/footprints/via.js","source inventory only; not runtime-qualified"
"AlexSutila/ergogen-footprints","eaf27a762721f650575860a2370b6637b1e994d3","pipicow.js","params/body","[""GND"",""VBUS"",""VSYS"",""EN_3V3"",""OUT_3V3"",""ADC_VREF"",""AGND"",""RUN"",""GP0"",""GP1"",""GP2"",""GP3"",""GP4"",""GP5"",""GP6"",""GP7"",""GP8"",""GP9"",""GP10"",""GP11"",""GP12"",""GP13"",""GP14"",""GP15"",""GP16"",""GP17"",""GP18"",""GP19"",""GP20"",""GP21"",""GP22"",""GP26"",""GP27"",""GP28""]","[]","{}","null","031d6f661e1e6b0df9e47928b7e04e2e3b15dfd2091d7e604d59faa77282d485","https://github.com/AlexSutila/ergogen-footprints/blob/eaf27a762721f650575860a2370b6637b1e994d3/pipicow.js","source inventory only; not runtime-qualified"
"AlexSutila/ergogen-footprints","eaf27a762721f650575860a2370b6637b1e994d3","uxcell-jack.js","params/body","[""HOLEA"",""HOLEB"",""HOLEC""]","[]","{}","null","2de12f0c22981ef3122debb69f6b0171d33128071266e0ed028351f4d8e22967","https://github.com/AlexSutila/ergogen-footprints/blob/eaf27a762721f650575860a2370b6637b1e994d3/uxcell-jack.js","source inventory only; not runtime-qualified"
"CardboardMechanic/ergogen_footprints","36ad629b3bc4595cfb34bc5cc74787305ec58e2d","azoteq_trackpad.js","params/body","[""SDA"",""SCL"",""VCC"",""GND"",""RST"",""RDY""]","[]","{""side"":""\""F\""""}","null","129055ddb36bc277cc28eef278dee534d1118f90bdb6f2ee057c569b49e0d8f1","https://github.com/CardboardMechanic/ergogen_footprints/blob/36ad629b3bc4595cfb34bc5cc74787305ec58e2d/azoteq_trackpad.js","source inventory only; not runtime-qualified"
"CardboardMechanic/ergogen_footprints","36ad629b3bc4595cfb34bc5cc74787305ec58e2d","battery_connector_jst_ph_2.js","params/body","[""BAT_P"",""BAT_N""]","[]","{""side"":""'F'"",""reversible"":""false"",""include_traces"":""true""}","MIT","71a659f22cfa1c1ca665342c2407fe2cc8b4e7625bce3a1d3952f8909e1b84dd","https://github.com/CardboardMechanic/ergogen_footprints/blob/36ad629b3bc4595cfb34bc5cc74787305ec58e2d/battery_connector_jst_ph_2.js","source inventory only; not runtime-qualified"
"CardboardMechanic/ergogen_footprints","36ad629b3bc4595cfb34bc5cc74787305ec58e2d","button.js","params/body","[""from"",""to""]","[]","{""side"":""'F'""}","null","31c0d3e6dd76d613b61296e6642ee9a5317fe78597034fb4023b9616f3a37383","https://github.com/CardboardMechanic/ergogen_footprints/blob/36ad629b3bc4595cfb34bc5cc74787305ec58e2d/button.js","source inventory only; not runtime-qualified"
"CardboardMechanic/ergogen_footprints","36ad629b3bc4595cfb34bc5cc74787305ec58e2d","choc.js","params/body","[""from"",""to""]","[]","{""reverse"":""false"",""hotswap"":""true"",""solder"":""false""}","null","744ebfef78bedebce9fcdb90e86cf42787be25f59e2835ec1d58d76209801f3a","https://github.com/CardboardMechanic/ergogen_footprints/blob/36ad629b3bc4595cfb34bc5cc74787305ec58e2d/choc.js","source inventory only; not runtime-qualified"
"CardboardMechanic/ergogen_footprints","36ad629b3bc4595cfb34bc5cc74787305ec58e2d","chocbackplate.js","legacy nets+params","[]","[""from"",""to""]","{}","null","bf8678813d1aa0ca1643b2410f19af246e39613826d1d2ea83c9855b6bad9a18","https://github.com/CardboardMechanic/ergogen_footprints/blob/36ad629b3bc4595cfb34bc5cc74787305ec58e2d/chocbackplate.js","source inventory only; not runtime-qualified"
"CardboardMechanic/ergogen_footprints","36ad629b3bc4595cfb34bc5cc74787305ec58e2d","diode.js","params/body","[""from"",""to""]","[]","{""side"":""'back'""}","null","edab5626537889417df530e777f8064ddf994a650d51409e919163e0f11d61ef","https://github.com/CardboardMechanic/ergogen_footprints/blob/36ad629b3bc4595cfb34bc5cc74787305ec58e2d/diode.js","source inventory only; not runtime-qualified"
"CardboardMechanic/ergogen_footprints","36ad629b3bc4595cfb34bc5cc74787305ec58e2d","diodebackplate.js","legacy nets+params","[]","[""from"",""to""]","{}","null","115572f73a45c962b588f339f07a156a2e7d81fb8a86819198ef24b214915361","https://github.com/CardboardMechanic/ergogen_footprints/blob/36ad629b3bc4595cfb34bc5cc74787305ec58e2d/diodebackplate.js","source inventory only; not runtime-qualified"
"CardboardMechanic/ergogen_footprints","36ad629b3bc4595cfb34bc5cc74787305ec58e2d","elite-c.js","params/body","[""D3"",""D2"",""GND0"",""GND1"",""D1"",""D0"",""D4"",""C6"",""D7"",""E6"",""B4"",""B5"",""B7"",""D5"",""C7"",""F1"",""F0"",""B6"",""B2"",""B3"",""B1"",""F7"",""F6"",""F5"",""F4"",""VCC"",""RST"",""GND2"",""B0""]","[]","{}","null","b9d52082972ffd4211d8e6391d62707c0f7c942d7c12e749dbba4e4a2ac04ffd","https://github.com/CardboardMechanic/ergogen_footprints/blob/36ad629b3bc4595cfb34bc5cc74787305ec58e2d/elite-c.js","source inventory only; not runtime-qualified"
"CardboardMechanic/ergogen_footprints","36ad629b3bc4595cfb34bc5cc74787305ec58e2d","magnetic_vik_keyboard_connector.js","params/body","[""V3V"",""GND"",""SDA"",""SCL"",""RGB_LED_OUT"",""V5V"",""GPIO1"",""MOSI"",""GPIO2"",""SPI_CS"",""MISO"",""SCLK""]","[]","{""side"":""\""F\""""}","null","e66dcdf12e8f83eb9456294dd6dc32445a0240474322f9745d60ae38da6d089d","https://github.com/CardboardMechanic/ergogen_footprints/blob/36ad629b3bc4595cfb34bc5cc74787305ec58e2d/magnetic_vik_keyboard_connector.js","source inventory only; not runtime-qualified"
"CardboardMechanic/ergogen_footprints","36ad629b3bc4595cfb34bc5cc74787305ec58e2d","mounting_hole.js","params/body","[]","[]","{}","null","2a85e9857a06e1698e8ae79f91783bcd2ea43ebea2e5a1d2a3796ac7746bfd8d","https://github.com/CardboardMechanic/ergogen_footprints/blob/36ad629b3bc4595cfb34bc5cc74787305ec58e2d/mounting_hole.js","source inventory only; not runtime-qualified"
"CardboardMechanic/ergogen_footprints","36ad629b3bc4595cfb34bc5cc74787305ec58e2d","nice_nano.js","params/body","[""RAW"",""GND"",""RST"",""VCC"",""P21"",""P20"",""P19"",""P18"",""P15"",""P14"",""P16"",""P10"",""P1"",""P0"",""P2"",""P3"",""P4"",""P5"",""P6"",""P7"",""P8"",""P9""]","[]","{""include_traces"":""true""}","CC-BY-NC-SA-4.0","8b47e20fba5b1367daa38b07426aaee72e3524ef43495c309c12d2cb10d92359","https://github.com/CardboardMechanic/ergogen_footprints/blob/36ad629b3bc4595cfb34bc5cc74787305ec58e2d/nice_nano.js","source inventory only; not runtime-qualified"
"CardboardMechanic/ergogen_footprints","36ad629b3bc4595cfb34bc5cc74787305ec58e2d","rotary.js","params/body","[""from"",""to"",""A"",""B"",""C""]","[]","{}","null","db70a22af59cd83e709e701ac52604b8956598ac8a7c13ddd2cd18319e636690","https://github.com/CardboardMechanic/ergogen_footprints/blob/36ad629b3bc4595cfb34bc5cc74787305ec58e2d/rotary.js","source inventory only; not runtime-qualified"
"CardboardMechanic/ergogen_footprints","36ad629b3bc4595cfb34bc5cc74787305ec58e2d","text.js","params/body","[]","[]","{""side"":""'F'""}","null","b78d4b23e4d277028131eb9553da4a87f703159a26d617bbb955ef398265381e","https://github.com/CardboardMechanic/ergogen_footprints/blob/36ad629b3bc4595cfb34bc5cc74787305ec58e2d/text.js","source inventory only; not runtime-qualified"
"CardboardMechanic/ergogen_footprints","36ad629b3bc4595cfb34bc5cc74787305ec58e2d","text_metal.js","params/body","[]","[]","{""side"":""'F'""}","null","98fe046aa7e3577f759d21ac551a7114c7aca859ae0ef0767fc12b02323fb39c","https://github.com/CardboardMechanic/ergogen_footprints/blob/36ad629b3bc4595cfb34bc5cc74787305ec58e2d/text_metal.js","source inventory only; not runtime-qualified"
"ImStuBTW/ergogen-v4-footprints","be2f02dd05ba3648b0366d443c7342c3a892d70c","buttonrightangle.js","params/body","[""from"",""to""]","[]","{}","null","04e29962b039c68238cc46343896f390cb462b75f2ac4f22ad34d6cceb614324","https://github.com/ImStuBTW/ergogen-v4-footprints/blob/be2f02dd05ba3648b0366d443c7342c3a892d70c/buttonrightangle.js","source inventory only; not runtime-qualified"
"ImStuBTW/ergogen-v4-footprints","be2f02dd05ba3648b0366d443c7342c3a892d70c","gbareversible.js","params/body","[""BATOUT"",""BATIN"",""RST"",""GND"",""VCC"",""MOSI"",""MISO"",""SCK"",""IO_CS"",""row0"",""row1"",""row2"",""row3"",""row4"",""row5"",""LCD_CS"",""col0"",""col1"",""col2"",""col3"",""col4"",""col5"",""col6"",""col7"",""NFC0"",""NFC1""]","[]","{}","null","9dcff39ff4b5e961d456bae446a4da9a48a24acddb43f63864724ec1403225a1","https://github.com/ImStuBTW/ergogen-v4-footprints/blob/be2f02dd05ba3648b0366d443c7342c3a892d70c/gbareversible.js","source inventory only; not runtime-qualified"
"ImStuBTW/ergogen-v4-footprints","be2f02dd05ba3648b0366d443c7342c3a892d70c","lowproro.js","params/body","[""A"",""PUSH"",""COM"",""B""]","[]","{}","null","67c784fcfc3c87d7a3330cd215ccddd08ca74af548c259780e66e1ecc11223b6","https://github.com/ImStuBTW/ergogen-v4-footprints/blob/be2f02dd05ba3648b0366d443c7342c3a892d70c/lowproro.js","source inventory only; not runtime-qualified"
"ImStuBTW/ergogen-v4-footprints","be2f02dd05ba3648b0366d443c7342c3a892d70c","lowprothumb.js","params/body","[""A"",""PUSH"",""COM"",""B""]","[]","{}","null","f825219d16a3088dcd181b5fd76aba121b065ed1661b510a5881a13839dbbd90","https://github.com/ImStuBTW/ergogen-v4-footprints/blob/be2f02dd05ba3648b0366d443c7342c3a892d70c/lowprothumb.js","source inventory only; not runtime-qualified"
"ImStuBTW/ergogen-v4-footprints","be2f02dd05ba3648b0366d443c7342c3a892d70c","mountingholem2.js","legacy nets+params","[]","[""net""]","{}","null","1178bf49ec3e1575568bbfb94bd6c21f6d771098480a0e86a41385090a38ad7e","https://github.com/ImStuBTW/ergogen-v4-footprints/blob/be2f02dd05ba3648b0366d443c7342c3a892d70c/mountingholem2.js","source inventory only; not runtime-qualified"
"ImStuBTW/ergogen-v4-footprints","be2f02dd05ba3648b0366d443c7342c3a892d70c","mountingholem3.js","legacy nets+params","[]","[""net""]","{}","null","acad1d90d6770ab9fe36456e8aad3c349385a6b96360a82b210881d884a782c9","https://github.com/ImStuBTW/ergogen-v4-footprints/blob/be2f02dd05ba3648b0366d443c7342c3a892d70c/mountingholem3.js","source inventory only; not runtime-qualified"
"ImStuBTW/ergogen-v4-footprints","be2f02dd05ba3648b0366d443c7342c3a892d70c","spdt.js","params/body","[""from"",""to""]","[]","{}","null","476a0870093f0a52b3632d9de45c780bf077f9b5d01a16d3a83d206644109ed7","https://github.com/ImStuBTW/ergogen-v4-footprints/blob/be2f02dd05ba3648b0366d443c7342c3a892d70c/spdt.js","source inventory only; not runtime-qualified"
"ImStuBTW/ergogen-v4-footprints","be2f02dd05ba3648b0366d443c7342c3a892d70c","xiao-ble-kicad5.js","params/body","[""P0"",""P1"",""P2"",""P3"",""P4"",""P5"",""P6"",""RAW5V"",""GND"",""RAW3V3"",""P10"",""P9"",""P8"",""P7"",""SWCLK"",""SWDIO"",""RST"",""BAT_POS"",""BAT_NEG"",""NFC1"",""NFC2""]","[]","{}","null","032bf2303c21f3b74b16a351f6131b619c620459b1c2aa1e71639106221cabd3","https://github.com/ImStuBTW/ergogen-v4-footprints/blob/be2f02dd05ba3648b0366d443c7342c3a892d70c/xiao-ble-kicad5.js","source inventory only; not runtime-qualified"
"ImStuBTW/ergogen-v4-footprints","be2f02dd05ba3648b0366d443c7342c3a892d70c","xiao-ble.js","params/body","[""P0"",""P1"",""P2"",""P3"",""P4"",""P5"",""P6"",""P7"",""P8"",""P9"",""P10"",""RAW3V3"",""GND"",""RAW5V"",""SWCLK"",""SWDIO"",""RST"",""BAT_POS"",""BAT_NEG"",""NFC1"",""NFC2""]","[]","{""side"":""'F'""}","null","903daac6b505b3957de7f4445a2e6b272f86940a947ec36050b97c5c653588f3","https://github.com/ImStuBTW/ergogen-v4-footprints/blob/be2f02dd05ba3648b0366d443c7342c3a892d70c/xiao-ble.js","source inventory only; not runtime-qualified"
"Virginia2244/ergogen_footprints","e1e630d3723d3eb00d2bab9b866d9612f1bba5eb","footprints/choc.js","params/body","[""from"",""to""]","[]","{""hotswap"":""false"",""reverse"":""false""}","null","76e2ff188dd1d6b4c8ea038adc377be345a8444acc12c8d77f16823801296208","https://github.com/Virginia2244/ergogen_footprints/blob/e1e630d3723d3eb00d2bab9b866d9612f1bba5eb/footprints/choc.js","source inventory only; not runtime-qualified"
"Virginia2244/ergogen_footprints","e1e630d3723d3eb00d2bab9b866d9612f1bba5eb","footprints/diode.js","params/body","[""from"",""to""]","[]","{}","null","7a4f32a65c632bce87ebd3f20f653f99ef1db1a4248f24a8c86b593a4b7dcf64","https://github.com/Virginia2244/ergogen_footprints/blob/e1e630d3723d3eb00d2bab9b866d9612f1bba5eb/footprints/diode.js","source inventory only; not runtime-qualified"
"Virginia2244/ergogen_footprints","e1e630d3723d3eb00d2bab9b866d9612f1bba5eb","footprints/elite-c.js","params/body","[""D3"",""D2"",""D1"",""D0"",""D4"",""C6"",""D7"",""E6"",""B4"",""B5"",""B0"",""F4"",""F5"",""F6"",""F7"",""B1"",""B3"",""B2"",""B6"",""VBUS"",""GND"",""RST"",""VCC"",""B7"",""D5"",""C7"",""F1"",""F0""]","[]","{}","null","0481f13ec81ce2ba262158d6a85b4d7079295259a2863286f9905e64fc400943","https://github.com/Virginia2244/ergogen_footprints/blob/e1e630d3723d3eb00d2bab9b866d9612f1bba5eb/footprints/elite-c.js","source inventory only; not runtime-qualified"
"Virginia2244/ergogen_footprints","e1e630d3723d3eb00d2bab9b866d9612f1bba5eb","footprints/kb2040.js","params/body","[""DPOS"",""DMIN"",""TX"",""RX"",""GND"",""P1"",""P2"",""P3"",""P4"",""P5"",""P6"",""P7"",""P8"",""P9"",""RAW"",""G"",""RST"",""V3"",""A3"",""A2"",""A1"",""A0"",""CLK"",""MI"",""MO"",""P10""]","[]","{}","null","ccb11129efdb157b6099e2023665fb24de5625c5d977d12761eb9fceba379d71","https://github.com/Virginia2244/ergogen_footprints/blob/e1e630d3723d3eb00d2bab9b866d9612f1bba5eb/footprints/kb2040.js","source inventory only; not runtime-qualified"
"Virginia2244/ergogen_footprints","e1e630d3723d3eb00d2bab9b866d9612f1bba5eb","footprints/mx.js","params/body","[""from"",""to""]","[]","{""hotswap"":""false"",""reverse"":""false""}","null","1692bdf70514286302eb4444d61361c54b3c52f352d3c3405c91089f8e1f906e","https://github.com/Virginia2244/ergogen_footprints/blob/e1e630d3723d3eb00d2bab9b866d9612f1bba5eb/footprints/mx.js","source inventory only; not runtime-qualified"
"Virginia2244/ergogen_footprints","e1e630d3723d3eb00d2bab9b866d9612f1bba5eb","footprints/nice_nano.js","params/body","[""P006"",""P008"",""P017"",""P020"",""P022"",""P024"",""P100"",""P011"",""P104"",""P106"",""P031"",""P029"",""P002"",""P115"",""P113"",""P111"",""P010"",""P009"",""BPOS"",""BNEG"",""RAW"",""GND"",""RST"",""VCC"",""P101"",""P102"",""P107""]","[]","{}","null","26457839dd8aa58a8cf0644a55739e09c0f07b911c42a0c69df73b73638849b4","https://github.com/Virginia2244/ergogen_footprints/blob/e1e630d3723d3eb00d2bab9b866d9612f1bba5eb/footprints/nice_nano.js","source inventory only; not runtime-qualified"
"Virginia2244/ergogen_footprints","e1e630d3723d3eb00d2bab9b866d9612f1bba5eb","footprints/promicro.js","params/body","[""P1"",""P0"",""P2"",""P3"",""P4"",""P5"",""P6"",""P7"",""P8"",""P9"",""P21"",""P20"",""P19"",""P18"",""P15"",""P14"",""P16"",""P10"",""RAW"",""RST"",""VCC"",""GND""]","[]","{}","null","fcd033c5f005a53b9a83af00407844de5e6c1da64a9f1f26393f5580532cba2b","https://github.com/Virginia2244/ergogen_footprints/blob/e1e630d3723d3eb00d2bab9b866d9612f1bba5eb/footprints/promicro.js","source inventory only; not runtime-qualified"
"Virginia2244/ergogen_footprints","e1e630d3723d3eb00d2bab9b866d9612f1bba5eb","footprints/rgb.js","params/body","[""din"",""dout"",""VCC"",""GND""]","[]","{""side"":""'F'"",""reverse"":""false""}","null","cf969a41e65a0037ad498c09ed7d72ef4331d5cf5d1b0c8dc33931478b8903a7","https://github.com/Virginia2244/ergogen_footprints/blob/e1e630d3723d3eb00d2bab9b866d9612f1bba5eb/footprints/rgb.js","source inventory only; not runtime-qualified"
"Virginia2244/ergogen_footprints","e1e630d3723d3eb00d2bab9b866d9612f1bba5eb","footprints/seeed_xaio.js","params/body","[""P0"",""P1"",""P2"",""P3"",""P4"",""P5"",""P6"",""P7"",""P8"",""P9"",""P10"",""VCC"",""GND"",""V3""]","[]","{}","null","390c5dcd700a8dbe6234494c725dc387dd44c49c307c4de4f9e0e3e194501a64","https://github.com/Virginia2244/ergogen_footprints/blob/e1e630d3723d3eb00d2bab9b866d9612f1bba5eb/footprints/seeed_xaio.js","source inventory only; not runtime-qualified"
"Virginia2244/ergogen_footprints","e1e630d3723d3eb00d2bab9b866d9612f1bba5eb","footprints/trrs.js","params/body","[""A"",""B"",""C"",""D""]","[]","{""reverse"":""false""}","null","6b1878afa14941ef90c201524d8a5314cb7e002668016ecfe2d0e53dd2022228","https://github.com/Virginia2244/ergogen_footprints/blob/e1e630d3723d3eb00d2bab9b866d9612f1bba5eb/footprints/trrs.js","source inventory only; not runtime-qualified"
"Virginia2244/ergogen_footprints","e1e630d3723d3eb00d2bab9b866d9612f1bba5eb","footprints/waveshare_rp2040_zero.js","params/body","[""P0"",""P1"",""P2"",""P3"",""P4"",""P5"",""P6"",""P7"",""P8"",""V5"",""GND"",""V3"",""P29"",""P28"",""P27"",""P26"",""P15"",""P14"",""P13"",""P12"",""P11"",""P10"",""P9""]","[]","{}","null","1e82533ab73a780e90f9b357ff44313e4ef440c372eb9f882602c5fddbd2fb13","https://github.com/Virginia2244/ergogen_footprints/blob/e1e630d3723d3eb00d2bab9b866d9612f1bba5eb/footprints/waveshare_rp2040_zero.js","source inventory only; not runtime-qualified"
"jusdisgi/ergogen-footprints","ce4311a3b015955fee098d121700e3c9712ef7e0","Magsafe_Silkscreen.js","params/body","[]","[]","{""side"":""'F'""}","null","b9543c5ed8dc3fdb9a9f6e00466f86e1cbe78229039dade8b6b02d20c147d212","https://github.com/jusdisgi/ergogen-footprints/blob/ce4311a3b015955fee098d121700e3c9712ef7e0/Magsafe_Silkscreen.js","source inventory only; not runtime-qualified"
"jusdisgi/ergogen-footprints","ce4311a3b015955fee098d121700e3c9712ef7e0","conn_molex_pico_ezmate_plus_1x02.js","params/body","[""P1"",""P2""]","[]","{""side"":""'F'""}","null","d5acaa95598429e3e29a6a0b67670aa928e53d2728d7b3905d74a3f02b58e26d","https://github.com/jusdisgi/ergogen-footprints/blob/ce4311a3b015955fee098d121700e3c9712ef7e0/conn_molex_pico_ezmate_plus_1x02.js","source inventory only; not runtime-qualified"
"jusdisgi/ergogen-footprints","ce4311a3b015955fee098d121700e3c9712ef7e0","conn_molex_picoblade_smd_1x08_1mm25_horiz.js","params/body","[""MP"",""P1"",""P2"",""P3"",""P4"",""P5"",""P6"",""P7"",""P8""]","[]","{""side"":""'F'""}","null","51da0b7e899c4c1afe52507451917bfd52b2bdddde1fcacd4e22d72b8b67657c","https://github.com/jusdisgi/ergogen-footprints/blob/ce4311a3b015955fee098d121700e3c9712ef7e0/conn_molex_picoblade_smd_1x08_1mm25_horiz.js","source inventory only; not runtime-qualified"
"jusdisgi/ergogen-footprints","ce4311a3b015955fee098d121700e3c9712ef7e0","conn_molex_picoblade_smd_1x08_1mm25_vert.js","params/body","[""MP"",""P1"",""P2"",""P3"",""P4"",""P5"",""P6"",""P7"",""P8""]","[]","{""side"":""'F'""}","null","60a6a7cbc733c67489eb5dfcd695516c818ac0dff5364456710232306d6f00a5","https://github.com/jusdisgi/ergogen-footprints/blob/ce4311a3b015955fee098d121700e3c9712ef7e0/conn_molex_picoblade_smd_1x08_1mm25_vert.js","source inventory only; not runtime-qualified"
"jusdisgi/ergogen-footprints","ce4311a3b015955fee098d121700e3c9712ef7e0","conn_molex_picoblade_tht_1x08_1mm25_horiz.js","params/body","[""P1"",""P2"",""P3"",""P4"",""P5"",""P6"",""P7"",""P8""]","[]","{""side"":""'F'""}","null","7106ded16fa53c0abd4331f3a6d06e53d0eb5766078f6fded4ace33e4be751a6","https://github.com/jusdisgi/ergogen-footprints/blob/ce4311a3b015955fee098d121700e3c9712ef7e0/conn_molex_picoblade_tht_1x08_1mm25_horiz.js","source inventory only; not runtime-qualified"
"jusdisgi/ergogen-footprints","ce4311a3b015955fee098d121700e3c9712ef7e0","conn_molex_picoblade_tht_1x08_1mm25_vert.js","params/body","[""P1"",""P2"",""P3"",""P4"",""P5"",""P6"",""P7"",""P8""]","[]","{""side"":""'F'""}","null","fa01b4bb38a3ac201f29dfa4ed5be92b3e1cd6d3bb0dedd72806734a27349f4f","https://github.com/jusdisgi/ergogen-footprints/blob/ce4311a3b015955fee098d121700e3c9712ef7e0/conn_molex_picoblade_tht_1x08_1mm25_vert.js","source inventory only; not runtime-qualified"
"jusdisgi/ergogen-footprints","ce4311a3b015955fee098d121700e3c9712ef7e0","diode_bav70_hand.js","params/body","[""from1"",""from2"",""to""]","[]","{""side"":""'F'""}","null","5a849d70a86d3fb89286880b888b3ac1ed318aaf1ec8e637e3747717ea3d2b36","https://github.com/jusdisgi/ergogen-footprints/blob/ce4311a3b015955fee098d121700e3c9712ef7e0/diode_bav70_hand.js","source inventory only; not runtime-qualified"
"jusdisgi/ergogen-footprints","ce4311a3b015955fee098d121700e3c9712ef7e0","diode_bav70_larssont.js","params/body","[""A1"",""A2"",""C""]","[]","{""side"":""\""F\"""",""reversible"":""false""}","null","128ec25fed417d2e1cfa20343cefa2c226cd76219435f79a13cb7a17212a1020","https://github.com/jusdisgi/ergogen-footprints/blob/ce4311a3b015955fee098d121700e3c9712ef7e0/diode_bav70_larssont.js","source inventory only; not runtime-qualified"
"jusdisgi/ergogen-footprints","ce4311a3b015955fee098d121700e3c9712ef7e0","diode_smd_sod323f.js","params/body","[""from"",""to""]","[]","{""side"":""'F'""}","null","5724b1626f041d8be01959f0a1612a53161106e9212abc9674c2685e01b00b35","https://github.com/jusdisgi/ergogen-footprints/blob/ce4311a3b015955fee098d121700e3c9712ef7e0/diode_smd_sod323f.js","source inventory only; not runtime-qualified"
"jusdisgi/ergogen-footprints","ce4311a3b015955fee098d121700e3c9712ef7e0","lcd_waveshare_1in69.js","params/body","[]","[]","{""side"":""'F'""}","null","47ad10814172a66f0f5b11d00cb50ce53d9395ff4e2a69847ffb405f045b6bd9","https://github.com/jusdisgi/ergogen-footprints/blob/ce4311a3b015955fee098d121700e3c9712ef7e0/lcd_waveshare_1in69.js","source inventory only; not runtime-qualified"
"jusdisgi/ergogen-footprints","ce4311a3b015955fee098d121700e3c9712ef7e0","led_load_switch.js","params/body","[""P1"",""P2"",""P3""]","[]","{""side"":""'F'""}","null","1b6fa3b05551e443748a2630be4f811dfacfec53e84f4084d7d59bbeafe4b514","https://github.com/jusdisgi/ergogen-footprints/blob/ce4311a3b015955fee098d121700e3c9712ef7e0/led_load_switch.js","source inventory only; not runtime-qualified"
"jusdisgi/ergogen-footprints","ce4311a3b015955fee098d121700e3c9712ef7e0","led_ws2812b_2020.js","params/body","[""P1"",""P2"",""P3"",""P4""]","[]","{""side"":""'F'""}","null","e873442af4d5a7915a8dc022fb9546066229901921fe22de3d340ab8342f63e3","https://github.com/jusdisgi/ergogen-footprints/blob/ce4311a3b015955fee098d121700e3c9712ef7e0/led_ws2812b_2020.js","source inventory only; not runtime-qualified"
"jusdisgi/ergogen-footprints","ce4311a3b015955fee098d121700e3c9712ef7e0","mounting_hole_npth.js","params/body","[]","[]","{""side"":""'F'""}","MIT","82881439c8f74fb9daf0daadc5e3a3bd61cbcc15d89fb368c3aa796a2d809855","https://github.com/jusdisgi/ergogen-footprints/blob/ce4311a3b015955fee098d121700e3c9712ef7e0/mounting_hole_npth.js","source inventory only; not runtime-qualified"
"jusdisgi/ergogen-footprints","ce4311a3b015955fee098d121700e3c9712ef7e0","mounting_hole_plated.js","params/body","[]","[]","{""side"":""'F'""}","CC-BY-NC-SA-4.0","3eb1cd58eb0cf42c45827472b1d5df7ca9ffbce260c0eb1c1c7ac5f850d21f1c","https://github.com/jusdisgi/ergogen-footprints/blob/ce4311a3b015955fee098d121700e3c9712ef7e0/mounting_hole_plated.js","source inventory only; not runtime-qualified"
"jusdisgi/ergogen-footprints","ce4311a3b015955fee098d121700e3c9712ef7e0","mousebites_25mm.js","params/body","[]","[]","{""side"":""'F'""}","null","5470c798df30a72684253678c4a259bb4b7fb9744027d2bb41bb893e827aa963","https://github.com/jusdisgi/ergogen-footprints/blob/ce4311a3b015955fee098d121700e3c9712ef7e0/mousebites_25mm.js","source inventory only; not runtime-qualified"
"jusdisgi/ergogen-footprints","ce4311a3b015955fee098d121700e3c9712ef7e0","roller_encoder_ckw12.js","params/body","[""S1"",""S2"",""A"",""B"",""C""]","[]","{""side"":""'F'""}","null","337610f1123a24c2fb2196d5300214b235ce990462ff0c27226632cd748f1718","https://github.com/jusdisgi/ergogen-footprints/blob/ce4311a3b015955fee098d121700e3c9712ef7e0/roller_encoder_ckw12.js","source inventory only; not runtime-qualified"
"jusdisgi/ergogen-footprints","ce4311a3b015955fee098d121700e3c9712ef7e0","scrollwheel.js","params/body","[""from"",""to"",""A"",""B"",""C"",""D""]","[]","{""reverse"":""false""}","null","25abb84d80b4b1fcc2ae662f4dd6c89c2a3670e66cfc8ba67cd2ec517fb29024","https://github.com/jusdisgi/ergogen-footprints/blob/ce4311a3b015955fee098d121700e3c9712ef7e0/scrollwheel.js","source inventory only; not runtime-qualified"
"jusdisgi/ergogen-footprints","ce4311a3b015955fee098d121700e3c9712ef7e0","switch_5way_skrh.js","params/body","[""P1"",""P2"",""P3"",""P4"",""P5"",""P6""]","[]","{""side"":""'F'""}","null","26eb487e6364bdc02aa028f23fcb5afc3aad938b8fa11437a48f4d38a14323e4","https://github.com/jusdisgi/ergogen-footprints/blob/ce4311a3b015955fee098d121700e3c9712ef7e0/switch_5way_skrh.js","source inventory only; not runtime-qualified"
"jusdisgi/ergogen-footprints","ce4311a3b015955fee098d121700e3c9712ef7e0","switch_pg1316s.js","params/body","[""from"",""to"",""mp_net""]","[]","{""reversible"":""false"",""side"":""'F'""}","null","69c59c7722ffe23b68a388bc95576f0be666877445b008153098a255ac51da27","https://github.com/jusdisgi/ergogen-footprints/blob/ce4311a3b015955fee098d121700e3c9712ef7e0/switch_pg1316s.js","source inventory only; not runtime-qualified"
"jusdisgi/ergogen-footprints","ce4311a3b015955fee098d121700e3c9712ef7e0","util_xiao_ble_cutout.js","params/body","[""P1"",""P2"",""P3"",""P4"",""P5"",""P6"",""P7"",""P8"",""P9"",""P10"",""P11"",""P12"",""P13"",""P14"",""P15"",""P16"",""P17"",""P18"",""P19"",""P20"",""P21"",""P22""]","[]","{""side"":""'F'""}","null","8dd9040b936a2be6ab16b66e70c816a94f225269f79c96cec7816fad219b18b0","https://github.com/jusdisgi/ergogen-footprints/blob/ce4311a3b015955fee098d121700e3c9712ef7e0/util_xiao_ble_cutout.js","source inventory only; not runtime-qualified"
"jusdisgi/ergogen-footprints","ce4311a3b015955fee098d121700e3c9712ef7e0","util_xiao_ble_cutout_simple.js","params/body","[""P1"",""P2"",""P3"",""P4"",""P5"",""P6"",""P7"",""P8"",""P9"",""P10"",""P11"",""P12"",""P13"",""P14"",""P15"",""P16"",""P17"",""P18"",""P19"",""P20"",""P21"",""P22""]","[]","{""side"":""'F'""}","null","56ed434af4fe8bb1a2c1781ad243cb4ea5b6c97bb6a40b377c8a4d5cd05c9cf3","https://github.com/jusdisgi/ergogen-footprints/blob/ce4311a3b015955fee098d121700e3c9712ef7e0/util_xiao_ble_cutout_simple.js","source inventory only; not runtime-qualified"
"jusdisgi/ergogen-footprints","ce4311a3b015955fee098d121700e3c9712ef7e0","util_xiao_ble_plus_cutout.js","params/body","[""P1"",""P2"",""P3"",""P4"",""P5"",""P6"",""P7"",""P8"",""P9"",""P10"",""P11"",""P12"",""P13"",""P14"",""P15"",""P16"",""P17"",""P18"",""P19"",""P20"",""P21"",""P22"",""P23"",""P24"",""P25"",""P26"",""P27"",""P28""]","[]","{""side"":""'F'""}","null","38532551c9a714990d9170b6eedff11103d6b8c9093c6ae533975139f06dff1d","https://github.com/jusdisgi/ergogen-footprints/blob/ce4311a3b015955fee098d121700e3c9712ef7e0/util_xiao_ble_plus_cutout.js","source inventory only; not runtime-qualified"
"jusdisgi/ergogen-footprints","ce4311a3b015955fee098d121700e3c9712ef7e0","util_xiao_ble_plus_cutout_simple.js","params/body","[""P1"",""P2"",""P3"",""P4"",""P5"",""P6"",""P7"",""P8"",""P9"",""P10"",""P11"",""P12"",""P13"",""P14"",""P15"",""P16"",""P17"",""P18"",""P19"",""P20"",""P21"",""P22"",""P23"",""P24"",""P25"",""P26"",""P27"",""P28""]","[]","{""side"":""'F'""}","null","0f4f4c9788611c7839763c0654a9e3292fbf2aeaf1a3e864208893e774a0d7ea","https://github.com/jusdisgi/ergogen-footprints/blob/ce4311a3b015955fee098d121700e3c9712ef7e0/util_xiao_ble_plus_cutout_simple.js","source inventory only; not runtime-qualified"
"jusdisgi/ergogen-footprints","ce4311a3b015955fee098d121700e3c9712ef7e0","xiao_ble_breakout_holes.js","params/body","[""P1"",""P2"",""P3"",""P4"",""P5"",""P6"",""P7"",""P8"",""P9"",""P10"",""P11"",""P12"",""P13"",""P14"",""P15"",""P16"",""P17"",""P18"",""P19"",""P20"",""P21"",""P22""]","[]","{}","null","65cd3a0529c4493a58b1ae422f3b04e87f8d460929399b31390078546f7ea057","https://github.com/jusdisgi/ergogen-footprints/blob/ce4311a3b015955fee098d121700e3c9712ef7e0/xiao_ble_breakout_holes.js","source inventory only; not runtime-qualified"
"jusdisgi/ergogen-footprints","ce4311a3b015955fee098d121700e3c9712ef7e0","xiao_ble_plus_breakout_holes.js","params/body","[""P1"",""P2"",""P3"",""P4"",""P5"",""P6"",""P7"",""P8"",""P9"",""P10"",""P11"",""P12"",""P13"",""P14"",""P15"",""P16"",""P17"",""P18"",""P19"",""P20"",""P21"",""P22"",""P23"",""P24"",""P25"",""P26"",""P27"",""P28"",""P29"",""P30"",""P31""]","[]","{}","null","10888bc3c4daf101ace4323b4c09975939121c4fa8ec1ba7858846ce11d6d8f4","https://github.com/jusdisgi/ergogen-footprints/blob/ce4311a3b015955fee098d121700e3c9712ef7e0/xiao_ble_plus_breakout_holes.js","source inventory only; not runtime-qualified"
"jusdisgi/ergogen-footprints","ce4311a3b015955fee098d121700e3c9712ef7e0","xiao_smd_xl_cutout.js","params/body","[""D0"",""D1"",""D2"",""D3"",""D4"",""D5"",""D6"",""D10"",""D9"",""D8"",""D7"",""RAW3V3"",""RAW5V"",""CLK"",""DIO"",""GND"",""RST"",""BAT"",""NFC1"",""NFC2""]","[]","{""side"":""'F'""}","null","7efc067ec4decd4212d4326051abaecb92bc1b2aa4958f78faef36f79db1af64","https://github.com/jusdisgi/ergogen-footprints/blob/ce4311a3b015955fee098d121700e3c9712ef7e0/xiao_smd_xl_cutout.js","source inventory only; not runtime-qualified"
"lapidot/ergogenFootprintCollection","c2ba34bdb510effebaea448ed5e387543b1796dd","alps.js","params/body","[""from"",""to""]","[]","{}","null","03d6cba8467499756cc4622ec9065c05f0dab267ba9353bcecad9b8e9312329c","https://github.com/lapidot/ergogenFootprintCollection/blob/c2ba34bdb510effebaea448ed5e387543b1796dd/alps.js","source inventory only; not runtime-qualified"
"lapidot/ergogenFootprintCollection","c2ba34bdb510effebaea448ed5e387543b1796dd","azoteq_tps43.js","params/body","[]","[]","{}","null","281ca78a1a5134cd2a3859f9f6ea0df6b7eef6b8cf9d3ff936bd007709124208","https://github.com/lapidot/ergogenFootprintCollection/blob/c2ba34bdb510effebaea448ed5e387543b1796dd/azoteq_tps43.js","source inventory only; not runtime-qualified"
"lapidot/ergogenFootprintCollection","c2ba34bdb510effebaea448ed5e387543b1796dd","button.js","params/body","[""from"",""to""]","[]","{""side"":""'F'""}","null","608f29676082c7f6573304614a870f4188fc416c80814bf49d9e79b2d1eb0647","https://github.com/lapidot/ergogenFootprintCollection/blob/c2ba34bdb510effebaea448ed5e387543b1796dd/button.js","source inventory only; not runtime-qualified"
"lapidot/ergogenFootprintCollection","c2ba34bdb510effebaea448ed5e387543b1796dd","choc.js","params/body","[""from"",""to""]","[]","{""hotswap"":""false"",""reverse"":""false""}","null","948c8487fc50887d4d3fdfbe062416468d7760932391cee67d1c9a0944d3c946","https://github.com/lapidot/ergogenFootprintCollection/blob/c2ba34bdb510effebaea448ed5e387543b1796dd/choc.js","source inventory only; not runtime-qualified"
"lapidot/ergogenFootprintCollection","c2ba34bdb510effebaea448ed5e387543b1796dd","chocmini.js","params/body","[""from"",""to""]","[]","{""side"":""'F'"",""reverse"":""false""}","null","27d719c15676694d365bf83e0dbf6222831c75bc255718a1c943b6d72ac6f0bd","https://github.com/lapidot/ergogenFootprintCollection/blob/c2ba34bdb510effebaea448ed5e387543b1796dd/chocmini.js","source inventory only; not runtime-qualified"
"lapidot/ergogenFootprintCollection","c2ba34bdb510effebaea448ed5e387543b1796dd","cirque.js","params/body","[]","[]","{}","null","102632034e8459082c9d50e49db67165dad9b829d1f8471b3a7ff0df3ef79791","https://github.com/lapidot/ergogenFootprintCollection/blob/c2ba34bdb510effebaea448ed5e387543b1796dd/cirque.js","source inventory only; not runtime-qualified"
"lapidot/ergogenFootprintCollection","c2ba34bdb510effebaea448ed5e387543b1796dd","diode.js","params/body","[""from"",""to""]","[]","{}","null","ab412e94f3dc11af21d5856aed4fb66b2b685059e3f5338d699e2227314ce880","https://github.com/lapidot/ergogenFootprintCollection/blob/c2ba34bdb510effebaea448ed5e387543b1796dd/diode.js","source inventory only; not runtime-qualified"
"lapidot/ergogenFootprintCollection","c2ba34bdb510effebaea448ed5e387543b1796dd","elite.js","params/body","[""GND"",""VCC"",""ST"",""D3"",""D1"",""D2"",""D0"",""D4"",""C6"",""D7"",""E6"",""B4"",""B5"",""B7"",""D5"",""C7"",""F1"",""F0"",""B6"",""B2"",""B3"",""B1"",""F7"",""F6"",""F5"",""F4"",""B0""]","[]","{}","null","682db25ea49ce3be53c4df64e013bd558a7871f27b769b6bb48c04fed313d7fe","https://github.com/lapidot/ergogenFootprintCollection/blob/c2ba34bdb510effebaea448ed5e387543b1796dd/elite.js","source inventory only; not runtime-qualified"
"lapidot/ergogenFootprintCollection","c2ba34bdb510effebaea448ed5e387543b1796dd","helios.js","params/body","[""IO10"",""TX"",""RX"",""GND"",""IO2"",""IO3"",""IO4"",""IO5"",""IO6"",""IO7"",""IO8"",""IO9"",""IO12"",""IO13"",""IO14"",""IO15"",""IO16"",""IO21"",""IO23"",""IO20"",""IO22"",""A0"",""A1"",""A2"",""A3"",""VCC"",""RAW"",""RST"",""IO11"",""RGB"",""Dminus"",""Dplus""]","[]","{}","null","7d3897f15c188b654a92176372208fc3ed83a646e5e80b62438d163d1124285c","https://github.com/lapidot/ergogenFootprintCollection/blob/c2ba34bdb510effebaea448ed5e387543b1796dd/helios.js","source inventory only; not runtime-qualified"
"lapidot/ergogenFootprintCollection","c2ba34bdb510effebaea448ed5e387543b1796dd","jstph.js","params/body","[""pos"",""neg""]","[]","{""side"":""'F'""}","null","08c58456ac8a3c1c4b8fdfdfd71b5c1fffb3582d3d77cbb01e8bd220683f8ddf","https://github.com/lapidot/ergogenFootprintCollection/blob/c2ba34bdb510effebaea448ed5e387543b1796dd/jstph.js","source inventory only; not runtime-qualified"
"lapidot/ergogenFootprintCollection","c2ba34bdb510effebaea448ed5e387543b1796dd","jumper.js","params/body","[""from"",""to""]","[]","{""side"":""'F'""}","null","a519bef51c19a501d030b6ebcf555ec239bd66cb338e13fe0298124d9c5db894","https://github.com/lapidot/ergogenFootprintCollection/blob/c2ba34bdb510effebaea448ed5e387543b1796dd/jumper.js","source inventory only; not runtime-qualified"
"lapidot/ergogenFootprintCollection","c2ba34bdb510effebaea448ed5e387543b1796dd","mounthole.js","legacy nets+params","[]","[""net""]","{}","null","34cb9dfd126d5bddfb2551b08418c685f2329f9090777230822abed6a848dfb5","https://github.com/lapidot/ergogenFootprintCollection/blob/c2ba34bdb510effebaea448ed5e387543b1796dd/mounthole.js","source inventory only; not runtime-qualified"
"lapidot/ergogenFootprintCollection","c2ba34bdb510effebaea448ed5e387543b1796dd","mountinghole ORIGINAL.js","legacy nets+params","[]","[""net""]","{}","null","1178bf49ec3e1575568bbfb94bd6c21f6d771098480a0e86a41385090a38ad7e","https://github.com/lapidot/ergogenFootprintCollection/blob/c2ba34bdb510effebaea448ed5e387543b1796dd/mountinghole%20ORIGINAL.js","source inventory only; not runtime-qualified"
"lapidot/ergogenFootprintCollection","c2ba34bdb510effebaea448ed5e387543b1796dd","mountinghole.js","legacy nets+params","[]","[""net""]","{}","null","1178bf49ec3e1575568bbfb94bd6c21f6d771098480a0e86a41385090a38ad7e","https://github.com/lapidot/ergogenFootprintCollection/blob/c2ba34bdb510effebaea448ed5e387543b1796dd/mountinghole.js","source inventory only; not runtime-qualified"
"lapidot/ergogenFootprintCollection","c2ba34bdb510effebaea448ed5e387543b1796dd","mx.js","params/body","[""from"",""to""]","[]","{""hotswap"":""false"",""reverse"":""false""}","null","1692bdf70514286302eb4444d61361c54b3c52f352d3c3405c91089f8e1f906e","https://github.com/lapidot/ergogenFootprintCollection/blob/c2ba34bdb510effebaea448ed5e387543b1796dd/mx.js","source inventory only; not runtime-qualified"
"lapidot/ergogenFootprintCollection","c2ba34bdb510effebaea448ed5e387543b1796dd","niceview.js","params/body","[""VCC"",""GND"",""SDA"",""SCL"",""CS""]","[]","{""side"":""'F'""}","null","35718c927c21f0c2fdcd72c814f478dc51d33123a973ceb8e3ef6df18fc925f1","https://github.com/lapidot/ergogenFootprintCollection/blob/c2ba34bdb510effebaea448ed5e387543b1796dd/niceview.js","source inventory only; not runtime-qualified"
"lapidot/ergogenFootprintCollection","c2ba34bdb510effebaea448ed5e387543b1796dd","oled.js","params/body","[""VCC"",""GND"",""SDA"",""SCL""]","[]","{""side"":""'F'""}","null","b88b5d632e8fc0c9db7e3cf233bac36a10aa9cb5f1034b4b80c08b9b6bd4497e","https://github.com/lapidot/ergogenFootprintCollection/blob/c2ba34bdb510effebaea448ed5e387543b1796dd/oled.js","source inventory only; not runtime-qualified"
"lapidot/ergogenFootprintCollection","c2ba34bdb510effebaea448ed5e387543b1796dd","omron.js","params/body","[""from"",""to""]","[]","{}","null","69e69e51693a69be31758ad199aef7e9ede65917ac96e1f642c5c64fe4d9706a","https://github.com/lapidot/ergogenFootprintCollection/blob/c2ba34bdb510effebaea448ed5e387543b1796dd/omron.js","source inventory only; not runtime-qualified"
"lapidot/ergogenFootprintCollection","c2ba34bdb510effebaea448ed5e387543b1796dd","pad.js","params/body","[""net""]","[]","{}","null","e9d6b9170d636c48a96991f62b8e614e127b448a6819327696aedfb1a66dc753","https://github.com/lapidot/ergogenFootprintCollection/blob/c2ba34bdb510effebaea448ed5e387543b1796dd/pad.js","source inventory only; not runtime-qualified"
"lapidot/ergogenFootprintCollection","c2ba34bdb510effebaea448ed5e387543b1796dd","pimoroni_trackball.js","params/body","[""VCC"",""SDA"",""SCL"",""GND""]","[]","{}","null","c0877e465ed44384ab7d2c98614c42a76cf922e73652f096d5d1c5b7634069c7","https://github.com/lapidot/ergogenFootprintCollection/blob/c2ba34bdb510effebaea448ed5e387543b1796dd/pimoroni_trackball.js","source inventory only; not runtime-qualified"
"lapidot/ergogenFootprintCollection","c2ba34bdb510effebaea448ed5e387543b1796dd","promicro.js","params/body","[""RAW"",""GND"",""RST"",""VCC"",""P21"",""P20"",""P19"",""P18"",""P15"",""P14"",""P16"",""P10"",""P1"",""P0"",""P2"",""P3"",""P4"",""P5"",""P6"",""P7"",""P8"",""P9""]","[]","{}","null","487a40279579cd2086a70cc091196550962d5a7fed00b3580431ff54d4d560c4","https://github.com/lapidot/ergogenFootprintCollection/blob/c2ba34bdb510effebaea448ed5e387543b1796dd/promicro.js","source inventory only; not runtime-qualified"
"lapidot/ergogenFootprintCollection","c2ba34bdb510effebaea448ed5e387543b1796dd","rgb.js","params/body","[""din"",""dout"",""VCC"",""GND""]","[]","{""side"":""'F'""}","null","d2bd497058de6d07856f3cd72eb25e9917616f9bb047b0b46e2b509a42afce79","https://github.com/lapidot/ergogenFootprintCollection/blob/c2ba34bdb510effebaea448ed5e387543b1796dd/rgb.js","source inventory only; not runtime-qualified"
"lapidot/ergogenFootprintCollection","c2ba34bdb510effebaea448ed5e387543b1796dd","rotary.js","params/body","[""from"",""to"",""A"",""B"",""C""]","[]","{}","null","7aca7d23f3e5c5038b0267db3112f230089eaee76d0e32c58841d66661fe324d","https://github.com/lapidot/ergogenFootprintCollection/blob/c2ba34bdb510effebaea448ed5e387543b1796dd/rotary.js","source inventory only; not runtime-qualified"
"lapidot/ergogenFootprintCollection","c2ba34bdb510effebaea448ed5e387543b1796dd","scrollwheel.js","params/body","[""from"",""to"",""A"",""B"",""C"",""D""]","[]","{""reverse"":""false""}","null","fa6a53f148bd6956d7af3f8d5f91eb0127496911f32a9151f275f5ce2e8127dd","https://github.com/lapidot/ergogenFootprintCollection/blob/c2ba34bdb510effebaea448ed5e387543b1796dd/scrollwheel.js","source inventory only; not runtime-qualified"
"lapidot/ergogenFootprintCollection","c2ba34bdb510effebaea448ed5e387543b1796dd","slider.js","params/body","[""from"",""to""]","[]","{""side"":""'F'""}","null","ff3ab869a54066cd8628332a19a5ba992e6aad6b40868ad10a48641c87ddc1e7","https://github.com/lapidot/ergogenFootprintCollection/blob/c2ba34bdb510effebaea448ed5e387543b1796dd/slider.js","source inventory only; not runtime-qualified"
"lapidot/ergogenFootprintCollection","c2ba34bdb510effebaea448ed5e387543b1796dd","smd_resistor.js","params/body","[""from"",""to""]","[]","{""side"":""'F'""}","null","db4240986036e631482a67d6148f7976172fbd5a94cc5ee3e201271e9fece588","https://github.com/lapidot/ergogenFootprintCollection/blob/c2ba34bdb510effebaea448ed5e387543b1796dd/smd_resistor.js","source inventory only; not runtime-qualified"
"lapidot/ergogenFootprintCollection","c2ba34bdb510effebaea448ed5e387543b1796dd","tentingpuck.js","legacy nets+params","[]","[]","{}","null","bf7f2799747d6936337f16f28391076e5735536a95b8297a2e12d4d60e0e1787","https://github.com/lapidot/ergogenFootprintCollection/blob/c2ba34bdb510effebaea448ed5e387543b1796dd/tentingpuck.js","source inventory only; not runtime-qualified"
"lapidot/ergogenFootprintCollection","c2ba34bdb510effebaea448ed5e387543b1796dd","trackpad_hole.js","params/body","[]","[]","{}","null","75a824632ed8e18960879473e809a1e6715b00d3e96750dc12b6fe4d99b61613","https://github.com/lapidot/ergogenFootprintCollection/blob/c2ba34bdb510effebaea448ed5e387543b1796dd/trackpad_hole.js","source inventory only; not runtime-qualified"
"lapidot/ergogenFootprintCollection","c2ba34bdb510effebaea448ed5e387543b1796dd","trrs.js","params/body","[""A"",""B"",""C"",""D""]","[]","{""reverse"":""false""}","null","2b9e00343c21b35c86c6f737b3389e696187ad1934ff5a7e10f369d234b73439","https://github.com/lapidot/ergogenFootprintCollection/blob/c2ba34bdb510effebaea448ed5e387543b1796dd/trrs.js","source inventory only; not runtime-qualified"
"lapidot/ergogenFootprintCollection","c2ba34bdb510effebaea448ed5e387543b1796dd","via.js","params/body","[""net""]","[]","{}","null","3f997c126912d0accc31e97fa008e4713a53d24040fbce60a95408c836fe532e","https://github.com/lapidot/ergogenFootprintCollection/blob/c2ba34bdb510effebaea448ed5e387543b1796dd/via.js","source inventory only; not runtime-qualified"
"larssont/ergogen-footprints","708940922192a481cd40c6cef9ae80de49a9e104","amplifier.js","params/body","[""VCC"",""GND"",""AUDIO_IN"",""AUDIO_OUT_POS"",""AUDIO_OUT_NEG"",""SDB"",""AMP_IN_NEG"",""AMP_IN_POS"",""HPF"",""BYPASS""]","[]","{""side"":""'F'"",""reversible"":""false""}","null","04b706a3ebdac9b1461659eeba3005d023b0227d718b75282be46404dd24ce7b","https://github.com/larssont/ergogen-footprints/blob/708940922192a481cd40c6cef9ae80de49a9e104/amplifier.js","source inventory only; not runtime-qualified"
"larssont/ergogen-footprints","708940922192a481cd40c6cef9ae80de49a9e104","bav70.js","params/body","[""A1"",""A2"",""C""]","[]","{""side"":""\""F\"""",""reversible"":""false""}","null","60c3b09ba6f3df3e531268480af38d3c128ad36ac04d2845347306e511a5466b","https://github.com/larssont/ergogen-footprints/blob/708940922192a481cd40c6cef9ae80de49a9e104/bav70.js","source inventory only; not runtime-qualified"
"larssont/ergogen-footprints","708940922192a481cd40c6cef9ae80de49a9e104","magsafe.js","params/body","[]","[]","{""side"":""'B'""}","null","b6faa866522579f02a5012cde3fc88f0767846ef195094674eefc28e7b9fd9e4","https://github.com/larssont/ergogen-footprints/blob/708940922192a481cd40c6cef9ae80de49a9e104/magsafe.js","source inventory only; not runtime-qualified"
"larssont/ergogen-footprints","708940922192a481cd40c6cef9ae80de49a9e104","mh_npth.js","params/body","[]","[]","{""side"":""'F'""}","null","4bb9e47a5466b01b662193f498d1b7c631adcbf405b438d64a9b35863f656c53","https://github.com/larssont/ergogen-footprints/blob/708940922192a481cd40c6cef9ae80de49a9e104/mh_npth.js","source inventory only; not runtime-qualified"
"larssont/ergogen-footprints","708940922192a481cd40c6cef9ae80de49a9e104","piezo.js","params/body","[""A"",""B""]","[]","{""side"":""'F'"",""reversible"":""false""}","null","8cb712c361e3befcdecc5c7b0fdffbc564fca2e8bbb03c2fc4437506999edac0","https://github.com/larssont/ergogen-footprints/blob/708940922192a481cd40c6cef9ae80de49a9e104/piezo.js","source inventory only; not runtime-qualified"
"larssont/ergogen-footprints","708940922192a481cd40c6cef9ae80de49a9e104","rj11.js","params/body","[""TX"",""RX"",""POWER"",""GND""]","[]","{""side"":""'F'"",""reversible"":""false""}","null","ce159c0611512a5185742a5bd8b6b8c57d607a834283e2099022c66809e88672","https://github.com/larssont/ergogen-footprints/blob/708940922192a481cd40c6cef9ae80de49a9e104/rj11.js","source inventory only; not runtime-qualified"
"larssont/ergogen-footprints","708940922192a481cd40c6cef9ae80de49a9e104","rp2040_smd.js","params/body","[""V5"",""GND"",""V3"",""P29"",""P28"",""P27"",""P26"",""P15"",""P14"",""P0"",""P1"",""P2"",""P3"",""P4"",""P5"",""P6"",""P7"",""P8"",""P9"",""P10"",""P11"",""P12"",""P13""]","[]","{""side"":""'F'"",""reversible"":""false""}","null","fd70c60dfef80424cad249240079a6128de07dc26a3172ee711c9c1326d594aa","https://github.com/larssont/ergogen-footprints/blob/708940922192a481cd40c6cef9ae80de49a9e104/rp2040_smd.js","source inventory only; not runtime-qualified"
"larssont/ergogen-footprints","708940922192a481cd40c6cef9ae80de49a9e104","sprintek_sk8707_01_driver.js","params/body","[""GND"",""DATA"",""CLOCK"",""RESET"",""VCC"",""LEFT"",""MIDDLE"",""RIGHT"",""TPS1"",""TPS2"",""TPS3"",""TPS4""]","[]","{""side"":""'F'""}","null","ae2d22b67b29f6e5375da5daccbc1c56538304d41be9f3b7f955e21d0c518abd","https://github.com/larssont/ergogen-footprints/blob/708940922192a481cd40c6cef9ae80de49a9e104/sprintek_sk8707_01_driver.js","source inventory only; not runtime-qualified"
"larssont/ergogen-footprints","708940922192a481cd40c6cef9ae80de49a9e104","sprintek_sk8707_01_sensor.js","params/body","[""TPS1"",""TPS2"",""TPS3"",""TPS4""]","[]","{""side"":""'F'""}","null","9771b48c00e78740d960ddca53d57f720cc3db74869c3ecda0236a49df0872de","https://github.com/larssont/ergogen-footprints/blob/708940922192a481cd40c6cef9ae80de49a9e104/sprintek_sk8707_01_sensor.js","source inventory only; not runtime-qualified"
"larssont/ergogen-footprints","708940922192a481cd40c6cef9ae80de49a9e104","text.js","params/body","[]","[]","{""side"":""'F'"",""reversible"":""false""}","null","ba2450422e9f4726f52863eb98b91e0332b720d6dda95a2821823c5bffa1d1c3","https://github.com/larssont/ergogen-footprints/blob/708940922192a481cd40c6cef9ae80de49a9e104/text.js","source inventory only; not runtime-qualified"
"larssont/ergogen-footprints","708940922192a481cd40c6cef9ae80de49a9e104","usb_mini_b.js","params/body","[""VBUS"",""DMIN"",""DPLUS"",""ID"",""GND""]","[]","{""side"":""\""F\""""}","null","8c39cdb443e8f88f1005a325b550946dac5b01974c25d1be20d32c085998797a","https://github.com/larssont/ergogen-footprints/blob/708940922192a481cd40c6cef9ae80de49a9e104/usb_mini_b.js","source inventory only; not runtime-qualified"
"infused-kim/kb_ergogen_fp","bb80a207d8a6fa7b9245caad2c2d97e2adc2f612","choc.js","params/body","[""from"",""to""]","[]","{""reverse"":""false"",""hotswap"":""true"",""solder"":""false""}","null","94d2e40d27867a6ab779c00dad79e7225d7a4ac3b52ce49d4d535f4168a8d33a","https://github.com/infused-kim/kb_ergogen_fp/blob/bb80a207d8a6fa7b9245caad2c2d97e2adc2f612/choc.js","source inventory only; not runtime-qualified"
"infused-kim/kb_ergogen_fp","bb80a207d8a6fa7b9245caad2c2d97e2adc2f612","conn_molex_pico_ezmate_1x02.js","params/body","[""pad_1"",""pad_2""]","[]","{""side"":""'F'"",""reverse"":""false""}","null","7c9ed0bef237485a19d0d391fde7e9cf41e32363f89639c15a381d69c4eab342","https://github.com/infused-kim/kb_ergogen_fp/blob/bb80a207d8a6fa7b9245caad2c2d97e2adc2f612/conn_molex_pico_ezmate_1x02.js","source inventory only; not runtime-qualified"
"infused-kim/kb_ergogen_fp","bb80a207d8a6fa7b9245caad2c2d97e2adc2f612","conn_molex_pico_ezmate_1x05.js","params/body","[""pad_1"",""pad_2"",""pad_3"",""pad_4"",""pad_5""]","[]","{""side"":""'F'"",""reverse"":""false""}","null","3cfb91ee047d733544982423ff1d29c375159782d18338580c8481edfc455e68","https://github.com/infused-kim/kb_ergogen_fp/blob/bb80a207d8a6fa7b9245caad2c2d97e2adc2f612/conn_molex_pico_ezmate_1x05.js","source inventory only; not runtime-qualified"
"infused-kim/kb_ergogen_fp","bb80a207d8a6fa7b9245caad2c2d97e2adc2f612","diode.js","params/body","[""from"",""to""]","[]","{}","null","197bfe0616a32339ddd659a059b45cdf559b1af83d5d269c0df8e8f07b6bab85","https://github.com/infused-kim/kb_ergogen_fp/blob/bb80a207d8a6fa7b9245caad2c2d97e2adc2f612/diode.js","source inventory only; not runtime-qualified"
"infused-kim/kb_ergogen_fp","bb80a207d8a6fa7b9245caad2c2d97e2adc2f612","icon_bat.js","params/body","[]","[]","{""side"":""'F'"",""reverse"":""false""}","null","834dc8e17f1fa71c36040002d72c79a3002a5d2e0594653499ce3e8853dec000","https://github.com/infused-kim/kb_ergogen_fp/blob/bb80a207d8a6fa7b9245caad2c2d97e2adc2f612/icon_bat.js","source inventory only; not runtime-qualified"
"infused-kim/kb_ergogen_fp","bb80a207d8a6fa7b9245caad2c2d97e2adc2f612","mounting_hole.js","params/body","[]","[]","{}","null","b183f9af41e22d200273a094c3ac419d75b44ec7d2d09e80e00b218e786c6116","https://github.com/infused-kim/kb_ergogen_fp/blob/bb80a207d8a6fa7b9245caad2c2d97e2adc2f612/mounting_hole.js","source inventory only; not runtime-qualified"
"infused-kim/kb_ergogen_fp","bb80a207d8a6fa7b9245caad2c2d97e2adc2f612","nice_nano_pretty.js","params/body","[""RAW"",""GND"",""RST"",""VCC"",""P21"",""P20"",""P19"",""P18"",""P15"",""P14"",""P16"",""P10"",""P1"",""P0"",""P2"",""P3"",""P4"",""P5"",""P6"",""P7"",""P8"",""P9""]","[]","{}","null","622b91349400c29fe076bcca565131489aa878839b52927b8a5fafb3f855d71c","https://github.com/infused-kim/kb_ergogen_fp/blob/bb80a207d8a6fa7b9245caad2c2d97e2adc2f612/nice_nano_pretty.js","source inventory only; not runtime-qualified"
"infused-kim/kb_ergogen_fp","bb80a207d8a6fa7b9245caad2c2d97e2adc2f612","nice_view.js","params/body","[""MOSI"",""SCK"",""VCC"",""GND"",""CS""]","[]","{""side"":""'F'"",""reverse"":""false""}","null","de3f90028fd5e11e5c3879b9759877f5c1a4a987e9d2da273602e65f9cf97b99","https://github.com/infused-kim/kb_ergogen_fp/blob/bb80a207d8a6fa7b9245caad2c2d97e2adc2f612/nice_view.js","source inventory only; not runtime-qualified"
"infused-kim/kb_ergogen_fp","bb80a207d8a6fa7b9245caad2c2d97e2adc2f612","pads.js","params/body","[""net_1"",""net_2"",""net_3"",""net_4"",""net_5"",""net_6""]","[]","{""side"":""'F'"",""reverse"":""true""}","null","3953d2102230825d765ae1567c8085264b83f2b8de085ea21cfb0bcb064b1234","https://github.com/infused-kim/kb_ergogen_fp/blob/bb80a207d8a6fa7b9245caad2c2d97e2adc2f612/pads.js","source inventory only; not runtime-qualified"
"infused-kim/kb_ergogen_fp","bb80a207d8a6fa7b9245caad2c2d97e2adc2f612","point_debugger.js","params/body","[]","[]","{}","null","4230248e48162c4d7a133beb5573c27aa70e3933fceaa3925389daae5343e82f","https://github.com/infused-kim/kb_ergogen_fp/blob/bb80a207d8a6fa7b9245caad2c2d97e2adc2f612/point_debugger.js","source inventory only; not runtime-qualified"
"infused-kim/kb_ergogen_fp","bb80a207d8a6fa7b9245caad2c2d97e2adc2f612","smd_0805.js","params/body","[""net_1_from"",""net_1_to"",""net_2_from"",""net_2_to"",""net_3_from"",""net_3_to"",""net_4_from"",""net_4_to"",""net_5_from"",""net_5_to"",""net_6_from"",""net_6_to""]","[]","{""side"":""'F'"",""reverse"":""true""}","null","89b5e194f217b1fb6d514f318f326b911d74ed47657b450dc8a022d19fd937c7","https://github.com/infused-kim/kb_ergogen_fp/blob/bb80a207d8a6fa7b9245caad2c2d97e2adc2f612/smd_0805.js","source inventory only; not runtime-qualified"
"infused-kim/kb_ergogen_fp","bb80a207d8a6fa7b9245caad2c2d97e2adc2f612","switch_power.js","params/body","[""from"",""to""]","[]","{""side"":""'F'"",""reverse"":""false""}","null","b36b6900beb92a64b5e6f2d9b363c68e16ac48e27672d1a819e81d642ab83ffe","https://github.com/infused-kim/kb_ergogen_fp/blob/bb80a207d8a6fa7b9245caad2c2d97e2adc2f612/switch_power.js","source inventory only; not runtime-qualified"
"infused-kim/kb_ergogen_fp","bb80a207d8a6fa7b9245caad2c2d97e2adc2f612","switch_reset.js","params/body","[""from"",""to""]","[]","{""side"":""'F'"",""reverse"":""false""}","null","39c98cb0efd72f4030de77299d03665f7a0a4a91a7ec15946bbb2a995957565c","https://github.com/infused-kim/kb_ergogen_fp/blob/bb80a207d8a6fa7b9245caad2c2d97e2adc2f612/switch_reset.js","source inventory only; not runtime-qualified"
"infused-kim/kb_ergogen_fp","bb80a207d8a6fa7b9245caad2c2d97e2adc2f612","text.js","params/body","[]","[]","{""side"":""'F'"",""reverse"":""false""}","null","ae3fcc7dacd95ae4ea2ab6cc7afe76ce8619e16b2e08a97321d29e5b094b3074","https://github.com/infused-kim/kb_ergogen_fp/blob/bb80a207d8a6fa7b9245caad2c2d97e2adc2f612/text.js","source inventory only; not runtime-qualified"
"infused-kim/kb_ergogen_fp","bb80a207d8a6fa7b9245caad2c2d97e2adc2f612","trackpoint_mount.js","params/body","[]","[]","{""side"":""'B'"",""reverse"":""false""}","null","e785d3079687f29cc3a52391cfad7aa2aa66b71e91ccccfb7fff3c7580019e20","https://github.com/infused-kim/kb_ergogen_fp/blob/bb80a207d8a6fa7b9245caad2c2d97e2adc2f612/trackpoint_mount.js","source inventory only; not runtime-qualified"
"AminKAli/ergogen_footprints","4fc8c27e4e2ffb8594f6b7daa2306d8c59b8a2c7","3mm_kerf_bend_path.js","params/body","[]","[]","{}","null","753a452b1da41429a7ad67d2a039b86fc69afd707caa5ace303e7c3075cd1b25","https://github.com/AminKAli/ergogen_footprints/blob/4fc8c27e4e2ffb8594f6b7daa2306d8c59b8a2c7/3mm_kerf_bend_path.js","source inventory only; not runtime-qualified"
"AminKAli/ergogen_footprints","4fc8c27e4e2ffb8594f6b7daa2306d8c59b8a2c7","3mm_kerf_bend_path_mirrored.js","params/body","[]","[]","{}","null","3a55629a0a465a32590d3fdc7f4bc41a58c235d3a768d3c9de19848816b8c2dc","https://github.com/AminKAli/ergogen_footprints/blob/4fc8c27e4e2ffb8594f6b7daa2306d8c59b8a2c7/3mm_kerf_bend_path_mirrored.js","source inventory only; not runtime-qualified"
"AminKAli/ergogen_footprints","4fc8c27e4e2ffb8594f6b7daa2306d8c59b8a2c7","choc_stabilizer.js","params/body","[]","[]","{}","null","79945833bd6fa7a97e2ea6335b9f4fbd662a3eb9f77f828008054e42fab0f3f7","https://github.com/AminKAli/ergogen_footprints/blob/4fc8c27e4e2ffb8594f6b7daa2306d8c59b8a2c7/choc_stabilizer.js","source inventory only; not runtime-qualified"
"AminKAli/ergogen_footprints","4fc8c27e4e2ffb8594f6b7daa2306d8c59b8a2c7","e73_mcu.js","params/body","[""net_param""]","[]","{}","null","a32e022225d62813911cd4021c32427917209f044f4b76b14faa82cb7517ebfc","https://github.com/AminKAli/ergogen_footprints/blob/4fc8c27e4e2ffb8594f6b7daa2306d8c59b8a2c7/e73_mcu.js","source inventory only; not runtime-qualified"
"AminKAli/ergogen_footprints","4fc8c27e4e2ffb8594f6b7daa2306d8c59b8a2c7","he/1_5u_marker.js","params/body","[]","[]","{}","null","b30bc91e95d47fe6005f5b5e36fe3bacf6073fa0809bbfb1c9c504b1002aa3fe","https://github.com/AminKAli/ergogen_footprints/blob/4fc8c27e4e2ffb8594f6b7daa2306d8c59b8a2c7/he/1_5u_marker.js","source inventory only; not runtime-qualified"
"AminKAli/ergogen_footprints","4fc8c27e4e2ffb8594f6b7daa2306d8c59b8a2c7","he/1u_marker.js","params/body","[]","[]","{}","null","b3c81458599513fe4f9f92d0bf8771490af27bdea8839d49965b67a1d9ef2e1b","https://github.com/AminKAli/ergogen_footprints/blob/4fc8c27e4e2ffb8594f6b7daa2306d8c59b8a2c7/he/1u_marker.js","source inventory only; not runtime-qualified"
"AminKAli/ergogen_footprints","4fc8c27e4e2ffb8594f6b7daa2306d8c59b8a2c7","he/cap.js","params/body","[""P1"",""P2""]","[]","{}","null","e66bf90b6d8c846a8462c01ed02c701b28ed31a1bce378785c3bb5d7463c5d23","https://github.com/AminKAli/ergogen_footprints/blob/4fc8c27e4e2ffb8594f6b7daa2306d8c59b8a2c7/he/cap.js","source inventory only; not runtime-qualified"
"AminKAli/ergogen_footprints","4fc8c27e4e2ffb8594f6b7daa2306d8c59b8a2c7","he/multiplexer.js","params/body","[""MS0"",""MS1"",""MS2"",""MO"",""MI1"",""MI2"",""MI3"",""MI4"",""MI5"",""MI6"",""MI7"",""MI8"",""GND"",""VCC""]","[]","{}","null","57b0e2e42dd2368874608de9ed4b72673b53b8530a65951cba15f4f6b62ef76c","https://github.com/AminKAli/ergogen_footprints/blob/4fc8c27e4e2ffb8594f6b7daa2306d8c59b8a2c7/he/multiplexer.js","source inventory only; not runtime-qualified"
"AminKAli/ergogen_footprints","4fc8c27e4e2ffb8594f6b7daa2306d8c59b8a2c7","he/multiplexer_vias.js","params/body","[""gnd"",""ms0"",""ms1"",""ms2"",""mo""]","[]","{}","null","62c89b29630564795ad63887212a23f72d44c66a21c3f61875c4ce3e5964a113","https://github.com/AminKAli/ergogen_footprints/blob/4fc8c27e4e2ffb8594f6b7daa2306d8c59b8a2c7/he/multiplexer_vias.js","source inventory only; not runtime-qualified"
"AminKAli/ergogen_footprints","4fc8c27e4e2ffb8594f6b7daa2306d8c59b8a2c7","he/sensor.js","params/body","[""P1"",""P2"",""P3""]","[]","{}","null","001956ef600e42a603410f06fb81004549ae062a0ed1500bb335f1050e79c3f8","https://github.com/AminKAli/ergogen_footprints/blob/4fc8c27e4e2ffb8594f6b7daa2306d8c59b8a2c7/he/sensor.js","source inventory only; not runtime-qualified"
"AminKAli/ergogen_footprints","4fc8c27e4e2ffb8594f6b7daa2306d8c59b8a2c7","he/via_0603x5.js","params/body","[""net1"",""net2"",""net3"",""net4"",""net5""]","[]","{}","null","a71a8d5d5779403053cf31c24e8fc428b600ebf2ac878c07e1cfb95e7e2309c9","https://github.com/AminKAli/ergogen_footprints/blob/4fc8c27e4e2ffb8594f6b7daa2306d8c59b8a2c7/he/via_0603x5.js","source inventory only; not runtime-qualified"
"AminKAli/ergogen_footprints","4fc8c27e4e2ffb8594f6b7daa2306d8c59b8a2c7","kailh_mouse_rotary.js","params/body","[""A"",""B"",""C""]","[]","{""side"":""'F'""}","null","bb9c8567f2a67fb8819148653caf7730219fefe3c32e2d50605dbfe89d4ca3e0","https://github.com/AminKAli/ergogen_footprints/blob/4fc8c27e4e2ffb8594f6b7daa2306d8c59b8a2c7/kailh_mouse_rotary.js","source inventory only; not runtime-qualified"
"AminKAli/ergogen_footprints","4fc8c27e4e2ffb8594f6b7daa2306d8c59b8a2c7","kerf_bend_path.js","params/body","[]","[]","{}","null","708c60b0f45dd3ab671a37c1a052f5b19911fba1a254a06646cf84523e56ab65","https://github.com/AminKAli/ergogen_footprints/blob/4fc8c27e4e2ffb8594f6b7daa2306d8c59b8a2c7/kerf_bend_path.js","source inventory only; not runtime-qualified"
"AminKAli/ergogen_footprints","4fc8c27e4e2ffb8594f6b7daa2306d8c59b8a2c7","kerf_bend_path_mirrored.js","params/body","[]","[]","{}","null","59e06ab3604f9fce6f53b1f4f260791505eba557ece7826c101f16c9e452cc17","https://github.com/AminKAli/ergogen_footprints/blob/4fc8c27e4e2ffb8594f6b7daa2306d8c59b8a2c7/kerf_bend_path_mirrored.js","source inventory only; not runtime-qualified"
"AminKAli/ergogen_footprints","4fc8c27e4e2ffb8594f6b7daa2306d8c59b8a2c7","n_mosfet_sot23.js","params/body","[""G"",""S"",""D""]","[]","{""side"":""'B'""}","null","e88f542878c079a58e5a1ec7fac3fa7398f2531c4cd801d402d21013171ee18c","https://github.com/AminKAli/ergogen_footprints/blob/4fc8c27e4e2ffb8594f6b7daa2306d8c59b8a2c7/n_mosfet_sot23.js","source inventory only; not runtime-qualified"
"AminKAli/ergogen_footprints","4fc8c27e4e2ffb8594f6b7daa2306d8c59b8a2c7","siq_rotary.js","params/body","[""A"",""B"",""C"",""S""]","[]","{""side"":""'F'""}","null","9f657bed313a5266e5f4c78e2ac352e5adf4fa616d9205c5accdd25f41d5ac3c","https://github.com/AminKAli/ergogen_footprints/blob/4fc8c27e4e2ffb8594f6b7daa2306d8c59b8a2c7/siq_rotary.js","source inventory only; not runtime-qualified"
"AminKAli/ergogen_footprints","4fc8c27e4e2ffb8594f6b7daa2306d8c59b8a2c7","tl3342_reset_switch_smd.js","params/body","[""from"",""to""]","[]","{""side"":""'F'""}","null","089e1cc1df8fd6f76999896df5d6a6282272e404ddd275f3afb103885c94798d","https://github.com/AminKAli/ergogen_footprints/blob/4fc8c27e4e2ffb8594f6b7daa2306d8c59b8a2c7/tl3342_reset_switch_smd.js","source inventory only; not runtime-qualified"
"AminKAli/ergogen_footprints","4fc8c27e4e2ffb8594f6b7daa2306d8c59b8a2c7","via_0603.js","params/body","[""net""]","[]","{}","null","8df7a7382d3ce1e8ed0eb2cae83e8ddc59a66dc1b828abdffdbe84f2593a47c8","https://github.com/AminKAli/ergogen_footprints/blob/4fc8c27e4e2ffb8594f6b7daa2306d8c59b8a2c7/via_0603.js","source inventory only; not runtime-qualified"
"AminKAli/ergogen_footprints","4fc8c27e4e2ffb8594f6b7daa2306d8c59b8a2c7","via_1005x11.js","params/body","[""net1"",""net2"",""net3"",""net4"",""net5"",""net6"",""net7"",""net8"",""net9"",""net10"",""net11""]","[]","{}","null","e5662aec0104e05034b0ef26c0fcb3d62a86cc6f411b3d0a2dbb76b61a345e62","https://github.com/AminKAli/ergogen_footprints/blob/4fc8c27e4e2ffb8594f6b7daa2306d8c59b8a2c7/via_1005x11.js","source inventory only; not runtime-qualified"
"arrowtip/ergogen_footprints","43d5965ddf7309cd5b72e2fb5b493e066631f958","elite_c_rev4.js","params/body","[""GND"",""VCC"",""ST"",""D3"",""D1"",""D2"",""D0"",""D4"",""C6"",""D7"",""E6"",""B4"",""B5"",""B7"",""D5"",""C7"",""F1"",""F0"",""B6"",""B2"",""B3"",""B1"",""F7"",""F6"",""F5"",""F4"",""B0""]","[]","{}","null","682db25ea49ce3be53c4df64e013bd558a7871f27b769b6bb48c04fed313d7fe","https://github.com/arrowtip/ergogen_footprints/blob/43d5965ddf7309cd5b72e2fb5b493e066631f958/elite_c_rev4.js","source inventory only; not runtime-qualified"
"arrowtip/ergogen_footprints","43d5965ddf7309cd5b72e2fb5b493e066631f958","grub.js","params/body","[]","[]","{""side"":""'F'""}","null","6421f3038874682fe62231e62fe6ab1af87be96ca99abddb506a2628d0d9e4e1","https://github.com/arrowtip/ergogen_footprints/blob/43d5965ddf7309cd5b72e2fb5b493e066631f958/grub.js","source inventory only; not runtime-qualified"
"arrowtip/ergogen_footprints","43d5965ddf7309cd5b72e2fb5b493e066631f958","kings_idol.js","params/body","[]","[]","{""side"":""'F'""}","null","f71edc05047d213351ec307b482163b00f211a7378cc8df338ca05a67d3b4e5c","https://github.com/arrowtip/ergogen_footprints/blob/43d5965ddf7309cd5b72e2fb5b493e066631f958/kings_idol.js","source inventory only; not runtime-qualified"
"arrowtip/ergogen_footprints","43d5965ddf7309cd5b72e2fb5b493e066631f958","knight.js","params/body","[]","[]","{""side"":""'F'""}","null","ef1b9ac0045b285b4d1e668de6134318836e43b4ee1f1ed6315d9ca511ecf05d","https://github.com/arrowtip/ergogen_footprints/blob/43d5965ddf7309cd5b72e2fb5b493e066631f958/knight.js","source inventory only; not runtime-qualified"
"arrowtip/ergogen_footprints","43d5965ddf7309cd5b72e2fb5b493e066631f958","madeline.js","params/body","[]","[]","{""side"":""'F'""}","null","c29b1b5772050c9d157a84253820ecbb29676922ebd17f6f97ccd8e1ef937785","https://github.com/arrowtip/ergogen_footprints/blob/43d5965ddf7309cd5b72e2fb5b493e066631f958/madeline.js","source inventory only; not runtime-qualified"
"arrowtip/ergogen_footprints","43d5965ddf7309cd5b72e2fb5b493e066631f958","my_button.js","params/body","[""from"",""to""]","[]","{""side"":""'both'""}","null","a10c94296a985b549959ddff9a2ef46ad94c224d82f0ef75917e7fe64d79a010","https://github.com/arrowtip/ergogen_footprints/blob/43d5965ddf7309cd5b72e2fb5b493e066631f958/my_button.js","source inventory only; not runtime-qualified"
"arrowtip/ergogen_footprints","43d5965ddf7309cd5b72e2fb5b493e066631f958","my_choc-mx-hotswap.js","params/body","[""in"",""out"",""inout""]","[]","{}","null","8c51ffccbd485088fbf930cf7e01fb14d6dcc6ddfc5878c8accbf683c00b18cd","https://github.com/arrowtip/ergogen_footprints/blob/43d5965ddf7309cd5b72e2fb5b493e066631f958/my_choc-mx-hotswap.js","source inventory only; not runtime-qualified"
"arrowtip/ergogen_footprints","43d5965ddf7309cd5b72e2fb5b493e066631f958","my_diode.js","params/body","[""from"",""to""]","[]","{""side"":""'both'""}","null","8e462471e4604a0245b1293b8a495ae8551ce7609e11efd6af24b5ace3193268","https://github.com/arrowtip/ergogen_footprints/blob/43d5965ddf7309cd5b72e2fb5b493e066631f958/my_diode.js","source inventory only; not runtime-qualified"
"arrowtip/ergogen_footprints","43d5965ddf7309cd5b72e2fb5b493e066631f958","my_mountinghole.js","params/body","[]","[]","{}","null","dd6184ff3576907acb83db21e340d956598e37b3a834b170df225fb709796d7d","https://github.com/arrowtip/ergogen_footprints/blob/43d5965ddf7309cd5b72e2fb5b493e066631f958/my_mountinghole.js","source inventory only; not runtime-qualified"
"arrowtip/ergogen_footprints","43d5965ddf7309cd5b72e2fb5b493e066631f958","my_mx-prerouted.js","params/body","[""in"",""out"",""inout""]","[]","{}","null","d1c844569d1e8c14f1777c6717271cbac51bb9f7adfc376bbac0c1026dc0f652","https://github.com/arrowtip/ergogen_footprints/blob/43d5965ddf7309cd5b72e2fb5b493e066631f958/my_mx-prerouted.js","source inventory only; not runtime-qualified"
"arrowtip/ergogen_footprints","43d5965ddf7309cd5b72e2fb5b493e066631f958","my_nice-elite.js","params/body","[""B_PLUS"",""GND"",""RST"",""VCC"",""D21"",""D20"",""D19"",""D18"",""D15"",""D14"",""D16"",""D10"",""D1"",""D0"",""D2"",""D3"",""D4"",""D5"",""D6"",""D7"",""D8"",""D9"",""P1_01"",""P1_02"",""P1_07"",""E_F0"",""E_F1""]","[]","{""side"":""'both'""}","null","ae7c44fc7d62aba8afbe0fd1beae4ab8aaf7c4db0e11d02fcb46d421ca4e85b0","https://github.com/arrowtip/ergogen_footprints/blob/43d5965ddf7309cd5b72e2fb5b493e066631f958/my_nice-elite.js","source inventory only; not runtime-qualified"
"arrowtip/ergogen_footprints","43d5965ddf7309cd5b72e2fb5b493e066631f958","my_nice-nano.js","params/body","[""B_PLUS"",""GND"",""RST"",""VCC"",""D21"",""D20"",""D19"",""D18"",""D15"",""D14"",""D16"",""D10"",""D1"",""D0"",""D2"",""D3"",""D4"",""D5"",""D6"",""D7"",""D8"",""D9"",""P1_01"",""P1_02"",""P1_07""]","[]","{""side"":""'both'""}","null","60c028ef4d7c9cec46bd8308e12af8d3cc7ab56b7e76a515633715d5c3e8fc9b","https://github.com/arrowtip/ergogen_footprints/blob/43d5965ddf7309cd5b72e2fb5b493e066631f958/my_nice-nano.js","source inventory only; not runtime-qualified"
"arrowtip/ergogen_footprints","43d5965ddf7309cd5b72e2fb5b493e066631f958","my_promicro.js","params/body","[""RAW"",""GND"",""RST"",""VCC"",""F4"",""F5"",""F6"",""F7"",""B1"",""B3"",""B2"",""B6"",""D3"",""D2"",""D1"",""D0"",""D4"",""C6"",""D7"",""E6"",""B4"",""B5""]","[]","{""side"":""'both'""}","null","b9c7d91c0722b5eea58487020acef126738ad4baee5632087a5e47bbc018dec2","https://github.com/arrowtip/ergogen_footprints/blob/43d5965ddf7309cd5b72e2fb5b493e066631f958/my_promicro.js","source inventory only; not runtime-qualified"
"arrowtip/ergogen_footprints","43d5965ddf7309cd5b72e2fb5b493e066631f958","my_resistor.js","params/body","[""from"",""to""]","[]","{}","null","adc21673b118109525daf174b917d9be428617ee7cb3bc6e26b2087f2af71473","https://github.com/arrowtip/ergogen_footprints/blob/43d5965ddf7309cd5b72e2fb5b493e066631f958/my_resistor.js","source inventory only; not runtime-qualified"
"arrowtip/ergogen_footprints","43d5965ddf7309cd5b72e2fb5b493e066631f958","my_scrollwheel.js","params/body","[""from"",""to"",""A"",""B"",""C"",""D""]","[]","{}","null","ed6c14b90727d76830076fd1d0d872aee9f3a5774b72edd6214fa322d2e0cfdd","https://github.com/arrowtip/ergogen_footprints/blob/43d5965ddf7309cd5b72e2fb5b493e066631f958/my_scrollwheel.js","source inventory only; not runtime-qualified"
"arrowtip/ergogen_footprints","43d5965ddf7309cd5b72e2fb5b493e066631f958","my_switch.js","params/body","[""A"",""B"",""C"",""X"",""Y"",""Z""]","[]","{""side"":""'F'""}","null","2cc8212debd053b238295453d5bb461541cfa672b9ad60456a7fa775c878b467","https://github.com/arrowtip/ergogen_footprints/blob/43d5965ddf7309cd5b72e2fb5b493e066631f958/my_switch.js","source inventory only; not runtime-qualified"
"arrowtip/ergogen_footprints","43d5965ddf7309cd5b72e2fb5b493e066631f958","my_threeway_jumper.js","params/body","[""from"",""to_a"",""to_b""]","[]","{""side"":""'F'""}","null","599da9503af764185063f367947ffe27b3f691ce722ab6a0953bec2cf76021c7","https://github.com/arrowtip/ergogen_footprints/blob/43d5965ddf7309cd5b72e2fb5b493e066631f958/my_threeway_jumper.js","source inventory only; not runtime-qualified"
"arrowtip/ergogen_footprints","43d5965ddf7309cd5b72e2fb5b493e066631f958","my_tps65.js","params/body","[""rdy"",""nrst"",""gnd"",""v_in"",""scl"",""sda""]","[]","{""side"":""'F'""}","null","39d396c45862bb2c33e580043830d97ce30e812e4b94a95ee985f35482d09109","https://github.com/arrowtip/ergogen_footprints/blob/43d5965ddf7309cd5b72e2fb5b493e066631f958/my_tps65.js","source inventory only; not runtime-qualified"
"arrowtip/ergogen_footprints","43d5965ddf7309cd5b72e2fb5b493e066631f958","my_trrs.js","params/body","[""A"",""B"",""C"",""D""]","[]","{""reverse"":""false""}","null","74481a87c7a7a4d10c53c77eb100bdcc251122acb74851b9a1e7570d3467bb0d","https://github.com/arrowtip/ergogen_footprints/blob/43d5965ddf7309cd5b72e2fb5b493e066631f958/my_trrs.js","source inventory only; not runtime-qualified"
"arrowtip/ergogen_footprints","43d5965ddf7309cd5b72e2fb5b493e066631f958","my_version.js","params/body","[]","[]","{""side"":""'F'""}","null","0b05bad8d689f3baf51c190afb9474525cb3774978ad88869ae967431f81f9c4","https://github.com/arrowtip/ergogen_footprints/blob/43d5965ddf7309cd5b72e2fb5b493e066631f958/my_version.js","source inventory only; not runtime-qualified"
"arrowtip/ergogen_footprints","43d5965ddf7309cd5b72e2fb5b493e066631f958","my_ws2812.js","params/body","[""VCC"",""dout"",""GND"",""din""]","[]","{}","null","bead931f6c7f2114867e787ec5175bb036dd10ba7899b076d057c17f8f3b0719","https://github.com/arrowtip/ergogen_footprints/blob/43d5965ddf7309cd5b72e2fb5b493e066631f958/my_ws2812.js","source inventory only; not runtime-qualified"
"arrowtip/ergogen_footprints","43d5965ddf7309cd5b72e2fb5b493e066631f958","shadow.js","params/body","[]","[]","{""side"":""'F'""}","null","925c42b9520aecb4de04c10253e4f0034efbee8f6a4b1a8312d5b3bf28cab3b0","https://github.com/arrowtip/ergogen_footprints/blob/43d5965ddf7309cd5b72e2fb5b493e066631f958/shadow.js","source inventory only; not runtime-qualified"
"arrowtip/ergogen_footprints","43d5965ddf7309cd5b72e2fb5b493e066631f958","winged-berry.js","params/body","[]","[]","{""side"":""'F'""}","null","fabceb33fddda9db62aef674e468a0944511817125774beb8b7ab40a4dfd4a4b","https://github.com/arrowtip/ergogen_footprints/blob/43d5965ddf7309cd5b72e2fb5b493e066631f958/winged-berry.js","source inventory only; not runtime-qualified"
"dieseltravis/ergogen-footprints-travis","df3c65141193792656b296784576ef918283c09b","Alps-EC10E1220501.js","params/body","[""P1"",""P2"",""P3"",""P4""]","[]","{}","null","bdf007703668f8566c2401d923c93a358260619800067c1a665c9419f4b39343","https://github.com/dieseltravis/ergogen-footprints-travis/blob/df3c65141193792656b296784576ef918283c09b/Alps-EC10E1220501.js","source inventory only; not runtime-qualified"
"dieseltravis/ergogen-footprints-travis","df3c65141193792656b296784576ef918283c09b","CDiscD38W26P25.js","params/body","[""P1"",""P2""]","[]","{""side"":""'F'""}","null","bb76b5b62a8a307575045147d53cf53a1c58e59f275d52479424b99b1fbd2adb","https://github.com/dieseltravis/ergogen-footprints-travis/blob/df3c65141193792656b296784576ef918283c09b/CDiscD38W26P25.js","source inventory only; not runtime-qualified"
"dieseltravis/ergogen-footprints-travis","df3c65141193792656b296784576ef918283c09b","CDiscD47W25P5.js","params/body","[""P1"",""P2""]","[]","{""side"":""'F'""}","null","5a6dd01246d2d709360eea3cdf747729b0833fb20f22369e65df815977f8fbed","https://github.com/dieseltravis/ergogen-footprints-travis/blob/df3c65141193792656b296784576ef918283c09b/CDiscD47W25P5.js","source inventory only; not runtime-qualified"
"dieseltravis/ergogen-footprints-travis","df3c65141193792656b296784576ef918283c09b","CRadialD63H11P25.js","params/body","[""P1"",""P2""]","[]","{""side"":""'F'""}","null","2e5418d6bb62a651d0fd6e81f49807bfabd493e71fb7c5cb6921e008691866ba","https://github.com/dieseltravis/ergogen-footprints-travis/blob/df3c65141193792656b296784576ef918283c09b/CRadialD63H11P25.js","source inventory only; not runtime-qualified"
"dieseltravis/ergogen-footprints-travis","df3c65141193792656b296784576ef918283c09b","CSMD_0805_2012Metric.js","params/body","[""P1"",""P2""]","[]","{""side"":""'F'""}","null","a50bb0aeb2e82cb2a43ca5a25bc12a9fa27036b159d3385636ecba3058626b74","https://github.com/dieseltravis/ergogen-footprints-travis/blob/df3c65141193792656b296784576ef918283c09b/CSMD_0805_2012Metric.js","source inventory only; not runtime-qualified"
"dieseltravis/ergogen-footprints-travis","df3c65141193792656b296784576ef918283c09b","CSMD_1206_3216Metric.js","params/body","[""P1"",""P2""]","[]","{""side"":""'F'""}","null","b500d687f1eed2964c9ce5448da06f50cedb61b5dd40ced6819318faf6d198a7","https://github.com/dieseltravis/ergogen-footprints-travis/blob/df3c65141193792656b296784576ef918283c09b/CSMD_1206_3216Metric.js","source inventory only; not runtime-qualified"
"dieseltravis/ergogen-footprints-travis","df3c65141193792656b296784576ef918283c09b","CSMD_D63xL77.js","params/body","[""P1"",""P2""]","[]","{""side"":""'F'""}","null","6ba52050753ba66ea9e8459fc8a412ac6e8fe6412a11d1733d9ea1902d1354dc","https://github.com/dieseltravis/ergogen-footprints-travis/blob/df3c65141193792656b296784576ef918283c09b/CSMD_D63xL77.js","source inventory only; not runtime-qualified"
"dieseltravis/ergogen-footprints-travis","df3c65141193792656b296784576ef918283c09b","DIP16W762.js","params/body","[""p01"",""p02"",""p03"",""p04"",""p05"",""p06"",""p07"",""p08"",""p09"",""p10"",""p11"",""p12"",""p13"",""p14"",""p15"",""p16""]","[]","{""side"":""'F'""}","null","bffac31fb7662cb7bebbca78588ddd10305daf5404694c277c68c1b78cad2810","https://github.com/dieseltravis/ergogen-footprints-travis/blob/df3c65141193792656b296784576ef918283c09b/DIP16W762.js","source inventory only; not runtime-qualified"
"dieseltravis/ergogen-footprints-travis","df3c65141193792656b296784576ef918283c09b","DSMD_1206_3216Metric.js","params/body","[""from"",""to""]","[]","{""side"":""'F'""}","null","ed5d3cd7c10652b13057cae9e8ffe38d2704a6eaf81f2aff31201243d62907ad","https://github.com/dieseltravis/ergogen-footprints-travis/blob/df3c65141193792656b296784576ef918283c09b/DSMD_1206_3216Metric.js","source inventory only; not runtime-qualified"
"dieseltravis/ergogen-footprints-travis","df3c65141193792656b296784576ef918283c09b","Keebio-I2C_Breakout.js","params/body","[""P1"",""P2"",""P3"",""P4""]","[]","{}","null","c14c47f81ffd291db2f6d2e0efc7c2d0f328a544896be06d0a7b74111c4f33b7","https://github.com/dieseltravis/ergogen-footprints-travis/blob/df3c65141193792656b296784576ef918283c09b/Keebio-I2C_Breakout.js","source inventory only; not runtime-qualified"
"dieseltravis/ergogen-footprints-travis","df3c65141193792656b296784576ef918283c09b","KiCad-Logo5Copper.js","params/body","[]","[]","{""side"":""'F'""}","null","adf2a56dff5a37688d0b6be6d64779bd512f800ad13cc3ed3002a26d6605026a","https://github.com/dieseltravis/ergogen-footprints-travis/blob/df3c65141193792656b296784576ef918283c09b/KiCad-Logo5Copper.js","source inventory only; not runtime-qualified"
"dieseltravis/ergogen-footprints-travis","df3c65141193792656b296784576ef918283c09b","MX_Stabilizer_Cutout-2u.js","params/body","[]","[]","{""side"":""'F'""}","null","c42a1f44aaf78b602256cbaef3f8934fd20148a802b2862f0bc5518f4541d8f2","https://github.com/dieseltravis/ergogen-footprints-travis/blob/df3c65141193792656b296784576ef918283c09b/MX_Stabilizer_Cutout-2u.js","source inventory only; not runtime-qualified"
"dieseltravis/ergogen-footprints-travis","df3c65141193792656b296784576ef918283c09b","OSHW-Symbol67x6Copper.js","params/body","[]","[]","{""side"":""'F'""}","null","0c3b6eba5f331a8c573e23b14d145112d39f5062a065191f864fa1b35c6b598f","https://github.com/dieseltravis/ergogen-footprints-travis/blob/df3c65141193792656b296784576ef918283c09b/OSHW-Symbol67x6Copper.js","source inventory only; not runtime-qualified"
"dieseltravis/ergogen-footprints-travis","df3c65141193792656b296784576ef918283c09b","RAxialL6D25P10H.js","params/body","[""from"",""to""]","[]","{""side"":""'F'""}","null","4fbd547527e826479b7938c4994541be03ac3329ce08d6b00c8117ca09060ee7","https://github.com/dieseltravis/ergogen-footprints-travis/blob/df3c65141193792656b296784576ef918283c09b/RAxialL6D25P10H.js","source inventory only; not runtime-qualified"
"dieseltravis/ergogen-footprints-travis","df3c65141193792656b296784576ef918283c09b","SWPUSH6H43.js","params/body","[""P1"",""P2""]","[]","{""side"":""'F'""}","null","4e505b6a0c8a8341c75490f4ee386edad47a52b64aea1b101e20aab1144651e8","https://github.com/dieseltravis/ergogen-footprints-travis/blob/df3c65141193792656b296784576ef918283c09b/SWPUSH6H43.js","source inventory only; not runtime-qualified"
"dieseltravis/ergogen-footprints-travis","df3c65141193792656b296784576ef918283c09b","ScottoKeebs-Arduino_Pro_Micro.js","params/body","[""P1"",""P2"",""P3"",""P4"",""P5"",""P6"",""P7"",""P8"",""P9"",""P10"",""P11"",""P12"",""P13"",""P14"",""P15"",""P16"",""P17"",""P18"",""P19"",""P20"",""P21"",""P22"",""P23"",""P24""]","[]","{}","null","e054b71c023a154206b17c37d1cd745baeeadec94e6aec18b6ff2926e3ad3756","https://github.com/dieseltravis/ergogen-footprints-travis/blob/df3c65141193792656b296784576ef918283c09b/ScottoKeebs-Arduino_Pro_Micro.js","source inventory only; not runtime-qualified"
"dieseltravis/ergogen-footprints-travis","df3c65141193792656b296784576ef918283c09b","ScottoKeebs-Diode_DO-35.js","params/body","[""from"",""to""]","[]","{""side"":""'F'""}","null","5d13e0883583f5060c06bfc962b844c7da6c678615b57af635a9598df5277345","https://github.com/dieseltravis/ergogen-footprints-travis/blob/df3c65141193792656b296784576ef918283c09b/ScottoKeebs-Diode_DO-35.js","source inventory only; not runtime-qualified"
"dieseltravis/ergogen-footprints-travis","df3c65141193792656b296784576ef918283c09b","ScottoKeebs-RP2040_Pro_Micro.js","params/body","[""P1"",""P2"",""P3"",""P4"",""P5"",""P6"",""P7"",""P8"",""P9"",""P10"",""P11"",""P12"",""P13"",""P14"",""P15"",""P16"",""P17"",""P18"",""P19"",""P20"",""P21"",""P22"",""P23"",""P24"",""P25"",""P26"",""P27"",""P28"",""P29"",""P30"",""P31""]","[]","{}","null","ec8d10528b22514a1baaa11628900f7ba3507c7c281a9ef70da10a6ebad57434","https://github.com/dieseltravis/ergogen-footprints-travis/blob/df3c65141193792656b296784576ef918283c09b/ScottoKeebs-RP2040_Pro_Micro.js","source inventory only; not runtime-qualified"
"dieseltravis/ergogen-footprints-travis","df3c65141193792656b296784576ef918283c09b","ScottoKeebs-Stabilizer_MX_2u.js","params/body","[]","[]","{""side"":""'F'""}","null","0c6e507257f949995591f963d795a2f5820a99558198bf6cea788c768d61234a","https://github.com/dieseltravis/ergogen-footprints-travis/blob/df3c65141193792656b296784576ef918283c09b/ScottoKeebs-Stabilizer_MX_2u.js","source inventory only; not runtime-qualified"
"dieseltravis/ergogen-footprints-travis","df3c65141193792656b296784576ef918283c09b","Symbol_Danger_Copper_Small.js","params/body","[]","[]","{""side"":""'F'""}","null","cd86babdde20d0ff0db463119737dca7679188ab92736cd280f9025c7162a78d","https://github.com/dieseltravis/ergogen-footprints-travis/blob/df3c65141193792656b296784576ef918283c09b/Symbol_Danger_Copper_Small.js","source inventory only; not runtime-qualified"
"dieseltravis/ergogen-footprints-travis","df3c65141193792656b296784576ef918283c09b","USB_C_Receptacle_GCT_USB4085.js","params/body","[""A1"",""A4"",""A5"",""A6"",""A7"",""A8"",""A9"",""A12"",""B9"",""B7"",""B8"",""B12"",""B5"",""B4"",""B1"",""B6"",""S1""]","[]","{""side"":""'F'""}","null","c82eaad31c57d8fd140cc7208578a43dc670e11547ff619c173dbae1fb2ad17e","https://github.com/dieseltravis/ergogen-footprints-travis/blob/df3c65141193792656b296784576ef918283c09b/USB_C_Receptacle_GCT_USB4085.js","source inventory only; not runtime-qualified"
"dieseltravis/ergogen-footprints-travis","df3c65141193792656b296784576ef918283c09b","ec11.js","params/body","[""from"",""to"",""A"",""B"",""C""]","[]","{}","null","243d6d73278a5423218e0ea056a2da2f6a19202adb33dc494cdbaf2c755e9897","https://github.com/dieseltravis/ergogen-footprints-travis/blob/df3c65141193792656b296784576ef918283c09b/ec11.js","source inventory only; not runtime-qualified"
"dieseltravis/ergogen-footprints-travis","df3c65141193792656b296784576ef918283c09b","ergogen.js","params/body","[]","[]","{""side"":""'F'""}","null","16cbb1258187056a836daeba422841f0b91544ce8b6b78762b7f17b858c3562f","https://github.com/dieseltravis/ergogen-footprints-travis/blob/df3c65141193792656b296784576ef918283c09b/ergogen.js","source inventory only; not runtime-qualified"
"dieseltravis/ergogen-footprints-travis","df3c65141193792656b296784576ef918283c09b","evqwgd001.js","params/body","[""from"",""to"",""A"",""B"",""C"",""D""]","[]","{""reverse"":""false""}","null","7879b8a924d301d4d625c9668ad80636ec43ff3020782a7c48dc326d3ceec25b","https://github.com/dieseltravis/ergogen-footprints-travis/blob/df3c65141193792656b296784576ef918283c09b/evqwgd001.js","source inventory only; not runtime-qualified"
"dieseltravis/ergogen-footprints-travis","df3c65141193792656b296784576ef918283c09b","key-module.js","params/body","[""name"",""colnet"",""rownet"",""led_this"",""led_next"",""power"",""gnd""]","[]","{}","null","c3572c19cdf9b7ec31819f69f9a3bcbf8d383e7bcb42dcc94219eade6dba4cdf","https://github.com/dieseltravis/ergogen-footprints-travis/blob/df3c65141193792656b296784576ef918283c09b/key-module.js","source inventory only; not runtime-qualified"
"dieseltravis/ergogen-footprints-travis","df3c65141193792656b296784576ef918283c09b","led_sk6803mini-e.js","params/body","[""P3"",""P4"",""P1"",""P2""]","[]","{""side"":""'B'"",""reversible"":""false"",""reverse_mount"":""true"",""include_traces_vias"":""true""}","MIT","1d157b1879f8c6abacc84ffccafbc007a2e63cd9cca9f9b2f8bdeb1086c9a355","https://github.com/dieseltravis/ergogen-footprints-travis/blob/df3c65141193792656b296784576ef918283c09b/led_sk6803mini-e.js","source inventory only; not runtime-qualified"
"dieseltravis/ergogen-footprints-travis","df3c65141193792656b296784576ef918283c09b","led_sk6812mini-e.js","params/body","[""P1"",""P2"",""P3"",""P4""]","[]","{""side"":""'B'"",""reversible"":""false"",""reverse_mount"":""true"",""include_traces_vias"":""true""}","MIT","9671828675db3b56e13b843571333aa7f1888375df47b655096b308bea59ca1f","https://github.com/dieseltravis/ergogen-footprints-travis/blob/df3c65141193792656b296784576ef918283c09b/led_sk6812mini-e.js","source inventory only; not runtime-qualified"
"dieseltravis/ergogen-footprints-travis","df3c65141193792656b296784576ef918283c09b","mountinghole.js","legacy nets+params","[]","[""net""]","{""side"":""'F'""}","null","9efdc5570e3509120e22a372bbb2c437e71d9b56bec446f02e23b87a932684c4","https://github.com/dieseltravis/ergogen-footprints-travis/blob/df3c65141193792656b296784576ef918283c09b/mountinghole.js","source inventory only; not runtime-qualified"
"dieseltravis/ergogen-footprints-travis","df3c65141193792656b296784576ef918283c09b","mx.js","params/body","[""from"",""to""]","[]","{""hotswap"":""false"",""reverse"":""false""}","null","68e6f90a471a04aeeefbd9c213267c83e982d9e398ad687da8fdcff09064b272","https://github.com/dieseltravis/ergogen-footprints-travis/blob/df3c65141193792656b296784576ef918283c09b/mx.js","source inventory only; not runtime-qualified"
"dieseltravis/ergogen-footprints-travis","df3c65141193792656b296784576ef918283c09b","roc.js","params/body","[]","[]","{""side"":""'F'"",""reversible"":""false""}","null","a3e2b6dcdd7b8d886a3343e6792a9d625e0b964f503b3529894b475dd467fcaa","https://github.com/dieseltravis/ergogen-footprints-travis/blob/df3c65141193792656b296784576ef918283c09b/roc.js","source inventory only; not runtime-qualified"
"dieseltravis/ergogen-footprints-travis","df3c65141193792656b296784576ef918283c09b","switch_mx.js","params/body","[""from"",""to"",""CENTERHOLE"",""LEFTSTAB"",""RIGHTSTAB""]","[]","{""side"":""'B'"",""reversible"":""false"",""hotswap"":""true"",""hotswap_pads_same_side"":""false"",""include_traces_vias"":""true"",""solder"":""false""}","MIT","2a2da293ce52f49b24e8f0f19889d071e940f05d800902a427e0990b79c9c25b","https://github.com/dieseltravis/ergogen-footprints-travis/blob/df3c65141193792656b296784576ef918283c09b/switch_mx.js","source inventory only; not runtime-qualified"
"dieseltravis/ergogen-footprints-travis","df3c65141193792656b296784576ef918283c09b","text.js","params/body","[]","[]","{""side"":""'F'"",""reversible"":""false""}","CC-BY-NC-SA-4.0","405aa9b14a35b068c6c72fa16b4e07b5c20cb717f428a20685e4973ff0f4afac","https://github.com/dieseltravis/ergogen-footprints-travis/blob/df3c65141193792656b296784576ef918283c09b/text.js","source inventory only; not runtime-qualified"
"dieseltravis/ergogen-footprints-travis","df3c65141193792656b296784576ef918283c09b","travis.js","params/body","[]","[]","{""side"":""'F'"",""reversible"":""false""}","null","830205782d85585500236a70c0e8e80d3f3266a56fc6403d91d200d4c1a4e23c","https://github.com/dieseltravis/ergogen-footprints-travis/blob/df3c65141193792656b296784576ef918283c09b/travis.js","source inventory only; not runtime-qualified"
"dieseltravis/ergogen-footprints-travis","df3c65141193792656b296784576ef918283c09b","xiao-ble.js","params/body","[""P0"",""P1"",""P2"",""P3"",""P4"",""P5"",""P6"",""P7"",""P8"",""P9"",""P10"",""RAW3V3"",""GND"",""RAW5V""]","[]","{""side"":""'F'""}","null","cb721f3c4369694a37e045017e6a720358fd9e5a33635d577ff7868faa648818","https://github.com/dieseltravis/ergogen-footprints-travis/blob/df3c65141193792656b296784576ef918283c09b/xiao-ble.js","source inventory only; not runtime-qualified"
"ezxzeng/ergogen_footprints","9811c4d85a8e208ac0709f2da583645530be8fe2","b3u1000p.js","params/body","[""r1"",""r2""]","[]","{""reverse"":""true""}","null","51ca5203183e8d080875e8c73b03eeb83a17a441ed7362995cd46971aa411ee2","https://github.com/ezxzeng/ergogen_footprints/blob/9811c4d85a8e208ac0709f2da583645530be8fe2/b3u1000p.js","source inventory only; not runtime-qualified"
"ezxzeng/ergogen_footprints","9811c4d85a8e208ac0709f2da583645530be8fe2","jstph_reversible.js","params/body","[""pos"",""neg""]","[]","{}","null","1f9b37ccfb200ef46e5f5589d683fd33b8753fd2ab5611256da0d87289be2763","https://github.com/ezxzeng/ergogen_footprints/blob/9811c4d85a8e208ac0709f2da583645530be8fe2/jstph_reversible.js","source inventory only; not runtime-qualified"
"ezxzeng/ergogen_footprints","9811c4d85a8e208ac0709f2da583645530be8fe2","key-switches.js","params/body","[""from"",""to""]","[]","{}","null","90e3dadf5c2ca1a6125b1b5b8a979715a94d1eec301384e10ad16ea36c691a87","https://github.com/ezxzeng/ergogen_footprints/blob/9811c4d85a8e208ac0709f2da583645530be8fe2/key-switches.js","source inventory only; not runtime-qualified"
"ezxzeng/ergogen_footprints","9811c4d85a8e208ac0709f2da583645530be8fe2","mountinghole.js","legacy nets+params","[]","[""net""]","{}","null","ef3468b127f22e89f23c05ef46df6b5b0b36d0965243df36a564c846ac8f26b7","https://github.com/ezxzeng/ergogen_footprints/blob/9811c4d85a8e208ac0709f2da583645530be8fe2/mountinghole.js","source inventory only; not runtime-qualified"
"ezxzeng/ergogen_footprints","9811c4d85a8e208ac0709f2da583645530be8fe2","promicro-pretty.js","params/body","[""RAW"",""GND"",""RST"",""VCC"",""P21"",""P20"",""P19"",""P18"",""P15"",""P14"",""P16"",""P10"",""P1"",""P0"",""P2"",""P3"",""P4"",""P5"",""P6"",""P7"",""P8"",""P9""]","[]","{}","null","7e4196cc4696d307d13e1b2e0fa0ccf6464ddcd8fbefff3c7edf32836b1ef7ea","https://github.com/ezxzeng/ergogen_footprints/blob/9811c4d85a8e208ac0709f2da583645530be8fe2/promicro-pretty.js","source inventory only; not runtime-qualified"
"ezxzeng/ergogen_footprints","9811c4d85a8e208ac0709f2da583645530be8fe2","reset_button.js","params/body","[""from"",""to""]","[]","{}","null","8a82c6cc476f9555003c9b611e301d84318789018f761fa28527bb4a53e7bfb4","https://github.com/ezxzeng/ergogen_footprints/blob/9811c4d85a8e208ac0709f2da583645530be8fe2/reset_button.js","source inventory only; not runtime-qualified"
"ezxzeng/ergogen_footprints","9811c4d85a8e208ac0709f2da583645530be8fe2","slider_threeway.js","params/body","[""from"",""left"",""right""]","[]","{""side"":""'F'"",""reversible"":""false""}","null","44b837fc17a2e17f29d1f7dd8ec39ea8cab2e01590ffcb02caa2d1cf72d87a04","https://github.com/ezxzeng/ergogen_footprints/blob/9811c4d85a8e208ac0709f2da583645530be8fe2/slider_threeway.js","source inventory only; not runtime-qualified"
"ezxzeng/ergogen_footprints","9811c4d85a8e208ac0709f2da583645530be8fe2","text.js","params/body","[]","[]","{""side"":""\""F\""""}","null","fdc6f445834102d2f8f94752d50f1183cff485f5c52c5349edc1660726503c8d","https://github.com/ezxzeng/ergogen_footprints/blob/9811c4d85a8e208ac0709f2da583645530be8fe2/text.js","source inventory only; not runtime-qualified"
"harshitgoel96/ergogen_footprints","d569c92090e56dda30fa4d4ed54f65d76980d47e","fh12_12.js","params/body","[""GND"",""P1"",""P2"",""P3"",""P4"",""P5"",""P6"",""P7"",""P8"",""P9"",""P10"",""P11"",""P12""]","[]","{""side"":""'F'""}","null","45372fcd23ab016df605cb8b96280ebc223fe281312a6a079d385cc2e5bb75d9","https://github.com/harshitgoel96/ergogen_footprints/blob/d569c92090e56dda30fa4d4ed54f65d76980d47e/fh12_12.js","source inventory only; not runtime-qualified"
"harshitgoel96/ergogen_footprints","d569c92090e56dda30fa4d4ed54f65d76980d47e","m3_mounting.js","params/body","[""GND""]","[]","{""side"":""'F'""}","null","bf7ec15a98a36cf02add93be8a8c29c09b1e4d46ed936631abff56228b369627","https://github.com/harshitgoel96/ergogen_footprints/blob/d569c92090e56dda30fa4d4ed54f65d76980d47e/m3_mounting.js","source inventory only; not runtime-qualified"
"harshitgoel96/ergogen_footprints","d569c92090e56dda30fa4d4ed54f65d76980d47e","mx_socket_mxlp_choc.js","params/body","[""SCK"",""VCC"",""GND"",""CS"",""from"",""to""]","[]","{""side"":""'F'""}","null","85a1f2977b2a3b180a927a804c5612aa1d19032487d1255f1a85c80b555743e9","https://github.com/harshitgoel96/ergogen_footprints/blob/d569c92090e56dda30fa4d4ed54f65d76980d47e/mx_socket_mxlp_choc.js","source inventory only; not runtime-qualified"
"harshitgoel96/ergogen_footprints","d569c92090e56dda30fa4d4ed54f65d76980d47e","r_0805.js","params/body","[""P1"",""P2""]","[]","{""side"":""'F'""}","null","439896163be0c589f51d437835eaa4109375aeac9092a1d4e277ff6822e901d1","https://github.com/harshitgoel96/ergogen_footprints/blob/d569c92090e56dda30fa4d4ed54f65d76980d47e/r_0805.js","source inventory only; not runtime-qualified"
"helgederenthal/ergogen-footprints","84567480106c3a7a7ed2350b34f0c46ea0e587ce","elite-c.js","params/body","[""D3"",""D2"",""D1"",""D0"",""D4"",""C6"",""D7"",""E6"",""B4"",""B5"",""B0"",""F4"",""F5"",""F6"",""F7"",""B1"",""B3"",""B2"",""B6"",""VBUS"",""GND"",""RST"",""VCC"",""B7"",""D5"",""C7"",""F1"",""F0""]","[]","{}","MIT","4f0a3efd3b3772e558bab178a411611c61cd1f6183f27dd220a3fe12a598b68e","https://github.com/helgederenthal/ergogen-footprints/blob/84567480106c3a7a7ed2350b34f0c46ea0e587ce/elite-c.js","source inventory only; not runtime-qualified"
"helgederenthal/ergogen-footprints","84567480106c3a7a7ed2350b34f0c46ea0e587ce","switch_choc_v1_v2.js","params/body","[""from"",""to"",""CENTERHOLE"",""LEFTSTAB"",""RIGHTSTAB""]","[]","{""side"":""'B'"",""reversible"":""false"",""hotswap"":""true"",""solder"":""false""}","CC-BY-NC-SA-4.0","44105202a5409ea2120e5058aceaa92eeb018b0642cec28271964aa1bd738cd2","https://github.com/helgederenthal/ergogen-footprints/blob/84567480106c3a7a7ed2350b34f0c46ea0e587ce/switch_choc_v1_v2.js","source inventory only; not runtime-qualified"
"theb0b12/ergogen-footprints","ca9a6555edee93f383c81f7c76e2adfb5f449c2d","7mouse_bites.js","params/body","[]","[]","{""side"":""'F'""}","null","9500fd7d9fe62bc53b88370bc5b2dbdd38e3a55c0f01a5a28b4ad102e221490f","https://github.com/theb0b12/ergogen-footprints/blob/ca9a6555edee93f383c81f7c76e2adfb5f449c2d/7mouse_bites.js","source inventory only; not runtime-qualified"
"theb0b12/ergogen-footprints","ca9a6555edee93f383c81f7c76e2adfb5f449c2d","chocv1v2b0b.js","params/body","[""from"",""to"",""CENTERHOLE"",""LEFTSTAB"",""RIGHTSTAB""]","[]","{""side"":""'B'"",""reversible"":""false"",""hotswap_pads_same_side"":""false"",""include_traces_vias"":""true"",""hotswap"":""true"",""solder"":""false""}","CC-BY-NC-SA-4.0","2a30cdf56afd57b130238a9a2360f160f92faab73deada74670a8f20a00092b9","https://github.com/theb0b12/ergogen-footprints/blob/ca9a6555edee93f383c81f7c76e2adfb5f449c2d/chocv1v2b0b.js","source inventory only; not runtime-qualified"
"theb0b12/ergogen-footprints","ca9a6555edee93f383c81f7c76e2adfb5f449c2d","cirque.js","params/body","[""P1"",""P10"",""P11"",""P12"",""P13"",""P14"",""P2"",""P3"",""P4"",""P5"",""P6"",""P7"",""P8"",""P9""]","[]","{""side"":""'F'""}","null","60b39e7ac927569ef42919f7d33b0a95af9af25b04da82d3a128f1da134f4554","https://github.com/theb0b12/ergogen-footprints/blob/ca9a6555edee93f383c81f7c76e2adfb5f449c2d/cirque.js","source inventory only; not runtime-qualified"
"theb0b12/ergogen-footprints","ca9a6555edee93f383c81f7c76e2adfb5f449c2d","doru-tht.js","params/body","[""P12"",""P13"",""P14"",""P15"",""P16"",""P17"",""P18"",""P19"",""P20"",""P23"",""P24""]","[]","{""side"":""'F'""}","null","502e6ad0b3e577f5d2d1636bc16e9e23a3300828bec4e023b09e28d64ad61e79","https://github.com/theb0b12/ergogen-footprints/blob/ca9a6555edee93f383c81f7c76e2adfb5f449c2d/doru-tht.js","source inventory only; not runtime-qualified"
"theb0b12/ergogen-footprints","ca9a6555edee93f383c81f7c76e2adfb5f449c2d","haptic.js","params/body","[""P1"",""P2"",""P3"",""P4"",""P5""]","[]","{""side"":""'F'""}","null","594d6ad80aac6caabc272d7b5bf6e5994cfc3c37e7c38e7eaa1393748ab8ab8a","https://github.com/theb0b12/ergogen-footprints/blob/ca9a6555edee93f383c81f7c76e2adfb5f449c2d/haptic.js","source inventory only; not runtime-qualified"
"theb0b12/ergogen-footprints","ca9a6555edee93f383c81f7c76e2adfb5f449c2d","jumper1.js","params/body","[""P1"",""P2""]","[]","{""side"":""'F'""}","null","c9eafb503ed022b9857a6810ec48f4f8321b6b0bfe316b9d9bd551688bf6a085","https://github.com/theb0b12/ergogen-footprints/blob/ca9a6555edee93f383c81f7c76e2adfb5f449c2d/jumper1.js","source inventory only; not runtime-qualified"
"theb0b12/ergogen-footprints","ca9a6555edee93f383c81f7c76e2adfb5f449c2d","oled2.js","params/body","[""P1"",""P2"",""P3"",""P4""]","[]","{""side"":""'F'""}","null","55e06a2aff27c48615089a285a38fa8687fcfca9cbdff0e0afebcb6569914eb6","https://github.com/theb0b12/ergogen-footprints/blob/ca9a6555edee93f383c81f7c76e2adfb5f449c2d/oled2.js","source inventory only; not runtime-qualified"
"theb0b12/ergogen-footprints","ca9a6555edee93f383c81f7c76e2adfb5f449c2d","placeholder.js","params/body","[]","[]","{""side"":""'B'""}","null","02e7cec10911182e239d296dc921830b559f350d5f9c5e7aa1e95ab83c7bff16","https://github.com/theb0b12/ergogen-footprints/blob/ca9a6555edee93f383c81f7c76e2adfb5f449c2d/placeholder.js","source inventory only; not runtime-qualified"
"theb0b12/ergogen-footprints","ca9a6555edee93f383c81f7c76e2adfb5f449c2d","rotary.js","params/body","[""A"",""B"",""C"",""MP"",""S1"",""S2""]","[]","{""side"":""'F'""}","null","62e7151d8b196f9b35d380bf00969e65c345ba296be6e76d49981996c7655d04","https://github.com/theb0b12/ergogen-footprints/blob/ca9a6555edee93f383c81f7c76e2adfb5f449c2d/rotary.js","source inventory only; not runtime-qualified"
"theb0b12/ergogen-footprints","ca9a6555edee93f383c81f7c76e2adfb5f449c2d","router.js","params/body","[""net""]","[]","{}","null","196bc80e15bcab7786e30af7ab0de5233a5195f3b92cfa589ea6f926705dd368","https://github.com/theb0b12/ergogen-footprints/blob/ca9a6555edee93f383c81f7c76e2adfb5f449c2d/router.js","source inventory only; not runtime-qualified"
"theb0b12/ergogen-footprints","ca9a6555edee93f383c81f7c76e2adfb5f449c2d","seeed-xiao-plus.js","params/body","[""D0"",""D11"",""D1"",""D12"",""D2"",""D13"",""D3"",""D14"",""D4"",""D15"",""D5"",""BATTERY_LEVEL"",""D6"",""VBUS"",""GND"",""V3_3"",""D10"",""D19"",""D9"",""D18"",""D8"",""D17"",""D7"",""CLK"",""DIO"",""RST"",""BAT_POS"",""BAT_NEG""]","[]","{""reverse_mount"":""false"",""reversible"":""true""}","null","f4d14ee6a5459d68d0ea2c7b2bc5cd9ffbc8a6a6a90274351dd5b3609c7e097c","https://github.com/theb0b12/ergogen-footprints/blob/ca9a6555edee93f383c81f7c76e2adfb5f449c2d/seeed-xiao-plus.js","source inventory only; not runtime-qualified"
"theb0b12/ergogen-footprints","ca9a6555edee93f383c81f7c76e2adfb5f449c2d","shift_reg.js","params/body","[""P1"",""P2"",""P3"",""P4"",""P5"",""P6"",""P7"",""P8"",""P9"",""P10"",""P11"",""P12"",""P13"",""P14"",""P15"",""P16""]","[]","{""side"":""'F'""}","null","38218b628687efb061113ed19ee82364ba4455dd8a547d988c3c68cc31ee7d21","https://github.com/theb0b12/ergogen-footprints/blob/ca9a6555edee93f383c81f7c76e2adfb5f449c2d/shift_reg.js","source inventory only; not runtime-qualified"
"theb0b12/ergogen-footprints","ca9a6555edee93f383c81f7c76e2adfb5f449c2d","smd.js","params/body","[""from"",""to""]","[]","{}","null","6f3740d4015d0a7e0027c0e50d7c45960bd67f3742126246f2eeaa0f80d5679b","https://github.com/theb0b12/ergogen-footprints/blob/ca9a6555edee93f383c81f7c76e2adfb5f449c2d/smd.js","source inventory only; not runtime-qualified"
"theb0b12/ergogen-footprints","ca9a6555edee93f383c81f7c76e2adfb5f449c2d","trrs.js","params/body","[""P1"",""P2"",""P3"",""P4""]","[]","{""side"":""'F'""}","null","d262d6ab4e6eb654de6d6b0085bc5ed1f6c2b04027be9fe2299c6fa25d156dfd","https://github.com/theb0b12/ergogen-footprints/blob/ca9a6555edee93f383c81f7c76e2adfb5f449c2d/trrs.js","source inventory only; not runtime-qualified"
"theb0b12/ergogen-footprints","ca9a6555edee93f383c81f7c76e2adfb5f449c2d","usbc.js","params/body","[""A12"",""A5"",""A9"",""B12"",""B5"",""B9"",""SH1"",""SH2"",""SH3"",""SH4""]","[]","{""side"":""'F'""}","null","6c1b529fe0e08f4fed13ceb3b1b77a1aafc2d963a2f89990143c7cca18c7bb02","https://github.com/theb0b12/ergogen-footprints/blob/ca9a6555edee93f383c81f7c76e2adfb5f449c2d/usbc.js","source inventory only; not runtime-qualified"
"theb0b12/ergogen-footprints","ca9a6555edee93f383c81f7c76e2adfb5f449c2d","vik_horizontal.js","params/body","[""VIK1"",""VIK2"",""VIK3"",""VIK4"",""VIK5"",""VIK6"",""VIK7"",""VIK8"",""VIK9"",""VIK10"",""VIK11"",""VIK12""]","[]","{""side"":""'F'""}","null","d197ec3215fe259502f2a3fe4a34c77db0a38b69cb07c9ee142650e5cff6e9fa","https://github.com/theb0b12/ergogen-footprints/blob/ca9a6555edee93f383c81f7c76e2adfb5f449c2d/vik_horizontal.js","source inventory only; not runtime-qualified"
"theb0b12/ergogen-footprints","ca9a6555edee93f383c81f7c76e2adfb5f449c2d","vikout.js","params/body","[""VIK1"",""VIK2"",""VIK3"",""VIK4"",""VIK5"",""VIK6"",""VIK7"",""VIK8"",""VIK9"",""VIK10"",""VIK11"",""VIK12""]","[]","{""side"":""'F'""}","null","d7e5bef8b4035d2077add2a9a953cb1192f97e7df0a849dbf5aca48151dca8a2","https://github.com/theb0b12/ergogen-footprints/blob/ca9a6555edee93f383c81f7c76e2adfb5f449c2d/vikout.js","source inventory only; not runtime-qualified"
"ykz89/ergogen-footprints","01c8cd03ff9bd66b283f82c7059b11b7be8ed26f","ks27-choc-v1-mx-soldered-and-hotswap.js","params/body","[""from"",""to""]","[]","{""side"":""'B'"",""include_traces"":""{type: 'boolean', value: false}""}","null","d7ea2f2bd61428ee98a361abb1880eeb8f2c4bcbfcee3769405605ca4d2c7ced","https://github.com/ykz89/ergogen-footprints/blob/01c8cd03ff9bd66b283f82c7059b11b7be8ed26f/ks27-choc-v1-mx-soldered-and-hotswap.js","source inventory only; not runtime-qualified"
"ykz89/ergogen-footprints","01c8cd03ff9bd66b283f82c7059b11b7be8ed26f","vik-keyboard-connector-horizontal.js","params/body","[""P1"",""P2"",""P3"",""P4"",""P5"",""P6"",""P7"",""P8"",""P9"",""P10"",""P11"",""P12""]","[]","{""side"":""'F'""}","null","087495ebe496958254bffda4716d01eb8ab7d75c22dcb288f0894b0f5720e8c9","https://github.com/ykz89/ergogen-footprints/blob/01c8cd03ff9bd66b283f82c7059b11b7be8ed26f/vik-keyboard-connector-horizontal.js","source inventory only; not runtime-qualified"
"johnlamb/LambBT","c127665660b2f8adc8632cb89790d27262cc3549","ergogen/footprints/b3u1000p.js","params/body","[""r1"",""r2""]","[]","{""reverse"":""true""}","null","7fe8276040da2ae826b773713bbfd8e355d84cf78da6b873e25a317021e02400","https://github.com/johnlamb/LambBT/blob/c127665660b2f8adc8632cb89790d27262cc3549/ergogen/footprints/b3u1000p.js","source inventory only; not runtime-qualified"
"johnlamb/LambBT","c127665660b2f8adc8632cb89790d27262cc3549","ergogen/footprints/bat.js","params/body","[""pos"",""neg""]","[]","{}","null","5edcd8a12191f57b9e9026828e160cfe31d20763c3deecb563d579b9b41656f1","https://github.com/johnlamb/LambBT/blob/c127665660b2f8adc8632cb89790d27262cc3549/ergogen/footprints/bat.js","source inventory only; not runtime-qualified"
"johnlamb/LambBT","c127665660b2f8adc8632cb89790d27262cc3549","ergogen/footprints/batterypad.js","params/body","[""to"",""from""]","[]","{}","null","61e5ce53abac03eba6443eedeb5eb1630514fa23cd0c57416af6b82644a5eae1","https://github.com/johnlamb/LambBT/blob/c127665660b2f8adc8632cb89790d27262cc3549/ergogen/footprints/batterypad.js","source inventory only; not runtime-qualified"
"johnlamb/LambBT","c127665660b2f8adc8632cb89790d27262cc3549","ergogen/footprints/mountinghole.js","params/body","[]","[]","{}","null","d5effdc36a25bb0fbbf92c91419662667ad00d4b76ccc0676c1f0fc5f42690b6","https://github.com/johnlamb/LambBT/blob/c127665660b2f8adc8632cb89790d27262cc3549/ergogen/footprints/mountinghole.js","source inventory only; not runtime-qualified"
"johnlamb/LambBT","c127665660b2f8adc8632cb89790d27262cc3549","ergogen/footprints/pcm12.js","params/body","[""from"",""to""]","[]","{""reverse"":""false""}","null","e5c0b3664b369d1100178d800480e4e61c463a23aa3d6626b1d454e15d918ef8","https://github.com/johnlamb/LambBT/blob/c127665660b2f8adc8632cb89790d27262cc3549/ergogen/footprints/pcm12.js","source inventory only; not runtime-qualified"
"johnlamb/LambBT","c127665660b2f8adc8632cb89790d27262cc3549","ergogen/footprints/promicro_pretty.js","params/body","[""RAW"",""GND"",""RST"",""VCC"",""P21"",""P20"",""P19"",""P18"",""P15"",""P14"",""P16"",""P10"",""P1"",""P0"",""P2"",""P3"",""P4"",""P5"",""P6"",""P7"",""P8"",""P9""]","[]","{}","null","30b689484ede223e258196eb9eb5179dd96b3d46bf231d542f8c8efc456ee855","https://github.com/johnlamb/LambBT/blob/c127665660b2f8adc8632cb89790d27262cc3549/ergogen/footprints/promicro_pretty.js","source inventory only; not runtime-qualified"
"dnlbauer/corax-keyboard","7e01724621f12f1c1099f78c978bcb6aca19b795","corax54/ergogen/footprints/battery.js","params/body","[""RAW"",""GND""]","[]","{}","null","722f0ffda80c9e2b170987726cdc45a79c8e6038f74b538f17de94d7ff63c143","https://github.com/dnlbauer/corax-keyboard/blob/7e01724621f12f1c1099f78c978bcb6aca19b795/corax54/ergogen/footprints/battery.js","source inventory only; not runtime-qualified"
"dnlbauer/corax-keyboard","7e01724621f12f1c1099f78c978bcb6aca19b795","corax54/ergogen/footprints/choc.js","params/body","[""from"",""to""]","[]","{""hotswap"":""false"",""reverse"":""false""}","null","856e75131761138d22bff4e06d496045e21373c6a1bc657e51e769dc7db7c79e","https://github.com/dnlbauer/corax-keyboard/blob/7e01724621f12f1c1099f78c978bcb6aca19b795/corax54/ergogen/footprints/choc.js","source inventory only; not runtime-qualified"
"dnlbauer/corax-keyboard","7e01724621f12f1c1099f78c978bcb6aca19b795","corax54/ergogen/footprints/diode.js","params/body","[""from"",""to""]","[]","{}","null","1c4049c6ddcf1df768398d6dbf1ecce0d29b3bfa71d52d4ec5542e5c1eaa2768","https://github.com/dnlbauer/corax-keyboard/blob/7e01724621f12f1c1099f78c978bcb6aca19b795/corax54/ergogen/footprints/diode.js","source inventory only; not runtime-qualified"
"dnlbauer/corax-keyboard","7e01724621f12f1c1099f78c978bcb6aca19b795","corax54/ergogen/footprints/hole.js","params/body","[]","[]","{}","null","7f83bdac4bc694451259673868d588913cf521ff84b9289a6fb0886c841f7be5","https://github.com/dnlbauer/corax-keyboard/blob/7e01724621f12f1c1099f78c978bcb6aca19b795/corax54/ergogen/footprints/hole.js","source inventory only; not runtime-qualified"
"dnlbauer/corax-keyboard","7e01724621f12f1c1099f78c978bcb6aca19b795","corax54/ergogen/footprints/jumper.js","params/body","[""from"",""to""]","[]","{""side"":""'F'""}","null","8293b665efb07215d31e4f8fcfd7d795f88c44153ea36ebf1889969cb2dc8d37","https://github.com/dnlbauer/corax-keyboard/blob/7e01724621f12f1c1099f78c978bcb6aca19b795/corax54/ergogen/footprints/jumper.js","source inventory only; not runtime-qualified"
"dnlbauer/corax-keyboard","7e01724621f12f1c1099f78c978bcb6aca19b795","corax54/ergogen/footprints/nicenano.js","params/body","[""RAW"",""GND1"",""RST"",""VCC"",""P21"",""P20"",""P19"",""P18"",""P15"",""P14"",""P16"",""P10"",""P1"",""P0"",""GND2"",""GND3"",""P2"",""P3"",""P4"",""P5"",""P6"",""P7"",""P8"",""P9""]","[]","{}","null","298d77db35ee377876cf7a3f70b7f6edbcd55b2374c9fe5bf3ecb25aa52343b6","https://github.com/dnlbauer/corax-keyboard/blob/7e01724621f12f1c1099f78c978bcb6aca19b795/corax54/ergogen/footprints/nicenano.js","source inventory only; not runtime-qualified"
"dnlbauer/corax-keyboard","7e01724621f12f1c1099f78c978bcb6aca19b795","corax54/ergogen/footprints/niceview.js","params/body","[""VCC"",""GND"",""SDA"",""SCL"",""CS""]","[]","{""side"":""'F'""}","null","fd6bbf5844ee35a1ac8d8a022d26759235cb83443845602159048f36294f9c93","https://github.com/dnlbauer/corax-keyboard/blob/7e01724621f12f1c1099f78c978bcb6aca19b795/corax54/ergogen/footprints/niceview.js","source inventory only; not runtime-qualified"
"dnlbauer/corax-keyboard","7e01724621f12f1c1099f78c978bcb6aca19b795","corax54/ergogen/footprints/reset.js","params/body","[""from"",""to""]","[]","{""side"":""\""F\""""}","null","77bf6462fc58aefc6e7e61a9741238b3863e117c2dbd4d88806b88abe8811df4","https://github.com/dnlbauer/corax-keyboard/blob/7e01724621f12f1c1099f78c978bcb6aca19b795/corax54/ergogen/footprints/reset.js","source inventory only; not runtime-qualified"
"dnlbauer/corax-keyboard","7e01724621f12f1c1099f78c978bcb6aca19b795","corax54/ergogen/footprints/rotary.js","params/body","[""from"",""to"",""A"",""B"",""C""]","[]","{}","null","55a747b6215b8d47f7cb5a63fa2a37cdf24ca918c4ef89ab2c0895d4e6cad1a1","https://github.com/dnlbauer/corax-keyboard/blob/7e01724621f12f1c1099f78c978bcb6aca19b795/corax54/ergogen/footprints/rotary.js","source inventory only; not runtime-qualified"
"dnlbauer/corax-keyboard","7e01724621f12f1c1099f78c978bcb6aca19b795","corax54/ergogen/footprints/scrollwheel_mirrored.js","params/body","[""from"",""to"",""A"",""B"",""C"",""D""]","[]","{""reverse"":""false""}","null","dc47ef35f5fe856dbaf73d727495ac7f2c352b748f10ae184d4669892cdb94fd","https://github.com/dnlbauer/corax-keyboard/blob/7e01724621f12f1c1099f78c978bcb6aca19b795/corax54/ergogen/footprints/scrollwheel_mirrored.js","source inventory only; not runtime-qualified"
"dnlbauer/corax-keyboard","7e01724621f12f1c1099f78c978bcb6aca19b795","corax54/ergogen/footprints/slider_reversible.js","params/body","[""from"",""to""]","[]","{""side"":""'F'"",""reverse"":""false""}","null","74b26282fa152c2f245d916adabf52e83570ea2de1dedafcb83841acb8ab0e5a","https://github.com/dnlbauer/corax-keyboard/blob/7e01724621f12f1c1099f78c978bcb6aca19b795/corax54/ergogen/footprints/slider_reversible.js","source inventory only; not runtime-qualified"
"dnlbauer/corax-keyboard","7e01724621f12f1c1099f78c978bcb6aca19b795","corax54/ergogen/footprints/text.js","params/body","[]","[]","{""side"":""'F'""}","null","8295db3b2caedb8e67b746f59f9184a99369d5d5c0c53bd08deeeb60f28c1b3a","https://github.com/dnlbauer/corax-keyboard/blob/7e01724621f12f1c1099f78c978bcb6aca19b795/corax54/ergogen/footprints/text.js","source inventory only; not runtime-qualified"
"dnlbauer/corax-keyboard","7e01724621f12f1c1099f78c978bcb6aca19b795","corax56/ergogen/footprints/battery.js","params/body","[""RAW"",""GND""]","[]","{}","null","722f0ffda80c9e2b170987726cdc45a79c8e6038f74b538f17de94d7ff63c143","https://github.com/dnlbauer/corax-keyboard/blob/7e01724621f12f1c1099f78c978bcb6aca19b795/corax56/ergogen/footprints/battery.js","source inventory only; not runtime-qualified"
"dnlbauer/corax-keyboard","7e01724621f12f1c1099f78c978bcb6aca19b795","corax56/ergogen/footprints/choc.js","params/body","[""from"",""to""]","[]","{""hotswap"":""false"",""reverse"":""false""}","null","856e75131761138d22bff4e06d496045e21373c6a1bc657e51e769dc7db7c79e","https://github.com/dnlbauer/corax-keyboard/blob/7e01724621f12f1c1099f78c978bcb6aca19b795/corax56/ergogen/footprints/choc.js","source inventory only; not runtime-qualified"
"dnlbauer/corax-keyboard","7e01724621f12f1c1099f78c978bcb6aca19b795","corax56/ergogen/footprints/diode.js","params/body","[""from"",""to""]","[]","{}","null","1c4049c6ddcf1df768398d6dbf1ecce0d29b3bfa71d52d4ec5542e5c1eaa2768","https://github.com/dnlbauer/corax-keyboard/blob/7e01724621f12f1c1099f78c978bcb6aca19b795/corax56/ergogen/footprints/diode.js","source inventory only; not runtime-qualified"
"dnlbauer/corax-keyboard","7e01724621f12f1c1099f78c978bcb6aca19b795","corax56/ergogen/footprints/hole.js","params/body","[]","[]","{}","null","7f83bdac4bc694451259673868d588913cf521ff84b9289a6fb0886c841f7be5","https://github.com/dnlbauer/corax-keyboard/blob/7e01724621f12f1c1099f78c978bcb6aca19b795/corax56/ergogen/footprints/hole.js","source inventory only; not runtime-qualified"
"dnlbauer/corax-keyboard","7e01724621f12f1c1099f78c978bcb6aca19b795","corax56/ergogen/footprints/jumper.js","params/body","[""from"",""to""]","[]","{""side"":""'F'""}","null","8293b665efb07215d31e4f8fcfd7d795f88c44153ea36ebf1889969cb2dc8d37","https://github.com/dnlbauer/corax-keyboard/blob/7e01724621f12f1c1099f78c978bcb6aca19b795/corax56/ergogen/footprints/jumper.js","source inventory only; not runtime-qualified"
"dnlbauer/corax-keyboard","7e01724621f12f1c1099f78c978bcb6aca19b795","corax56/ergogen/footprints/nicenano.js","params/body","[""RAW"",""GND1"",""RST"",""VCC"",""P21"",""P20"",""P19"",""P18"",""P15"",""P14"",""P16"",""P10"",""P1"",""P0"",""GND2"",""GND3"",""P2"",""P3"",""P4"",""P5"",""P6"",""P7"",""P8"",""P9""]","[]","{}","null","298d77db35ee377876cf7a3f70b7f6edbcd55b2374c9fe5bf3ecb25aa52343b6","https://github.com/dnlbauer/corax-keyboard/blob/7e01724621f12f1c1099f78c978bcb6aca19b795/corax56/ergogen/footprints/nicenano.js","source inventory only; not runtime-qualified"
"dnlbauer/corax-keyboard","7e01724621f12f1c1099f78c978bcb6aca19b795","corax56/ergogen/footprints/niceview.js","params/body","[""VCC"",""GND"",""SDA"",""SCL"",""CS""]","[]","{""side"":""'F'""}","null","fd6bbf5844ee35a1ac8d8a022d26759235cb83443845602159048f36294f9c93","https://github.com/dnlbauer/corax-keyboard/blob/7e01724621f12f1c1099f78c978bcb6aca19b795/corax56/ergogen/footprints/niceview.js","source inventory only; not runtime-qualified"
"dnlbauer/corax-keyboard","7e01724621f12f1c1099f78c978bcb6aca19b795","corax56/ergogen/footprints/reset.js","params/body","[""from"",""to""]","[]","{""side"":""\""F\""""}","null","77bf6462fc58aefc6e7e61a9741238b3863e117c2dbd4d88806b88abe8811df4","https://github.com/dnlbauer/corax-keyboard/blob/7e01724621f12f1c1099f78c978bcb6aca19b795/corax56/ergogen/footprints/reset.js","source inventory only; not runtime-qualified"
"dnlbauer/corax-keyboard","7e01724621f12f1c1099f78c978bcb6aca19b795","corax56/ergogen/footprints/rotary.js","params/body","[""from"",""to"",""A"",""B"",""C""]","[]","{}","null","55a747b6215b8d47f7cb5a63fa2a37cdf24ca918c4ef89ab2c0895d4e6cad1a1","https://github.com/dnlbauer/corax-keyboard/blob/7e01724621f12f1c1099f78c978bcb6aca19b795/corax56/ergogen/footprints/rotary.js","source inventory only; not runtime-qualified"
"dnlbauer/corax-keyboard","7e01724621f12f1c1099f78c978bcb6aca19b795","corax56/ergogen/footprints/scrollwheel_mirrored.js","params/body","[""from"",""to"",""A"",""B"",""C"",""D""]","[]","{""reverse"":""false""}","null","dc47ef35f5fe856dbaf73d727495ac7f2c352b748f10ae184d4669892cdb94fd","https://github.com/dnlbauer/corax-keyboard/blob/7e01724621f12f1c1099f78c978bcb6aca19b795/corax56/ergogen/footprints/scrollwheel_mirrored.js","source inventory only; not runtime-qualified"
"dnlbauer/corax-keyboard","7e01724621f12f1c1099f78c978bcb6aca19b795","corax56/ergogen/footprints/slider_reversible.js","params/body","[""from"",""to""]","[]","{""side"":""'F'"",""reverse"":""false""}","null","74b26282fa152c2f245d916adabf52e83570ea2de1dedafcb83841acb8ab0e5a","https://github.com/dnlbauer/corax-keyboard/blob/7e01724621f12f1c1099f78c978bcb6aca19b795/corax56/ergogen/footprints/slider_reversible.js","source inventory only; not runtime-qualified"
"dnlbauer/corax-keyboard","7e01724621f12f1c1099f78c978bcb6aca19b795","corax56/ergogen/footprints/text.js","params/body","[]","[]","{""side"":""'F'""}","null","8295db3b2caedb8e67b746f59f9184a99369d5d5c0c53bd08deeeb60f28c1b3a","https://github.com/dnlbauer/corax-keyboard/blob/7e01724621f12f1c1099f78c978bcb6aca19b795/corax56/ergogen/footprints/text.js","source inventory only; not runtime-qualified"
"unspecworks/gamma-omega","840f3c9c7454f699907d58289f54927d6d18ca69","original/ergogen/footprints/VladAndral/pipico.js","params/body","[""GP0"",""GP1"",""GP2"",""GP3"",""GP4"",""GP5"",""GP6"",""GP7"",""GP8"",""GP9"",""GP10"",""GP11"",""GP12"",""GP13"",""GP14"",""GP15"",""GP16"",""GP17"",""GP18"",""GP19"",""GP20"",""GP21"",""GP22"",""GP26"",""GP27"",""GP28"",""RUN"",""ADC_VREF"",""V3V3_OUT"",""V3V3_EN"",""VSYS"",""VBUS"",""GND"",""AGND"",""SWCLK"",""SWDIO""]","[]","{}","null","833d07bfbacf6dc9ff963f7b177287d440e7684b10c95c1809983d456bdb4d71","https://github.com/unspecworks/gamma-omega/blob/840f3c9c7454f699907d58289f54927d6d18ca69/original/ergogen/footprints/VladAndral/pipico.js","source inventory only; not runtime-qualified"
"unspecworks/gamma-omega","840f3c9c7454f699907d58289f54927d6d18ca69","original/ergogen/footprints/hesse_logo.js","params/body","[]","[]","{}","null","7b00a7b011f664e6692e48659dfc8d9155316ab6d2bb04626ad6a11ce017b6cb","https://github.com/unspecworks/gamma-omega/blob/840f3c9c7454f699907d58289f54927d6d18ca69/original/ergogen/footprints/hesse_logo.js","source inventory only; not runtime-qualified"
"unspecworks/gamma-omega","840f3c9c7454f699907d58289f54927d6d18ca69","original/ergogen/footprints/reset_switch_1825027-8.js","params/body","[""from"",""to""]","[]","{""side"":""'F'"",""reversible"":""false""}","MIT","228c11f3a8a23665b319fa25b61fae080e6b5c4c1d73ce7f05d140cb7b24ac16","https://github.com/unspecworks/gamma-omega/blob/840f3c9c7454f699907d58289f54927d6d18ca69/original/ergogen/footprints/reset_switch_1825027-8.js","source inventory only; not runtime-qualified"
"unspecworks/gamma-omega","840f3c9c7454f699907d58289f54927d6d18ca69","original/ergogen/footprints/tc36k_logo.js","params/body","[]","[]","{}","null","036cec0f0d40f82c7d48606bf97ffc8f1d183fd73d663c02934e093c67c95949","https://github.com/unspecworks/gamma-omega/blob/840f3c9c7454f699907d58289f54927d6d18ca69/original/ergogen/footprints/tc36k_logo.js","source inventory only; not runtime-qualified"
"unspecworks/gamma-omega","840f3c9c7454f699907d58289f54927d6d18ca69","original/ergogen/footprints/unspecworks/diode_tht.js","params/body","[""from"",""to""]","[]","{""side"":""'B'"",""reversible"":""false"",""include_traces_vias"":""false""}","CC-BY-NC-SA-4.0","c016ea2128fa948aa2e8f5729f5ff9e4f09f7b58e2b2742ed3ab3521c937de29","https://github.com/unspecworks/gamma-omega/blob/840f3c9c7454f699907d58289f54927d6d18ca69/original/ergogen/footprints/unspecworks/diode_tht.js","source inventory only; not runtime-qualified"
"unspecworks/gamma-omega","840f3c9c7454f699907d58289f54927d6d18ca69","original/ergogen/footprints/unspecworks/pico_oneside.js","params/body","[""P0"",""VB"",""P1"",""VS"",""GND"",""P2"",""P23"",""P3"",""V3"",""P4"",""P29"",""P5"",""P28"",""GND"",""P6"",""P27"",""P7"",""P26"",""P8"",""RUN"",""P9"",""P22"",""GND"",""P10"",""P21"",""P11"",""P20"",""P12"",""P19"",""P13"",""P18"",""GND"",""P14"",""P17"",""P15"",""P16""]","[]","{}","null","ce5d36445a96057489b0ccb346857e8316b6f3b8f3a083b0d8e3eb40ae8619e5","https://github.com/unspecworks/gamma-omega/blob/840f3c9c7454f699907d58289f54927d6d18ca69/original/ergogen/footprints/unspecworks/pico_oneside.js","source inventory only; not runtime-qualified"
"Narkoleptika/josukey","15bfa535a9876d95c239333d4debe53209aa4b46","ergogen/footprints/jst-s2b-ph-kl.js","params/body","[""pos"",""neg""]","[]","{}","null","4d8e120fe7f48a01838e5be6397acb8b3f10b66a6239cd429bbae0297ebc3548","https://github.com/Narkoleptika/josukey/blob/15bfa535a9876d95c239333d4debe53209aa4b46/ergogen/footprints/jst-s2b-ph-kl.js","source inventory only; not runtime-qualified"
"Narkoleptika/josukey","15bfa535a9876d95c239333d4debe53209aa4b46","ergogen/footprints/keepout.js","params/body","[]","[]","{}","null","04b6cf0a9799f73b2b4ae3313859318c7a02f37e655a4b9b2ef545d3061de274","https://github.com/Narkoleptika/josukey/blob/15bfa535a9876d95c239333d4debe53209aa4b46/ergogen/footprints/keepout.js","source inventory only; not runtime-qualified"
"Narkoleptika/josukey","15bfa535a9876d95c239333d4debe53209aa4b46","ergogen/footprints/love.js","params/body","[]","[]","{}","null","391a86b40db246860c7282c956c5006e0d825e011e25de2eb8a57b7130d3eedb","https://github.com/Narkoleptika/josukey/blob/15bfa535a9876d95c239333d4debe53209aa4b46/ergogen/footprints/love.js","source inventory only; not runtime-qualified"
"Narkoleptika/josukey","15bfa535a9876d95c239333d4debe53209aa4b46","ergogen/footprints/pcm12.js","params/body","[""from"",""to""]","[]","{}","null","699d08f40c7cd264e1b54d415403d0b36b3dd3558dfee864bd104dbcc6eeaa49","https://github.com/Narkoleptika/josukey/blob/15bfa535a9876d95c239333d4debe53209aa4b46/ergogen/footprints/pcm12.js","source inventory only; not runtime-qualified"
"Narkoleptika/josukey","15bfa535a9876d95c239333d4debe53209aa4b46","ergogen/footprints/peace.js","params/body","[]","[]","{}","null","472266c849d763c3211af3a9cdb6469a995694ab541a7b5f4c0ec7f5994ae52f","https://github.com/Narkoleptika/josukey/blob/15bfa535a9876d95c239333d4debe53209aa4b46/ergogen/footprints/peace.js","source inventory only; not runtime-qualified"
"Narkoleptika/josukey","15bfa535a9876d95c239333d4debe53209aa4b46","ergogen/footprints/promicro_pretty.js","params/body","[""RAW"",""GND"",""RST"",""VCC"",""P21"",""P20"",""P19"",""P18"",""P15"",""P14"",""P16"",""P10"",""P1"",""P0"",""P2"",""P3"",""P4"",""P5"",""P6"",""P7"",""P8"",""P9""]","[]","{}","null","dd624cfe8b9eb27a716d9a973e31491b4678fad22cc350bebc414e1e36389cd1","https://github.com/Narkoleptika/josukey/blob/15bfa535a9876d95c239333d4debe53209aa4b46/ergogen/footprints/promicro_pretty.js","source inventory only; not runtime-qualified"
"Narkoleptika/josukey","15bfa535a9876d95c239333d4debe53209aa4b46","ergogen/footprints/route.js","params/body","[""net""]","[]","{""side"":""'F'""}","null","7128db4f18dd305b3e00a12f15c4511d27945bdde111ba1bb023fd79b6c186e0","https://github.com/Narkoleptika/josukey/blob/15bfa535a9876d95c239333d4debe53209aa4b46/ergogen/footprints/route.js","source inventory only; not runtime-qualified"
"Narkoleptika/josukey","15bfa535a9876d95c239333d4debe53209aa4b46","ergogen/footprints/sk6812mini.js","params/body","[""din"",""dout"",""VCC"",""GND""]","[]","{}","null","1afdd924cf878a794ccd5e578d2a4b662f894b2a77b31bfe28bebb41fbca6761","https://github.com/Narkoleptika/josukey/blob/15bfa535a9876d95c239333d4debe53209aa4b46/ergogen/footprints/sk6812mini.js","source inventory only; not runtime-qualified"
"Narkoleptika/josukey","15bfa535a9876d95c239333d4debe53209aa4b46","ergogen/footprints/sod-123w.js","params/body","[""from"",""to""]","[]","{}","null","1789fa2b7219b57da583aabb7e955b05a52e361090d16a26895b1c07180a3134","https://github.com/Narkoleptika/josukey/blob/15bfa535a9876d95c239333d4debe53209aa4b46/ergogen/footprints/sod-123w.js","source inventory only; not runtime-qualified"
"Narkoleptika/josukey","15bfa535a9876d95c239333d4debe53209aa4b46","ergogen/footprints/text.js","params/body","[]","[]","{}","null","43b5c8a92fea310dc9f200c2df53e609ace80b2425e65b87147abf95905b036b","https://github.com/Narkoleptika/josukey/blob/15bfa535a9876d95c239333d4debe53209aa4b46/ergogen/footprints/text.js","source inventory only; not runtime-qualified"
"Narkoleptika/josukey","15bfa535a9876d95c239333d4debe53209aa4b46","ergogen/footprints/via.js","params/body","[""net""]","[]","{}","null","951a99b1a4792d774255da00b4586067ee6bdc65c180b1b6a64cae96164dd781","https://github.com/Narkoleptika/josukey/blob/15bfa535a9876d95c239333d4debe53209aa4b46/ergogen/footprints/via.js","source inventory only; not runtime-qualified"
"Narkoleptika/josukey","15bfa535a9876d95c239333d4debe53209aa4b46","ergogen/footprints/wuerth-434121025816.js","params/body","[""r1"",""r2""]","[]","{""reverse"":""true""}","null","fb5887385437b701ca8fafeb43843ec651d28674b70885964ed09ceaefbe924e","https://github.com/Narkoleptika/josukey/blob/15bfa535a9876d95c239333d4debe53209aa4b46/ergogen/footprints/wuerth-434121025816.js","source inventory only; not runtime-qualified"
"soundmonster/samoklava","a23bf7180eb31e970980c9d20f7c0d886c5032da","footprints/promicro_flippable.js","params/body","[""RAW"",""GND"",""RST"",""VCC"",""P21"",""P20"",""P19"",""P18"",""P15"",""P14"",""P16"",""P10"",""P1"",""P0"",""P2"",""P3"",""P4"",""P5"",""P6"",""P7"",""P8"",""P9""]","[]","{}","null","aaf01f1d18aaa3635de12de6b607a8ccc67d8bf530389c945dff6b2e9e3b957d","https://github.com/soundmonster/samoklava/blob/a23bf7180eb31e970980c9d20f7c0d886c5032da/footprints/promicro_flippable.js","source inventory only; not runtime-qualified"
"soundmonster/samoklava","a23bf7180eb31e970980c9d20f7c0d886c5032da","footprints/reset_button.js","params/body","[""from"",""to""]","[]","{}","null","8a82c6cc476f9555003c9b611e301d84318789018f761fa28527bb4a53e7bfb4","https://github.com/soundmonster/samoklava/blob/a23bf7180eb31e970980c9d20f7c0d886c5032da/footprints/reset_button.js","source inventory only; not runtime-qualified"
"soundmonster/samoklava","a23bf7180eb31e970980c9d20f7c0d886c5032da","footprints/slider_threeway.js","params/body","[""from"",""left"",""right""]","[]","{""side"":""'F'""}","null","d0fe33b19462890e713f9d6fde3d132924bdb2e66a1355b5aafe1f27bf0b9c0c","https://github.com/soundmonster/samoklava/blob/a23bf7180eb31e970980c9d20f7c0d886c5032da/footprints/slider_threeway.js","source inventory only; not runtime-qualified"
"soundmonster/samoklava","a23bf7180eb31e970980c9d20f7c0d886c5032da","footprints/text.js","params/body","[]","[]","{}","null","355403cc20b8d9a4506af452642bf074bb67946010c1a586dc173d25f9c16b6c","https://github.com/soundmonster/samoklava/blob/a23bf7180eb31e970980c9d20f7c0d886c5032da/footprints/text.js","source inventory only; not runtime-qualified"
"soundmonster/samoklava","a23bf7180eb31e970980c9d20f7c0d886c5032da","footprints/trrs_tight.js","params/body","[""A"",""B"",""C"",""D""]","[]","{""reverse"":""false""}","null","db9f22284bfccc70e0a8641aef6a4bd33ca5bedf590e5425d6c408fe9bad6478","https://github.com/soundmonster/samoklava/blob/a23bf7180eb31e970980c9d20f7c0d886c5032da/footprints/trrs_tight.js","source inventory only; not runtime-qualified"
"thrly/tempest","8d1ced109a41dfb5647e67cf5924c7ce4c70b38a","ergogen/footprints/ceoloide/battery_connector_jst_ph_2.js","params/body","[""BAT_P"",""BAT_N""]","[]","{""side"":""'F'"",""reversible"":""false"",""include_traces"":""true""}","MIT","fafe9a53df11fd99a820c9571e1bcbf5a8aedda98774e700642af5af5f00d853","https://github.com/thrly/tempest/blob/8d1ced109a41dfb5647e67cf5924c7ce4c70b38a/ergogen/footprints/ceoloide/battery_connector_jst_ph_2.js","source inventory only; not runtime-qualified"
"thrly/tempest","8d1ced109a41dfb5647e67cf5924c7ce4c70b38a","ergogen/footprints/ceoloide/diode_tht_sod123.js","params/body","[""from"",""to""]","[]","{""side"":""'B'"",""reversible"":""false"",""include_traces_vias"":""false""}","CC-BY-NC-SA-4.0","f57b20d50876d2235682f820d818d5c599bec4f4b7adf559f20631e1018dfa46","https://github.com/thrly/tempest/blob/8d1ced109a41dfb5647e67cf5924c7ce4c70b38a/ergogen/footprints/ceoloide/diode_tht_sod123.js","source inventory only; not runtime-qualified"
"thrly/tempest","8d1ced109a41dfb5647e67cf5924c7ce4c70b38a","ergogen/footprints/ceoloide/display_nice_view.js","params/body","[""MOSI"",""SCK"",""VCC"",""GND"",""CS""]","[]","{""side"":""\""F\"""",""reversible"":""false"",""include_traces"":""true""}","CC-BY-NC-SA-4.0","c74391f6a4359f2110764dc444eb4372e817b7ba4665703b5071a098868f99fb","https://github.com/thrly/tempest/blob/8d1ced109a41dfb5647e67cf5924c7ce4c70b38a/ergogen/footprints/ceoloide/display_nice_view.js","source inventory only; not runtime-qualified"
"thrly/tempest","8d1ced109a41dfb5647e67cf5924c7ce4c70b38a","ergogen/footprints/ceoloide/mcu_nice_nano.js","params/body","[""RAW"",""GND"",""RST"",""VCC"",""P21"",""P20"",""P19"",""P18"",""P15"",""P14"",""P16"",""P10"",""P1"",""P0"",""P2"",""P3"",""P4"",""P5"",""P6"",""P7"",""P8"",""P9"",""P101"",""P102"",""P107""]","[]","{""side"":""\""F\"""",""reversible"":""false"",""reverse_mount"":""false"",""include_traces"":""true""}","CC-BY-NC-SA-4.0","b72615488d5d12abdb77754cd6d9b7e82bc1d3ecd4b50eea0d4442c5e9a9d674","https://github.com/thrly/tempest/blob/8d1ced109a41dfb5647e67cf5924c7ce4c70b38a/ergogen/footprints/ceoloide/mcu_nice_nano.js","source inventory only; not runtime-qualified"
"thrly/tempest","8d1ced109a41dfb5647e67cf5924c7ce4c70b38a","ergogen/footprints/ceoloide/mounting_hole_npth.js","params/body","[]","[]","{""side"":""'F'""}","MIT","73d1dbff6ac90d29c819749c10942e634d89d66e5c8c8f3801b65a818159085d","https://github.com/thrly/tempest/blob/8d1ced109a41dfb5647e67cf5924c7ce4c70b38a/ergogen/footprints/ceoloide/mounting_hole_npth.js","source inventory only; not runtime-qualified"
"thrly/tempest","8d1ced109a41dfb5647e67cf5924c7ce4c70b38a","ergogen/footprints/ceoloide/mounting_hole_plated.js","params/body","[]","[]","{""side"":""'F'""}","CC-BY-NC-SA-4.0","775c2eada3c8003f50737ad37b4c227c07c8bc618438c58c5bd386cd1983818e","https://github.com/thrly/tempest/blob/8d1ced109a41dfb5647e67cf5924c7ce4c70b38a/ergogen/footprints/ceoloide/mounting_hole_plated.js","source inventory only; not runtime-qualified"
"thrly/tempest","8d1ced109a41dfb5647e67cf5924c7ce4c70b38a","ergogen/footprints/ceoloide/power_switch_smd_side.js","params/body","[""from"",""to""]","[]","{""side"":""\""F\"""",""reversible"":""false""}","CC-BY-NC-SA-4.0","6b052e0f76489e328fe614ab08e229f58ab69e336e2f942cda899faaa2523089","https://github.com/thrly/tempest/blob/8d1ced109a41dfb5647e67cf5924c7ce4c70b38a/ergogen/footprints/ceoloide/power_switch_smd_side.js","source inventory only; not runtime-qualified"
"thrly/tempest","8d1ced109a41dfb5647e67cf5924c7ce4c70b38a","ergogen/footprints/ceoloide/reset_switch_smd_side.js","params/body","[""from"",""to""]","[]","{""side"":""'F'"",""reversible"":""false""}","MIT","f019af5e5d411a07373bbb685b30f3efd8a496ce851ea39ca26af882247feae9","https://github.com/thrly/tempest/blob/8d1ced109a41dfb5647e67cf5924c7ce4c70b38a/ergogen/footprints/ceoloide/reset_switch_smd_side.js","source inventory only; not runtime-qualified"
"thrly/tempest","8d1ced109a41dfb5647e67cf5924c7ce4c70b38a","ergogen/footprints/ceoloide/switch_choc_v1_v2.js","params/body","[""from"",""to"",""CENTERHOLE"",""LEFTSTAB"",""RIGHTSTAB""]","[]","{""side"":""'B'"",""reversible"":""false"",""hotswap_pads_same_side"":""false"",""include_traces_vias"":""true"",""hotswap"":""true"",""solder"":""false""}","CC-BY-NC-SA-4.0","2924932b20bd0dffe60bde9f8c2a39d6b8cb3c04a54708e916e241cf8fffa2c9","https://github.com/thrly/tempest/blob/8d1ced109a41dfb5647e67cf5924c7ce4c70b38a/ergogen/footprints/ceoloide/switch_choc_v1_v2.js","source inventory only; not runtime-qualified"
"thrly/tempest","8d1ced109a41dfb5647e67cf5924c7ce4c70b38a","ergogen/footprints/ceoloide/utility_text.js","params/body","[]","[]","{""side"":""\""F\"""",""reversible"":""false""}","CC-BY-NC-SA-4.0","db63ce10a818457e5783869395c09e14e5d823ebf4e94c82eb791594e6a55166","https://github.com/thrly/tempest/blob/8d1ced109a41dfb5647e67cf5924c7ce4c70b38a/ergogen/footprints/ceoloide/utility_text.js","source inventory only; not runtime-qualified"
"rschenk/tern","02445d5ecc4fb8d357fbc5e9103daed2c0a2df6a","ergogen/footprints/better_diode.js","params/body","[""from"",""to""]","[]","{}","null","723c3e56a4e4272d5b773360df7d8178ca16c1d8a852f4e73293b6f2dbe4f8af","https://github.com/rschenk/tern/blob/02445d5ecc4fb8d357fbc5e9103daed2c0a2df6a/ergogen/footprints/better_diode.js","source inventory only; not runtime-qualified"
"rschenk/tern","02445d5ecc4fb8d357fbc5e9103daed2c0a2df6a","ergogen/footprints/choc_bonus_goodies.js","params/body","[]","[]","{""reverse"":""false""}","null","ef6af50f38e4148ecdbed1c0ee2bce42c0ab0c31314983375583abc6b0f83b0f","https://github.com/rschenk/tern/blob/02445d5ecc4fb8d357fbc5e9103daed2c0a2df6a/ergogen/footprints/choc_bonus_goodies.js","source inventory only; not runtime-qualified"
"rschenk/tern","02445d5ecc4fb8d357fbc5e9103daed2c0a2df6a","ergogen/footprints/mountinghole.js","params/body","[]","[]","{}","null","4f8df326470545f80af7dd5d5b2abc660200af29651d1f666d84f3eddf300738","https://github.com/rschenk/tern/blob/02445d5ecc4fb8d357fbc5e9103daed2c0a2df6a/ergogen/footprints/mountinghole.js","source inventory only; not runtime-qualified"
"rschenk/tern","02445d5ecc4fb8d357fbc5e9103daed2c0a2df6a","ergogen/footprints/xiao.js","params/body","[""P0"",""P1"",""P2"",""P3"",""P4"",""P5"",""P6"",""VUSB"",""GND"",""VCC"",""P10"",""P9"",""P8"",""P7"",""RST"",""BATP""]","[]","{}","null","553589a79f3cb2068ce688feace922ed1aeb2ff19108a455c96f365f199ed69e","https://github.com/rschenk/tern/blob/02445d5ecc4fb8d357fbc5e9103daed2c0a2df6a/ergogen/footprints/xiao.js","source inventory only; not runtime-qualified"
"Albert-IV/ergogen-contrib","956da989b56c0950b704d91bed69bb7ec233098a","src/footprints/promicro_pretty.js","legacy nets+params","[]","[""RAW"",""GND"",""RST"",""VCC"",""P21"",""P20"",""P19"",""P18"",""P15"",""P14"",""P16"",""P10"",""P1"",""P0"",""P2"",""P3"",""P4"",""P5"",""P6"",""P7"",""P8"",""P9""]","{}","null","1423d61e6da335258e0440317d554cf5700534ff01504a1766eafbde0d279f13","https://github.com/Albert-IV/ergogen-contrib/blob/956da989b56c0950b704d91bed69bb7ec233098a/src/footprints/promicro_pretty.js","source inventory only; not runtime-qualified"
"Albert-IV/ergogen-contrib","956da989b56c0950b704d91bed69bb7ec233098a","src/footprints/tentingpuck.js","legacy nets+params","[]","[]","{}","null","bf7f2799747d6936337f16f28391076e5735536a95b8297a2e12d4d60e0e1787","https://github.com/Albert-IV/ergogen-contrib/blob/956da989b56c0950b704d91bed69bb7ec233098a/src/footprints/tentingpuck.js","source inventory only; not runtime-qualified"
